code,sampling_date,local_path
26581768,2015-05-29,../embeddings/output/store_location_test_script_lucas_toc/26581768_2015-05-29.csv
26741814,2015-05-12,../embeddings/output/store_location_test_script_lucas_toc/26741814_2015-05-12.csv
26741986,2015-07-19,../embeddings/output/store_location_test_script_lucas_toc/26741986_2015-07-19.csv
26761786,2015-05-25,../embeddings/output/store_location_test_script_lucas_toc/26761786_2015-05-25.csv
26762002,2015-07-18,../embeddings/output/store_location_test_script_lucas_toc/26762002_2015-07-18.csv
26921850,2015-06-29,../embeddings/output/store_location_test_script_lucas_toc/26921850_2015-06-29.csv
27002038,2015-06-30,../embeddings/output/store_location_test_script_lucas_toc/27002038_2015-06-30.csv
27041840,2015-06-30,../embeddings/output/store_location_test_script_lucas_toc/27041840_2015-06-30.csv
27041876,2015-06-20,../embeddings/output/store_location_test_script_lucas_toc/27041876_2015-06-20.csv
27061758,2015-06-08,../embeddings/output/store_location_test_script_lucas_toc/27061758_2015-06-08.csv
27122016,2015-05-09,../embeddings/output/store_location_test_script_lucas_toc/27122016_2015-05-09.csv
27162028,2015-06-20,../embeddings/output/store_location_test_script_lucas_toc/27162028_2015-06-20.csv
27181846,2015-07-02,../embeddings/output/store_location_test_script_lucas_toc/27181846_2015-07-02.csv
27241758,2015-07-15,../embeddings/output/store_location_test_script_lucas_toc/27241758_2015-07-15.csv
27241992,2015-05-10,../embeddings/output/store_location_test_script_lucas_toc/27241992_2015-05-10.csv
27281838,2015-07-24,../embeddings/output/store_location_test_script_lucas_toc/27281838_2015-07-24.csv
27301972,2015-05-31,../embeddings/output/store_location_test_script_lucas_toc/27301972_2015-05-31.csv
27302020,2015-06-18,../embeddings/output/store_location_test_script_lucas_toc/27302020_2015-06-18.csv
27321748,2015-06-09,../embeddings/output/store_location_test_script_lucas_toc/27321748_2015-06-09.csv
27361846,2015-07-24,../embeddings/output/store_location_test_script_lucas_toc/27361846_2015-07-24.csv
27381926,2015-06-08,../embeddings/output/store_location_test_script_lucas_toc/27381926_2015-06-08.csv
27382028,2015-06-25,../embeddings/output/store_location_test_script_lucas_toc/27382028_2015-06-25.csv
27421902,2015-05-24,../embeddings/output/store_location_test_script_lucas_toc/27421902_2015-05-24.csv
27422006,2015-05-29,../embeddings/output/store_location_test_script_lucas_toc/27422006_2015-05-29.csv
27461868,2015-08-19,../embeddings/output/store_location_test_script_lucas_toc/27461868_2015-08-19.csv
27482128,2015-05-03,../embeddings/output/store_location_test_script_lucas_toc/27482128_2015-05-03.csv
27501802,2015-07-29,../embeddings/output/store_location_test_script_lucas_toc/27501802_2015-07-29.csv
27501892,2015-05-23,../embeddings/output/store_location_test_script_lucas_toc/27501892_2015-05-23.csv
27521862,2015-08-19,../embeddings/output/store_location_test_script_lucas_toc/27521862_2015-08-19.csv
27521880,2015-07-04,../embeddings/output/store_location_test_script_lucas_toc/27521880_2015-07-04.csv
27541792,2015-05-03,../embeddings/output/store_location_test_script_lucas_toc/27541792_2015-05-03.csv
27542110,2015-06-01,../embeddings/output/store_location_test_script_lucas_toc/27542110_2015-06-01.csv
27602150,2015-05-23,../embeddings/output/store_location_test_script_lucas_toc/27602150_2015-05-23.csv
27641896,2015-07-04,../embeddings/output/store_location_test_script_lucas_toc/27641896_2015-07-04.csv
27641914,2015-06-20,../embeddings/output/store_location_test_script_lucas_toc/27641914_2015-06-20.csv
27642102,2015-05-31,../embeddings/output/store_location_test_script_lucas_toc/27642102_2015-05-31.csv
27682212,2015-06-10,../embeddings/output/store_location_test_script_lucas_toc/27682212_2015-06-10.csv
27701754,2015-06-04,../embeddings/output/store_location_test_script_lucas_toc/27701754_2015-06-04.csv
27701848,2015-08-11,../embeddings/output/store_location_test_script_lucas_toc/27701848_2015-08-11.csv
27722228,2015-05-01,../embeddings/output/store_location_test_script_lucas_toc/27722228_2015-05-01.csv
27722242,2015-07-11,../embeddings/output/store_location_test_script_lucas_toc/27722242_2015-07-11.csv
27781794,2015-05-16,../embeddings/output/store_location_test_script_lucas_toc/27781794_2015-05-16.csv
27781902,2015-06-18,../embeddings/output/store_location_test_script_lucas_toc/27781902_2015-06-18.csv
27821842,2015-07-30,../embeddings/output/store_location_test_script_lucas_toc/27821842_2015-07-30.csv
27821886,2015-06-29,../embeddings/output/store_location_test_script_lucas_toc/27821886_2015-06-29.csv
27841822,2015-08-04,../embeddings/output/store_location_test_script_lucas_toc/27841822_2015-08-04.csv
27841840,2015-07-30,../embeddings/output/store_location_test_script_lucas_toc/27841840_2015-07-30.csv
27841900,2015-06-18,../embeddings/output/store_location_test_script_lucas_toc/27841900_2015-06-18.csv
27901954,2015-04-19,../embeddings/output/store_location_test_script_lucas_toc/27901954_2015-04-19.csv
27901972,2015-04-27,../embeddings/output/store_location_test_script_lucas_toc/27901972_2015-04-27.csv
27922352,2015-07-19,../embeddings/output/store_location_test_script_lucas_toc/27922352_2015-07-19.csv
27942398,2015-06-20,../embeddings/output/store_location_test_script_lucas_toc/27942398_2015-06-20.csv
27961906,2015-06-18,../embeddings/output/store_location_test_script_lucas_toc/27961906_2015-06-18.csv
27961978,2015-04-27,../embeddings/output/store_location_test_script_lucas_toc/27961978_2015-04-27.csv
27962406,2015-06-22,../embeddings/output/store_location_test_script_lucas_toc/27962406_2015-06-22.csv
28001832,2015-08-03,../embeddings/output/store_location_test_script_lucas_toc/28001832_2015-08-03.csv
28002400,2015-06-25,../embeddings/output/store_location_test_script_lucas_toc/28002400_2015-06-25.csv
28021894,2015-06-26,../embeddings/output/store_location_test_script_lucas_toc/28021894_2015-06-26.csv
28021948,2015-04-24,../embeddings/output/store_location_test_script_lucas_toc/28021948_2015-04-24.csv
28022380,2015-07-13,../embeddings/output/store_location_test_script_lucas_toc/28022380_2015-07-13.csv
28041942,2015-06-15,../embeddings/output/store_location_test_script_lucas_toc/28041942_2015-06-15.csv
28081882,2015-06-26,../embeddings/output/store_location_test_script_lucas_toc/28081882_2015-06-26.csv
28142384,2015-07-06,../embeddings/output/store_location_test_script_lucas_toc/28142384_2015-07-06.csv
28162332,2015-07-18,../embeddings/output/store_location_test_script_lucas_toc/28162332_2015-07-18.csv
28181910,2015-06-17,../embeddings/output/store_location_test_script_lucas_toc/28181910_2015-06-17.csv
28201948,2015-06-14,../embeddings/output/store_location_test_script_lucas_toc/28201948_2015-06-14.csv
28261954,2015-06-12,../embeddings/output/store_location_test_script_lucas_toc/28261954_2015-06-12.csv
28281952,2015-05-25,../embeddings/output/store_location_test_script_lucas_toc/28281952_2015-05-25.csv
28282042,2015-08-13,../embeddings/output/store_location_test_script_lucas_toc/28282042_2015-08-13.csv
28282118,2015-07-21,../embeddings/output/store_location_test_script_lucas_toc/28282118_2015-07-21.csv
28302110,2015-06-22,../embeddings/output/store_location_test_script_lucas_toc/28302110_2015-06-22.csv
28321934,2015-06-13,../embeddings/output/store_location_test_script_lucas_toc/28321934_2015-06-13.csv
28322046,2015-08-06,../embeddings/output/store_location_test_script_lucas_toc/28322046_2015-08-06.csv
28322176,2015-05-27,../embeddings/output/store_location_test_script_lucas_toc/28322176_2015-05-27.csv
28361748,2015-06-08,../embeddings/output/store_location_test_script_lucas_toc/28361748_2015-06-08.csv
28361986,2015-05-17,../embeddings/output/store_location_test_script_lucas_toc/28361986_2015-05-17.csv
28362030,2015-08-06,../embeddings/output/store_location_test_script_lucas_toc/28362030_2015-08-06.csv
28362220,2015-08-01,../embeddings/output/store_location_test_script_lucas_toc/28362220_2015-08-01.csv
28382362,2015-07-29,../embeddings/output/store_location_test_script_lucas_toc/28382362_2015-07-29.csv
28401924,2015-06-13,../embeddings/output/store_location_test_script_lucas_toc/28401924_2015-06-13.csv
28402054,2015-08-14,../embeddings/output/store_location_test_script_lucas_toc/28402054_2015-08-14.csv
28422060,2015-08-15,../embeddings/output/store_location_test_script_lucas_toc/28422060_2015-08-15.csv
28422424,2015-04-30,../embeddings/output/store_location_test_script_lucas_toc/28422424_2015-04-30.csv
28442182,2015-08-07,../embeddings/output/store_location_test_script_lucas_toc/28442182_2015-08-07.csv
28462070,2015-07-02,../embeddings/output/store_location_test_script_lucas_toc/28462070_2015-07-02.csv
28462348,2015-07-24,../embeddings/output/store_location_test_script_lucas_toc/28462348_2015-07-24.csv
28482290,2015-04-24,../embeddings/output/store_location_test_script_lucas_toc/28482290_2015-04-24.csv
28482368,2015-07-25,../embeddings/output/store_location_test_script_lucas_toc/28482368_2015-07-25.csv
28501736,2015-07-06,../embeddings/output/store_location_test_script_lucas_toc/28501736_2015-07-06.csv
28521972,2015-07-28,../embeddings/output/store_location_test_script_lucas_toc/28521972_2015-07-28.csv
28542144,2015-05-28,../embeddings/output/store_location_test_script_lucas_toc/28542144_2015-05-28.csv
28542166,2015-06-08,../embeddings/output/store_location_test_script_lucas_toc/28542166_2015-06-08.csv
28542220,2015-07-31,../embeddings/output/store_location_test_script_lucas_toc/28542220_2015-07-31.csv
28542382,2015-07-25,../embeddings/output/store_location_test_script_lucas_toc/28542382_2015-07-25.csv
28562034,2015-08-06,../embeddings/output/store_location_test_script_lucas_toc/28562034_2015-08-06.csv
28581744,2015-06-28,../embeddings/output/store_location_test_script_lucas_toc/28581744_2015-06-28.csv
28621900,2015-08-07,../embeddings/output/store_location_test_script_lucas_toc/28621900_2015-08-07.csv
28622164,2015-06-06,../embeddings/output/store_location_test_script_lucas_toc/28622164_2015-06-06.csv
28642024,2015-08-07,../embeddings/output/store_location_test_script_lucas_toc/28642024_2015-08-07.csv
28642160,2015-06-06,../embeddings/output/store_location_test_script_lucas_toc/28642160_2015-06-06.csv
28642168,2015-06-08,../embeddings/output/store_location_test_script_lucas_toc/28642168_2015-06-08.csv
28642186,2015-08-07,../embeddings/output/store_location_test_script_lucas_toc/28642186_2015-08-07.csv
28642240,2015-07-27,../embeddings/output/store_location_test_script_lucas_toc/28642240_2015-07-27.csv
28642250,2015-07-25,../embeddings/output/store_location_test_script_lucas_toc/28642250_2015-07-25.csv
28642352,2015-07-30,../embeddings/output/store_location_test_script_lucas_toc/28642352_2015-07-30.csv
28681916,2015-08-08,../embeddings/output/store_location_test_script_lucas_toc/28681916_2015-08-08.csv
28682136,2015-06-04,../embeddings/output/store_location_test_script_lucas_toc/28682136_2015-06-04.csv
28682298,2015-06-19,../embeddings/output/store_location_test_script_lucas_toc/28682298_2015-06-19.csv
28682348,2015-07-30,../embeddings/output/store_location_test_script_lucas_toc/28682348_2015-07-30.csv
28721896,2015-08-07,../embeddings/output/store_location_test_script_lucas_toc/28721896_2015-08-07.csv
28722000,2015-05-21,../embeddings/output/store_location_test_script_lucas_toc/28722000_2015-05-21.csv
28722138,2015-06-04,../embeddings/output/store_location_test_script_lucas_toc/28722138_2015-06-04.csv
28722216,2015-04-30,../embeddings/output/store_location_test_script_lucas_toc/28722216_2015-04-30.csv
28742142,2015-06-05,../embeddings/output/store_location_test_script_lucas_toc/28742142_2015-06-05.csv
28742214,2015-08-01,../embeddings/output/store_location_test_script_lucas_toc/28742214_2015-08-01.csv
28742340,2015-07-31,../embeddings/output/store_location_test_script_lucas_toc/28742340_2015-07-31.csv
28742344,2015-07-31,../embeddings/output/store_location_test_script_lucas_toc/28742344_2015-07-31.csv
28742448,2015-06-18,../embeddings/output/store_location_test_script_lucas_toc/28742448_2015-06-18.csv
28762036,2015-08-08,../embeddings/output/store_location_test_script_lucas_toc/28762036_2015-08-08.csv
28762162,2015-06-07,../embeddings/output/store_location_test_script_lucas_toc/28762162_2015-06-07.csv
28762194,2015-08-07,../embeddings/output/store_location_test_script_lucas_toc/28762194_2015-08-07.csv
28782172,2015-08-08,../embeddings/output/store_location_test_script_lucas_toc/28782172_2015-08-08.csv
28782298,2015-07-21,../embeddings/output/store_location_test_script_lucas_toc/28782298_2015-07-21.csv
28782334,2015-05-24,../embeddings/output/store_location_test_script_lucas_toc/28782334_2015-05-24.csv
28782384,2015-05-16,../embeddings/output/store_location_test_script_lucas_toc/28782384_2015-05-16.csv
28821992,2015-05-26,../embeddings/output/store_location_test_script_lucas_toc/28821992_2015-05-26.csv
28822226,2015-07-26,../embeddings/output/store_location_test_script_lucas_toc/28822226_2015-07-26.csv
28842188,2015-08-08,../embeddings/output/store_location_test_script_lucas_toc/28842188_2015-08-08.csv
28842386,2015-05-16,../embeddings/output/store_location_test_script_lucas_toc/28842386_2015-05-16.csv
28861884,2015-08-07,../embeddings/output/store_location_test_script_lucas_toc/28861884_2015-08-07.csv
28882080,2015-07-22,../embeddings/output/store_location_test_script_lucas_toc/28882080_2015-07-22.csv
28882422,2015-06-02,../embeddings/output/store_location_test_script_lucas_toc/28882422_2015-06-02.csv
28902018,2015-06-01,../embeddings/output/store_location_test_script_lucas_toc/28902018_2015-06-01.csv
28902148,2015-06-12,../embeddings/output/store_location_test_script_lucas_toc/28902148_2015-06-12.csv
28902174,2015-08-08,../embeddings/output/store_location_test_script_lucas_toc/28902174_2015-08-08.csv
28902202,2015-08-09,../embeddings/output/store_location_test_script_lucas_toc/28902202_2015-08-09.csv
28922062,2015-06-02,../embeddings/output/store_location_test_script_lucas_toc/28922062_2015-06-02.csv
28922404,2015-05-23,../embeddings/output/store_location_test_script_lucas_toc/28922404_2015-05-23.csv
28941636,2015-07-18,../embeddings/output/store_location_test_script_lucas_toc/28941636_2015-07-18.csv
28941730,2015-06-20,../embeddings/output/store_location_test_script_lucas_toc/28941730_2015-06-20.csv
28941888,2015-08-06,../embeddings/output/store_location_test_script_lucas_toc/28941888_2015-08-06.csv
28942306,2015-05-31,../embeddings/output/store_location_test_script_lucas_toc/28942306_2015-05-31.csv
28961740,2015-06-20,../embeddings/output/store_location_test_script_lucas_toc/28961740_2015-06-20.csv
28961916,2015-08-01,../embeddings/output/store_location_test_script_lucas_toc/28961916_2015-08-01.csv
28962042,2015-06-23,../embeddings/output/store_location_test_script_lucas_toc/28962042_2015-06-23.csv
28962222,2015-08-17,../embeddings/output/store_location_test_script_lucas_toc/28962222_2015-08-17.csv
28962240,2015-07-26,../embeddings/output/store_location_test_script_lucas_toc/28962240_2015-07-26.csv
28982012,2015-06-08,../embeddings/output/store_location_test_script_lucas_toc/28982012_2015-06-08.csv
29001674,2015-07-14,../embeddings/output/store_location_test_script_lucas_toc/29001674_2015-07-14.csv
29001862,2015-06-17,../embeddings/output/store_location_test_script_lucas_toc/29001862_2015-06-17.csv
29002384,2015-05-26,../embeddings/output/store_location_test_script_lucas_toc/29002384_2015-05-26.csv
29022398,2015-05-30,../embeddings/output/store_location_test_script_lucas_toc/29022398_2015-05-30.csv
29041870,2015-06-30,../embeddings/output/store_location_test_script_lucas_toc/29041870_2015-06-30.csv
29041888,2015-08-06,../embeddings/output/store_location_test_script_lucas_toc/29041888_2015-08-06.csv
29041898,2015-08-06,../embeddings/output/store_location_test_script_lucas_toc/29041898_2015-08-06.csv
29061990,2015-05-21,../embeddings/output/store_location_test_script_lucas_toc/29061990_2015-05-21.csv
29081976,2015-04-25,../embeddings/output/store_location_test_script_lucas_toc/29081976_2015-04-25.csv
29082418,2015-05-27,../embeddings/output/store_location_test_script_lucas_toc/29082418_2015-05-27.csv
29101954,2015-07-11,../embeddings/output/store_location_test_script_lucas_toc/29101954_2015-07-11.csv
29102034,2015-06-19,../embeddings/output/store_location_test_script_lucas_toc/29102034_2015-06-19.csv
29102206,2015-08-09,../embeddings/output/store_location_test_script_lucas_toc/29102206_2015-08-09.csv
29102286,2015-07-16,../embeddings/output/store_location_test_script_lucas_toc/29102286_2015-07-16.csv
29122076,2015-06-27,../embeddings/output/store_location_test_script_lucas_toc/29122076_2015-06-27.csv
29122112,2015-05-20,../embeddings/output/store_location_test_script_lucas_toc/29122112_2015-05-20.csv
29122288,2015-07-16,../embeddings/output/store_location_test_script_lucas_toc/29122288_2015-07-16.csv
29122396,2015-05-30,../embeddings/output/store_location_test_script_lucas_toc/29122396_2015-05-30.csv
29122450,2015-06-16,../embeddings/output/store_location_test_script_lucas_toc/29122450_2015-06-16.csv
29142088,2015-07-05,../embeddings/output/store_location_test_script_lucas_toc/29142088_2015-07-05.csv
29142114,2015-05-31,../embeddings/output/store_location_test_script_lucas_toc/29142114_2015-05-31.csv
29161918,2015-08-06,../embeddings/output/store_location_test_script_lucas_toc/29161918_2015-08-06.csv
29182100,2015-06-01,../embeddings/output/store_location_test_script_lucas_toc/29182100_2015-06-01.csv
29182186,2015-08-10,../embeddings/output/store_location_test_script_lucas_toc/29182186_2015-08-10.csv
29182358,2015-04-28,../embeddings/output/store_location_test_script_lucas_toc/29182358_2015-04-28.csv
29202138,2015-07-06,../embeddings/output/store_location_test_script_lucas_toc/29202138_2015-07-06.csv
29222204,2015-04-28,../embeddings/output/store_location_test_script_lucas_toc/29222204_2015-04-28.csv
29222266,2015-05-18,../embeddings/output/store_location_test_script_lucas_toc/29222266_2015-05-18.csv
29242344,2015-05-29,../embeddings/output/store_location_test_script_lucas_toc/29242344_2015-05-29.csv
29262144,2015-07-06,../embeddings/output/store_location_test_script_lucas_toc/29262144_2015-07-06.csv
29281846,2015-07-01,../embeddings/output/store_location_test_script_lucas_toc/29281846_2015-07-01.csv
29282026,2015-06-18,../embeddings/output/store_location_test_script_lucas_toc/29282026_2015-06-18.csv
29282088,2015-05-20,../embeddings/output/store_location_test_script_lucas_toc/29282088_2015-05-20.csv
29282160,2015-06-08,../embeddings/output/store_location_test_script_lucas_toc/29282160_2015-06-08.csv
29302338,2015-05-29,../embeddings/output/store_location_test_script_lucas_toc/29302338_2015-05-29.csv
29322340,2015-06-18,../embeddings/output/store_location_test_script_lucas_toc/29322340_2015-06-18.csv
29341948,2015-07-13,../embeddings/output/store_location_test_script_lucas_toc/29341948_2015-07-13.csv
29342128,2015-07-11,../embeddings/output/store_location_test_script_lucas_toc/29342128_2015-07-11.csv
29342170,2015-08-13,../embeddings/output/store_location_test_script_lucas_toc/29342170_2015-08-13.csv
29342200,2015-08-20,../embeddings/output/store_location_test_script_lucas_toc/29342200_2015-08-20.csv
29342206,2015-08-20,../embeddings/output/store_location_test_script_lucas_toc/29342206_2015-08-20.csv
29342440,2015-06-26,../embeddings/output/store_location_test_script_lucas_toc/29342440_2015-06-26.csv
29361628,2015-05-03,../embeddings/output/store_location_test_script_lucas_toc/29361628_2015-05-03.csv
29361970,2015-05-05,../embeddings/output/store_location_test_script_lucas_toc/29361970_2015-05-05.csv
29362142,2015-05-25,../embeddings/output/store_location_test_script_lucas_toc/29362142_2015-05-25.csv
29381756,2015-05-18,../embeddings/output/store_location_test_script_lucas_toc/29381756_2015-05-18.csv
29382056,2015-06-16,../embeddings/output/store_location_test_script_lucas_toc/29382056_2015-06-16.csv
29382188,2015-08-21,../embeddings/output/store_location_test_script_lucas_toc/29382188_2015-08-21.csv
29401956,2015-04-24,../embeddings/output/store_location_test_script_lucas_toc/29401956_2015-04-24.csv
29402158,2015-05-21,../embeddings/output/store_location_test_script_lucas_toc/29402158_2015-05-21.csv
29441976,2015-05-11,../embeddings/output/store_location_test_script_lucas_toc/29441976_2015-05-11.csv
29442364,2015-07-20,../embeddings/output/store_location_test_script_lucas_toc/29442364_2015-07-20.csv
29442378,2015-07-24,../embeddings/output/store_location_test_script_lucas_toc/29442378_2015-07-24.csv
29461720,2015-06-04,../embeddings/output/store_location_test_script_lucas_toc/29461720_2015-06-04.csv
29461926,2015-07-12,../embeddings/output/store_location_test_script_lucas_toc/29461926_2015-07-12.csv
29462044,2015-05-12,../embeddings/output/store_location_test_script_lucas_toc/29462044_2015-05-12.csv
29462056,2015-06-16,../embeddings/output/store_location_test_script_lucas_toc/29462056_2015-06-16.csv
29482162,2015-06-07,../embeddings/output/store_location_test_script_lucas_toc/29482162_2015-06-07.csv
29501736,2015-06-01,../embeddings/output/store_location_test_script_lucas_toc/29501736_2015-06-01.csv
29521732,2015-06-01,../embeddings/output/store_location_test_script_lucas_toc/29521732_2015-06-01.csv
29541718,2015-06-01,../embeddings/output/store_location_test_script_lucas_toc/29541718_2015-06-01.csv
29562218,2015-06-16,../embeddings/output/store_location_test_script_lucas_toc/29562218_2015-06-16.csv
29581942,2015-05-29,../embeddings/output/store_location_test_script_lucas_toc/29581942_2015-05-29.csv
29582312,2015-05-25,../embeddings/output/store_location_test_script_lucas_toc/29582312_2015-05-25.csv
29602038,2015-06-25,../embeddings/output/store_location_test_script_lucas_toc/29602038_2015-06-25.csv
29602142,2015-05-21,../embeddings/output/store_location_test_script_lucas_toc/29602142_2015-05-21.csv
29621878,2015-06-19,../embeddings/output/store_location_test_script_lucas_toc/29621878_2015-06-19.csv
29641674,2015-06-28,../embeddings/output/store_location_test_script_lucas_toc/29641674_2015-06-28.csv
29642098,2015-05-16,../embeddings/output/store_location_test_script_lucas_toc/29642098_2015-05-16.csv
29661672,2015-05-11,../embeddings/output/store_location_test_script_lucas_toc/29661672_2015-05-11.csv
29661680,2015-06-29,../embeddings/output/store_location_test_script_lucas_toc/29661680_2015-06-29.csv
29661762,2015-05-15,../embeddings/output/store_location_test_script_lucas_toc/29661762_2015-05-15.csv
29661968,2015-06-29,../embeddings/output/store_location_test_script_lucas_toc/29661968_2015-06-29.csv
29662216,2015-06-15,../embeddings/output/store_location_test_script_lucas_toc/29662216_2015-06-15.csv
29682168,2015-05-01,../embeddings/output/store_location_test_script_lucas_toc/29682168_2015-05-01.csv
29701706,2015-06-04,../embeddings/output/store_location_test_script_lucas_toc/29701706_2015-06-04.csv
29702138,2015-07-30,../embeddings/output/store_location_test_script_lucas_toc/29702138_2015-07-30.csv
29721970,2015-05-29,../embeddings/output/store_location_test_script_lucas_toc/29721970_2015-05-29.csv
29722178,2015-05-12,../embeddings/output/store_location_test_script_lucas_toc/29722178_2015-05-12.csv
29761754,2015-05-17,../embeddings/output/store_location_test_script_lucas_toc/29761754_2015-05-17.csv
29761880,2015-05-28,../embeddings/output/store_location_test_script_lucas_toc/29761880_2015-05-28.csv
29762168,2015-05-12,../embeddings/output/store_location_test_script_lucas_toc/29762168_2015-05-12.csv
29781738,2015-05-15,../embeddings/output/store_location_test_script_lucas_toc/29781738_2015-05-15.csv
29782206,2015-06-02,../embeddings/output/store_location_test_script_lucas_toc/29782206_2015-06-02.csv
29822326,2015-08-16,../embeddings/output/store_location_test_script_lucas_toc/29822326_2015-08-16.csv
29842122,2015-05-09,../embeddings/output/store_location_test_script_lucas_toc/29842122_2015-05-09.csv
29862388,2015-05-16,../embeddings/output/store_location_test_script_lucas_toc/29862388_2015-05-16.csv
29882084,2015-05-17,../embeddings/output/store_location_test_script_lucas_toc/29882084_2015-05-17.csv
29882126,2015-05-08,../embeddings/output/store_location_test_script_lucas_toc/29882126_2015-05-08.csv
29901692,2015-06-25,../embeddings/output/store_location_test_script_lucas_toc/29901692_2015-06-25.csv
29922350,2015-06-23,../embeddings/output/store_location_test_script_lucas_toc/29922350_2015-06-23.csv
29923358,2015-08-14,../embeddings/output/store_location_test_script_lucas_toc/29923358_2015-08-14.csv
29941704,2015-07-12,../embeddings/output/store_location_test_script_lucas_toc/29941704_2015-07-12.csv
29941888,2015-05-28,../embeddings/output/store_location_test_script_lucas_toc/29941888_2015-05-28.csv
29941916,2015-06-06,../embeddings/output/store_location_test_script_lucas_toc/29941916_2015-06-06.csv
29941942,2015-04-28,../embeddings/output/store_location_test_script_lucas_toc/29941942_2015-04-28.csv
29962106,2015-05-19,../embeddings/output/store_location_test_script_lucas_toc/29962106_2015-05-19.csv
29981716,2015-07-10,../embeddings/output/store_location_test_script_lucas_toc/29981716_2015-07-10.csv
29982076,2015-05-23,../embeddings/output/store_location_test_script_lucas_toc/29982076_2015-05-23.csv
29982166,2015-05-19,../embeddings/output/store_location_test_script_lucas_toc/29982166_2015-05-19.csv
30001684,2015-05-07,../embeddings/output/store_location_test_script_lucas_toc/30001684_2015-05-07.csv
30002092,2015-05-18,../embeddings/output/store_location_test_script_lucas_toc/30002092_2015-05-18.csv
30002236,2015-06-24,../embeddings/output/store_location_test_script_lucas_toc/30002236_2015-06-24.csv
30002386,2015-05-21,../embeddings/output/store_location_test_script_lucas_toc/30002386_2015-05-21.csv
30002398,2015-05-16,../embeddings/output/store_location_test_script_lucas_toc/30002398_2015-05-16.csv
30022086,2015-05-23,../embeddings/output/store_location_test_script_lucas_toc/30022086_2015-05-23.csv
30022122,2015-05-10,../embeddings/output/store_location_test_script_lucas_toc/30022122_2015-05-10.csv
30022410,2015-07-18,../embeddings/output/store_location_test_script_lucas_toc/30022410_2015-07-18.csv
30042042,2015-08-08,../embeddings/output/store_location_test_script_lucas_toc/30042042_2015-08-08.csv
30042052,2015-08-08,../embeddings/output/store_location_test_script_lucas_toc/30042052_2015-08-08.csv
30061648,2015-05-16,../embeddings/output/store_location_test_script_lucas_toc/30061648_2015-05-16.csv
30061696,2015-05-07,../embeddings/output/store_location_test_script_lucas_toc/30061696_2015-05-07.csv
30081718,2015-07-10,../embeddings/output/store_location_test_script_lucas_toc/30081718_2015-07-10.csv
30082100,2015-05-19,../embeddings/output/store_location_test_script_lucas_toc/30082100_2015-05-19.csv
30121708,2015-07-13,../embeddings/output/store_location_test_script_lucas_toc/30121708_2015-07-13.csv
30121722,2015-07-07,../embeddings/output/store_location_test_script_lucas_toc/30121722_2015-07-07.csv
30122054,2015-08-08,../embeddings/output/store_location_test_script_lucas_toc/30122054_2015-08-08.csv
30122060,2015-06-12,../embeddings/output/store_location_test_script_lucas_toc/30122060_2015-06-12.csv
30122072,2015-06-18,../embeddings/output/store_location_test_script_lucas_toc/30122072_2015-06-18.csv
30142056,2015-06-12,../embeddings/output/store_location_test_script_lucas_toc/30142056_2015-06-12.csv
30142106,2015-05-28,../embeddings/output/store_location_test_script_lucas_toc/30142106_2015-05-28.csv
30142232,2015-06-22,../embeddings/output/store_location_test_script_lucas_toc/30142232_2015-06-22.csv
30161670,2015-05-18,../embeddings/output/store_location_test_script_lucas_toc/30161670_2015-05-18.csv
30161680,2015-05-04,../embeddings/output/store_location_test_script_lucas_toc/30161680_2015-05-04.csv
30161688,2015-05-04,../embeddings/output/store_location_test_script_lucas_toc/30161688_2015-05-04.csv
30161932,2015-06-06,../embeddings/output/store_location_test_script_lucas_toc/30161932_2015-06-06.csv
30162054,2015-08-08,../embeddings/output/store_location_test_script_lucas_toc/30162054_2015-08-08.csv
30162072,2015-06-05,../embeddings/output/store_location_test_script_lucas_toc/30162072_2015-06-05.csv
30162184,2015-05-29,../embeddings/output/store_location_test_script_lucas_toc/30162184_2015-05-29.csv
30162346,2015-06-23,../embeddings/output/store_location_test_script_lucas_toc/30162346_2015-06-23.csv
30181738,2015-06-21,../embeddings/output/store_location_test_script_lucas_toc/30181738_2015-06-21.csv
30182074,2015-06-05,../embeddings/output/store_location_test_script_lucas_toc/30182074_2015-06-05.csv
30182326,2015-05-20,../embeddings/output/store_location_test_script_lucas_toc/30182326_2015-05-20.csv
30201726,2015-07-07,../embeddings/output/store_location_test_script_lucas_toc/30201726_2015-07-07.csv
30202148,2015-08-11,../embeddings/output/store_location_test_script_lucas_toc/30202148_2015-08-11.csv
30202184,2015-05-29,../embeddings/output/store_location_test_script_lucas_toc/30202184_2015-05-29.csv
30202396,2015-07-17,../embeddings/output/store_location_test_script_lucas_toc/30202396_2015-07-17.csv
30221808,2015-05-17,../embeddings/output/store_location_test_script_lucas_toc/30221808_2015-05-17.csv
30222060,2015-08-08,../embeddings/output/store_location_test_script_lucas_toc/30222060_2015-08-08.csv
30223342,2015-07-31,../embeddings/output/store_location_test_script_lucas_toc/30223342_2015-07-31.csv
30241688,2015-05-04,../embeddings/output/store_location_test_script_lucas_toc/30241688_2015-05-04.csv
30242062,2015-08-01,../embeddings/output/store_location_test_script_lucas_toc/30242062_2015-08-01.csv
30242206,2015-05-31,../embeddings/output/store_location_test_script_lucas_toc/30242206_2015-05-31.csv
30242236,2015-05-24,../embeddings/output/store_location_test_script_lucas_toc/30242236_2015-05-24.csv
30242254,2015-07-12,../embeddings/output/store_location_test_script_lucas_toc/30242254_2015-07-12.csv
30261988,2015-05-18,../embeddings/output/store_location_test_script_lucas_toc/30261988_2015-05-18.csv
30262064,2015-08-01,../embeddings/output/store_location_test_script_lucas_toc/30262064_2015-08-01.csv
30262322,2015-05-17,../embeddings/output/store_location_test_script_lucas_toc/30262322_2015-05-17.csv
30281774,2015-05-16,../embeddings/output/store_location_test_script_lucas_toc/30281774_2015-05-16.csv
30281804,2015-05-17,../embeddings/output/store_location_test_script_lucas_toc/30281804_2015-05-17.csv
30282174,2015-05-19,../embeddings/output/store_location_test_script_lucas_toc/30282174_2015-05-19.csv
30282228,2015-06-20,../embeddings/output/store_location_test_script_lucas_toc/30282228_2015-06-20.csv
30282264,2015-06-16,../embeddings/output/store_location_test_script_lucas_toc/30282264_2015-06-16.csv
30282398,2015-07-17,../embeddings/output/store_location_test_script_lucas_toc/30282398_2015-07-17.csv
30301704,2015-06-25,../embeddings/output/store_location_test_script_lucas_toc/30301704_2015-06-25.csv
30301718,2015-07-02,../embeddings/output/store_location_test_script_lucas_toc/30301718_2015-07-02.csv
30301740,2015-04-20,../embeddings/output/store_location_test_script_lucas_toc/30301740_2015-04-20.csv
30302068,2015-08-01,../embeddings/output/store_location_test_script_lucas_toc/30302068_2015-08-01.csv
30302288,2015-06-15,../embeddings/output/store_location_test_script_lucas_toc/30302288_2015-06-15.csv
30303360,2015-07-24,../embeddings/output/store_location_test_script_lucas_toc/30303360_2015-07-24.csv
30303364,2015-07-24,../embeddings/output/store_location_test_script_lucas_toc/30303364_2015-07-24.csv
30303392,2015-07-23,../embeddings/output/store_location_test_script_lucas_toc/30303392_2015-07-23.csv
30321738,2015-04-20,../embeddings/output/store_location_test_script_lucas_toc/30321738_2015-04-20.csv
30321828,2015-05-16,../embeddings/output/store_location_test_script_lucas_toc/30321828_2015-05-16.csv
30322254,2015-06-17,../embeddings/output/store_location_test_script_lucas_toc/30322254_2015-06-17.csv
30322260,2015-06-16,../embeddings/output/store_location_test_script_lucas_toc/30322260_2015-06-16.csv
30322278,2015-07-06,../embeddings/output/store_location_test_script_lucas_toc/30322278_2015-07-06.csv
30322350,2015-05-28,../embeddings/output/store_location_test_script_lucas_toc/30322350_2015-05-28.csv
30342234,2015-06-20,../embeddings/output/store_location_test_script_lucas_toc/30342234_2015-06-20.csv
30342270,2015-08-22,../embeddings/output/store_location_test_script_lucas_toc/30342270_2015-08-22.csv
30362188,2015-07-23,../embeddings/output/store_location_test_script_lucas_toc/30362188_2015-07-23.csv
30362232,2015-07-05,../embeddings/output/store_location_test_script_lucas_toc/30362232_2015-07-05.csv
30363420,2015-08-09,../embeddings/output/store_location_test_script_lucas_toc/30363420_2015-08-09.csv
30382072,2015-08-02,../embeddings/output/store_location_test_script_lucas_toc/30382072_2015-08-02.csv
30401728,2015-07-02,../embeddings/output/store_location_test_script_lucas_toc/30401728_2015-07-02.csv
30402028,2015-06-06,../embeddings/output/store_location_test_script_lucas_toc/30402028_2015-06-06.csv
30402384,2015-05-04,../embeddings/output/store_location_test_script_lucas_toc/30402384_2015-05-04.csv
30421684,2015-06-01,../embeddings/output/store_location_test_script_lucas_toc/30421684_2015-06-01.csv
30421688,2015-06-01,../embeddings/output/store_location_test_script_lucas_toc/30421688_2015-06-01.csv
30421714,2015-07-02,../embeddings/output/store_location_test_script_lucas_toc/30421714_2015-07-02.csv
30421994,2015-05-12,../embeddings/output/store_location_test_script_lucas_toc/30421994_2015-05-12.csv
30422056,2015-08-03,../embeddings/output/store_location_test_script_lucas_toc/30422056_2015-08-03.csv
30422084,2015-08-07,../embeddings/output/store_location_test_script_lucas_toc/30422084_2015-08-07.csv
30422296,2015-08-05,../embeddings/output/store_location_test_script_lucas_toc/30422296_2015-08-05.csv
30442088,2015-07-20,../embeddings/output/store_location_test_script_lucas_toc/30442088_2015-07-20.csv
30442268,2015-07-17,../embeddings/output/store_location_test_script_lucas_toc/30442268_2015-07-17.csv
30442384,2015-05-04,../embeddings/output/store_location_test_script_lucas_toc/30442384_2015-05-04.csv
30442402,2015-05-03,../embeddings/output/store_location_test_script_lucas_toc/30442402_2015-05-03.csv
30461774,2015-06-08,../embeddings/output/store_location_test_script_lucas_toc/30461774_2015-06-08.csv
30462170,2015-07-02,../embeddings/output/store_location_test_script_lucas_toc/30462170_2015-07-02.csv
30462224,2015-07-23,../embeddings/output/store_location_test_script_lucas_toc/30462224_2015-07-23.csv
30482338,2015-05-18,../embeddings/output/store_location_test_script_lucas_toc/30482338_2015-05-18.csv
30482410,2015-05-01,../embeddings/output/store_location_test_script_lucas_toc/30482410_2015-05-01.csv
30483396,2015-07-20,../embeddings/output/store_location_test_script_lucas_toc/30483396_2015-07-20.csv
30521680,2015-06-02,../embeddings/output/store_location_test_script_lucas_toc/30521680_2015-06-02.csv
30521698,2015-05-01,../embeddings/output/store_location_test_script_lucas_toc/30521698_2015-05-01.csv
30521752,2015-05-24,../embeddings/output/store_location_test_script_lucas_toc/30521752_2015-05-24.csv
30521788,2015-05-31,../embeddings/output/store_location_test_script_lucas_toc/30521788_2015-05-31.csv
30541732,2015-05-24,../embeddings/output/store_location_test_script_lucas_toc/30541732_2015-05-24.csv
30541738,2015-05-24,../embeddings/output/store_location_test_script_lucas_toc/30541738_2015-05-24.csv
30541756,2015-05-24,../embeddings/output/store_location_test_script_lucas_toc/30541756_2015-05-24.csv
30542182,2015-07-10,../embeddings/output/store_location_test_script_lucas_toc/30542182_2015-07-10.csv
30542250,2015-07-23,../embeddings/output/store_location_test_script_lucas_toc/30542250_2015-07-23.csv
30542404,2015-05-01,../embeddings/output/store_location_test_script_lucas_toc/30542404_2015-05-01.csv
30561658,2015-06-03,../embeddings/output/store_location_test_script_lucas_toc/30561658_2015-06-03.csv
30561964,2015-06-24,../embeddings/output/store_location_test_script_lucas_toc/30561964_2015-06-24.csv
30562152,2015-06-28,../embeddings/output/store_location_test_script_lucas_toc/30562152_2015-06-28.csv
30581782,2015-06-04,../embeddings/output/store_location_test_script_lucas_toc/30581782_2015-06-04.csv
30601738,2015-05-24,../embeddings/output/store_location_test_script_lucas_toc/30601738_2015-05-24.csv
30601846,2015-06-12,../embeddings/output/store_location_test_script_lucas_toc/30601846_2015-06-12.csv
30602198,2015-06-22,../embeddings/output/store_location_test_script_lucas_toc/30602198_2015-06-22.csv
30621700,2015-05-01,../embeddings/output/store_location_test_script_lucas_toc/30621700_2015-05-01.csv
30621728,2015-05-24,../embeddings/output/store_location_test_script_lucas_toc/30621728_2015-05-24.csv
30621772,2015-06-08,../embeddings/output/store_location_test_script_lucas_toc/30621772_2015-06-08.csv
30622214,2015-07-02,../embeddings/output/store_location_test_script_lucas_toc/30622214_2015-07-02.csv
30623360,2015-06-11,../embeddings/output/store_location_test_script_lucas_toc/30623360_2015-06-11.csv
30623392,2015-07-16,../embeddings/output/store_location_test_script_lucas_toc/30623392_2015-07-16.csv
30623428,2015-08-02,../embeddings/output/store_location_test_script_lucas_toc/30623428_2015-08-02.csv
30641768,2015-06-08,../embeddings/output/store_location_test_script_lucas_toc/30641768_2015-06-08.csv
30662334,2015-05-19,../embeddings/output/store_location_test_script_lucas_toc/30662334_2015-05-19.csv
30662388,2015-04-27,../embeddings/output/store_location_test_script_lucas_toc/30662388_2015-04-27.csv
30663392,2015-07-16,../embeddings/output/store_location_test_script_lucas_toc/30663392_2015-07-16.csv
30681774,2015-06-06,../embeddings/output/store_location_test_script_lucas_toc/30681774_2015-06-06.csv
30682052,2015-09-02,../embeddings/output/store_location_test_script_lucas_toc/30682052_2015-09-02.csv
30682278,2015-05-06,../embeddings/output/store_location_test_script_lucas_toc/30682278_2015-05-06.csv
30682344,2015-05-19,../embeddings/output/store_location_test_script_lucas_toc/30682344_2015-05-19.csv
30701712,2015-04-24,../embeddings/output/store_location_test_script_lucas_toc/30701712_2015-04-24.csv
30702048,2015-09-02,../embeddings/output/store_location_test_script_lucas_toc/30702048_2015-09-02.csv
30721674,2015-06-25,../embeddings/output/store_location_test_script_lucas_toc/30721674_2015-06-25.csv
30721702,2015-05-01,../embeddings/output/store_location_test_script_lucas_toc/30721702_2015-05-01.csv
30721728,2015-08-08,../embeddings/output/store_location_test_script_lucas_toc/30721728_2015-08-08.csv
30721738,2015-08-08,../embeddings/output/store_location_test_script_lucas_toc/30721738_2015-08-08.csv
30721756,2015-08-06,../embeddings/output/store_location_test_script_lucas_toc/30721756_2015-08-06.csv
30722002,2015-08-05,../embeddings/output/store_location_test_script_lucas_toc/30722002_2015-08-05.csv
30722052,2015-09-01,../embeddings/output/store_location_test_script_lucas_toc/30722052_2015-09-01.csv
30722074,2015-08-31,../embeddings/output/store_location_test_script_lucas_toc/30722074_2015-08-31.csv
30741676,2015-06-25,../embeddings/output/store_location_test_script_lucas_toc/30741676_2015-06-25.csv
30741708,2015-05-01,../embeddings/output/store_location_test_script_lucas_toc/30741708_2015-05-01.csv
30742162,2015-06-01,../embeddings/output/store_location_test_script_lucas_toc/30742162_2015-06-01.csv
30743386,2015-06-14,../embeddings/output/store_location_test_script_lucas_toc/30743386_2015-06-14.csv
30761664,2015-06-25,../embeddings/output/store_location_test_script_lucas_toc/30761664_2015-06-25.csv
30762060,2015-09-01,../embeddings/output/store_location_test_script_lucas_toc/30762060_2015-09-01.csv
30763356,2015-05-15,../embeddings/output/store_location_test_script_lucas_toc/30763356_2015-05-15.csv
30763396,2015-07-30,../embeddings/output/store_location_test_script_lucas_toc/30763396_2015-07-30.csv
30781660,2015-06-25,../embeddings/output/store_location_test_script_lucas_toc/30781660_2015-06-25.csv
30781768,2015-06-06,../embeddings/output/store_location_test_script_lucas_toc/30781768_2015-06-06.csv
30782390,2015-05-05,../embeddings/output/store_location_test_script_lucas_toc/30782390_2015-05-05.csv
30801664,2015-06-25,../embeddings/output/store_location_test_script_lucas_toc/30801664_2015-06-25.csv
30801700,2015-05-01,../embeddings/output/store_location_test_script_lucas_toc/30801700_2015-05-01.csv
30801772,2015-06-06,../embeddings/output/store_location_test_script_lucas_toc/30801772_2015-06-06.csv
30801988,2015-08-07,../embeddings/output/store_location_test_script_lucas_toc/30801988_2015-08-07.csv
30802006,2015-08-05,../embeddings/output/store_location_test_script_lucas_toc/30802006_2015-08-05.csv
30802052,2015-09-03,../embeddings/output/store_location_test_script_lucas_toc/30802052_2015-09-03.csv
30802376,2015-07-08,../embeddings/output/store_location_test_script_lucas_toc/30802376_2015-07-08.csv
30803590,2015-10-03,../embeddings/output/store_location_test_script_lucas_toc/30803590_2015-10-03.csv
30821768,2015-06-06,../embeddings/output/store_location_test_script_lucas_toc/30821768_2015-06-06.csv
30823370,2015-06-08,../embeddings/output/store_location_test_script_lucas_toc/30823370_2015-06-08.csv
30841686,2015-06-28,../embeddings/output/store_location_test_script_lucas_toc/30841686_2015-06-28.csv
30841708,2015-08-01,../embeddings/output/store_location_test_script_lucas_toc/30841708_2015-08-01.csv
30842132,2015-08-13,../embeddings/output/store_location_test_script_lucas_toc/30842132_2015-08-13.csv
30861660,2015-06-27,../embeddings/output/store_location_test_script_lucas_toc/30861660_2015-06-27.csv
30861756,2015-08-07,../embeddings/output/store_location_test_script_lucas_toc/30861756_2015-08-07.csv
30862152,2015-05-15,../embeddings/output/store_location_test_script_lucas_toc/30862152_2015-05-15.csv
30881676,2015-06-28,../embeddings/output/store_location_test_script_lucas_toc/30881676_2015-06-28.csv
30881748,2015-08-08,../embeddings/output/store_location_test_script_lucas_toc/30881748_2015-08-08.csv
30881760,2015-08-06,../embeddings/output/store_location_test_script_lucas_toc/30881760_2015-08-06.csv
30882342,2015-05-27,../embeddings/output/store_location_test_script_lucas_toc/30882342_2015-05-27.csv
30882346,2015-07-09,../embeddings/output/store_location_test_script_lucas_toc/30882346_2015-07-09.csv
30901656,2015-06-27,../embeddings/output/store_location_test_script_lucas_toc/30901656_2015-06-27.csv
30902278,2015-07-05,../embeddings/output/store_location_test_script_lucas_toc/30902278_2015-07-05.csv
30902290,2015-07-04,../embeddings/output/store_location_test_script_lucas_toc/30902290_2015-07-04.csv
30902340,2015-06-29,../embeddings/output/store_location_test_script_lucas_toc/30902340_2015-06-29.csv
30922116,2015-08-28,../embeddings/output/store_location_test_script_lucas_toc/30922116_2015-08-28.csv
30922374,2015-07-08,../embeddings/output/store_location_test_script_lucas_toc/30922374_2015-07-08.csv
30923436,2015-07-20,../embeddings/output/store_location_test_script_lucas_toc/30923436_2015-07-20.csv
30941754,2015-08-07,../embeddings/output/store_location_test_script_lucas_toc/30941754_2015-08-07.csv
30942340,2015-06-29,../embeddings/output/store_location_test_script_lucas_toc/30942340_2015-06-29.csv
30943536,2015-06-20,../embeddings/output/store_location_test_script_lucas_toc/30943536_2015-06-20.csv
30961768,2015-06-27,../embeddings/output/store_location_test_script_lucas_toc/30961768_2015-06-27.csv
30962066,2015-06-18,../embeddings/output/store_location_test_script_lucas_toc/30962066_2015-06-18.csv
30981674,2015-08-05,../embeddings/output/store_location_test_script_lucas_toc/30981674_2015-08-05.csv
30981692,2015-08-01,../embeddings/output/store_location_test_script_lucas_toc/30981692_2015-08-01.csv
30981704,2015-08-01,../embeddings/output/store_location_test_script_lucas_toc/30981704_2015-08-01.csv
30981722,2015-08-08,../embeddings/output/store_location_test_script_lucas_toc/30981722_2015-08-08.csv
31001666,2015-08-05,../embeddings/output/store_location_test_script_lucas_toc/31001666_2015-08-05.csv
31001702,2015-08-01,../embeddings/output/store_location_test_script_lucas_toc/31001702_2015-08-01.csv
31002206,2015-06-25,../embeddings/output/store_location_test_script_lucas_toc/31002206_2015-06-25.csv
31003394,2015-07-04,../embeddings/output/store_location_test_script_lucas_toc/31003394_2015-07-04.csv
31021708,2015-08-09,../embeddings/output/store_location_test_script_lucas_toc/31021708_2015-08-09.csv
31021812,2015-05-23,../embeddings/output/store_location_test_script_lucas_toc/31021812_2015-05-23.csv
31022060,2015-08-17,../embeddings/output/store_location_test_script_lucas_toc/31022060_2015-08-17.csv
31022086,2015-08-29,../embeddings/output/store_location_test_script_lucas_toc/31022086_2015-08-29.csv
31042070,2015-08-30,../embeddings/output/store_location_test_script_lucas_toc/31042070_2015-08-30.csv
31042188,2015-06-19,../embeddings/output/store_location_test_script_lucas_toc/31042188_2015-06-19.csv
31061688,2015-07-23,../embeddings/output/store_location_test_script_lucas_toc/31061688_2015-07-23.csv
31061706,2015-08-09,../embeddings/output/store_location_test_script_lucas_toc/31061706_2015-08-09.csv
31061766,2015-08-07,../embeddings/output/store_location_test_script_lucas_toc/31061766_2015-08-07.csv
31062274,2015-07-31,../embeddings/output/store_location_test_script_lucas_toc/31062274_2015-07-31.csv
31063480,2015-07-02,../embeddings/output/store_location_test_script_lucas_toc/31063480_2015-07-02.csv
31081642,2015-07-29,../embeddings/output/store_location_test_script_lucas_toc/31081642_2015-07-29.csv
31081710,2015-08-09,../embeddings/output/store_location_test_script_lucas_toc/31081710_2015-08-09.csv
31082232,2015-06-02,../embeddings/output/store_location_test_script_lucas_toc/31082232_2015-06-02.csv
31083442,2015-07-04,../embeddings/output/store_location_test_script_lucas_toc/31083442_2015-07-04.csv
31083448,2015-08-24,../embeddings/output/store_location_test_script_lucas_toc/31083448_2015-08-24.csv
31102296,2015-06-18,../embeddings/output/store_location_test_script_lucas_toc/31102296_2015-06-18.csv
31102302,2015-06-18,../embeddings/output/store_location_test_script_lucas_toc/31102302_2015-06-18.csv
31103548,2015-08-22,../embeddings/output/store_location_test_script_lucas_toc/31103548_2015-08-22.csv
31121740,2015-08-11,../embeddings/output/store_location_test_script_lucas_toc/31121740_2015-08-11.csv
31121772,2015-06-08,../embeddings/output/store_location_test_script_lucas_toc/31121772_2015-06-08.csv
31122070,2015-06-18,../embeddings/output/store_location_test_script_lucas_toc/31122070_2015-06-18.csv
31122280,2015-06-29,../embeddings/output/store_location_test_script_lucas_toc/31122280_2015-06-29.csv
31122366,2015-07-06,../embeddings/output/store_location_test_script_lucas_toc/31122366_2015-07-06.csv
31123392,2015-06-18,../embeddings/output/store_location_test_script_lucas_toc/31123392_2015-06-18.csv
31123410,2015-07-13,../embeddings/output/store_location_test_script_lucas_toc/31123410_2015-07-13.csv
31141750,2015-08-06,../embeddings/output/store_location_test_script_lucas_toc/31141750_2015-08-06.csv
31141966,2015-05-31,../embeddings/output/store_location_test_script_lucas_toc/31141966_2015-05-31.csv
31142296,2015-05-20,../embeddings/output/store_location_test_script_lucas_toc/31142296_2015-05-20.csv
31161704,2015-08-09,../embeddings/output/store_location_test_script_lucas_toc/31161704_2015-08-09.csv
31161740,2015-07-05,../embeddings/output/store_location_test_script_lucas_toc/31161740_2015-07-05.csv
31163396,2015-07-05,../embeddings/output/store_location_test_script_lucas_toc/31163396_2015-07-05.csv
31163428,2015-07-19,../embeddings/output/store_location_test_script_lucas_toc/31163428_2015-07-19.csv
31181706,2015-08-09,../embeddings/output/store_location_test_script_lucas_toc/31181706_2015-08-09.csv
31181714,2015-08-09,../embeddings/output/store_location_test_script_lucas_toc/31181714_2015-08-09.csv
31181858,2015-04-27,../embeddings/output/store_location_test_script_lucas_toc/31181858_2015-04-27.csv
31201708,2015-08-09,../embeddings/output/store_location_test_script_lucas_toc/31201708_2015-08-09.csv
31201772,2015-06-06,../embeddings/output/store_location_test_script_lucas_toc/31201772_2015-06-06.csv
31201952,2015-08-05,../embeddings/output/store_location_test_script_lucas_toc/31201952_2015-08-05.csv
31202262,2015-06-27,../embeddings/output/store_location_test_script_lucas_toc/31202262_2015-06-27.csv
31221710,2015-08-09,../embeddings/output/store_location_test_script_lucas_toc/31221710_2015-08-09.csv
31241716,2015-08-09,../embeddings/output/store_location_test_script_lucas_toc/31241716_2015-08-09.csv
31241766,2015-06-28,../embeddings/output/store_location_test_script_lucas_toc/31241766_2015-06-28.csv
31241770,2015-06-06,../embeddings/output/store_location_test_script_lucas_toc/31241770_2015-06-06.csv
31242076,2015-08-27,../embeddings/output/store_location_test_script_lucas_toc/31242076_2015-08-27.csv
31261732,2015-07-05,../embeddings/output/store_location_test_script_lucas_toc/31261732_2015-07-05.csv
31261756,2015-06-28,../embeddings/output/store_location_test_script_lucas_toc/31261756_2015-06-28.csv
31261792,2015-06-07,../embeddings/output/store_location_test_script_lucas_toc/31261792_2015-06-07.csv
31261890,2015-08-27,../embeddings/output/store_location_test_script_lucas_toc/31261890_2015-08-27.csv
31281744,2015-07-05,../embeddings/output/store_location_test_script_lucas_toc/31281744_2015-07-05.csv
31282014,2015-07-20,../embeddings/output/store_location_test_script_lucas_toc/31282014_2015-07-20.csv
31301866,2015-07-28,../embeddings/output/store_location_test_script_lucas_toc/31301866_2015-07-28.csv
31301938,2015-06-11,../embeddings/output/store_location_test_script_lucas_toc/31301938_2015-06-11.csv
31321756,2015-06-28,../embeddings/output/store_location_test_script_lucas_toc/31321756_2015-06-28.csv
31321886,2015-08-27,../embeddings/output/store_location_test_script_lucas_toc/31321886_2015-08-27.csv
31322182,2015-05-24,../embeddings/output/store_location_test_script_lucas_toc/31322182_2015-05-24.csv
31322332,2015-06-02,../embeddings/output/store_location_test_script_lucas_toc/31322332_2015-06-02.csv
31323424,2015-07-11,../embeddings/output/store_location_test_script_lucas_toc/31323424_2015-07-11.csv
31341718,2015-07-05,../embeddings/output/store_location_test_script_lucas_toc/31341718_2015-07-05.csv
31341722,2015-07-05,../embeddings/output/store_location_test_script_lucas_toc/31341722_2015-07-05.csv
31341764,2015-06-26,../embeddings/output/store_location_test_script_lucas_toc/31341764_2015-06-26.csv
31341872,2015-07-28,../embeddings/output/store_location_test_script_lucas_toc/31341872_2015-07-28.csv
31341952,2015-06-06,../embeddings/output/store_location_test_script_lucas_toc/31341952_2015-06-06.csv
31343410,2015-07-10,../embeddings/output/store_location_test_script_lucas_toc/31343410_2015-07-10.csv
31361778,2015-07-18,../embeddings/output/store_location_test_script_lucas_toc/31361778_2015-07-18.csv
31361850,2015-08-27,../embeddings/output/store_location_test_script_lucas_toc/31361850_2015-08-27.csv
31361882,2015-08-27,../embeddings/output/store_location_test_script_lucas_toc/31361882_2015-08-27.csv
31381772,2015-07-19,../embeddings/output/store_location_test_script_lucas_toc/31381772_2015-07-19.csv
31382090,2015-05-24,../embeddings/output/store_location_test_script_lucas_toc/31382090_2015-05-24.csv
31382100,2015-08-22,../embeddings/output/store_location_test_script_lucas_toc/31382100_2015-08-22.csv
31382312,2015-05-20,../embeddings/output/store_location_test_script_lucas_toc/31382312_2015-05-20.csv
31401756,2015-06-28,../embeddings/output/store_location_test_script_lucas_toc/31401756_2015-06-28.csv
31401864,2015-07-28,../embeddings/output/store_location_test_script_lucas_toc/31401864_2015-07-28.csv
31402242,2015-06-24,../embeddings/output/store_location_test_script_lucas_toc/31402242_2015-06-24.csv
31421770,2015-06-26,../embeddings/output/store_location_test_script_lucas_toc/31421770_2015-06-26.csv
31421788,2015-07-17,../embeddings/output/store_location_test_script_lucas_toc/31421788_2015-07-17.csv
31421842,2015-07-27,../embeddings/output/store_location_test_script_lucas_toc/31421842_2015-07-27.csv
31421950,2015-06-23,../embeddings/output/store_location_test_script_lucas_toc/31421950_2015-06-23.csv
31441638,2015-07-24,../embeddings/output/store_location_test_script_lucas_toc/31441638_2015-07-24.csv
31441732,2015-07-01,../embeddings/output/store_location_test_script_lucas_toc/31441732_2015-07-01.csv
31441750,2015-06-28,../embeddings/output/store_location_test_script_lucas_toc/31441750_2015-06-28.csv
31441768,2015-06-26,../embeddings/output/store_location_test_script_lucas_toc/31441768_2015-06-26.csv
31442322,2015-06-19,../embeddings/output/store_location_test_script_lucas_toc/31442322_2015-06-19.csv
31461924,2015-08-28,../embeddings/output/store_location_test_script_lucas_toc/31461924_2015-08-28.csv
31462170,2015-08-09,../embeddings/output/store_location_test_script_lucas_toc/31462170_2015-08-09.csv
31462364,2015-06-28,../embeddings/output/store_location_test_script_lucas_toc/31462364_2015-06-28.csv
31482240,2015-06-24,../embeddings/output/store_location_test_script_lucas_toc/31482240_2015-06-24.csv
31482294,2015-06-22,../embeddings/output/store_location_test_script_lucas_toc/31482294_2015-06-22.csv
31483396,2015-05-23,../embeddings/output/store_location_test_script_lucas_toc/31483396_2015-05-23.csv
31501642,2015-07-19,../embeddings/output/store_location_test_script_lucas_toc/31501642_2015-07-19.csv
31501742,2015-07-01,../embeddings/output/store_location_test_script_lucas_toc/31501742_2015-07-01.csv
31501756,2015-06-28,../embeddings/output/store_location_test_script_lucas_toc/31501756_2015-06-28.csv
31503370,2015-05-15,../embeddings/output/store_location_test_script_lucas_toc/31503370_2015-05-15.csv
31521848,2015-07-27,../embeddings/output/store_location_test_script_lucas_toc/31521848_2015-07-27.csv
31521898,2015-08-28,../embeddings/output/store_location_test_script_lucas_toc/31521898_2015-08-28.csv
31521920,2015-08-28,../embeddings/output/store_location_test_script_lucas_toc/31521920_2015-08-28.csv
31523384,2015-05-16,../embeddings/output/store_location_test_script_lucas_toc/31523384_2015-05-16.csv
31523402,2015-05-28,../embeddings/output/store_location_test_script_lucas_toc/31523402_2015-05-28.csv
31541648,2015-07-19,../embeddings/output/store_location_test_script_lucas_toc/31541648_2015-07-19.csv
31541832,2015-07-26,../embeddings/output/store_location_test_script_lucas_toc/31541832_2015-07-26.csv
31542218,2015-07-30,../embeddings/output/store_location_test_script_lucas_toc/31542218_2015-07-30.csv
31542354,2015-06-28,../embeddings/output/store_location_test_script_lucas_toc/31542354_2015-06-28.csv
31561686,2015-05-29,../embeddings/output/store_location_test_script_lucas_toc/31561686_2015-05-29.csv
31561848,2015-07-27,../embeddings/output/store_location_test_script_lucas_toc/31561848_2015-07-27.csv
31561978,2015-06-25,../embeddings/output/store_location_test_script_lucas_toc/31561978_2015-06-25.csv
31581774,2015-07-19,../embeddings/output/store_location_test_script_lucas_toc/31581774_2015-07-19.csv
31582088,2015-06-26,../embeddings/output/store_location_test_script_lucas_toc/31582088_2015-06-26.csv
31601820,2015-07-18,../embeddings/output/store_location_test_script_lucas_toc/31601820_2015-07-18.csv
31601976,2015-08-06,../embeddings/output/store_location_test_script_lucas_toc/31601976_2015-08-06.csv
31602166,2015-08-09,../embeddings/output/store_location_test_script_lucas_toc/31602166_2015-08-09.csv
31602300,2015-06-19,../embeddings/output/store_location_test_script_lucas_toc/31602300_2015-06-19.csv
31621666,2015-07-14,../embeddings/output/store_location_test_script_lucas_toc/31621666_2015-07-14.csv
31621756,2015-07-18,../embeddings/output/store_location_test_script_lucas_toc/31621756_2015-07-18.csv
31621768,2015-07-18,../embeddings/output/store_location_test_script_lucas_toc/31621768_2015-07-18.csv
31621846,2015-07-28,../embeddings/output/store_location_test_script_lucas_toc/31621846_2015-07-28.csv
31621980,2015-06-30,../embeddings/output/store_location_test_script_lucas_toc/31621980_2015-06-30.csv
31623442,2015-08-09,../embeddings/output/store_location_test_script_lucas_toc/31623442_2015-08-09.csv
31641680,2015-07-21,../embeddings/output/store_location_test_script_lucas_toc/31641680_2015-07-21.csv
31641838,2015-07-27,../embeddings/output/store_location_test_script_lucas_toc/31641838_2015-07-27.csv
31642180,2015-08-09,../embeddings/output/store_location_test_script_lucas_toc/31642180_2015-08-09.csv
31643418,2015-06-21,../embeddings/output/store_location_test_script_lucas_toc/31643418_2015-06-21.csv
31643458,2015-08-03,../embeddings/output/store_location_test_script_lucas_toc/31643458_2015-08-03.csv
31661740,2015-07-07,../embeddings/output/store_location_test_script_lucas_toc/31661740_2015-07-07.csv
31661818,2015-07-18,../embeddings/output/store_location_test_script_lucas_toc/31661818_2015-07-18.csv
31661908,2015-08-28,../embeddings/output/store_location_test_script_lucas_toc/31661908_2015-08-28.csv
31661988,2015-06-30,../embeddings/output/store_location_test_script_lucas_toc/31661988_2015-06-30.csv
31681858,2015-07-28,../embeddings/output/store_location_test_script_lucas_toc/31681858_2015-07-28.csv
31682350,2015-05-29,../embeddings/output/store_location_test_script_lucas_toc/31682350_2015-05-29.csv
31701692,2015-07-20,../embeddings/output/store_location_test_script_lucas_toc/31701692_2015-07-20.csv
31701848,2015-08-27,../embeddings/output/store_location_test_script_lucas_toc/31701848_2015-08-27.csv
31701854,2015-08-27,../embeddings/output/store_location_test_script_lucas_toc/31701854_2015-08-27.csv
31702172,2015-08-07,../embeddings/output/store_location_test_script_lucas_toc/31702172_2015-08-07.csv
31702312,2015-05-11,../embeddings/output/store_location_test_script_lucas_toc/31702312_2015-05-11.csv
31703420,2015-06-21,../embeddings/output/store_location_test_script_lucas_toc/31703420_2015-06-21.csv
31721768,2015-07-18,../embeddings/output/store_location_test_script_lucas_toc/31721768_2015-07-18.csv
31721774,2015-07-19,../embeddings/output/store_location_test_script_lucas_toc/31721774_2015-07-19.csv
31721792,2015-07-18,../embeddings/output/store_location_test_script_lucas_toc/31721792_2015-07-18.csv
31721984,2015-07-03,../embeddings/output/store_location_test_script_lucas_toc/31721984_2015-07-03.csv
31723460,2015-08-01,../embeddings/output/store_location_test_script_lucas_toc/31723460_2015-08-01.csv
31741664,2015-07-21,../embeddings/output/store_location_test_script_lucas_toc/31741664_2015-07-21.csv
31741758,2015-07-17,../embeddings/output/store_location_test_script_lucas_toc/31741758_2015-07-17.csv
31741884,2015-07-29,../embeddings/output/store_location_test_script_lucas_toc/31741884_2015-07-29.csv
31742108,2015-06-16,../embeddings/output/store_location_test_script_lucas_toc/31742108_2015-06-16.csv
31742158,2015-08-07,../embeddings/output/store_location_test_script_lucas_toc/31742158_2015-08-07.csv
31763412,2015-06-05,../embeddings/output/store_location_test_script_lucas_toc/31763412_2015-06-05.csv
31781658,2015-07-14,../embeddings/output/store_location_test_script_lucas_toc/31781658_2015-07-14.csv
31782102,2015-06-18,../embeddings/output/store_location_test_script_lucas_toc/31782102_2015-06-18.csv
31782138,2015-07-04,../embeddings/output/store_location_test_script_lucas_toc/31782138_2015-07-04.csv
31782252,2015-05-15,../embeddings/output/store_location_test_script_lucas_toc/31782252_2015-05-15.csv
31782310,2015-05-21,../embeddings/output/store_location_test_script_lucas_toc/31782310_2015-05-21.csv
31783422,2015-07-31,../embeddings/output/store_location_test_script_lucas_toc/31783422_2015-07-31.csv
31783686,2015-10-03,../embeddings/output/store_location_test_script_lucas_toc/31783686_2015-10-03.csv
31801728,2015-07-07,../embeddings/output/store_location_test_script_lucas_toc/31801728_2015-07-07.csv
31801750,2015-07-17,../embeddings/output/store_location_test_script_lucas_toc/31801750_2015-07-17.csv
31801764,2015-07-18,../embeddings/output/store_location_test_script_lucas_toc/31801764_2015-07-18.csv
31801846,2015-07-29,../embeddings/output/store_location_test_script_lucas_toc/31801846_2015-07-29.csv
31801858,2015-07-28,../embeddings/output/store_location_test_script_lucas_toc/31801858_2015-07-28.csv
31801864,2015-07-28,../embeddings/output/store_location_test_script_lucas_toc/31801864_2015-07-28.csv
31801998,2015-06-23,../embeddings/output/store_location_test_script_lucas_toc/31801998_2015-06-23.csv
31802332,2015-06-14,../embeddings/output/store_location_test_script_lucas_toc/31802332_2015-06-14.csv
31802362,2015-06-26,../embeddings/output/store_location_test_script_lucas_toc/31802362_2015-06-26.csv
31803412,2015-06-20,../embeddings/output/store_location_test_script_lucas_toc/31803412_2015-06-20.csv
31821784,2015-07-18,../embeddings/output/store_location_test_script_lucas_toc/31821784_2015-07-18.csv
31821942,2015-07-30,../embeddings/output/store_location_test_script_lucas_toc/31821942_2015-07-30.csv
31823436,2015-07-30,../embeddings/output/store_location_test_script_lucas_toc/31823436_2015-07-30.csv
31823598,2015-09-27,../embeddings/output/store_location_test_script_lucas_toc/31823598_2015-09-27.csv
31841704,2015-07-12,../embeddings/output/store_location_test_script_lucas_toc/31841704_2015-07-12.csv
31841902,2015-08-27,../embeddings/output/store_location_test_script_lucas_toc/31841902_2015-08-27.csv
31842298,2015-05-21,../embeddings/output/store_location_test_script_lucas_toc/31842298_2015-05-21.csv
31861774,2015-07-18,../embeddings/output/store_location_test_script_lucas_toc/31861774_2015-07-18.csv
31881692,2015-07-12,../embeddings/output/store_location_test_script_lucas_toc/31881692_2015-07-12.csv
31881902,2015-08-27,../embeddings/output/store_location_test_script_lucas_toc/31881902_2015-08-27.csv
31881944,2015-08-04,../embeddings/output/store_location_test_script_lucas_toc/31881944_2015-08-04.csv
31881998,2015-06-13,../embeddings/output/store_location_test_script_lucas_toc/31881998_2015-06-13.csv
31882358,2015-06-26,../embeddings/output/store_location_test_script_lucas_toc/31882358_2015-06-26.csv
31901886,2015-08-01,../embeddings/output/store_location_test_script_lucas_toc/31901886_2015-08-01.csv
31902242,2015-05-19,../embeddings/output/store_location_test_script_lucas_toc/31902242_2015-05-19.csv
31921784,2015-07-18,../embeddings/output/store_location_test_script_lucas_toc/31921784_2015-07-18.csv
31921920,2015-07-28,../embeddings/output/store_location_test_script_lucas_toc/31921920_2015-07-28.csv
31922270,2015-06-06,../embeddings/output/store_location_test_script_lucas_toc/31922270_2015-06-06.csv
31922312,2015-05-11,../embeddings/output/store_location_test_script_lucas_toc/31922312_2015-05-11.csv
31942178,2015-05-11,../embeddings/output/store_location_test_script_lucas_toc/31942178_2015-05-11.csv
31961820,2015-07-19,../embeddings/output/store_location_test_script_lucas_toc/31961820_2015-07-19.csv
31961824,2015-07-27,../embeddings/output/store_location_test_script_lucas_toc/31961824_2015-07-27.csv
31963524,2015-08-24,../embeddings/output/store_location_test_script_lucas_toc/31963524_2015-08-24.csv
31982326,2015-06-15,../embeddings/output/store_location_test_script_lucas_toc/31982326_2015-06-15.csv
31983550,2015-08-30,../embeddings/output/store_location_test_script_lucas_toc/31983550_2015-08-30.csv
32021898,2015-07-31,../embeddings/output/store_location_test_script_lucas_toc/32021898_2015-07-31.csv
32022340,2015-06-16,../embeddings/output/store_location_test_script_lucas_toc/32022340_2015-06-16.csv
32041688,2015-07-11,../embeddings/output/store_location_test_script_lucas_toc/32041688_2015-07-11.csv
32041778,2015-08-12,../embeddings/output/store_location_test_script_lucas_toc/32041778_2015-08-12.csv
32041882,2015-07-30,../embeddings/output/store_location_test_script_lucas_toc/32041882_2015-07-30.csv
32041894,2015-07-31,../embeddings/output/store_location_test_script_lucas_toc/32041894_2015-07-31.csv
32042254,2015-05-07,../embeddings/output/store_location_test_script_lucas_toc/32042254_2015-05-07.csv
32042344,2015-06-17,../embeddings/output/store_location_test_script_lucas_toc/32042344_2015-06-17.csv
32043538,2015-08-22,../embeddings/output/store_location_test_script_lucas_toc/32043538_2015-08-22.csv
32061692,2015-07-10,../embeddings/output/store_location_test_script_lucas_toc/32061692_2015-07-10.csv
32062010,2015-04-25,../embeddings/output/store_location_test_script_lucas_toc/32062010_2015-04-25.csv
32081894,2015-07-31,../embeddings/output/store_location_test_script_lucas_toc/32081894_2015-07-31.csv
32082012,2015-05-22,../embeddings/output/store_location_test_script_lucas_toc/32082012_2015-05-22.csv
32082174,2015-05-07,../embeddings/output/store_location_test_script_lucas_toc/32082174_2015-05-07.csv
32101790,2015-08-12,../embeddings/output/store_location_test_script_lucas_toc/32101790_2015-08-12.csv
32102316,2015-05-27,../embeddings/output/store_location_test_script_lucas_toc/32102316_2015-05-27.csv
32103428,2015-07-11,../embeddings/output/store_location_test_script_lucas_toc/32103428_2015-07-11.csv
32122124,2015-06-01,../embeddings/output/store_location_test_script_lucas_toc/32122124_2015-06-01.csv
32122286,2015-06-25,../embeddings/output/store_location_test_script_lucas_toc/32122286_2015-06-25.csv
32141832,2015-08-21,../embeddings/output/store_location_test_script_lucas_toc/32141832_2015-08-21.csv
32142126,2015-08-19,../embeddings/output/store_location_test_script_lucas_toc/32142126_2015-08-19.csv
32142198,2015-07-05,../embeddings/output/store_location_test_script_lucas_toc/32142198_2015-07-05.csv
32143584,2015-09-27,../embeddings/output/store_location_test_script_lucas_toc/32143584_2015-09-27.csv
32143588,2015-09-27,../embeddings/output/store_location_test_script_lucas_toc/32143588_2015-09-27.csv
32161908,2015-04-24,../embeddings/output/store_location_test_script_lucas_toc/32161908_2015-04-24.csv
32162002,2015-04-24,../embeddings/output/store_location_test_script_lucas_toc/32162002_2015-04-24.csv
32162358,2015-06-24,../embeddings/output/store_location_test_script_lucas_toc/32162358_2015-06-24.csv
32181716,2015-07-03,../embeddings/output/store_location_test_script_lucas_toc/32181716_2015-07-03.csv
32181834,2015-05-24,../embeddings/output/store_location_test_script_lucas_toc/32181834_2015-05-24.csv
32181892,2015-07-31,../embeddings/output/store_location_test_script_lucas_toc/32181892_2015-07-31.csv
32181914,2015-04-25,../embeddings/output/store_location_test_script_lucas_toc/32181914_2015-04-25.csv
32183418,2015-07-10,../embeddings/output/store_location_test_script_lucas_toc/32183418_2015-07-10.csv
32201710,2015-07-03,../embeddings/output/store_location_test_script_lucas_toc/32201710_2015-07-03.csv
32202340,2015-06-21,../embeddings/output/store_location_test_script_lucas_toc/32202340_2015-06-21.csv
32202352,2015-06-19,../embeddings/output/store_location_test_script_lucas_toc/32202352_2015-06-19.csv
32203464,2015-05-21,../embeddings/output/store_location_test_script_lucas_toc/32203464_2015-05-21.csv
32203504,2015-06-19,../embeddings/output/store_location_test_script_lucas_toc/32203504_2015-06-19.csv
32203590,2015-09-27,../embeddings/output/store_location_test_script_lucas_toc/32203590_2015-09-27.csv
32221702,2015-07-05,../embeddings/output/store_location_test_script_lucas_toc/32221702_2015-07-05.csv
32221796,2015-08-22,../embeddings/output/store_location_test_script_lucas_toc/32221796_2015-08-22.csv
32222008,2015-05-22,../embeddings/output/store_location_test_script_lucas_toc/32222008_2015-05-22.csv
32222200,2015-06-28,../embeddings/output/store_location_test_script_lucas_toc/32222200_2015-06-28.csv
32222300,2015-05-09,../embeddings/output/store_location_test_script_lucas_toc/32222300_2015-05-09.csv
32242312,2015-05-27,../embeddings/output/store_location_test_script_lucas_toc/32242312_2015-05-27.csv
32243410,2015-06-27,../embeddings/output/store_location_test_script_lucas_toc/32243410_2015-06-27.csv
32243456,2015-05-22,../embeddings/output/store_location_test_script_lucas_toc/32243456_2015-05-22.csv
32243528,2015-06-13,../embeddings/output/store_location_test_script_lucas_toc/32243528_2015-06-13.csv
32243654,2015-10-09,../embeddings/output/store_location_test_script_lucas_toc/32243654_2015-10-09.csv
32262044,2015-07-06,../embeddings/output/store_location_test_script_lucas_toc/32262044_2015-07-06.csv
32262092,2015-08-13,../embeddings/output/store_location_test_script_lucas_toc/32262092_2015-08-13.csv
32262242,2015-04-26,../embeddings/output/store_location_test_script_lucas_toc/32262242_2015-04-26.csv
32262314,2015-05-09,../embeddings/output/store_location_test_script_lucas_toc/32262314_2015-05-09.csv
32281888,2015-07-31,../embeddings/output/store_location_test_script_lucas_toc/32281888_2015-07-31.csv
32282042,2015-07-05,../embeddings/output/store_location_test_script_lucas_toc/32282042_2015-07-05.csv
32282118,2015-05-28,../embeddings/output/store_location_test_script_lucas_toc/32282118_2015-05-28.csv
32282230,2015-05-17,../embeddings/output/store_location_test_script_lucas_toc/32282230_2015-05-17.csv
32283536,2015-09-10,../embeddings/output/store_location_test_script_lucas_toc/32283536_2015-09-10.csv
32283558,2015-09-20,../embeddings/output/store_location_test_script_lucas_toc/32283558_2015-09-20.csv
32283648,2015-10-08,../embeddings/output/store_location_test_script_lucas_toc/32283648_2015-10-08.csv
32302008,2015-06-02,../embeddings/output/store_location_test_script_lucas_toc/32302008_2015-06-02.csv
32321820,2015-08-29,../embeddings/output/store_location_test_script_lucas_toc/32321820_2015-08-29.csv
32321850,2015-07-29,../embeddings/output/store_location_test_script_lucas_toc/32321850_2015-07-29.csv
32322252,2015-05-28,../embeddings/output/store_location_test_script_lucas_toc/32322252_2015-05-28.csv
32323602,2015-09-25,../embeddings/output/store_location_test_script_lucas_toc/32323602_2015-09-25.csv
32323650,2015-10-08,../embeddings/output/store_location_test_script_lucas_toc/32323650_2015-10-08.csv
32341732,2015-07-04,../embeddings/output/store_location_test_script_lucas_toc/32341732_2015-07-04.csv
32341846,2015-08-07,../embeddings/output/store_location_test_script_lucas_toc/32341846_2015-08-07.csv
32341872,2015-07-24,../embeddings/output/store_location_test_script_lucas_toc/32341872_2015-07-24.csv
32341882,2015-06-29,../embeddings/output/store_location_test_script_lucas_toc/32341882_2015-06-29.csv
32341890,2015-07-31,../embeddings/output/store_location_test_script_lucas_toc/32341890_2015-07-31.csv
32341900,2015-04-24,../embeddings/output/store_location_test_script_lucas_toc/32341900_2015-04-24.csv
32342062,2015-07-04,../embeddings/output/store_location_test_script_lucas_toc/32342062_2015-07-04.csv
32361694,2015-07-10,../embeddings/output/store_location_test_script_lucas_toc/32361694_2015-07-10.csv
32361698,2015-07-10,../embeddings/output/store_location_test_script_lucas_toc/32361698_2015-07-10.csv
32361730,2015-05-30,../embeddings/output/store_location_test_script_lucas_toc/32361730_2015-05-30.csv
32361888,2015-07-31,../embeddings/output/store_location_test_script_lucas_toc/32361888_2015-07-31.csv
32361896,2015-04-24,../embeddings/output/store_location_test_script_lucas_toc/32361896_2015-04-24.csv
32361928,2015-07-30,../embeddings/output/store_location_test_script_lucas_toc/32361928_2015-07-30.csv
32362252,2015-06-06,../embeddings/output/store_location_test_script_lucas_toc/32362252_2015-06-06.csv
32363494,2015-05-31,../embeddings/output/store_location_test_script_lucas_toc/32363494_2015-05-31.csv
32363508,2015-05-31,../embeddings/output/store_location_test_script_lucas_toc/32363508_2015-05-31.csv
32382250,2015-06-06,../embeddings/output/store_location_test_script_lucas_toc/32382250_2015-06-06.csv
32383504,2015-05-31,../embeddings/output/store_location_test_script_lucas_toc/32383504_2015-05-31.csv
32383518,2015-06-12,../embeddings/output/store_location_test_script_lucas_toc/32383518_2015-06-12.csv
32401652,2015-05-22,../embeddings/output/store_location_test_script_lucas_toc/32401652_2015-05-22.csv
32401666,2015-05-21,../embeddings/output/store_location_test_script_lucas_toc/32401666_2015-05-21.csv
32401696,2015-07-10,../embeddings/output/store_location_test_script_lucas_toc/32401696_2015-07-10.csv
32401886,2015-08-01,../embeddings/output/store_location_test_script_lucas_toc/32401886_2015-08-01.csv
32402314,2015-05-29,../embeddings/output/store_location_test_script_lucas_toc/32402314_2015-05-29.csv
32402318,2015-05-29,../embeddings/output/store_location_test_script_lucas_toc/32402318_2015-05-29.csv
32403658,2015-07-31,../embeddings/output/store_location_test_script_lucas_toc/32403658_2015-07-31.csv
32422190,2015-05-21,../embeddings/output/store_location_test_script_lucas_toc/32422190_2015-05-21.csv
32422330,2015-06-22,../embeddings/output/store_location_test_script_lucas_toc/32422330_2015-06-22.csv
32441900,2015-05-02,../embeddings/output/store_location_test_script_lucas_toc/32441900_2015-05-02.csv
32461694,2015-07-10,../embeddings/output/store_location_test_script_lucas_toc/32461694_2015-07-10.csv
32461700,2015-07-12,../embeddings/output/store_location_test_script_lucas_toc/32461700_2015-07-12.csv
32463554,2015-09-13,../embeddings/output/store_location_test_script_lucas_toc/32463554_2015-09-13.csv
32463558,2015-09-18,../embeddings/output/store_location_test_script_lucas_toc/32463558_2015-09-18.csv
32463644,2015-07-31,../embeddings/output/store_location_test_script_lucas_toc/32463644_2015-07-31.csv
32481692,2015-07-10,../embeddings/output/store_location_test_script_lucas_toc/32481692_2015-07-10.csv
32481828,2015-08-28,../embeddings/output/store_location_test_script_lucas_toc/32481828_2015-08-28.csv
32481900,2015-05-02,../embeddings/output/store_location_test_script_lucas_toc/32481900_2015-05-02.csv
32501698,2015-07-12,../embeddings/output/store_location_test_script_lucas_toc/32501698_2015-07-12.csv
32501860,2015-07-12,../embeddings/output/store_location_test_script_lucas_toc/32501860_2015-07-12.csv
32521696,2015-07-12,../embeddings/output/store_location_test_script_lucas_toc/32521696_2015-07-12.csv
32521894,2015-05-01,../embeddings/output/store_location_test_script_lucas_toc/32521894_2015-05-01.csv
32521900,2015-05-02,../embeddings/output/store_location_test_script_lucas_toc/32521900_2015-05-02.csv
32522116,2015-06-08,../embeddings/output/store_location_test_script_lucas_toc/32522116_2015-06-08.csv
32541766,2015-08-14,../embeddings/output/store_location_test_script_lucas_toc/32541766_2015-08-14.csv
32543634,2015-07-27,../embeddings/output/store_location_test_script_lucas_toc/32543634_2015-07-27.csv
32562870,2015-06-12,../embeddings/output/store_location_test_script_lucas_toc/32562870_2015-06-12.csv
32581696,2015-04-20,../embeddings/output/store_location_test_script_lucas_toc/32581696_2015-04-20.csv
32583640,2015-07-25,../embeddings/output/store_location_test_script_lucas_toc/32583640_2015-07-25.csv
32602928,2015-05-28,../embeddings/output/store_location_test_script_lucas_toc/32602928_2015-05-28.csv
32603626,2015-07-18,../embeddings/output/store_location_test_script_lucas_toc/32603626_2015-07-18.csv
32621684,2015-06-16,../embeddings/output/store_location_test_script_lucas_toc/32621684_2015-06-16.csv
32622920,2015-08-09,../embeddings/output/store_location_test_script_lucas_toc/32622920_2015-08-09.csv
32641790,2015-08-18,../embeddings/output/store_location_test_script_lucas_toc/32641790_2015-08-18.csv
32682156,2015-05-09,../embeddings/output/store_location_test_script_lucas_toc/32682156_2015-05-09.csv
32682930,2015-06-06,../embeddings/output/store_location_test_script_lucas_toc/32682930_2015-06-06.csv
32701660,2015-06-13,../embeddings/output/store_location_test_script_lucas_toc/32701660_2015-06-13.csv
32701818,2015-08-27,../embeddings/output/store_location_test_script_lucas_toc/32701818_2015-08-27.csv
32701894,2015-04-30,../embeddings/output/store_location_test_script_lucas_toc/32701894_2015-04-30.csv
32702214,2015-07-25,../embeddings/output/store_location_test_script_lucas_toc/32702214_2015-07-25.csv
32721780,2015-08-11,../embeddings/output/store_location_test_script_lucas_toc/32721780_2015-08-11.csv
32721874,2015-06-18,../embeddings/output/store_location_test_script_lucas_toc/32721874_2015-06-18.csv
32742870,2015-06-18,../embeddings/output/store_location_test_script_lucas_toc/32742870_2015-06-18.csv
32781992,2015-08-07,../embeddings/output/store_location_test_script_lucas_toc/32781992_2015-08-07.csv
32782240,2015-08-03,../embeddings/output/store_location_test_script_lucas_toc/32782240_2015-08-03.csv
32783608,2015-06-18,../embeddings/output/store_location_test_script_lucas_toc/32783608_2015-06-18.csv
32802920,2015-06-29,../embeddings/output/store_location_test_script_lucas_toc/32802920_2015-06-29.csv
32821762,2015-08-20,../embeddings/output/store_location_test_script_lucas_toc/32821762_2015-08-20.csv
32821946,2015-07-29,../embeddings/output/store_location_test_script_lucas_toc/32821946_2015-07-29.csv
32822294,2015-07-06,../embeddings/output/store_location_test_script_lucas_toc/32822294_2015-07-06.csv
32822932,2015-06-29,../embeddings/output/store_location_test_script_lucas_toc/32822932_2015-06-29.csv
32841864,2015-06-14,../embeddings/output/store_location_test_script_lucas_toc/32841864_2015-06-14.csv
32842232,2015-08-03,../embeddings/output/store_location_test_script_lucas_toc/32842232_2015-08-03.csv
32861814,2015-05-15,../embeddings/output/store_location_test_script_lucas_toc/32861814_2015-05-15.csv
32861886,2015-04-27,../embeddings/output/store_location_test_script_lucas_toc/32861886_2015-04-27.csv
32861892,2015-05-04,../embeddings/output/store_location_test_script_lucas_toc/32861892_2015-05-04.csv
32862162,2015-07-10,../embeddings/output/store_location_test_script_lucas_toc/32862162_2015-07-10.csv
32862918,2015-06-08,../embeddings/output/store_location_test_script_lucas_toc/32862918_2015-06-08.csv
32901744,2015-07-01,../embeddings/output/store_location_test_script_lucas_toc/32901744_2015-07-01.csv
32901878,2015-04-26,../embeddings/output/store_location_test_script_lucas_toc/32901878_2015-04-26.csv
32901888,2015-04-27,../embeddings/output/store_location_test_script_lucas_toc/32901888_2015-04-27.csv
32902230,2015-08-01,../embeddings/output/store_location_test_script_lucas_toc/32902230_2015-08-01.csv
32902234,2015-08-01,../embeddings/output/store_location_test_script_lucas_toc/32902234_2015-08-01.csv
32903296,2015-06-11,../embeddings/output/store_location_test_script_lucas_toc/32903296_2015-06-11.csv
32942170,2015-07-24,../embeddings/output/store_location_test_script_lucas_toc/32942170_2015-07-24.csv
32942242,2015-07-20,../embeddings/output/store_location_test_script_lucas_toc/32942242_2015-07-20.csv
32961880,2015-04-19,../embeddings/output/store_location_test_script_lucas_toc/32961880_2015-04-19.csv
33001794,2015-06-13,../embeddings/output/store_location_test_script_lucas_toc/33001794_2015-06-13.csv
33002856,2015-07-13,../embeddings/output/store_location_test_script_lucas_toc/33002856_2015-07-13.csv
33002892,2015-08-03,../embeddings/output/store_location_test_script_lucas_toc/33002892_2015-08-03.csv
33003590,2015-06-27,../embeddings/output/store_location_test_script_lucas_toc/33003590_2015-06-27.csv
33022242,2015-07-31,../embeddings/output/store_location_test_script_lucas_toc/33022242_2015-07-31.csv
33022872,2015-07-24,../embeddings/output/store_location_test_script_lucas_toc/33022872_2015-07-24.csv
33023682,2015-06-28,../embeddings/output/store_location_test_script_lucas_toc/33023682_2015-06-28.csv
33042156,2015-05-27,../embeddings/output/store_location_test_script_lucas_toc/33042156_2015-05-27.csv
33062008,2015-06-15,../embeddings/output/store_location_test_script_lucas_toc/33062008_2015-06-15.csv
33081802,2015-06-08,../embeddings/output/store_location_test_script_lucas_toc/33081802_2015-06-08.csv
33081856,2015-05-04,../embeddings/output/store_location_test_script_lucas_toc/33081856_2015-05-04.csv
33082864,2015-08-08,../embeddings/output/store_location_test_script_lucas_toc/33082864_2015-08-08.csv
33102276,2015-06-02,../embeddings/output/store_location_test_script_lucas_toc/33102276_2015-06-02.csv
33102888,2015-08-02,../embeddings/output/store_location_test_script_lucas_toc/33102888_2015-08-02.csv
33122236,2015-07-31,../embeddings/output/store_location_test_script_lucas_toc/33122236_2015-07-31.csv
33122854,2015-07-11,../embeddings/output/store_location_test_script_lucas_toc/33122854_2015-07-11.csv
33122920,2015-07-04,../embeddings/output/store_location_test_script_lucas_toc/33122920_2015-07-04.csv
33141740,2015-06-30,../embeddings/output/store_location_test_script_lucas_toc/33141740_2015-06-30.csv
33141880,2015-08-19,../embeddings/output/store_location_test_script_lucas_toc/33141880_2015-08-19.csv
33142142,2015-05-06,../embeddings/output/store_location_test_script_lucas_toc/33142142_2015-05-06.csv
33142852,2015-07-11,../embeddings/output/store_location_test_script_lucas_toc/33142852_2015-07-11.csv
33142924,2015-07-04,../embeddings/output/store_location_test_script_lucas_toc/33142924_2015-07-04.csv
33161904,2015-07-31,../embeddings/output/store_location_test_script_lucas_toc/33161904_2015-07-31.csv
33162156,2015-06-26,../embeddings/output/store_location_test_script_lucas_toc/33162156_2015-06-26.csv
33162242,2015-07-27,../embeddings/output/store_location_test_script_lucas_toc/33162242_2015-07-27.csv
33162848,2015-06-14,../embeddings/output/store_location_test_script_lucas_toc/33162848_2015-06-14.csv
33181812,2015-06-20,../embeddings/output/store_location_test_script_lucas_toc/33181812_2015-06-20.csv
33182222,2015-07-31,../embeddings/output/store_location_test_script_lucas_toc/33182222_2015-07-31.csv
33182230,2015-07-31,../embeddings/output/store_location_test_script_lucas_toc/33182230_2015-07-31.csv
33201980,2015-08-11,../embeddings/output/store_location_test_script_lucas_toc/33201980_2015-08-11.csv
33221806,2015-06-08,../embeddings/output/store_location_test_script_lucas_toc/33221806_2015-06-08.csv
33222206,2015-07-23,../embeddings/output/store_location_test_script_lucas_toc/33222206_2015-07-23.csv
33222318,2015-07-05,../embeddings/output/store_location_test_script_lucas_toc/33222318_2015-07-05.csv
33222864,2015-08-08,../embeddings/output/store_location_test_script_lucas_toc/33222864_2015-08-08.csv
33241804,2015-06-25,../embeddings/output/store_location_test_script_lucas_toc/33241804_2015-06-25.csv
33242254,2015-05-18,../embeddings/output/store_location_test_script_lucas_toc/33242254_2015-05-18.csv
33262202,2015-07-23,../embeddings/output/store_location_test_script_lucas_toc/33262202_2015-07-23.csv
33282222,2015-07-23,../embeddings/output/store_location_test_script_lucas_toc/33282222_2015-07-23.csv
33282856,2015-08-08,../embeddings/output/store_location_test_script_lucas_toc/33282856_2015-08-08.csv
33283288,2015-05-22,../embeddings/output/store_location_test_script_lucas_toc/33283288_2015-05-22.csv
33283306,2015-06-15,../embeddings/output/store_location_test_script_lucas_toc/33283306_2015-06-15.csv
33301858,2015-05-23,../embeddings/output/store_location_test_script_lucas_toc/33301858_2015-05-23.csv
33302218,2015-07-20,../embeddings/output/store_location_test_script_lucas_toc/33302218_2015-07-20.csv
33322870,2015-08-20,../embeddings/output/store_location_test_script_lucas_toc/33322870_2015-08-20.csv
33322888,2015-07-09,../embeddings/output/store_location_test_script_lucas_toc/33322888_2015-07-09.csv
33323140,2015-07-06,../embeddings/output/store_location_test_script_lucas_toc/33323140_2015-07-06.csv
33342848,2015-08-08,../embeddings/output/store_location_test_script_lucas_toc/33342848_2015-08-08.csv
33361816,2015-06-20,../embeddings/output/store_location_test_script_lucas_toc/33361816_2015-06-20.csv
33362216,2015-07-20,../embeddings/output/store_location_test_script_lucas_toc/33362216_2015-07-20.csv
33363162,2015-06-18,../embeddings/output/store_location_test_script_lucas_toc/33363162_2015-06-18.csv
33382196,2015-06-13,../embeddings/output/store_location_test_script_lucas_toc/33382196_2015-06-13.csv
33382200,2015-07-20,../embeddings/output/store_location_test_script_lucas_toc/33382200_2015-07-20.csv
33402202,2015-07-20,../embeddings/output/store_location_test_script_lucas_toc/33402202_2015-07-20.csv
33402822,2015-08-08,../embeddings/output/store_location_test_script_lucas_toc/33402822_2015-08-08.csv
33422034,2015-07-31,../embeddings/output/store_location_test_script_lucas_toc/33422034_2015-07-31.csv
33422268,2015-06-11,../embeddings/output/store_location_test_script_lucas_toc/33422268_2015-06-11.csv
33422880,2015-07-05,../embeddings/output/store_location_test_script_lucas_toc/33422880_2015-07-05.csv
33422902,2015-08-28,../embeddings/output/store_location_test_script_lucas_toc/33422902_2015-08-28.csv
33441780,2015-08-11,../embeddings/output/store_location_test_script_lucas_toc/33441780_2015-08-11.csv
33442270,2015-05-20,../embeddings/output/store_location_test_script_lucas_toc/33442270_2015-05-20.csv
33442936,2015-07-20,../embeddings/output/store_location_test_script_lucas_toc/33442936_2015-07-20.csv
33443404,2015-06-19,../embeddings/output/store_location_test_script_lucas_toc/33443404_2015-06-19.csv
33461826,2015-06-21,../embeddings/output/store_location_test_script_lucas_toc/33461826_2015-06-21.csv
33482200,2015-07-20,../embeddings/output/store_location_test_script_lucas_toc/33482200_2015-07-20.csv
33502132,2015-07-24,../embeddings/output/store_location_test_script_lucas_toc/33502132_2015-07-24.csv
33502852,2015-08-10,../embeddings/output/store_location_test_script_lucas_toc/33502852_2015-08-10.csv
33503288,2015-04-20,../embeddings/output/store_location_test_script_lucas_toc/33503288_2015-04-20.csv
33521792,2015-06-25,../embeddings/output/store_location_test_script_lucas_toc/33521792_2015-06-25.csv
33522120,2015-07-24,../embeddings/output/store_location_test_script_lucas_toc/33522120_2015-07-24.csv
33522182,2015-07-20,../embeddings/output/store_location_test_script_lucas_toc/33522182_2015-07-20.csv
33542036,2015-07-21,../embeddings/output/store_location_test_script_lucas_toc/33542036_2015-07-21.csv
33542114,2015-07-24,../embeddings/output/store_location_test_script_lucas_toc/33542114_2015-07-24.csv
33542154,2015-08-08,../embeddings/output/store_location_test_script_lucas_toc/33542154_2015-08-08.csv
33542240,2015-05-20,../embeddings/output/store_location_test_script_lucas_toc/33542240_2015-05-20.csv
33562152,2015-08-03,../embeddings/output/store_location_test_script_lucas_toc/33562152_2015-08-03.csv
33582814,2015-08-18,../embeddings/output/store_location_test_script_lucas_toc/33582814_2015-08-18.csv
33601746,2015-06-24,../embeddings/output/store_location_test_script_lucas_toc/33601746_2015-06-24.csv
33601804,2015-08-13,../embeddings/output/store_location_test_script_lucas_toc/33601804_2015-08-13.csv
33602136,2015-07-17,../embeddings/output/store_location_test_script_lucas_toc/33602136_2015-07-17.csv
33602178,2015-07-20,../embeddings/output/store_location_test_script_lucas_toc/33602178_2015-07-20.csv
33602196,2015-07-21,../embeddings/output/store_location_test_script_lucas_toc/33602196_2015-07-21.csv
33602938,2015-07-18,../embeddings/output/store_location_test_script_lucas_toc/33602938_2015-07-18.csv
33621766,2015-06-21,../embeddings/output/store_location_test_script_lucas_toc/33621766_2015-06-21.csv
33622104,2015-07-24,../embeddings/output/store_location_test_script_lucas_toc/33622104_2015-07-24.csv
33622860,2015-08-10,../embeddings/output/store_location_test_script_lucas_toc/33622860_2015-08-10.csv
33622878,2015-07-12,../embeddings/output/store_location_test_script_lucas_toc/33622878_2015-07-12.csv
33642142,2015-07-26,../embeddings/output/store_location_test_script_lucas_toc/33642142_2015-07-26.csv
33642286,2015-06-22,../embeddings/output/store_location_test_script_lucas_toc/33642286_2015-06-22.csv
33662110,2015-07-24,../embeddings/output/store_location_test_script_lucas_toc/33662110_2015-07-24.csv
33662144,2015-07-26,../embeddings/output/store_location_test_script_lucas_toc/33662144_2015-07-26.csv
33682820,2015-08-18,../embeddings/output/store_location_test_script_lucas_toc/33682820_2015-08-18.csv
33702092,2015-07-12,../embeddings/output/store_location_test_script_lucas_toc/33702092_2015-07-12.csv
33702110,2015-07-12,../embeddings/output/store_location_test_script_lucas_toc/33702110_2015-07-12.csv
33702120,2015-07-17,../embeddings/output/store_location_test_script_lucas_toc/33702120_2015-07-17.csv
33722284,2015-05-20,../embeddings/output/store_location_test_script_lucas_toc/33722284_2015-05-20.csv
33722838,2015-08-10,../embeddings/output/store_location_test_script_lucas_toc/33722838_2015-08-10.csv
33722870,2015-07-08,../embeddings/output/store_location_test_script_lucas_toc/33722870_2015-07-08.csv
33722896,2015-07-11,../embeddings/output/store_location_test_script_lucas_toc/33722896_2015-07-11.csv
33762094,2015-07-12,../embeddings/output/store_location_test_script_lucas_toc/33762094_2015-07-12.csv
33762162,2015-09-27,../embeddings/output/store_location_test_script_lucas_toc/33762162_2015-09-27.csv
33782872,2015-07-06,../embeddings/output/store_location_test_script_lucas_toc/33782872_2015-07-06.csv
33783304,2015-07-09,../embeddings/output/store_location_test_script_lucas_toc/33783304_2015-07-09.csv
33783424,2015-05-09,../embeddings/output/store_location_test_script_lucas_toc/33783424_2015-05-09.csv
33802036,2015-06-30,../embeddings/output/store_location_test_script_lucas_toc/33802036_2015-06-30.csv
33802094,2015-07-12,../embeddings/output/store_location_test_script_lucas_toc/33802094_2015-07-12.csv
33803256,2015-04-12,../embeddings/output/store_location_test_script_lucas_toc/33803256_2015-04-12.csv
33822874,2015-07-06,../embeddings/output/store_location_test_script_lucas_toc/33822874_2015-07-06.csv
33842164,2015-09-26,../embeddings/output/store_location_test_script_lucas_toc/33842164_2015-09-26.csv
33842210,2015-09-21,../embeddings/output/store_location_test_script_lucas_toc/33842210_2015-09-21.csv
33862160,2015-09-27,../embeddings/output/store_location_test_script_lucas_toc/33862160_2015-09-27.csv
33863294,2015-06-25,../embeddings/output/store_location_test_script_lucas_toc/33863294_2015-06-25.csv
33882098,2015-07-07,../embeddings/output/store_location_test_script_lucas_toc/33882098_2015-07-07.csv
33901812,2015-06-17,../embeddings/output/store_location_test_script_lucas_toc/33901812_2015-06-17.csv
33901970,2015-06-08,../embeddings/output/store_location_test_script_lucas_toc/33901970_2015-06-08.csv
33902172,2015-09-22,../embeddings/output/store_location_test_script_lucas_toc/33902172_2015-09-22.csv
33902190,2015-09-18,../embeddings/output/store_location_test_script_lucas_toc/33902190_2015-09-18.csv
33902770,2015-06-06,../embeddings/output/store_location_test_script_lucas_toc/33902770_2015-06-06.csv
33902834,2015-05-07,../embeddings/output/store_location_test_script_lucas_toc/33902834_2015-05-07.csv
33903184,2015-06-04,../embeddings/output/store_location_test_script_lucas_toc/33903184_2015-06-04.csv
33903796,2015-10-15,../embeddings/output/store_location_test_script_lucas_toc/33903796_2015-10-15.csv
33923286,2015-04-16,../embeddings/output/store_location_test_script_lucas_toc/33923286_2015-04-16.csv
33923340,2015-07-06,../embeddings/output/store_location_test_script_lucas_toc/33923340_2015-07-06.csv
33942904,2015-07-13,../embeddings/output/store_location_test_script_lucas_toc/33942904_2015-07-13.csv
33943296,2015-07-04,../embeddings/output/store_location_test_script_lucas_toc/33943296_2015-07-04.csv
33981990,2015-07-02,../embeddings/output/store_location_test_script_lucas_toc/33981990_2015-07-02.csv
33982144,2015-07-17,../embeddings/output/store_location_test_script_lucas_toc/33982144_2015-07-17.csv
33982792,2015-08-13,../embeddings/output/store_location_test_script_lucas_toc/33982792_2015-08-13.csv
33982864,2015-07-16,../embeddings/output/store_location_test_script_lucas_toc/33982864_2015-07-16.csv
33983238,2015-04-24,../embeddings/output/store_location_test_script_lucas_toc/33983238_2015-04-24.csv
33983292,2015-07-04,../embeddings/output/store_location_test_script_lucas_toc/33983292_2015-07-04.csv
33983296,2015-07-09,../embeddings/output/store_location_test_script_lucas_toc/33983296_2015-07-09.csv
33983652,2015-08-07,../embeddings/output/store_location_test_script_lucas_toc/33983652_2015-08-07.csv
34001902,2015-04-24,../embeddings/output/store_location_test_script_lucas_toc/34001902_2015-04-24.csv
34002136,2015-06-03,../embeddings/output/store_location_test_script_lucas_toc/34002136_2015-06-03.csv
34002820,2015-08-09,../embeddings/output/store_location_test_script_lucas_toc/34002820_2015-08-09.csv
34003176,2015-04-17,../embeddings/output/store_location_test_script_lucas_toc/34003176_2015-04-17.csv
34003734,2015-07-02,../embeddings/output/store_location_test_script_lucas_toc/34003734_2015-07-02.csv
34021832,2015-05-03,../embeddings/output/store_location_test_script_lucas_toc/34021832_2015-05-03.csv
34021894,2015-04-24,../embeddings/output/store_location_test_script_lucas_toc/34021894_2015-04-24.csv
34021972,2015-06-09,../embeddings/output/store_location_test_script_lucas_toc/34021972_2015-06-09.csv
34022030,2015-06-17,../embeddings/output/store_location_test_script_lucas_toc/34022030_2015-06-17.csv
34022794,2015-08-13,../embeddings/output/store_location_test_script_lucas_toc/34022794_2015-08-13.csv
34041866,2015-04-26,../embeddings/output/store_location_test_script_lucas_toc/34041866_2015-04-26.csv
34062044,2015-06-28,../embeddings/output/store_location_test_script_lucas_toc/34062044_2015-06-28.csv
34062794,2015-08-13,../embeddings/output/store_location_test_script_lucas_toc/34062794_2015-08-13.csv
34082784,2015-05-07,../embeddings/output/store_location_test_script_lucas_toc/34082784_2015-05-07.csv
34083778,2015-05-16,../embeddings/output/store_location_test_script_lucas_toc/34083778_2015-05-16.csv
34101936,2015-07-10,../embeddings/output/store_location_test_script_lucas_toc/34101936_2015-07-10.csv
34102134,2015-07-20,../embeddings/output/store_location_test_script_lucas_toc/34102134_2015-07-20.csv
34121838,2015-06-07,../embeddings/output/store_location_test_script_lucas_toc/34121838_2015-06-07.csv
34122804,2015-08-13,../embeddings/output/store_location_test_script_lucas_toc/34122804_2015-08-13.csv
34122822,2015-08-09,../embeddings/output/store_location_test_script_lucas_toc/34122822_2015-08-09.csv
34123260,2015-05-10,../embeddings/output/store_location_test_script_lucas_toc/34123260_2015-05-10.csv
34123300,2015-07-11,../embeddings/output/store_location_test_script_lucas_toc/34123300_2015-07-11.csv
34123728,2015-05-29,../embeddings/output/store_location_test_script_lucas_toc/34123728_2015-05-29.csv
34141840,2015-06-07,../embeddings/output/store_location_test_script_lucas_toc/34141840_2015-06-07.csv
34143322,2015-07-05,../embeddings/output/store_location_test_script_lucas_toc/34143322_2015-07-05.csv
34162018,2015-05-29,../embeddings/output/store_location_test_script_lucas_toc/34162018_2015-05-29.csv
34181898,2015-07-11,../embeddings/output/store_location_test_script_lucas_toc/34181898_2015-07-11.csv
34182744,2015-06-04,../embeddings/output/store_location_test_script_lucas_toc/34182744_2015-06-04.csv
34202782,2015-06-12,../embeddings/output/store_location_test_script_lucas_toc/34202782_2015-06-12.csv
34202854,2015-07-06,../embeddings/output/store_location_test_script_lucas_toc/34202854_2015-07-06.csv
34203250,2015-05-14,../embeddings/output/store_location_test_script_lucas_toc/34203250_2015-05-14.csv
34203268,2015-05-11,../embeddings/output/store_location_test_script_lucas_toc/34203268_2015-05-11.csv
34203340,2015-07-05,../embeddings/output/store_location_test_script_lucas_toc/34203340_2015-07-05.csv
34221826,2015-06-18,../embeddings/output/store_location_test_script_lucas_toc/34221826_2015-06-18.csv
34222730,2015-05-29,../embeddings/output/store_location_test_script_lucas_toc/34222730_2015-05-29.csv
34223366,2015-06-25,../embeddings/output/store_location_test_script_lucas_toc/34223366_2015-06-25.csv
34223734,2015-05-29,../embeddings/output/store_location_test_script_lucas_toc/34223734_2015-05-29.csv
34242272,2015-07-22,../embeddings/output/store_location_test_script_lucas_toc/34242272_2015-07-22.csv
34261794,2015-06-20,../embeddings/output/store_location_test_script_lucas_toc/34261794_2015-06-20.csv
34261924,2015-07-06,../embeddings/output/store_location_test_script_lucas_toc/34261924_2015-07-06.csv
34262712,2015-06-02,../embeddings/output/store_location_test_script_lucas_toc/34262712_2015-06-02.csv
34262726,2015-05-29,../embeddings/output/store_location_test_script_lucas_toc/34262726_2015-05-29.csv
34262824,2015-09-04,../embeddings/output/store_location_test_script_lucas_toc/34262824_2015-09-04.csv
34283790,2015-05-30,../embeddings/output/store_location_test_script_lucas_toc/34283790_2015-05-30.csv
34302768,2015-06-12,../embeddings/output/store_location_test_script_lucas_toc/34302768_2015-06-12.csv
34303224,2015-05-16,../embeddings/output/store_location_test_script_lucas_toc/34303224_2015-05-16.csv
34303314,2015-07-16,../embeddings/output/store_location_test_script_lucas_toc/34303314_2015-07-16.csv
34303740,2015-05-14,../embeddings/output/store_location_test_script_lucas_toc/34303740_2015-05-14.csv
34303750,2015-06-01,../embeddings/output/store_location_test_script_lucas_toc/34303750_2015-06-01.csv
34322722,2015-05-30,../embeddings/output/store_location_test_script_lucas_toc/34322722_2015-05-30.csv
34342720,2015-05-30,../embeddings/output/store_location_test_script_lucas_toc/34342720_2015-05-30.csv
34381904,2015-07-03,../embeddings/output/store_location_test_script_lucas_toc/34381904_2015-07-03.csv
34382344,2015-06-15,../embeddings/output/store_location_test_script_lucas_toc/34382344_2015-06-15.csv
34383700,2015-07-04,../embeddings/output/store_location_test_script_lucas_toc/34383700_2015-07-04.csv
34401934,2015-07-13,../embeddings/output/store_location_test_script_lucas_toc/34401934_2015-07-13.csv
34402298,2015-07-13,../embeddings/output/store_location_test_script_lucas_toc/34402298_2015-07-13.csv
34402672,2015-05-29,../embeddings/output/store_location_test_script_lucas_toc/34402672_2015-05-29.csv
34403276,2015-07-25,../embeddings/output/store_location_test_script_lucas_toc/34403276_2015-07-25.csv
34403672,2015-06-15,../embeddings/output/store_location_test_script_lucas_toc/34403672_2015-06-15.csv
34403708,2015-06-01,../embeddings/output/store_location_test_script_lucas_toc/34403708_2015-06-01.csv
34422344,2015-06-15,../embeddings/output/store_location_test_script_lucas_toc/34422344_2015-06-15.csv
34422704,2015-06-02,../embeddings/output/store_location_test_script_lucas_toc/34422704_2015-06-02.csv
34442320,2015-05-14,../embeddings/output/store_location_test_script_lucas_toc/34442320_2015-05-14.csv
34442770,2015-06-20,../embeddings/output/store_location_test_script_lucas_toc/34442770_2015-06-20.csv
34442834,2015-08-17,../embeddings/output/store_location_test_script_lucas_toc/34442834_2015-08-17.csv
34443266,2015-05-17,../embeddings/output/store_location_test_script_lucas_toc/34443266_2015-05-17.csv
34443626,2015-08-23,../embeddings/output/store_location_test_script_lucas_toc/34443626_2015-08-23.csv
34443796,2015-06-04,../embeddings/output/store_location_test_script_lucas_toc/34443796_2015-06-04.csv
34462160,2015-08-25,../embeddings/output/store_location_test_script_lucas_toc/34462160_2015-08-25.csv
34462890,2015-07-30,../embeddings/output/store_location_test_script_lucas_toc/34462890_2015-07-30.csv
34482360,2015-06-23,../embeddings/output/store_location_test_script_lucas_toc/34482360_2015-06-23.csv
34482804,2015-08-13,../embeddings/output/store_location_test_script_lucas_toc/34482804_2015-08-13.csv
34482814,2015-08-13,../embeddings/output/store_location_test_script_lucas_toc/34482814_2015-08-13.csv
34483296,2015-07-24,../embeddings/output/store_location_test_script_lucas_toc/34483296_2015-07-24.csv
34501930,2015-07-04,../embeddings/output/store_location_test_script_lucas_toc/34501930_2015-07-04.csv
34502098,2015-06-19,../embeddings/output/store_location_test_script_lucas_toc/34502098_2015-06-19.csv
34503420,2015-10-15,../embeddings/output/store_location_test_script_lucas_toc/34503420_2015-10-15.csv
34503646,2015-06-22,../embeddings/output/store_location_test_script_lucas_toc/34503646_2015-06-22.csv
34503730,2015-05-02,../embeddings/output/store_location_test_script_lucas_toc/34503730_2015-05-02.csv
34503808,2015-06-04,../embeddings/output/store_location_test_script_lucas_toc/34503808_2015-06-04.csv
34522050,2015-07-23,../embeddings/output/store_location_test_script_lucas_toc/34522050_2015-07-23.csv
34522662,2015-07-02,../embeddings/output/store_location_test_script_lucas_toc/34522662_2015-07-02.csv
34523404,2015-08-10,../embeddings/output/store_location_test_script_lucas_toc/34523404_2015-08-10.csv
34523724,2015-05-02,../embeddings/output/store_location_test_script_lucas_toc/34523724_2015-05-02.csv
34541988,2015-08-25,../embeddings/output/store_location_test_script_lucas_toc/34541988_2015-08-25.csv
34542348,2015-06-19,../embeddings/output/store_location_test_script_lucas_toc/34542348_2015-06-19.csv
34542712,2015-06-03,../embeddings/output/store_location_test_script_lucas_toc/34542712_2015-06-03.csv
34563412,2015-08-10,../embeddings/output/store_location_test_script_lucas_toc/34563412_2015-08-10.csv
34582042,2015-07-23,../embeddings/output/store_location_test_script_lucas_toc/34582042_2015-07-23.csv
34582304,2015-07-17,../embeddings/output/store_location_test_script_lucas_toc/34582304_2015-07-17.csv
34582330,2015-07-20,../embeddings/output/store_location_test_script_lucas_toc/34582330_2015-07-20.csv
34582334,2015-06-15,../embeddings/output/store_location_test_script_lucas_toc/34582334_2015-06-15.csv
34582352,2015-05-14,../embeddings/output/store_location_test_script_lucas_toc/34582352_2015-05-14.csv
34582676,2015-05-30,../embeddings/output/store_location_test_script_lucas_toc/34582676_2015-05-30.csv
34603244,2015-04-12,../embeddings/output/store_location_test_script_lucas_toc/34603244_2015-04-12.csv
34621956,2015-05-09,../embeddings/output/store_location_test_script_lucas_toc/34621956_2015-05-09.csv
34622302,2015-07-17,../embeddings/output/store_location_test_script_lucas_toc/34622302_2015-07-17.csv
34623626,2015-08-28,../embeddings/output/store_location_test_script_lucas_toc/34623626_2015-08-28.csv
34623756,2015-07-17,../embeddings/output/store_location_test_script_lucas_toc/34623756_2015-07-17.csv
34623778,2015-05-22,../embeddings/output/store_location_test_script_lucas_toc/34623778_2015-05-22.csv
34661958,2015-05-09,../embeddings/output/store_location_test_script_lucas_toc/34661958_2015-05-09.csv
34662306,2015-07-17,../embeddings/output/store_location_test_script_lucas_toc/34662306_2015-07-17.csv
34662840,2015-09-04,../embeddings/output/store_location_test_script_lucas_toc/34662840_2015-09-04.csv
34662858,2015-07-27,../embeddings/output/store_location_test_script_lucas_toc/34662858_2015-07-27.csv
34682152,2015-05-13,../embeddings/output/store_location_test_script_lucas_toc/34682152_2015-05-13.csv
34682668,2015-07-04,../embeddings/output/store_location_test_script_lucas_toc/34682668_2015-07-04.csv
34682866,2015-07-21,../embeddings/output/store_location_test_script_lucas_toc/34682866_2015-07-21.csv
34683322,2015-08-02,../embeddings/output/store_location_test_script_lucas_toc/34683322_2015-08-02.csv
34703724,2015-05-09,../embeddings/output/store_location_test_script_lucas_toc/34703724_2015-05-09.csv
34703728,2015-06-20,../embeddings/output/store_location_test_script_lucas_toc/34703728_2015-06-20.csv
34722748,2015-07-17,../embeddings/output/store_location_test_script_lucas_toc/34722748_2015-07-17.csv
34723392,2015-04-17,../embeddings/output/store_location_test_script_lucas_toc/34723392_2015-04-17.csv
34743334,2015-07-25,../embeddings/output/store_location_test_script_lucas_toc/34743334_2015-07-25.csv
34743694,2015-05-30,../embeddings/output/store_location_test_script_lucas_toc/34743694_2015-05-30.csv
34762150,2015-05-13,../embeddings/output/store_location_test_script_lucas_toc/34762150_2015-05-13.csv
34762502,2015-07-10,../embeddings/output/store_location_test_script_lucas_toc/34762502_2015-07-10.csv
34762586,2015-05-28,../embeddings/output/store_location_test_script_lucas_toc/34762586_2015-05-28.csv
34762826,2015-08-22,../embeddings/output/store_location_test_script_lucas_toc/34762826_2015-08-22.csv
34762834,2015-09-04,../embeddings/output/store_location_test_script_lucas_toc/34762834_2015-09-04.csv
34762852,2015-07-17,../embeddings/output/store_location_test_script_lucas_toc/34762852_2015-07-17.csv
34763312,2015-08-09,../embeddings/output/store_location_test_script_lucas_toc/34763312_2015-08-09.csv
34763716,2015-06-29,../embeddings/output/store_location_test_script_lucas_toc/34763716_2015-06-29.csv
34763752,2015-05-25,../embeddings/output/store_location_test_script_lucas_toc/34763752_2015-05-25.csv
34782098,2015-06-05,../embeddings/output/store_location_test_script_lucas_toc/34782098_2015-06-05.csv
34782578,2015-05-28,../embeddings/output/store_location_test_script_lucas_toc/34782578_2015-05-28.csv
34782740,2015-05-11,../embeddings/output/store_location_test_script_lucas_toc/34782740_2015-05-11.csv
34783388,2015-08-08,../embeddings/output/store_location_test_script_lucas_toc/34783388_2015-08-08.csv
34783712,2015-05-23,../embeddings/output/store_location_test_script_lucas_toc/34783712_2015-05-23.csv
34783974,2015-07-16,../embeddings/output/store_location_test_script_lucas_toc/34783974_2015-07-16.csv
34802320,2015-07-20,../embeddings/output/store_location_test_script_lucas_toc/34802320_2015-07-20.csv
34802554,2015-10-11,../embeddings/output/store_location_test_script_lucas_toc/34802554_2015-10-11.csv
34802752,2015-07-18,../embeddings/output/store_location_test_script_lucas_toc/34802752_2015-07-18.csv
34803004,2015-08-07,../embeddings/output/store_location_test_script_lucas_toc/34803004_2015-08-07.csv
34803882,2015-05-02,../embeddings/output/store_location_test_script_lucas_toc/34803882_2015-05-02.csv
34822350,2015-05-30,../embeddings/output/store_location_test_script_lucas_toc/34822350_2015-05-30.csv
34823214,2015-04-19,../embeddings/output/store_location_test_script_lucas_toc/34823214_2015-04-19.csv
34842418,2015-05-29,../embeddings/output/store_location_test_script_lucas_toc/34842418_2015-05-29.csv
34842720,2015-07-31,../embeddings/output/store_location_test_script_lucas_toc/34842720_2015-07-31.csv
34842886,2015-07-09,../embeddings/output/store_location_test_script_lucas_toc/34842886_2015-07-09.csv
34842922,2015-07-13,../embeddings/output/store_location_test_script_lucas_toc/34842922_2015-07-13.csv
34843674,2015-06-08,../embeddings/output/store_location_test_script_lucas_toc/34843674_2015-06-08.csv
34862308,2015-06-29,../embeddings/output/store_location_test_script_lucas_toc/34862308_2015-06-29.csv
34862944,2015-05-15,../embeddings/output/store_location_test_script_lucas_toc/34862944_2015-05-15.csv
34882040,2015-07-29,../embeddings/output/store_location_test_script_lucas_toc/34882040_2015-07-29.csv
34882068,2015-09-18,../embeddings/output/store_location_test_script_lucas_toc/34882068_2015-09-18.csv
34882166,2015-05-22,../embeddings/output/store_location_test_script_lucas_toc/34882166_2015-05-22.csv
34882360,2015-05-30,../embeddings/output/store_location_test_script_lucas_toc/34882360_2015-05-30.csv
34882536,2015-07-05,../embeddings/output/store_location_test_script_lucas_toc/34882536_2015-07-05.csv
34882608,2015-06-01,../embeddings/output/store_location_test_script_lucas_toc/34882608_2015-06-01.csv
34882720,2015-07-29,../embeddings/output/store_location_test_script_lucas_toc/34882720_2015-07-29.csv
34882738,2015-07-18,../embeddings/output/store_location_test_script_lucas_toc/34882738_2015-07-18.csv
34883746,2015-06-12,../embeddings/output/store_location_test_script_lucas_toc/34883746_2015-06-12.csv
34883760,2015-06-05,../embeddings/output/store_location_test_script_lucas_toc/34883760_2015-06-05.csv
34902366,2015-07-02,../embeddings/output/store_location_test_script_lucas_toc/34902366_2015-07-02.csv
34902510,2015-05-28,../embeddings/output/store_location_test_script_lucas_toc/34902510_2015-05-28.csv
34902604,2015-06-01,../embeddings/output/store_location_test_script_lucas_toc/34902604_2015-06-01.csv
34902924,2015-07-13,../embeddings/output/store_location_test_script_lucas_toc/34902924_2015-07-13.csv
34902946,2015-07-11,../embeddings/output/store_location_test_script_lucas_toc/34902946_2015-07-11.csv
34902982,2015-05-15,../embeddings/output/store_location_test_script_lucas_toc/34902982_2015-05-15.csv
34903806,2015-06-13,../embeddings/output/store_location_test_script_lucas_toc/34903806_2015-06-13.csv
34922054,2015-09-17,../embeddings/output/store_location_test_script_lucas_toc/34922054_2015-09-17.csv
34922668,2015-07-04,../embeddings/output/store_location_test_script_lucas_toc/34922668_2015-07-04.csv
34922938,2015-07-12,../embeddings/output/store_location_test_script_lucas_toc/34922938_2015-07-12.csv
34942070,2015-09-16,../embeddings/output/store_location_test_script_lucas_toc/34942070_2015-09-16.csv
34942100,2015-08-06,../embeddings/output/store_location_test_script_lucas_toc/34942100_2015-08-06.csv
34942744,2015-07-19,../embeddings/output/store_location_test_script_lucas_toc/34942744_2015-07-19.csv
34942784,2015-07-04,../embeddings/output/store_location_test_script_lucas_toc/34942784_2015-07-04.csv
34942852,2015-07-18,../embeddings/output/store_location_test_script_lucas_toc/34942852_2015-07-18.csv
34942996,2015-08-16,../embeddings/output/store_location_test_script_lucas_toc/34942996_2015-08-16.csv
34943222,2015-04-18,../embeddings/output/store_location_test_script_lucas_toc/34943222_2015-04-18.csv
34962146,2015-05-11,../embeddings/output/store_location_test_script_lucas_toc/34962146_2015-05-11.csv
34962776,2015-06-12,../embeddings/output/store_location_test_script_lucas_toc/34962776_2015-06-12.csv
34962848,2015-07-18,../embeddings/output/store_location_test_script_lucas_toc/34962848_2015-07-18.csv
34982356,2015-05-23,../embeddings/output/store_location_test_script_lucas_toc/34982356_2015-05-23.csv
34982780,2015-06-05,../embeddings/output/store_location_test_script_lucas_toc/34982780_2015-06-05.csv
34982842,2015-08-14,../embeddings/output/store_location_test_script_lucas_toc/34982842_2015-08-14.csv
34982910,2015-07-15,../embeddings/output/store_location_test_script_lucas_toc/34982910_2015-07-15.csv
34983220,2015-10-11,../embeddings/output/store_location_test_script_lucas_toc/34983220_2015-10-11.csv
34983670,2015-06-08,../embeddings/output/store_location_test_script_lucas_toc/34983670_2015-06-08.csv
35002146,2015-05-11,../embeddings/output/store_location_test_script_lucas_toc/35002146_2015-05-11.csv
35002164,2015-05-26,../embeddings/output/store_location_test_script_lucas_toc/35002164_2015-05-26.csv
35002236,2015-06-19,../embeddings/output/store_location_test_script_lucas_toc/35002236_2015-06-19.csv
35002314,2015-07-25,../embeddings/output/store_location_test_script_lucas_toc/35002314_2015-07-25.csv
35021986,2015-06-28,../embeddings/output/store_location_test_script_lucas_toc/35021986_2015-06-28.csv
35022040,2015-06-15,../embeddings/output/store_location_test_script_lucas_toc/35022040_2015-06-15.csv
35022162,2015-05-25,../embeddings/output/store_location_test_script_lucas_toc/35022162_2015-05-25.csv
35022306,2015-07-25,../embeddings/output/store_location_test_script_lucas_toc/35022306_2015-07-25.csv
35022328,2015-06-26,../embeddings/output/store_location_test_script_lucas_toc/35022328_2015-06-26.csv
35022336,2015-06-05,../embeddings/output/store_location_test_script_lucas_toc/35022336_2015-06-05.csv
35022552,2015-10-10,../embeddings/output/store_location_test_script_lucas_toc/35022552_2015-10-10.csv
35023008,2015-08-08,../embeddings/output/store_location_test_script_lucas_toc/35023008_2015-08-08.csv
35023494,2015-07-19,../embeddings/output/store_location_test_script_lucas_toc/35023494_2015-07-19.csv
35023710,2015-05-14,../embeddings/output/store_location_test_script_lucas_toc/35023710_2015-05-14.csv
35023768,2015-06-26,../embeddings/output/store_location_test_script_lucas_toc/35023768_2015-06-26.csv
35042052,2015-06-14,../embeddings/output/store_location_test_script_lucas_toc/35042052_2015-06-14.csv
35042884,2015-07-27,../embeddings/output/store_location_test_script_lucas_toc/35042884_2015-07-27.csv
35042938,2015-07-11,../embeddings/output/store_location_test_script_lucas_toc/35042938_2015-07-11.csv
35062482,2015-07-06,../embeddings/output/store_location_test_script_lucas_toc/35062482_2015-07-06.csv
35062752,2015-07-21,../embeddings/output/store_location_test_script_lucas_toc/35062752_2015-07-21.csv
35062882,2015-08-06,../embeddings/output/store_location_test_script_lucas_toc/35062882_2015-08-06.csv
35062918,2015-07-06,../embeddings/output/store_location_test_script_lucas_toc/35062918_2015-07-06.csv
35062950,2015-05-15,../embeddings/output/store_location_test_script_lucas_toc/35062950_2015-05-15.csv
35062968,2015-08-19,../embeddings/output/store_location_test_script_lucas_toc/35062968_2015-08-19.csv
35082276,2015-07-26,../embeddings/output/store_location_test_script_lucas_toc/35082276_2015-07-26.csv
35082784,2015-06-05,../embeddings/output/store_location_test_script_lucas_toc/35082784_2015-06-05.csv
35082924,2015-07-26,../embeddings/output/store_location_test_script_lucas_toc/35082924_2015-07-26.csv
35083522,2015-07-23,../embeddings/output/store_location_test_script_lucas_toc/35083522_2015-07-23.csv
35102290,2015-05-28,../embeddings/output/store_location_test_script_lucas_toc/35102290_2015-05-28.csv
35103484,2015-06-21,../embeddings/output/store_location_test_script_lucas_toc/35103484_2015-06-21.csv
35103682,2015-05-25,../embeddings/output/store_location_test_script_lucas_toc/35103682_2015-05-25.csv
35122286,2015-05-28,../embeddings/output/store_location_test_script_lucas_toc/35122286_2015-05-28.csv
35122538,2015-10-11,../embeddings/output/store_location_test_script_lucas_toc/35122538_2015-10-11.csv
35122550,2015-10-10,../embeddings/output/store_location_test_script_lucas_toc/35122550_2015-10-10.csv
35122964,2015-07-06,../embeddings/output/store_location_test_script_lucas_toc/35122964_2015-07-06.csv
35123644,2015-10-23,../embeddings/output/store_location_test_script_lucas_toc/35123644_2015-10-23.csv
35142092,2015-05-22,../embeddings/output/store_location_test_script_lucas_toc/35142092_2015-05-22.csv
35142128,2015-06-26,../embeddings/output/store_location_test_script_lucas_toc/35142128_2015-06-26.csv
35142278,2015-06-21,../embeddings/output/store_location_test_script_lucas_toc/35142278_2015-06-21.csv
35162352,2015-06-06,../embeddings/output/store_location_test_script_lucas_toc/35162352_2015-06-06.csv
35162446,2015-07-31,../embeddings/output/store_location_test_script_lucas_toc/35162446_2015-07-31.csv
35162460,2015-08-07,../embeddings/output/store_location_test_script_lucas_toc/35162460_2015-08-07.csv
35162604,2015-06-08,../embeddings/output/store_location_test_script_lucas_toc/35162604_2015-06-08.csv
35162680,2015-07-19,../embeddings/output/store_location_test_script_lucas_toc/35162680_2015-07-19.csv
35162766,2015-06-05,../embeddings/output/store_location_test_script_lucas_toc/35162766_2015-06-05.csv
35162802,2015-07-13,../embeddings/output/store_location_test_script_lucas_toc/35162802_2015-07-13.csv
35163414,2015-08-21,../embeddings/output/store_location_test_script_lucas_toc/35163414_2015-08-21.csv
35163706,2015-06-08,../embeddings/output/store_location_test_script_lucas_toc/35163706_2015-06-08.csv
35163756,2015-07-19,../embeddings/output/store_location_test_script_lucas_toc/35163756_2015-07-19.csv
35182124,2015-09-12,../embeddings/output/store_location_test_script_lucas_toc/35182124_2015-09-12.csv
35182674,2015-07-19,../embeddings/output/store_location_test_script_lucas_toc/35182674_2015-07-19.csv
35183700,2015-05-14,../embeddings/output/store_location_test_script_lucas_toc/35183700_2015-05-14.csv
35202306,2015-05-31,../embeddings/output/store_location_test_script_lucas_toc/35202306_2015-05-31.csv
35202310,2015-06-04,../embeddings/output/store_location_test_script_lucas_toc/35202310_2015-06-04.csv
35202886,2015-07-09,../embeddings/output/store_location_test_script_lucas_toc/35202886_2015-07-09.csv
35202904,2015-07-07,../embeddings/output/store_location_test_script_lucas_toc/35202904_2015-07-07.csv
35202922,2015-07-23,../embeddings/output/store_location_test_script_lucas_toc/35202922_2015-07-23.csv
35222098,2015-09-14,../embeddings/output/store_location_test_script_lucas_toc/35222098_2015-09-14.csv
35222782,2015-07-03,../embeddings/output/store_location_test_script_lucas_toc/35222782_2015-07-03.csv
35222956,2015-07-07,../embeddings/output/store_location_test_script_lucas_toc/35222956_2015-07-07.csv
35242112,2015-09-13,../embeddings/output/store_location_test_script_lucas_toc/35242112_2015-09-13.csv
35242302,2015-05-31,../embeddings/output/store_location_test_script_lucas_toc/35242302_2015-05-31.csv
35242486,2015-07-20,../embeddings/output/store_location_test_script_lucas_toc/35242486_2015-07-20.csv
35242554,2015-06-28,../embeddings/output/store_location_test_script_lucas_toc/35242554_2015-06-28.csv
35242882,2015-08-14,../embeddings/output/store_location_test_script_lucas_toc/35242882_2015-08-14.csv
35242914,2015-07-23,../embeddings/output/store_location_test_script_lucas_toc/35242914_2015-07-23.csv
35262010,2015-05-10,../embeddings/output/store_location_test_script_lucas_toc/35262010_2015-05-10.csv
35262100,2015-09-14,../embeddings/output/store_location_test_script_lucas_toc/35262100_2015-09-14.csv
35262456,2015-07-31,../embeddings/output/store_location_test_script_lucas_toc/35262456_2015-07-31.csv
35262906,2015-07-16,../embeddings/output/store_location_test_script_lucas_toc/35262906_2015-07-16.csv
35263590,2015-10-23,../embeddings/output/store_location_test_script_lucas_toc/35263590_2015-10-23.csv
35263882,2015-06-05,../embeddings/output/store_location_test_script_lucas_toc/35263882_2015-06-05.csv
35282080,2015-05-06,../embeddings/output/store_location_test_script_lucas_toc/35282080_2015-05-06.csv
35282092,2015-05-22,../embeddings/output/store_location_test_script_lucas_toc/35282092_2015-05-22.csv
35282120,2015-09-12,../embeddings/output/store_location_test_script_lucas_toc/35282120_2015-09-12.csv
35282242,2015-06-15,../embeddings/output/store_location_test_script_lucas_toc/35282242_2015-06-15.csv
35282296,2015-05-31,../embeddings/output/store_location_test_script_lucas_toc/35282296_2015-05-31.csv
35282326,2015-06-01,../embeddings/output/store_location_test_script_lucas_toc/35282326_2015-06-01.csv
35282704,2015-07-10,../embeddings/output/store_location_test_script_lucas_toc/35282704_2015-07-10.csv
35302114,2015-05-04,../embeddings/output/store_location_test_script_lucas_toc/35302114_2015-05-04.csv
35302442,2015-07-25,../embeddings/output/store_location_test_script_lucas_toc/35302442_2015-07-25.csv
35302546,2015-06-28,../embeddings/output/store_location_test_script_lucas_toc/35302546_2015-06-28.csv
35302672,2015-06-20,../embeddings/output/store_location_test_script_lucas_toc/35302672_2015-06-20.csv
35302784,2015-07-03,../embeddings/output/store_location_test_script_lucas_toc/35302784_2015-07-03.csv
35302888,2015-08-14,../embeddings/output/store_location_test_script_lucas_toc/35302888_2015-08-14.csv
35303378,2015-09-04,../embeddings/output/store_location_test_script_lucas_toc/35303378_2015-09-04.csv
35303396,2015-09-03,../embeddings/output/store_location_test_script_lucas_toc/35303396_2015-09-03.csv
35303698,2015-05-15,../embeddings/output/store_location_test_script_lucas_toc/35303698_2015-05-15.csv
35322282,2015-05-16,../embeddings/output/store_location_test_script_lucas_toc/35322282_2015-05-16.csv
35322542,2015-06-28,../embeddings/output/store_location_test_script_lucas_toc/35322542_2015-06-28.csv
35322614,2015-06-14,../embeddings/output/store_location_test_script_lucas_toc/35322614_2015-06-14.csv
35322812,2015-05-05,../embeddings/output/store_location_test_script_lucas_toc/35322812_2015-05-05.csv
35323658,2015-06-19,../embeddings/output/store_location_test_script_lucas_toc/35323658_2015-06-19.csv
35323808,2015-06-27,../embeddings/output/store_location_test_script_lucas_toc/35323808_2015-06-27.csv
35323916,2015-05-29,../embeddings/output/store_location_test_script_lucas_toc/35323916_2015-05-29.csv
35342068,2015-06-17,../embeddings/output/store_location_test_script_lucas_toc/35342068_2015-06-17.csv
35342564,2015-08-02,../embeddings/output/store_location_test_script_lucas_toc/35342564_2015-08-02.csv
35342964,2015-08-01,../embeddings/output/store_location_test_script_lucas_toc/35342964_2015-08-01.csv
35343680,2015-06-04,../embeddings/output/store_location_test_script_lucas_toc/35343680_2015-06-04.csv
35362710,2015-07-13,../embeddings/output/store_location_test_script_lucas_toc/35362710_2015-07-13.csv
35382238,2015-05-17,../embeddings/output/store_location_test_script_lucas_toc/35382238_2015-05-17.csv
35382252,2015-06-14,../embeddings/output/store_location_test_script_lucas_toc/35382252_2015-06-14.csv
35382360,2015-06-12,../embeddings/output/store_location_test_script_lucas_toc/35382360_2015-06-12.csv
35382378,2015-05-28,../embeddings/output/store_location_test_script_lucas_toc/35382378_2015-05-28.csv
35382454,2015-05-30,../embeddings/output/store_location_test_script_lucas_toc/35382454_2015-05-30.csv
35382688,2015-07-05,../embeddings/output/store_location_test_script_lucas_toc/35382688_2015-07-05.csv
35382858,2015-08-12,../embeddings/output/store_location_test_script_lucas_toc/35382858_2015-08-12.csv
35382886,2015-08-15,../embeddings/output/store_location_test_script_lucas_toc/35382886_2015-08-15.csv
35382904,2015-07-16,../embeddings/output/store_location_test_script_lucas_toc/35382904_2015-07-16.csv
35382936,2015-07-26,../embeddings/output/store_location_test_script_lucas_toc/35382936_2015-07-26.csv
35402092,2015-09-02,../embeddings/output/store_location_test_script_lucas_toc/35402092_2015-09-02.csv
35402098,2015-08-31,../embeddings/output/store_location_test_script_lucas_toc/35402098_2015-08-31.csv
35402214,2015-07-14,../embeddings/output/store_location_test_script_lucas_toc/35402214_2015-07-14.csv
35402314,2015-05-30,../embeddings/output/store_location_test_script_lucas_toc/35402314_2015-05-30.csv
35402488,2015-07-18,../embeddings/output/store_location_test_script_lucas_toc/35402488_2015-07-18.csv
35402632,2015-06-05,../embeddings/output/store_location_test_script_lucas_toc/35402632_2015-06-05.csv
35402926,2015-07-23,../embeddings/output/store_location_test_script_lucas_toc/35402926_2015-07-23.csv
35403496,2015-06-19,../embeddings/output/store_location_test_script_lucas_toc/35403496_2015-06-19.csv
35403654,2015-06-19,../embeddings/output/store_location_test_script_lucas_toc/35403654_2015-06-19.csv
35403664,2015-06-18,../embeddings/output/store_location_test_script_lucas_toc/35403664_2015-06-18.csv
35422050,2015-05-20,../embeddings/output/store_location_test_script_lucas_toc/35422050_2015-05-20.csv
35422288,2015-05-30,../embeddings/output/store_location_test_script_lucas_toc/35422288_2015-05-30.csv
35422410,2015-06-07,../embeddings/output/store_location_test_script_lucas_toc/35422410_2015-06-07.csv
35422756,2015-06-03,../embeddings/output/store_location_test_script_lucas_toc/35422756_2015-06-03.csv
35423508,2015-07-12,../embeddings/output/store_location_test_script_lucas_toc/35423508_2015-07-12.csv
35442118,2015-07-05,../embeddings/output/store_location_test_script_lucas_toc/35442118_2015-07-05.csv
35442124,2015-07-05,../embeddings/output/store_location_test_script_lucas_toc/35442124_2015-07-05.csv
35442424,2015-06-20,../embeddings/output/store_location_test_script_lucas_toc/35442424_2015-06-20.csv
35442636,2015-07-24,../embeddings/output/store_location_test_script_lucas_toc/35442636_2015-07-24.csv
35442676,2015-07-25,../embeddings/output/store_location_test_script_lucas_toc/35442676_2015-07-25.csv
35443698,2015-05-22,../embeddings/output/store_location_test_script_lucas_toc/35443698_2015-05-22.csv
35443846,2015-07-19,../embeddings/output/store_location_test_script_lucas_toc/35443846_2015-07-19.csv
35462080,2015-06-16,../embeddings/output/store_location_test_script_lucas_toc/35462080_2015-06-16.csv
35462116,2015-05-22,../embeddings/output/store_location_test_script_lucas_toc/35462116_2015-05-22.csv
35462290,2015-06-13,../embeddings/output/store_location_test_script_lucas_toc/35462290_2015-06-13.csv
35482240,2015-05-17,../embeddings/output/store_location_test_script_lucas_toc/35482240_2015-05-17.csv
35482460,2015-05-30,../embeddings/output/store_location_test_script_lucas_toc/35482460_2015-05-30.csv
35483636,2015-06-12,../embeddings/output/store_location_test_script_lucas_toc/35483636_2015-06-12.csv
35483702,2015-05-17,../embeddings/output/store_location_test_script_lucas_toc/35483702_2015-05-17.csv
35502308,2015-05-29,../embeddings/output/store_location_test_script_lucas_toc/35502308_2015-05-29.csv
35502398,2015-06-08,../embeddings/output/store_location_test_script_lucas_toc/35502398_2015-06-08.csv
35502722,2015-07-27,../embeddings/output/store_location_test_script_lucas_toc/35502722_2015-07-27.csv
35503478,2015-06-14,../embeddings/output/store_location_test_script_lucas_toc/35503478_2015-06-14.csv
35503514,2015-07-12,../embeddings/output/store_location_test_script_lucas_toc/35503514_2015-07-12.csv
35503892,2015-05-23,../embeddings/output/store_location_test_script_lucas_toc/35503892_2015-05-23.csv
35522406,2015-06-08,../embeddings/output/store_location_test_script_lucas_toc/35522406_2015-06-08.csv
35522626,2015-06-05,../embeddings/output/store_location_test_script_lucas_toc/35522626_2015-06-05.csv
35522766,2015-06-08,../embeddings/output/store_location_test_script_lucas_toc/35522766_2015-06-08.csv
35522856,2015-08-16,../embeddings/output/store_location_test_script_lucas_toc/35522856_2015-08-16.csv
35523504,2015-06-19,../embeddings/output/store_location_test_script_lucas_toc/35523504_2015-06-19.csv
35523608,2015-09-13,../embeddings/output/store_location_test_script_lucas_toc/35523608_2015-09-13.csv
35523634,2015-06-12,../embeddings/output/store_location_test_script_lucas_toc/35523634_2015-06-12.csv
35524004,2015-06-20,../embeddings/output/store_location_test_script_lucas_toc/35524004_2015-06-20.csv
35542332,2015-06-25,../embeddings/output/store_location_test_script_lucas_toc/35542332_2015-06-25.csv
35542512,2015-06-15,../embeddings/output/store_location_test_script_lucas_toc/35542512_2015-06-15.csv
35542908,2015-08-02,../embeddings/output/store_location_test_script_lucas_toc/35542908_2015-08-02.csv
35562198,2015-07-15,../embeddings/output/store_location_test_script_lucas_toc/35562198_2015-07-15.csv
35562300,2015-05-29,../embeddings/output/store_location_test_script_lucas_toc/35562300_2015-05-29.csv
35562570,2015-06-29,../embeddings/output/store_location_test_script_lucas_toc/35562570_2015-06-29.csv
35563488,2015-06-15,../embeddings/output/store_location_test_script_lucas_toc/35563488_2015-06-15.csv
35563894,2015-05-22,../embeddings/output/store_location_test_script_lucas_toc/35563894_2015-05-22.csv
35563912,2015-05-21,../embeddings/output/store_location_test_script_lucas_toc/35563912_2015-05-21.csv
35582116,2015-06-21,../embeddings/output/store_location_test_script_lucas_toc/35582116_2015-06-21.csv
35582326,2015-06-26,../embeddings/output/store_location_test_script_lucas_toc/35582326_2015-06-26.csv
35582398,2015-06-08,../embeddings/output/store_location_test_script_lucas_toc/35582398_2015-06-08.csv
35582524,2015-07-12,../embeddings/output/store_location_test_script_lucas_toc/35582524_2015-07-12.csv
35583622,2015-10-04,../embeddings/output/store_location_test_script_lucas_toc/35583622_2015-10-04.csv
35583996,2015-06-18,../embeddings/output/store_location_test_script_lucas_toc/35583996_2015-06-18.csv
35602122,2015-06-28,../embeddings/output/store_location_test_script_lucas_toc/35602122_2015-06-28.csv
35602698,2015-09-26,../embeddings/output/store_location_test_script_lucas_toc/35602698_2015-09-26.csv
35603400,2015-10-23,../embeddings/output/store_location_test_script_lucas_toc/35603400_2015-10-23.csv
35622928,2015-07-21,../embeddings/output/store_location_test_script_lucas_toc/35622928_2015-07-21.csv
35642110,2015-06-03,../embeddings/output/store_location_test_script_lucas_toc/35642110_2015-06-03.csv
35643196,2015-04-25,../embeddings/output/store_location_test_script_lucas_toc/35643196_2015-04-25.csv
35662046,2015-05-27,../embeddings/output/store_location_test_script_lucas_toc/35662046_2015-05-27.csv
35662424,2015-06-21,../embeddings/output/store_location_test_script_lucas_toc/35662424_2015-06-21.csv
35662582,2015-06-22,../embeddings/output/store_location_test_script_lucas_toc/35662582_2015-06-22.csv
35662708,2015-09-26,../embeddings/output/store_location_test_script_lucas_toc/35662708_2015-09-26.csv
35662844,2015-08-14,../embeddings/output/store_location_test_script_lucas_toc/35662844_2015-08-14.csv
35662888,2015-08-08,../embeddings/output/store_location_test_script_lucas_toc/35662888_2015-08-08.csv
35663500,2015-06-27,../embeddings/output/store_location_test_script_lucas_toc/35663500_2015-06-27.csv
35663630,2015-06-12,../embeddings/output/store_location_test_script_lucas_toc/35663630_2015-06-12.csv
35682398,2015-06-13,../embeddings/output/store_location_test_script_lucas_toc/35682398_2015-06-13.csv
35702222,2015-07-07,../embeddings/output/store_location_test_script_lucas_toc/35702222_2015-07-07.csv
35702456,2015-08-02,../embeddings/output/store_location_test_script_lucas_toc/35702456_2015-08-02.csv
35703180,2015-05-16,../embeddings/output/store_location_test_script_lucas_toc/35703180_2015-05-16.csv
35722638,2015-10-09,../embeddings/output/store_location_test_script_lucas_toc/35722638_2015-10-09.csv
35742112,2015-06-22,../embeddings/output/store_location_test_script_lucas_toc/35742112_2015-06-22.csv
35742184,2015-08-12,../embeddings/output/store_location_test_script_lucas_toc/35742184_2015-08-12.csv
35743146,2015-08-21,../embeddings/output/store_location_test_script_lucas_toc/35743146_2015-08-21.csv
35743470,2015-07-11,../embeddings/output/store_location_test_script_lucas_toc/35743470_2015-07-11.csv
35762800,2015-06-22,../embeddings/output/store_location_test_script_lucas_toc/35762800_2015-06-22.csv
35782284,2015-07-23,../embeddings/output/store_location_test_script_lucas_toc/35782284_2015-07-23.csv
35782360,2015-05-23,../embeddings/output/store_location_test_script_lucas_toc/35782360_2015-05-23.csv
35782882,2015-08-06,../embeddings/output/store_location_test_script_lucas_toc/35782882_2015-08-06.csv
35783904,2015-08-10,../embeddings/output/store_location_test_script_lucas_toc/35783904_2015-08-10.csv
35802100,2015-06-02,../embeddings/output/store_location_test_script_lucas_toc/35802100_2015-06-02.csv
35822566,2015-07-09,../embeddings/output/store_location_test_script_lucas_toc/35822566_2015-07-09.csv
35822836,2015-10-16,../embeddings/output/store_location_test_script_lucas_toc/35822836_2015-10-16.csv
35823214,2015-05-18,../embeddings/output/store_location_test_script_lucas_toc/35823214_2015-05-18.csv
35842082,2015-06-03,../embeddings/output/store_location_test_script_lucas_toc/35842082_2015-06-03.csv
35842502,2015-05-24,../embeddings/output/store_location_test_script_lucas_toc/35842502_2015-05-24.csv
35842892,2015-08-08,../embeddings/output/store_location_test_script_lucas_toc/35842892_2015-08-08.csv
35843162,2015-08-16,../embeddings/output/store_location_test_script_lucas_toc/35843162_2015-08-16.csv
35843846,2015-07-10,../embeddings/output/store_location_test_script_lucas_toc/35843846_2015-07-10.csv
35882060,2015-09-02,../embeddings/output/store_location_test_script_lucas_toc/35882060_2015-09-02.csv
35882514,2015-05-30,../embeddings/output/store_location_test_script_lucas_toc/35882514_2015-05-30.csv
35882802,2015-06-23,../embeddings/output/store_location_test_script_lucas_toc/35882802_2015-06-23.csv
35883900,2015-08-09,../embeddings/output/store_location_test_script_lucas_toc/35883900_2015-08-09.csv
35902584,2015-06-22,../embeddings/output/store_location_test_script_lucas_toc/35902584_2015-06-22.csv
35922558,2015-07-09,../embeddings/output/store_location_test_script_lucas_toc/35922558_2015-07-09.csv
35922706,2015-05-31,../embeddings/output/store_location_test_script_lucas_toc/35922706_2015-05-31.csv
35922760,2015-07-04,../embeddings/output/store_location_test_script_lucas_toc/35922760_2015-07-04.csv
35923246,2015-06-12,../embeddings/output/store_location_test_script_lucas_toc/35923246_2015-06-12.csv
35923894,2015-08-23,../embeddings/output/store_location_test_script_lucas_toc/35923894_2015-08-23.csv
35942062,2015-06-09,../embeddings/output/store_location_test_script_lucas_toc/35942062_2015-06-09.csv
35942416,2015-07-11,../embeddings/output/store_location_test_script_lucas_toc/35942416_2015-07-11.csv
35942566,2015-07-04,../embeddings/output/store_location_test_script_lucas_toc/35942566_2015-07-04.csv
35942898,2015-07-19,../embeddings/output/store_location_test_script_lucas_toc/35942898_2015-07-19.csv
35962540,2015-07-03,../embeddings/output/store_location_test_script_lucas_toc/35962540_2015-07-03.csv
35962590,2015-05-31,../embeddings/output/store_location_test_script_lucas_toc/35962590_2015-05-31.csv
35962788,2015-06-29,../embeddings/output/store_location_test_script_lucas_toc/35962788_2015-06-29.csv
35982366,2015-05-31,../embeddings/output/store_location_test_script_lucas_toc/35982366_2015-05-31.csv
35982532,2015-06-21,../embeddings/output/store_location_test_script_lucas_toc/35982532_2015-06-21.csv
35982712,2015-07-10,../embeddings/output/store_location_test_script_lucas_toc/35982712_2015-07-10.csv
36002386,2015-05-25,../embeddings/output/store_location_test_script_lucas_toc/36002386_2015-05-25.csv
36002398,2015-06-01,../embeddings/output/store_location_test_script_lucas_toc/36002398_2015-06-01.csv
36002584,2015-06-23,../embeddings/output/store_location_test_script_lucas_toc/36002584_2015-06-23.csv
36022744,2015-06-14,../embeddings/output/store_location_test_script_lucas_toc/36022744_2015-06-14.csv
36023158,2015-06-07,../embeddings/output/store_location_test_script_lucas_toc/36023158_2015-06-07.csv
36042956,2015-07-27,../embeddings/output/store_location_test_script_lucas_toc/36042956_2015-07-27.csv
36043406,2015-09-03,../embeddings/output/store_location_test_script_lucas_toc/36043406_2015-09-03.csv
36062060,2015-06-03,../embeddings/output/store_location_test_script_lucas_toc/36062060_2015-06-03.csv
36062262,2015-06-28,../embeddings/output/store_location_test_script_lucas_toc/36062262_2015-06-28.csv
36062860,2015-09-07,../embeddings/output/store_location_test_script_lucas_toc/36062860_2015-09-07.csv
36062928,2015-07-31,../embeddings/output/store_location_test_script_lucas_toc/36062928_2015-07-31.csv
36083178,2015-06-04,../embeddings/output/store_location_test_script_lucas_toc/36083178_2015-06-04.csv
36122332,2015-05-25,../embeddings/output/store_location_test_script_lucas_toc/36122332_2015-05-25.csv
36122898,2015-08-10,../embeddings/output/store_location_test_script_lucas_toc/36122898_2015-08-10.csv
36122992,2015-07-03,../embeddings/output/store_location_test_script_lucas_toc/36122992_2015-07-03.csv
36142824,2015-08-23,../embeddings/output/store_location_test_script_lucas_toc/36142824_2015-08-23.csv
36142896,2015-08-10,../embeddings/output/store_location_test_script_lucas_toc/36142896_2015-08-10.csv
36143134,2015-06-14,../embeddings/output/store_location_test_script_lucas_toc/36143134_2015-06-14.csv
36162060,2015-06-15,../embeddings/output/store_location_test_script_lucas_toc/36162060_2015-06-15.csv
36162564,2015-07-16,../embeddings/output/store_location_test_script_lucas_toc/36162564_2015-07-16.csv
36163144,2015-06-14,../embeddings/output/store_location_test_script_lucas_toc/36163144_2015-06-14.csv
36182386,2015-06-06,../embeddings/output/store_location_test_script_lucas_toc/36182386_2015-06-06.csv
36182452,2015-07-20,../embeddings/output/store_location_test_script_lucas_toc/36182452_2015-07-20.csv
36182542,2015-08-08,../embeddings/output/store_location_test_script_lucas_toc/36182542_2015-08-08.csv
36183136,2015-06-15,../embeddings/output/store_location_test_script_lucas_toc/36183136_2015-06-15.csv
36183172,2015-06-01,../embeddings/output/store_location_test_script_lucas_toc/36183172_2015-06-01.csv
36202064,2015-06-15,../embeddings/output/store_location_test_script_lucas_toc/36202064_2015-06-15.csv
36202438,2015-07-23,../embeddings/output/store_location_test_script_lucas_toc/36202438_2015-07-23.csv
36202514,2015-05-25,../embeddings/output/store_location_test_script_lucas_toc/36202514_2015-05-25.csv
36202718,2015-06-06,../embeddings/output/store_location_test_script_lucas_toc/36202718_2015-06-06.csv
36202856,2015-07-23,../embeddings/output/store_location_test_script_lucas_toc/36202856_2015-07-23.csv
36202996,2015-06-13,../embeddings/output/store_location_test_script_lucas_toc/36202996_2015-06-13.csv
36203536,2015-08-21,../embeddings/output/store_location_test_script_lucas_toc/36203536_2015-08-21.csv
36222614,2015-06-19,../embeddings/output/store_location_test_script_lucas_toc/36222614_2015-06-19.csv
36242402,2015-08-16,../embeddings/output/store_location_test_script_lucas_toc/36242402_2015-08-16.csv
36242590,2015-07-10,../embeddings/output/store_location_test_script_lucas_toc/36242590_2015-07-10.csv
36243140,2015-06-11,../embeddings/output/store_location_test_script_lucas_toc/36243140_2015-06-11.csv
36243486,2015-08-17,../embeddings/output/store_location_test_script_lucas_toc/36243486_2015-08-17.csv
36262350,2015-06-07,../embeddings/output/store_location_test_script_lucas_toc/36262350_2015-06-07.csv
36282504,2015-04-30,../embeddings/output/store_location_test_script_lucas_toc/36282504_2015-04-30.csv
36282598,2015-06-22,../embeddings/output/store_location_test_script_lucas_toc/36282598_2015-06-22.csv
36282894,2015-07-26,../embeddings/output/store_location_test_script_lucas_toc/36282894_2015-07-26.csv
36282966,2015-07-23,../embeddings/output/store_location_test_script_lucas_toc/36282966_2015-07-23.csv
36302074,2015-06-15,../embeddings/output/store_location_test_script_lucas_toc/36302074_2015-06-15.csv
36302530,2015-08-14,../embeddings/output/store_location_test_script_lucas_toc/36302530_2015-08-14.csv
36302560,2015-07-18,../embeddings/output/store_location_test_script_lucas_toc/36302560_2015-07-18.csv
36302578,2015-07-11,../embeddings/output/store_location_test_script_lucas_toc/36302578_2015-07-11.csv
36303142,2015-05-17,../embeddings/output/store_location_test_script_lucas_toc/36303142_2015-05-17.csv
36303160,2015-05-24,../embeddings/output/store_location_test_script_lucas_toc/36303160_2015-05-24.csv
36322428,2015-06-14,../embeddings/output/store_location_test_script_lucas_toc/36322428_2015-06-14.csv
36322504,2015-06-25,../embeddings/output/store_location_test_script_lucas_toc/36322504_2015-06-25.csv
36322774,2015-10-23,../embeddings/output/store_location_test_script_lucas_toc/36322774_2015-10-23.csv
36342604,2015-06-23,../embeddings/output/store_location_test_script_lucas_toc/36342604_2015-06-23.csv
36382078,2015-07-23,../embeddings/output/store_location_test_script_lucas_toc/36382078_2015-07-23.csv
36382514,2015-06-25,../embeddings/output/store_location_test_script_lucas_toc/36382514_2015-06-25.csv
36382568,2015-07-17,../embeddings/output/store_location_test_script_lucas_toc/36382568_2015-07-17.csv
36402614,2015-06-15,../embeddings/output/store_location_test_script_lucas_toc/36402614_2015-06-15.csv
36462594,2015-06-27,../embeddings/output/store_location_test_script_lucas_toc/36462594_2015-06-27.csv
36462652,2015-04-30,../embeddings/output/store_location_test_script_lucas_toc/36462652_2015-04-30.csv
36482614,2015-06-15,../embeddings/output/store_location_test_script_lucas_toc/36482614_2015-06-15.csv
36483340,2015-10-11,../embeddings/output/store_location_test_script_lucas_toc/36483340_2015-10-11.csv
36502504,2015-07-10,../embeddings/output/store_location_test_script_lucas_toc/36502504_2015-07-10.csv
36502698,2015-06-07,../embeddings/output/store_location_test_script_lucas_toc/36502698_2015-06-07.csv
36503184,2015-05-14,../embeddings/output/store_location_test_script_lucas_toc/36503184_2015-05-14.csv
36542470,2015-06-21,../embeddings/output/store_location_test_script_lucas_toc/36542470_2015-06-21.csv
36542974,2015-06-27,../embeddings/output/store_location_test_script_lucas_toc/36542974_2015-06-27.csv
36562280,2015-05-19,../embeddings/output/store_location_test_script_lucas_toc/36562280_2015-05-19.csv
36582596,2015-05-07,../embeddings/output/store_location_test_script_lucas_toc/36582596_2015-05-07.csv
36602258,2015-05-19,../embeddings/output/store_location_test_script_lucas_toc/36602258_2015-05-19.csv
36602384,2015-05-23,../embeddings/output/store_location_test_script_lucas_toc/36602384_2015-05-23.csv
36602546,2015-07-31,../embeddings/output/store_location_test_script_lucas_toc/36602546_2015-07-31.csv
36602618,2015-06-14,../embeddings/output/store_location_test_script_lucas_toc/36602618_2015-06-14.csv
36603000,2015-05-25,../embeddings/output/store_location_test_script_lucas_toc/36603000_2015-05-25.csv
36642378,2015-05-22,../embeddings/output/store_location_test_script_lucas_toc/36642378_2015-05-22.csv
36643156,2015-05-08,../embeddings/output/store_location_test_script_lucas_toc/36643156_2015-05-08.csv
36663142,2015-05-08,../embeddings/output/store_location_test_script_lucas_toc/36663142_2015-05-08.csv
36702348,2015-07-03,../embeddings/output/store_location_test_script_lucas_toc/36702348_2015-07-03.csv
36702442,2015-06-19,../embeddings/output/store_location_test_script_lucas_toc/36702442_2015-06-19.csv
36702532,2015-07-10,../embeddings/output/store_location_test_script_lucas_toc/36702532_2015-07-10.csv
36703150,2015-06-12,../embeddings/output/store_location_test_script_lucas_toc/36703150_2015-06-12.csv
36722152,2015-08-23,../embeddings/output/store_location_test_script_lucas_toc/36722152_2015-08-23.csv
36722386,2015-05-23,../embeddings/output/store_location_test_script_lucas_toc/36722386_2015-05-23.csv
36742492,2015-05-09,../embeddings/output/store_location_test_script_lucas_toc/36742492_2015-05-09.csv
36742604,2015-09-17,../embeddings/output/store_location_test_script_lucas_toc/36742604_2015-09-17.csv
36763172,2015-05-02,../embeddings/output/store_location_test_script_lucas_toc/36763172_2015-05-02.csv
36782572,2015-05-24,../embeddings/output/store_location_test_script_lucas_toc/36782572_2015-05-24.csv
36782654,2015-08-13,../embeddings/output/store_location_test_script_lucas_toc/36782654_2015-08-13.csv
36782716,2015-06-28,../embeddings/output/store_location_test_script_lucas_toc/36782716_2015-06-28.csv
36822426,2015-06-04,../embeddings/output/store_location_test_script_lucas_toc/36822426_2015-06-04.csv
36822720,2015-09-07,../embeddings/output/store_location_test_script_lucas_toc/36822720_2015-09-07.csv
36842170,2015-05-24,../embeddings/output/store_location_test_script_lucas_toc/36842170_2015-05-24.csv
36842746,2015-09-05,../embeddings/output/store_location_test_script_lucas_toc/36842746_2015-09-05.csv
36862148,2015-07-16,../embeddings/output/store_location_test_script_lucas_toc/36862148_2015-07-16.csv
36862396,2015-08-13,../embeddings/output/store_location_test_script_lucas_toc/36862396_2015-08-13.csv
36882370,2015-07-03,../embeddings/output/store_location_test_script_lucas_toc/36882370_2015-07-03.csv
36882384,2015-08-20,../embeddings/output/store_location_test_script_lucas_toc/36882384_2015-08-20.csv
36882640,2015-07-12,../embeddings/output/store_location_test_script_lucas_toc/36882640_2015-07-12.csv
36922448,2015-08-20,../embeddings/output/store_location_test_script_lucas_toc/36922448_2015-08-20.csv
36942362,2015-07-03,../embeddings/output/store_location_test_script_lucas_toc/36942362_2015-07-03.csv
36962384,2015-08-19,../embeddings/output/store_location_test_script_lucas_toc/36962384_2015-08-19.csv
36982170,2015-07-13,../embeddings/output/store_location_test_script_lucas_toc/36982170_2015-07-13.csv
36982404,2015-08-08,../embeddings/output/store_location_test_script_lucas_toc/36982404_2015-08-08.csv
37002426,2015-06-06,../embeddings/output/store_location_test_script_lucas_toc/37002426_2015-06-06.csv
37002606,2015-09-10,../embeddings/output/store_location_test_script_lucas_toc/37002606_2015-09-10.csv
37022386,2015-05-28,../embeddings/output/store_location_test_script_lucas_toc/37022386_2015-05-28.csv
37022614,2015-09-10,../embeddings/output/store_location_test_script_lucas_toc/37022614_2015-09-10.csv
37042554,2015-09-18,../embeddings/output/store_location_test_script_lucas_toc/37042554_2015-09-18.csv
37062618,2015-09-14,../embeddings/output/store_location_test_script_lucas_toc/37062618_2015-09-14.csv
37082380,2015-05-28,../embeddings/output/store_location_test_script_lucas_toc/37082380_2015-05-28.csv
37082974,2015-06-18,../embeddings/output/store_location_test_script_lucas_toc/37082974_2015-06-18.csv
37102474,2015-07-18,../embeddings/output/store_location_test_script_lucas_toc/37102474_2015-07-18.csv
37102564,2015-09-18,../embeddings/output/store_location_test_script_lucas_toc/37102564_2015-09-18.csv
37122992,2015-07-30,../embeddings/output/store_location_test_script_lucas_toc/37122992_2015-07-30.csv
37182570,2015-09-19,../embeddings/output/store_location_test_script_lucas_toc/37182570_2015-09-19.csv
37202494,2015-07-19,../embeddings/output/store_location_test_script_lucas_toc/37202494_2015-07-19.csv
37202566,2015-09-20,../embeddings/output/store_location_test_script_lucas_toc/37202566_2015-09-20.csv
37202638,2015-07-11,../embeddings/output/store_location_test_script_lucas_toc/37202638_2015-07-11.csv
37222482,2015-06-05,../embeddings/output/store_location_test_script_lucas_toc/37222482_2015-06-05.csv
37223008,2015-05-07,../embeddings/output/store_location_test_script_lucas_toc/37223008_2015-05-07.csv
37242276,2015-06-18,../embeddings/output/store_location_test_script_lucas_toc/37242276_2015-06-18.csv
37242384,2015-07-30,../embeddings/output/store_location_test_script_lucas_toc/37242384_2015-07-30.csv
37242430,2015-07-03,../embeddings/output/store_location_test_script_lucas_toc/37242430_2015-07-03.csv
37242460,2015-07-17,../embeddings/output/store_location_test_script_lucas_toc/37242460_2015-07-17.csv
37242582,2015-09-25,../embeddings/output/store_location_test_script_lucas_toc/37242582_2015-09-25.csv
37242654,2015-10-08,../embeddings/output/store_location_test_script_lucas_toc/37242654_2015-10-08.csv
37242694,2015-06-27,../embeddings/output/store_location_test_script_lucas_toc/37242694_2015-06-27.csv
37262116,2015-06-25,../embeddings/output/store_location_test_script_lucas_toc/37262116_2015-06-25.csv
37262440,2015-05-31,../embeddings/output/store_location_test_script_lucas_toc/37262440_2015-05-31.csv
37262444,2015-07-03,../embeddings/output/store_location_test_script_lucas_toc/37262444_2015-07-03.csv
37262452,2015-07-10,../embeddings/output/store_location_test_script_lucas_toc/37262452_2015-07-10.csv
37262560,2015-10-12,../embeddings/output/store_location_test_script_lucas_toc/37262560_2015-10-12.csv
37282370,2015-07-23,../embeddings/output/store_location_test_script_lucas_toc/37282370_2015-07-23.csv
37282474,2015-07-18,../embeddings/output/store_location_test_script_lucas_toc/37282474_2015-07-18.csv
37282682,2015-06-29,../embeddings/output/store_location_test_script_lucas_toc/37282682_2015-06-29.csv
37282790,2015-08-27,../embeddings/output/store_location_test_script_lucas_toc/37282790_2015-08-27.csv
37302368,2015-07-23,../embeddings/output/store_location_test_script_lucas_toc/37302368_2015-07-23.csv
37302458,2015-07-11,../embeddings/output/store_location_test_script_lucas_toc/37302458_2015-07-11.csv
37302488,2015-06-13,../embeddings/output/store_location_test_script_lucas_toc/37302488_2015-06-13.csv
37302542,2015-10-11,../embeddings/output/store_location_test_script_lucas_toc/37302542_2015-10-11.csv
37303046,2015-07-17,../embeddings/output/store_location_test_script_lucas_toc/37303046_2015-07-17.csv
37322306,2015-06-24,../embeddings/output/store_location_test_script_lucas_toc/37322306_2015-06-24.csv
37322374,2015-07-24,../embeddings/output/store_location_test_script_lucas_toc/37322374_2015-07-24.csv
37323104,2015-06-22,../embeddings/output/store_location_test_script_lucas_toc/37323104_2015-06-22.csv
37362444,2015-07-02,../embeddings/output/store_location_test_script_lucas_toc/37362444_2015-07-02.csv
37362462,2015-07-11,../embeddings/output/store_location_test_script_lucas_toc/37362462_2015-07-11.csv
37362486,2015-06-05,../embeddings/output/store_location_test_script_lucas_toc/37362486_2015-06-05.csv
37362504,2015-06-10,../embeddings/output/store_location_test_script_lucas_toc/37362504_2015-06-10.csv
37362534,2015-05-23,../embeddings/output/store_location_test_script_lucas_toc/37362534_2015-05-23.csv
37362588,2015-10-09,../embeddings/output/store_location_test_script_lucas_toc/37362588_2015-10-09.csv
37382260,2015-08-03,../embeddings/output/store_location_test_script_lucas_toc/37382260_2015-08-03.csv
37382484,2015-06-05,../embeddings/output/store_location_test_script_lucas_toc/37382484_2015-06-05.csv
37382596,2015-10-03,../embeddings/output/store_location_test_script_lucas_toc/37382596_2015-10-03.csv
37382614,2015-07-07,../embeddings/output/store_location_test_script_lucas_toc/37382614_2015-07-07.csv
37382632,2015-07-10,../embeddings/output/store_location_test_script_lucas_toc/37382632_2015-07-10.csv
37402266,2015-08-03,../embeddings/output/store_location_test_script_lucas_toc/37402266_2015-08-03.csv
37402320,2015-06-27,../embeddings/output/store_location_test_script_lucas_toc/37402320_2015-06-27.csv
37402630,2015-07-06,../embeddings/output/store_location_test_script_lucas_toc/37402630_2015-07-06.csv
37422262,2015-08-03,../embeddings/output/store_location_test_script_lucas_toc/37422262_2015-08-03.csv
37422276,2015-06-16,../embeddings/output/store_location_test_script_lucas_toc/37422276_2015-06-16.csv
37422586,2015-10-10,../embeddings/output/store_location_test_script_lucas_toc/37422586_2015-10-10.csv
37423104,2015-05-25,../embeddings/output/store_location_test_script_lucas_toc/37423104_2015-05-25.csv
37423108,2015-05-25,../embeddings/output/store_location_test_script_lucas_toc/37423108_2015-05-25.csv
37442368,2015-07-22,../embeddings/output/store_location_test_script_lucas_toc/37442368_2015-07-22.csv
37442606,2015-07-15,../embeddings/output/store_location_test_script_lucas_toc/37442606_2015-07-15.csv
37442620,2015-07-08,../embeddings/output/store_location_test_script_lucas_toc/37442620_2015-07-08.csv
37443100,2015-05-28,../embeddings/output/store_location_test_script_lucas_toc/37443100_2015-05-28.csv
37462370,2015-07-22,../embeddings/output/store_location_test_script_lucas_toc/37462370_2015-07-22.csv
37462420,2015-08-05,../embeddings/output/store_location_test_script_lucas_toc/37462420_2015-08-05.csv
37462438,2015-08-15,../embeddings/output/store_location_test_script_lucas_toc/37462438_2015-08-15.csv
37462484,2015-06-02,../embeddings/output/store_location_test_script_lucas_toc/37462484_2015-06-02.csv
37462568,2015-10-13,../embeddings/output/store_location_test_script_lucas_toc/37462568_2015-10-13.csv
37482138,2015-07-03,../embeddings/output/store_location_test_script_lucas_toc/37482138_2015-07-03.csv
37482560,2015-10-08,../embeddings/output/store_location_test_script_lucas_toc/37482560_2015-10-08.csv
37482588,2015-07-14,../embeddings/output/store_location_test_script_lucas_toc/37482588_2015-07-14.csv
37502424,2015-08-10,../embeddings/output/store_location_test_script_lucas_toc/37502424_2015-08-10.csv
37502442,2015-08-12,../embeddings/output/store_location_test_script_lucas_toc/37502442_2015-08-12.csv
37502482,2015-06-02,../embeddings/output/store_location_test_script_lucas_toc/37502482_2015-06-02.csv
37502514,2015-05-25,../embeddings/output/store_location_test_script_lucas_toc/37502514_2015-05-25.csv
37502546,2015-10-11,../embeddings/output/store_location_test_script_lucas_toc/37502546_2015-10-11.csv
37502622,2015-07-17,../embeddings/output/store_location_test_script_lucas_toc/37502622_2015-07-17.csv
37522476,2015-06-12,../embeddings/output/store_location_test_script_lucas_toc/37522476_2015-06-12.csv
37522488,2015-06-01,../embeddings/output/store_location_test_script_lucas_toc/37522488_2015-06-01.csv
37542264,2015-08-01,../embeddings/output/store_location_test_script_lucas_toc/37542264_2015-08-01.csv
37542450,2015-06-23,../embeddings/output/store_location_test_script_lucas_toc/37542450_2015-06-23.csv
37542498,2015-07-11,../embeddings/output/store_location_test_script_lucas_toc/37542498_2015-07-11.csv
37542526,2015-10-11,../embeddings/output/store_location_test_script_lucas_toc/37542526_2015-10-11.csv
37542570,2015-10-09,../embeddings/output/store_location_test_script_lucas_toc/37542570_2015-10-09.csv
37562412,2015-08-09,../embeddings/output/store_location_test_script_lucas_toc/37562412_2015-08-09.csv
37562422,2015-05-29,../embeddings/output/store_location_test_script_lucas_toc/37562422_2015-05-29.csv
37562430,2015-05-30,../embeddings/output/store_location_test_script_lucas_toc/37562430_2015-05-30.csv
37562458,2015-06-29,../embeddings/output/store_location_test_script_lucas_toc/37562458_2015-06-29.csv
37562476,2015-06-12,../embeddings/output/store_location_test_script_lucas_toc/37562476_2015-06-12.csv
37562584,2015-10-10,../embeddings/output/store_location_test_script_lucas_toc/37562584_2015-10-10.csv
37562596,2015-07-27,../embeddings/output/store_location_test_script_lucas_toc/37562596_2015-07-27.csv
37582396,2015-07-18,../embeddings/output/store_location_test_script_lucas_toc/37582396_2015-07-18.csv
37582414,2015-05-29,../embeddings/output/store_location_test_script_lucas_toc/37582414_2015-05-29.csv
37582662,2015-05-01,../embeddings/output/store_location_test_script_lucas_toc/37582662_2015-05-01.csv
37602384,2015-07-21,../embeddings/output/store_location_test_script_lucas_toc/37602384_2015-07-21.csv
37602502,2015-06-15,../embeddings/output/store_location_test_script_lucas_toc/37602502_2015-06-15.csv
37622444,2015-06-23,../embeddings/output/store_location_test_script_lucas_toc/37622444_2015-06-23.csv
37622530,2015-07-21,../embeddings/output/store_location_test_script_lucas_toc/37622530_2015-07-21.csv
37622620,2015-07-26,../embeddings/output/store_location_test_script_lucas_toc/37622620_2015-07-26.csv
37622758,2015-08-21,../embeddings/output/store_location_test_script_lucas_toc/37622758_2015-08-21.csv
37623100,2015-06-21,../embeddings/output/store_location_test_script_lucas_toc/37623100_2015-06-21.csv
37623106,2015-06-04,../embeddings/output/store_location_test_script_lucas_toc/37623106_2015-06-04.csv
37642442,2015-06-23,../embeddings/output/store_location_test_script_lucas_toc/37642442_2015-06-23.csv
37642496,2015-05-24,../embeddings/output/store_location_test_script_lucas_toc/37642496_2015-05-24.csv
37642574,2015-10-09,../embeddings/output/store_location_test_script_lucas_toc/37642574_2015-10-09.csv
37662452,2015-06-23,../embeddings/output/store_location_test_script_lucas_toc/37662452_2015-06-23.csv
37662458,2015-06-29,../embeddings/output/store_location_test_script_lucas_toc/37662458_2015-06-29.csv
37662506,2015-09-26,../embeddings/output/store_location_test_script_lucas_toc/37662506_2015-09-26.csv
37662516,2015-05-24,../embeddings/output/store_location_test_script_lucas_toc/37662516_2015-05-24.csv
37662638,2015-07-22,../embeddings/output/store_location_test_script_lucas_toc/37662638_2015-07-22.csv
37682420,2015-05-30,../embeddings/output/store_location_test_script_lucas_toc/37682420_2015-05-30.csv
37682492,2015-06-15,../embeddings/output/store_location_test_script_lucas_toc/37682492_2015-06-15.csv
37682496,2015-09-25,../embeddings/output/store_location_test_script_lucas_toc/37682496_2015-09-25.csv
37682532,2015-07-21,../embeddings/output/store_location_test_script_lucas_toc/37682532_2015-07-21.csv
37682550,2015-09-27,../embeddings/output/store_location_test_script_lucas_toc/37682550_2015-09-27.csv
37702434,2015-06-23,../embeddings/output/store_location_test_script_lucas_toc/37702434_2015-06-23.csv
37702494,2015-09-25,../embeddings/output/store_location_test_script_lucas_toc/37702494_2015-09-25.csv
37702506,2015-09-26,../embeddings/output/store_location_test_script_lucas_toc/37702506_2015-09-26.csv
37722270,2015-06-19,../embeddings/output/store_location_test_script_lucas_toc/37722270_2015-06-19.csv
37722426,2015-05-30,../embeddings/output/store_location_test_script_lucas_toc/37722426_2015-05-30.csv
37722444,2015-06-24,../embeddings/output/store_location_test_script_lucas_toc/37722444_2015-06-24.csv
37722454,2015-06-24,../embeddings/output/store_location_test_script_lucas_toc/37722454_2015-06-24.csv
37722468,2015-06-11,../embeddings/output/store_location_test_script_lucas_toc/37722468_2015-06-11.csv
37722504,2015-05-24,../embeddings/output/store_location_test_script_lucas_toc/37722504_2015-05-24.csv
37722516,2015-09-26,../embeddings/output/store_location_test_script_lucas_toc/37722516_2015-09-26.csv
37722594,2015-10-10,../embeddings/output/store_location_test_script_lucas_toc/37722594_2015-10-10.csv
37722612,2015-07-28,../embeddings/output/store_location_test_script_lucas_toc/37722612_2015-07-28.csv
37722648,2015-07-25,../embeddings/output/store_location_test_script_lucas_toc/37722648_2015-07-25.csv
37722688,2015-10-05,../embeddings/output/store_location_test_script_lucas_toc/37722688_2015-10-05.csv
37742290,2015-07-01,../embeddings/output/store_location_test_script_lucas_toc/37742290_2015-07-01.csv
37742340,2015-08-04,../embeddings/output/store_location_test_script_lucas_toc/37742340_2015-08-04.csv
37742430,2015-06-18,../embeddings/output/store_location_test_script_lucas_toc/37742430_2015-06-18.csv
37742434,2015-05-30,../embeddings/output/store_location_test_script_lucas_toc/37742434_2015-05-30.csv
37742466,2015-06-11,../embeddings/output/store_location_test_script_lucas_toc/37742466_2015-06-11.csv
37742488,2015-05-22,../embeddings/output/store_location_test_script_lucas_toc/37742488_2015-05-22.csv
37762468,2015-06-11,../embeddings/output/store_location_test_script_lucas_toc/37762468_2015-06-11.csv
37782280,2015-07-01,../embeddings/output/store_location_test_script_lucas_toc/37782280_2015-07-01.csv
37782424,2015-06-18,../embeddings/output/store_location_test_script_lucas_toc/37782424_2015-06-18.csv
37782456,2015-06-24,../embeddings/output/store_location_test_script_lucas_toc/37782456_2015-06-24.csv
37782538,2015-09-26,../embeddings/output/store_location_test_script_lucas_toc/37782538_2015-09-26.csv
37782618,2015-07-21,../embeddings/output/store_location_test_script_lucas_toc/37782618_2015-07-21.csv
37783054,2015-07-30,../embeddings/output/store_location_test_script_lucas_toc/37783054_2015-07-30.csv
37802422,2015-06-18,../embeddings/output/store_location_test_script_lucas_toc/37802422_2015-06-18.csv
37802434,2015-05-30,../embeddings/output/store_location_test_script_lucas_toc/37802434_2015-05-30.csv
37802452,2015-06-29,../embeddings/output/store_location_test_script_lucas_toc/37802452_2015-06-29.csv
37802632,2015-07-19,../embeddings/output/store_location_test_script_lucas_toc/37802632_2015-07-19.csv
37822294,2015-06-24,../embeddings/output/store_location_test_script_lucas_toc/37822294_2015-06-24.csv
37822406,2015-05-23,../embeddings/output/store_location_test_script_lucas_toc/37822406_2015-05-23.csv
37822412,2015-05-24,../embeddings/output/store_location_test_script_lucas_toc/37822412_2015-05-24.csv
37822466,2015-06-11,../embeddings/output/store_location_test_script_lucas_toc/37822466_2015-06-11.csv
37822478,2015-05-23,../embeddings/output/store_location_test_script_lucas_toc/37822478_2015-05-23.csv
37842408,2015-05-24,../embeddings/output/store_location_test_script_lucas_toc/37842408_2015-05-24.csv
37842498,2015-07-13,../embeddings/output/store_location_test_script_lucas_toc/37842498_2015-07-13.csv
37862420,2015-05-29,../embeddings/output/store_location_test_script_lucas_toc/37862420_2015-05-29.csv
37862460,2015-06-25,../embeddings/output/store_location_test_script_lucas_toc/37862460_2015-06-25.csv
37862536,2015-09-26,../embeddings/output/store_location_test_script_lucas_toc/37862536_2015-09-26.csv
37862654,2015-07-20,../embeddings/output/store_location_test_script_lucas_toc/37862654_2015-07-20.csv
37882398,2015-06-12,../embeddings/output/store_location_test_script_lucas_toc/37882398_2015-06-12.csv
37882494,2015-07-23,../embeddings/output/store_location_test_script_lucas_toc/37882494_2015-07-23.csv
37882620,2015-07-18,../embeddings/output/store_location_test_script_lucas_toc/37882620_2015-07-18.csv
37902480,2015-05-23,../embeddings/output/store_location_test_script_lucas_toc/37902480_2015-05-23.csv
37902580,2015-07-29,../embeddings/output/store_location_test_script_lucas_toc/37902580_2015-07-29.csv
37902630,2015-07-19,../embeddings/output/store_location_test_script_lucas_toc/37902630_2015-07-19.csv
37922296,2015-06-09,../embeddings/output/store_location_test_script_lucas_toc/37922296_2015-06-09.csv
37922362,2015-06-06,../embeddings/output/store_location_test_script_lucas_toc/37922362_2015-06-06.csv
37922448,2015-06-07,../embeddings/output/store_location_test_script_lucas_toc/37922448_2015-06-07.csv
37922466,2015-06-25,../embeddings/output/store_location_test_script_lucas_toc/37922466_2015-06-25.csv
37922502,2015-07-11,../embeddings/output/store_location_test_script_lucas_toc/37922502_2015-07-11.csv
37922710,2015-09-03,../embeddings/output/store_location_test_script_lucas_toc/37922710_2015-09-03.csv
37942418,2015-06-20,../embeddings/output/store_location_test_script_lucas_toc/37942418_2015-06-20.csv
37962654,2015-10-02,../embeddings/output/store_location_test_script_lucas_toc/37962654_2015-10-02.csv
37963036,2015-07-12,../embeddings/output/store_location_test_script_lucas_toc/37963036_2015-07-12.csv
37982422,2015-06-20,../embeddings/output/store_location_test_script_lucas_toc/37982422_2015-06-20.csv
37982642,2015-10-02,../embeddings/output/store_location_test_script_lucas_toc/37982642_2015-10-02.csv
37982764,2015-07-27,../embeddings/output/store_location_test_script_lucas_toc/37982764_2015-07-27.csv
38002370,2015-06-13,../embeddings/output/store_location_test_script_lucas_toc/38002370_2015-06-13.csv
38002496,2015-07-31,../embeddings/output/store_location_test_script_lucas_toc/38002496_2015-07-31.csv
38022434,2015-06-19,../embeddings/output/store_location_test_script_lucas_toc/38022434_2015-06-19.csv
38022606,2015-08-03,../embeddings/output/store_location_test_script_lucas_toc/38022606_2015-08-03.csv
38042406,2015-06-21,../embeddings/output/store_location_test_script_lucas_toc/38042406_2015-06-21.csv
38082616,2015-08-03,../embeddings/output/store_location_test_script_lucas_toc/38082616_2015-08-03.csv
38082624,2015-08-03,../embeddings/output/store_location_test_script_lucas_toc/38082624_2015-08-03.csv
38102458,2015-07-20,../embeddings/output/store_location_test_script_lucas_toc/38102458_2015-07-20.csv
38102502,2015-08-01,../embeddings/output/store_location_test_script_lucas_toc/38102502_2015-08-01.csv
38102638,2015-08-04,../embeddings/output/store_location_test_script_lucas_toc/38102638_2015-08-04.csv
38122428,2015-06-19,../embeddings/output/store_location_test_script_lucas_toc/38122428_2015-06-19.csv
38122896,2015-10-08,../embeddings/output/store_location_test_script_lucas_toc/38122896_2015-10-08.csv
38142406,2015-06-28,../embeddings/output/store_location_test_script_lucas_toc/38142406_2015-06-28.csv
38142430,2015-06-19,../embeddings/output/store_location_test_script_lucas_toc/38142430_2015-06-19.csv
38142442,2015-07-17,../embeddings/output/store_location_test_script_lucas_toc/38142442_2015-07-17.csv
38142586,2015-08-07,../embeddings/output/store_location_test_script_lucas_toc/38142586_2015-08-07.csv
38142600,2015-08-06,../embeddings/output/store_location_test_script_lucas_toc/38142600_2015-08-06.csv
38162290,2015-05-31,../embeddings/output/store_location_test_script_lucas_toc/38162290_2015-05-31.csv
38162422,2015-05-29,../embeddings/output/store_location_test_script_lucas_toc/38162422_2015-05-29.csv
38162462,2015-07-20,../embeddings/output/store_location_test_script_lucas_toc/38162462_2015-07-20.csv
38162602,2015-08-06,../embeddings/output/store_location_test_script_lucas_toc/38162602_2015-08-06.csv
38182406,2015-06-28,../embeddings/output/store_location_test_script_lucas_toc/38182406_2015-06-28.csv
38182646,2015-10-03,../embeddings/output/store_location_test_script_lucas_toc/38182646_2015-10-03.csv
38203100,2015-08-20,../embeddings/output/store_location_test_script_lucas_toc/38203100_2015-08-20.csv
38222464,2015-07-23,../embeddings/output/store_location_test_script_lucas_toc/38222464_2015-07-23.csv
38222618,2015-08-05,../embeddings/output/store_location_test_script_lucas_toc/38222618_2015-08-05.csv
38242692,2015-10-03,../embeddings/output/store_location_test_script_lucas_toc/38242692_2015-10-03.csv
38262468,2015-07-23,../embeddings/output/store_location_test_script_lucas_toc/38262468_2015-07-23.csv
38262598,2015-08-06,../embeddings/output/store_location_test_script_lucas_toc/38262598_2015-08-06.csv
38262652,2015-08-08,../embeddings/output/store_location_test_script_lucas_toc/38262652_2015-08-08.csv
38282854,2015-07-06,../embeddings/output/store_location_test_script_lucas_toc/38282854_2015-07-06.csv
38282962,2015-09-28,../embeddings/output/store_location_test_script_lucas_toc/38282962_2015-09-28.csv
38302518,2015-08-15,../embeddings/output/store_location_test_script_lucas_toc/38302518_2015-08-15.csv
38302644,2015-05-24,../embeddings/output/store_location_test_script_lucas_toc/38302644_2015-05-24.csv
38302972,2015-09-28,../embeddings/output/store_location_test_script_lucas_toc/38302972_2015-09-28.csv
38342416,2015-06-26,../embeddings/output/store_location_test_script_lucas_toc/38342416_2015-06-26.csv
38342452,2015-07-27,../embeddings/output/store_location_test_script_lucas_toc/38342452_2015-07-27.csv
38342614,2015-08-05,../embeddings/output/store_location_test_script_lucas_toc/38342614_2015-08-05.csv
38362312,2015-06-01,../embeddings/output/store_location_test_script_lucas_toc/38362312_2015-06-01.csv
38362438,2015-07-26,../embeddings/output/store_location_test_script_lucas_toc/38362438_2015-07-26.csv
38362592,2015-07-26,../embeddings/output/store_location_test_script_lucas_toc/38362592_2015-07-26.csv
38382422,2015-07-04,../embeddings/output/store_location_test_script_lucas_toc/38382422_2015-07-04.csv
38382614,2015-08-01,../embeddings/output/store_location_test_script_lucas_toc/38382614_2015-08-01.csv
38402492,2015-08-03,../embeddings/output/store_location_test_script_lucas_toc/38402492_2015-08-03.csv
38402982,2015-10-02,../embeddings/output/store_location_test_script_lucas_toc/38402982_2015-10-02.csv
38422434,2015-07-24,../embeddings/output/store_location_test_script_lucas_toc/38422434_2015-07-24.csv
38422440,2015-07-18,../embeddings/output/store_location_test_script_lucas_toc/38422440_2015-07-18.csv
38422548,2015-05-31,../embeddings/output/store_location_test_script_lucas_toc/38422548_2015-05-31.csv
38422584,2015-06-06,../embeddings/output/store_location_test_script_lucas_toc/38422584_2015-06-06.csv
38442342,2015-05-23,../embeddings/output/store_location_test_script_lucas_toc/38442342_2015-05-23.csv
38442450,2015-07-21,../embeddings/output/store_location_test_script_lucas_toc/38442450_2015-07-21.csv
38462430,2015-05-28,../embeddings/output/store_location_test_script_lucas_toc/38462430_2015-05-28.csv
38462488,2015-07-30,../embeddings/output/store_location_test_script_lucas_toc/38462488_2015-07-30.csv
38462556,2015-06-11,../embeddings/output/store_location_test_script_lucas_toc/38462556_2015-06-11.csv
38482324,2015-06-05,../embeddings/output/store_location_test_script_lucas_toc/38482324_2015-06-05.csv
38482522,2015-05-30,../embeddings/output/store_location_test_script_lucas_toc/38482522_2015-05-30.csv
38502676,2015-08-06,../embeddings/output/store_location_test_script_lucas_toc/38502676_2015-08-06.csv
38522308,2015-06-05,../embeddings/output/store_location_test_script_lucas_toc/38522308_2015-06-05.csv
38522458,2015-08-01,../embeddings/output/store_location_test_script_lucas_toc/38522458_2015-08-01.csv
38522602,2015-07-27,../embeddings/output/store_location_test_script_lucas_toc/38522602_2015-07-27.csv
38522650,2015-08-07,../embeddings/output/store_location_test_script_lucas_toc/38522650_2015-08-07.csv
38523118,2015-05-09,../embeddings/output/store_location_test_script_lucas_toc/38523118_2015-05-09.csv
38523136,2015-09-18,../embeddings/output/store_location_test_script_lucas_toc/38523136_2015-09-18.csv
38542438,2015-07-25,../embeddings/output/store_location_test_script_lucas_toc/38542438_2015-07-25.csv
38542564,2015-06-18,../embeddings/output/store_location_test_script_lucas_toc/38542564_2015-06-18.csv
38542640,2015-06-19,../embeddings/output/store_location_test_script_lucas_toc/38542640_2015-06-19.csv
38543096,2015-07-31,../embeddings/output/store_location_test_script_lucas_toc/38543096_2015-07-31.csv
38562344,2015-06-12,../embeddings/output/store_location_test_script_lucas_toc/38562344_2015-06-12.csv
38562650,2015-08-07,../embeddings/output/store_location_test_script_lucas_toc/38562650_2015-08-07.csv
38582330,2015-05-25,../embeddings/output/store_location_test_script_lucas_toc/38582330_2015-05-25.csv
38583130,2015-10-03,../embeddings/output/store_location_test_script_lucas_toc/38583130_2015-10-03.csv
38622396,2015-06-07,../embeddings/output/store_location_test_script_lucas_toc/38622396_2015-06-07.csv
38622498,2015-06-14,../embeddings/output/store_location_test_script_lucas_toc/38622498_2015-06-14.csv
38622634,2015-06-21,../embeddings/output/store_location_test_script_lucas_toc/38622634_2015-06-21.csv
38642470,2015-08-06,../embeddings/output/store_location_test_script_lucas_toc/38642470_2015-08-06.csv
38662548,2015-05-28,../embeddings/output/store_location_test_script_lucas_toc/38662548_2015-05-28.csv
38663098,2015-07-10,../embeddings/output/store_location_test_script_lucas_toc/38663098_2015-07-10.csv
38682466,2015-08-08,../embeddings/output/store_location_test_script_lucas_toc/38682466_2015-08-08.csv
38682502,2015-06-20,../embeddings/output/store_location_test_script_lucas_toc/38682502_2015-06-20.csv
38682528,2015-06-04,../embeddings/output/store_location_test_script_lucas_toc/38682528_2015-06-04.csv
38682654,2015-06-08,../embeddings/output/store_location_test_script_lucas_toc/38682654_2015-06-08.csv
38683122,2015-07-11,../embeddings/output/store_location_test_script_lucas_toc/38683122_2015-07-11.csv
38722460,2015-08-02,../embeddings/output/store_location_test_script_lucas_toc/38722460_2015-08-02.csv
38722484,2015-05-14,../embeddings/output/store_location_test_script_lucas_toc/38722484_2015-05-14.csv
38722618,2015-07-01,../embeddings/output/store_location_test_script_lucas_toc/38722618_2015-07-01.csv
38722676,2015-05-25,../embeddings/output/store_location_test_script_lucas_toc/38722676_2015-05-25.csv
38722694,2015-08-04,../embeddings/output/store_location_test_script_lucas_toc/38722694_2015-08-04.csv
38723036,2015-07-15,../embeddings/output/store_location_test_script_lucas_toc/38723036_2015-07-15.csv
38743106,2015-07-26,../embeddings/output/store_location_test_script_lucas_toc/38743106_2015-07-26.csv
38743146,2015-09-26,../embeddings/output/store_location_test_script_lucas_toc/38743146_2015-09-26.csv
38762486,2015-08-07,../embeddings/output/store_location_test_script_lucas_toc/38762486_2015-08-07.csv
38762586,2015-07-31,../embeddings/output/store_location_test_script_lucas_toc/38762586_2015-07-31.csv
38762644,2015-06-19,../embeddings/output/store_location_test_script_lucas_toc/38762644_2015-06-19.csv
38782548,2015-06-01,../embeddings/output/store_location_test_script_lucas_toc/38782548_2015-06-01.csv
38782566,2015-05-16,../embeddings/output/store_location_test_script_lucas_toc/38782566_2015-05-16.csv
38782602,2015-08-03,../embeddings/output/store_location_test_script_lucas_toc/38782602_2015-08-03.csv
38802318,2015-05-01,../embeddings/output/store_location_test_script_lucas_toc/38802318_2015-05-01.csv
38803134,2015-09-26,../embeddings/output/store_location_test_script_lucas_toc/38803134_2015-09-26.csv
38822512,2015-05-29,../embeddings/output/store_location_test_script_lucas_toc/38822512_2015-05-29.csv
38842414,2015-06-19,../embeddings/output/store_location_test_script_lucas_toc/38842414_2015-06-19.csv
38842486,2015-06-12,../embeddings/output/store_location_test_script_lucas_toc/38842486_2015-06-12.csv
38842590,2015-07-30,../embeddings/output/store_location_test_script_lucas_toc/38842590_2015-07-30.csv
38862312,2015-06-18,../embeddings/output/store_location_test_script_lucas_toc/38862312_2015-06-18.csv
38862322,2015-06-08,../embeddings/output/store_location_test_script_lucas_toc/38862322_2015-06-08.csv
38862448,2015-07-02,../embeddings/output/store_location_test_script_lucas_toc/38862448_2015-07-02.csv
38863036,2015-07-20,../embeddings/output/store_location_test_script_lucas_toc/38863036_2015-07-20.csv
38882368,2015-06-14,../embeddings/output/store_location_test_script_lucas_toc/38882368_2015-06-14.csv
38882614,2015-07-29,../embeddings/output/store_location_test_script_lucas_toc/38882614_2015-07-29.csv
38882650,2015-06-09,../embeddings/output/store_location_test_script_lucas_toc/38882650_2015-06-09.csv
38883118,2015-07-29,../embeddings/output/store_location_test_script_lucas_toc/38883118_2015-07-29.csv
38903014,2015-07-18,../embeddings/output/store_location_test_script_lucas_toc/38903014_2015-07-18.csv
38903114,2015-07-19,../embeddings/output/store_location_test_script_lucas_toc/38903114_2015-07-19.csv
38922344,2015-06-13,../embeddings/output/store_location_test_script_lucas_toc/38922344_2015-06-13.csv
38922362,2015-06-14,../embeddings/output/store_location_test_script_lucas_toc/38922362_2015-06-14.csv
38922722,2015-07-30,../embeddings/output/store_location_test_script_lucas_toc/38922722_2015-07-30.csv
38922812,2015-07-16,../embeddings/output/store_location_test_script_lucas_toc/38922812_2015-07-16.csv
38942522,2015-06-14,../embeddings/output/store_location_test_script_lucas_toc/38942522_2015-06-14.csv
38942568,2015-06-13,../embeddings/output/store_location_test_script_lucas_toc/38942568_2015-06-13.csv
38942636,2015-07-01,../embeddings/output/store_location_test_script_lucas_toc/38942636_2015-07-01.csv
38943000,2015-09-19,../embeddings/output/store_location_test_script_lucas_toc/38943000_2015-09-19.csv
38943054,2015-06-18,../embeddings/output/store_location_test_script_lucas_toc/38943054_2015-06-18.csv
38943130,2015-09-21,../embeddings/output/store_location_test_script_lucas_toc/38943130_2015-09-21.csv
38962578,2015-06-19,../embeddings/output/store_location_test_script_lucas_toc/38962578_2015-06-19.csv
38982480,2015-06-25,../embeddings/output/store_location_test_script_lucas_toc/38982480_2015-06-25.csv
38982634,2015-07-01,../embeddings/output/store_location_test_script_lucas_toc/38982634_2015-07-01.csv
38983092,2015-07-17,../embeddings/output/store_location_test_script_lucas_toc/38983092_2015-07-17.csv
39002340,2015-06-13,../embeddings/output/store_location_test_script_lucas_toc/39002340_2015-06-13.csv
39002440,2015-06-28,../embeddings/output/store_location_test_script_lucas_toc/39002440_2015-06-28.csv
39002614,2015-07-29,../embeddings/output/store_location_test_script_lucas_toc/39002614_2015-07-29.csv
39002980,2015-09-21,../embeddings/output/store_location_test_script_lucas_toc/39002980_2015-09-21.csv
39022590,2015-05-25,../embeddings/output/store_location_test_script_lucas_toc/39022590_2015-05-25.csv
39062686,2015-09-06,../embeddings/output/store_location_test_script_lucas_toc/39062686_2015-09-06.csv
39082546,2015-05-23,../embeddings/output/store_location_test_script_lucas_toc/39082546_2015-05-23.csv
39082600,2015-07-20,../embeddings/output/store_location_test_script_lucas_toc/39082600_2015-07-20.csv
39082636,2015-06-27,../embeddings/output/store_location_test_script_lucas_toc/39082636_2015-06-27.csv
39082654,2015-06-13,../embeddings/output/store_location_test_script_lucas_toc/39082654_2015-06-13.csv
39082982,2015-09-24,../embeddings/output/store_location_test_script_lucas_toc/39082982_2015-09-24.csv
39083090,2015-08-20,../embeddings/output/store_location_test_script_lucas_toc/39083090_2015-08-20.csv
39122320,2015-07-16,../embeddings/output/store_location_test_script_lucas_toc/39122320_2015-07-16.csv
39122978,2015-09-22,../embeddings/output/store_location_test_script_lucas_toc/39122978_2015-09-22.csv
39123108,2015-08-21,../embeddings/output/store_location_test_script_lucas_toc/39123108_2015-08-21.csv
39162360,2015-08-22,../embeddings/output/store_location_test_script_lucas_toc/39162360_2015-08-22.csv
39162684,2015-08-23,../embeddings/output/store_location_test_script_lucas_toc/39162684_2015-08-23.csv
39182350,2015-08-24,../embeddings/output/store_location_test_script_lucas_toc/39182350_2015-08-24.csv
39183118,2015-08-21,../embeddings/output/store_location_test_script_lucas_toc/39183118_2015-08-21.csv
39202282,2015-05-03,../embeddings/output/store_location_test_script_lucas_toc/39202282_2015-05-03.csv
39202464,2015-06-29,../embeddings/output/store_location_test_script_lucas_toc/39202464_2015-06-29.csv
39222348,2015-08-24,../embeddings/output/store_location_test_script_lucas_toc/39222348_2015-08-24.csv
39222708,2015-08-07,../embeddings/output/store_location_test_script_lucas_toc/39222708_2015-08-07.csv
39222982,2015-09-22,../embeddings/output/store_location_test_script_lucas_toc/39222982_2015-09-22.csv
39242836,2015-07-12,../embeddings/output/store_location_test_script_lucas_toc/39242836_2015-07-12.csv
39242962,2015-09-20,../embeddings/output/store_location_test_script_lucas_toc/39242962_2015-09-20.csv
39262942,2015-08-30,../embeddings/output/store_location_test_script_lucas_toc/39262942_2015-08-30.csv
39262964,2015-09-20,../embeddings/output/store_location_test_script_lucas_toc/39262964_2015-09-20.csv
39303122,2015-08-22,../embeddings/output/store_location_test_script_lucas_toc/39303122_2015-08-22.csv
39322368,2015-07-05,../embeddings/output/store_location_test_script_lucas_toc/39322368_2015-07-05.csv
39342306,2015-08-24,../embeddings/output/store_location_test_script_lucas_toc/39342306_2015-08-24.csv
39342594,2015-05-22,../embeddings/output/store_location_test_script_lucas_toc/39342594_2015-05-22.csv
39342598,2015-05-21,../embeddings/output/store_location_test_script_lucas_toc/39342598_2015-05-21.csv
39362394,2015-07-09,../embeddings/output/store_location_test_script_lucas_toc/39362394_2015-07-09.csv
39362596,2015-05-24,../embeddings/output/store_location_test_script_lucas_toc/39362596_2015-05-24.csv
39382558,2015-05-30,../embeddings/output/store_location_test_script_lucas_toc/39382558_2015-05-30.csv
39382810,2015-07-13,../embeddings/output/store_location_test_script_lucas_toc/39382810_2015-07-13.csv
39382972,2015-09-13,../embeddings/output/store_location_test_script_lucas_toc/39382972_2015-09-13.csv
39402960,2015-09-13,../embeddings/output/store_location_test_script_lucas_toc/39402960_2015-09-13.csv
39422650,2015-07-04,../embeddings/output/store_location_test_script_lucas_toc/39422650_2015-07-04.csv
39442388,2015-07-09,../embeddings/output/store_location_test_script_lucas_toc/39442388_2015-07-09.csv
39442442,2015-05-22,../embeddings/output/store_location_test_script_lucas_toc/39442442_2015-05-22.csv
39442970,2015-09-13,../embeddings/output/store_location_test_script_lucas_toc/39442970_2015-09-13.csv
39443132,2015-08-24,../embeddings/output/store_location_test_script_lucas_toc/39443132_2015-08-24.csv
39462542,2015-06-07,../embeddings/output/store_location_test_script_lucas_toc/39462542_2015-06-07.csv
39462794,2015-09-18,../embeddings/output/store_location_test_script_lucas_toc/39462794_2015-09-18.csv
39482622,2015-05-16,../embeddings/output/store_location_test_script_lucas_toc/39482622_2015-05-16.csv
39502512,2015-07-04,../embeddings/output/store_location_test_script_lucas_toc/39502512_2015-07-04.csv
39522304,2015-05-03,../embeddings/output/store_location_test_script_lucas_toc/39522304_2015-05-03.csv
39522936,2015-09-03,../embeddings/output/store_location_test_script_lucas_toc/39522936_2015-09-03.csv
39542764,2015-09-25,../embeddings/output/store_location_test_script_lucas_toc/39542764_2015-09-25.csv
39543124,2015-08-25,../embeddings/output/store_location_test_script_lucas_toc/39543124_2015-08-25.csv
39562320,2015-08-23,../embeddings/output/store_location_test_script_lucas_toc/39562320_2015-08-23.csv
39563112,2015-08-16,../embeddings/output/store_location_test_script_lucas_toc/39563112_2015-08-16.csv
39582456,2015-07-23,../embeddings/output/store_location_test_script_lucas_toc/39582456_2015-07-23.csv
39582636,2015-07-12,../embeddings/output/store_location_test_script_lucas_toc/39582636_2015-07-12.csv
39583216,2015-05-15,../embeddings/output/store_location_test_script_lucas_toc/39583216_2015-05-15.csv
39602314,2015-06-11,../embeddings/output/store_location_test_script_lucas_toc/39602314_2015-06-11.csv
39622388,2015-05-21,../embeddings/output/store_location_test_script_lucas_toc/39622388_2015-05-21.csv
39622492,2015-06-12,../embeddings/output/store_location_test_script_lucas_toc/39622492_2015-06-12.csv
39622528,2015-07-06,../embeddings/output/store_location_test_script_lucas_toc/39622528_2015-07-06.csv
39642470,2015-06-22,../embeddings/output/store_location_test_script_lucas_toc/39642470_2015-06-22.csv
39642578,2015-06-26,../embeddings/output/store_location_test_script_lucas_toc/39642578_2015-06-26.csv
39662932,2015-05-31,../embeddings/output/store_location_test_script_lucas_toc/39662932_2015-05-31.csv
39662942,2015-06-01,../embeddings/output/store_location_test_script_lucas_toc/39662942_2015-06-01.csv
39662968,2015-09-12,../embeddings/output/store_location_test_script_lucas_toc/39662968_2015-09-12.csv
39663018,2015-06-05,../embeddings/output/store_location_test_script_lucas_toc/39663018_2015-06-05.csv
39682512,2015-07-04,../embeddings/output/store_location_test_script_lucas_toc/39682512_2015-07-04.csv
39702634,2015-05-22,../embeddings/output/store_location_test_script_lucas_toc/39702634_2015-05-22.csv
39702750,2015-10-08,../embeddings/output/store_location_test_script_lucas_toc/39702750_2015-10-08.csv
39722556,2015-06-18,../embeddings/output/store_location_test_script_lucas_toc/39722556_2015-06-18.csv
39722592,2015-06-06,../embeddings/output/store_location_test_script_lucas_toc/39722592_2015-06-06.csv
39722602,2015-06-06,../embeddings/output/store_location_test_script_lucas_toc/39722602_2015-06-06.csv
39742536,2015-06-14,../embeddings/output/store_location_test_script_lucas_toc/39742536_2015-06-14.csv
39742788,2015-05-23,../embeddings/output/store_location_test_script_lucas_toc/39742788_2015-05-23.csv
39743098,2015-08-11,../embeddings/output/store_location_test_script_lucas_toc/39743098_2015-08-11.csv
39743134,2015-08-31,../embeddings/output/store_location_test_script_lucas_toc/39743134_2015-08-31.csv
39762892,2015-06-19,../embeddings/output/store_location_test_script_lucas_toc/39762892_2015-06-19.csv
39782470,2015-07-09,../embeddings/output/store_location_test_script_lucas_toc/39782470_2015-07-09.csv
39782516,2015-06-14,../embeddings/output/store_location_test_script_lucas_toc/39782516_2015-06-14.csv
39782614,2015-05-16,../embeddings/output/store_location_test_script_lucas_toc/39782614_2015-05-16.csv
39783128,2015-09-12,../embeddings/output/store_location_test_script_lucas_toc/39783128_2015-09-12.csv
39783196,2015-06-14,../embeddings/output/store_location_test_script_lucas_toc/39783196_2015-06-14.csv
39802484,2015-07-16,../embeddings/output/store_location_test_script_lucas_toc/39802484_2015-07-16.csv
39802646,2015-05-23,../embeddings/output/store_location_test_script_lucas_toc/39802646_2015-05-23.csv
39802682,2015-05-31,../embeddings/output/store_location_test_script_lucas_toc/39802682_2015-05-31.csv
39803096,2015-08-11,../embeddings/output/store_location_test_script_lucas_toc/39803096_2015-08-11.csv
39803204,2015-05-14,../embeddings/output/store_location_test_script_lucas_toc/39803204_2015-05-14.csv
39822452,2015-07-09,../embeddings/output/store_location_test_script_lucas_toc/39822452_2015-07-09.csv
39842492,2015-07-16,../embeddings/output/store_location_test_script_lucas_toc/39842492_2015-07-16.csv
39842528,2015-07-09,../embeddings/output/store_location_test_script_lucas_toc/39842528_2015-07-09.csv
39882450,2015-07-10,../embeddings/output/store_location_test_script_lucas_toc/39882450_2015-07-10.csv
39882486,2015-07-16,../embeddings/output/store_location_test_script_lucas_toc/39882486_2015-07-16.csv
39882558,2015-06-18,../embeddings/output/store_location_test_script_lucas_toc/39882558_2015-06-18.csv
39882756,2015-10-01,../embeddings/output/store_location_test_script_lucas_toc/39882756_2015-10-01.csv
39883092,2015-09-01,../embeddings/output/store_location_test_script_lucas_toc/39883092_2015-09-01.csv
39883120,2015-09-16,../embeddings/output/store_location_test_script_lucas_toc/39883120_2015-09-16.csv
39902632,2015-06-07,../embeddings/output/store_location_test_script_lucas_toc/39902632_2015-06-07.csv
39903096,2015-09-01,../embeddings/output/store_location_test_script_lucas_toc/39903096_2015-09-01.csv
39903190,2015-07-12,../embeddings/output/store_location_test_script_lucas_toc/39903190_2015-07-12.csv
39922770,2015-09-28,../embeddings/output/store_location_test_script_lucas_toc/39922770_2015-09-28.csv
39962440,2015-05-22,../embeddings/output/store_location_test_script_lucas_toc/39962440_2015-05-22.csv
39962570,2015-06-27,../embeddings/output/store_location_test_script_lucas_toc/39962570_2015-06-27.csv
39963136,2015-08-14,../embeddings/output/store_location_test_script_lucas_toc/39963136_2015-08-14.csv
39982712,2015-07-25,../embeddings/output/store_location_test_script_lucas_toc/39982712_2015-07-25.csv
39982762,2015-10-01,../embeddings/output/store_location_test_script_lucas_toc/39982762_2015-10-01.csv
39982790,2015-09-16,../embeddings/output/store_location_test_script_lucas_toc/39982790_2015-09-16.csv
39982916,2015-06-05,../embeddings/output/store_location_test_script_lucas_toc/39982916_2015-06-05.csv
40002632,2015-06-12,../embeddings/output/store_location_test_script_lucas_toc/40002632_2015-06-12.csv
40002938,2015-06-14,../embeddings/output/store_location_test_script_lucas_toc/40002938_2015-06-14.csv
40022388,2015-06-17,../embeddings/output/store_location_test_script_lucas_toc/40022388_2015-06-17.csv
40022690,2015-07-19,../embeddings/output/store_location_test_script_lucas_toc/40022690_2015-07-19.csv
40023184,2015-07-11,../embeddings/output/store_location_test_script_lucas_toc/40023184_2015-07-11.csv
40043010,2015-07-18,../embeddings/output/store_location_test_script_lucas_toc/40043010_2015-07-18.csv
40062390,2015-06-17,../embeddings/output/store_location_test_script_lucas_toc/40062390_2015-06-17.csv
40062886,2015-05-27,../embeddings/output/store_location_test_script_lucas_toc/40062886_2015-05-27.csv
40063210,2015-07-16,../embeddings/output/store_location_test_script_lucas_toc/40063210_2015-07-16.csv
40082416,2015-06-18,../embeddings/output/store_location_test_script_lucas_toc/40082416_2015-06-18.csv
40082614,2015-06-20,../embeddings/output/store_location_test_script_lucas_toc/40082614_2015-06-20.csv
40082884,2015-05-27,../embeddings/output/store_location_test_script_lucas_toc/40082884_2015-05-27.csv
40102530,2015-06-29,../embeddings/output/store_location_test_script_lucas_toc/40102530_2015-06-29.csv
40102644,2015-07-11,../embeddings/output/store_location_test_script_lucas_toc/40102644_2015-07-11.csv
40102680,2015-07-18,../embeddings/output/store_location_test_script_lucas_toc/40102680_2015-07-18.csv
40102752,2015-07-29,../embeddings/output/store_location_test_script_lucas_toc/40102752_2015-07-29.csv
40122798,2015-07-02,../embeddings/output/store_location_test_script_lucas_toc/40122798_2015-07-02.csv
40142552,2015-07-05,../embeddings/output/store_location_test_script_lucas_toc/40142552_2015-07-05.csv
40142776,2015-06-28,../embeddings/output/store_location_test_script_lucas_toc/40142776_2015-06-28.csv
40162496,2015-06-06,../embeddings/output/store_location_test_script_lucas_toc/40162496_2015-06-06.csv
40162700,2015-08-03,../embeddings/output/store_location_test_script_lucas_toc/40162700_2015-08-03.csv
40162726,2015-07-27,../embeddings/output/store_location_test_script_lucas_toc/40162726_2015-07-27.csv
40162784,2015-06-29,../embeddings/output/store_location_test_script_lucas_toc/40162784_2015-06-29.csv
40163006,2015-09-12,../embeddings/output/store_location_test_script_lucas_toc/40163006_2015-09-12.csv
40163140,2015-05-25,../embeddings/output/store_location_test_script_lucas_toc/40163140_2015-05-25.csv
40182638,2015-07-09,../embeddings/output/store_location_test_script_lucas_toc/40182638_2015-07-09.csv
40202392,2015-06-14,../embeddings/output/store_location_test_script_lucas_toc/40202392_2015-06-14.csv
40202554,2015-07-05,../embeddings/output/store_location_test_script_lucas_toc/40202554_2015-07-05.csv
40202910,2015-06-06,../embeddings/output/store_location_test_script_lucas_toc/40202910_2015-06-06.csv
40203238,2015-06-24,../embeddings/output/store_location_test_script_lucas_toc/40203238_2015-06-24.csv
40222800,2015-07-04,../embeddings/output/store_location_test_script_lucas_toc/40222800_2015-07-04.csv
40243138,2015-05-29,../embeddings/output/store_location_test_script_lucas_toc/40243138_2015-05-29.csv
40243210,2015-07-17,../embeddings/output/store_location_test_script_lucas_toc/40243210_2015-07-17.csv
40262560,2015-07-05,../embeddings/output/store_location_test_script_lucas_toc/40262560_2015-07-05.csv
40262704,2015-08-03,../embeddings/output/store_location_test_script_lucas_toc/40262704_2015-08-03.csv
40263330,2015-09-04,../embeddings/output/store_location_test_script_lucas_toc/40263330_2015-09-04.csv
40282972,2015-08-21,../embeddings/output/store_location_test_script_lucas_toc/40282972_2015-08-21.csv
40283004,2015-09-11,../embeddings/output/store_location_test_script_lucas_toc/40283004_2015-09-11.csv
40302366,2015-06-12,../embeddings/output/store_location_test_script_lucas_toc/40302366_2015-06-12.csv
40302370,2015-06-12,../embeddings/output/store_location_test_script_lucas_toc/40302370_2015-06-12.csv
40303258,2015-06-11,../embeddings/output/store_location_test_script_lucas_toc/40303258_2015-06-11.csv
40322650,2015-08-05,../embeddings/output/store_location_test_script_lucas_toc/40322650_2015-08-05.csv
40322818,2015-05-22,../embeddings/output/store_location_test_script_lucas_toc/40322818_2015-05-22.csv
40342510,2015-05-24,../embeddings/output/store_location_test_script_lucas_toc/40342510_2015-05-24.csv
40342820,2015-05-22,../embeddings/output/store_location_test_script_lucas_toc/40342820_2015-05-22.csv
40363052,2015-07-11,../embeddings/output/store_location_test_script_lucas_toc/40363052_2015-07-11.csv
40382762,2015-07-30,../embeddings/output/store_location_test_script_lucas_toc/40382762_2015-07-30.csv
40382968,2015-07-06,../embeddings/output/store_location_test_script_lucas_toc/40382968_2015-07-06.csv
40382996,2015-08-29,../embeddings/output/store_location_test_script_lucas_toc/40382996_2015-08-29.csv
40383036,2015-07-10,../embeddings/output/store_location_test_script_lucas_toc/40383036_2015-07-10.csv
40383310,2015-08-23,../embeddings/output/store_location_test_script_lucas_toc/40383310_2015-08-23.csv
40402524,2015-05-29,../embeddings/output/store_location_test_script_lucas_toc/40402524_2015-05-29.csv
40442638,2015-08-07,../embeddings/output/store_location_test_script_lucas_toc/40442638_2015-08-07.csv
40442866,2015-06-24,../embeddings/output/store_location_test_script_lucas_toc/40442866_2015-06-24.csv
40442880,2015-05-23,../embeddings/output/store_location_test_script_lucas_toc/40442880_2015-05-23.csv
40462680,2015-08-01,../embeddings/output/store_location_test_script_lucas_toc/40462680_2015-08-01.csv
40462792,2015-06-29,../embeddings/output/store_location_test_script_lucas_toc/40462792_2015-06-29.csv
40482780,2015-07-23,../embeddings/output/store_location_test_script_lucas_toc/40482780_2015-07-23.csv
40502692,2015-07-27,../embeddings/output/store_location_test_script_lucas_toc/40502692_2015-07-27.csv
40502908,2015-06-26,../embeddings/output/store_location_test_script_lucas_toc/40502908_2015-06-26.csv
40503298,2015-08-06,../embeddings/output/store_location_test_script_lucas_toc/40503298_2015-08-06.csv
40522492,2015-05-18,../embeddings/output/store_location_test_script_lucas_toc/40522492_2015-05-18.csv
40522906,2015-06-26,../embeddings/output/store_location_test_script_lucas_toc/40522906_2015-06-26.csv
40523090,2015-07-06,../embeddings/output/store_location_test_script_lucas_toc/40523090_2015-07-06.csv
40523276,2015-05-24,../embeddings/output/store_location_test_script_lucas_toc/40523276_2015-05-24.csv
40562266,2015-07-14,../embeddings/output/store_location_test_script_lucas_toc/40562266_2015-07-14.csv
40562312,2015-05-23,../embeddings/output/store_location_test_script_lucas_toc/40562312_2015-05-23.csv
40562532,2015-05-18,../embeddings/output/store_location_test_script_lucas_toc/40562532_2015-05-18.csv
40563266,2015-05-24,../embeddings/output/store_location_test_script_lucas_toc/40563266_2015-05-24.csv
40563284,2015-05-26,../embeddings/output/store_location_test_script_lucas_toc/40563284_2015-05-26.csv
40582782,2015-06-22,../embeddings/output/store_location_test_script_lucas_toc/40582782_2015-06-22.csv
40602678,2015-05-25,../embeddings/output/store_location_test_script_lucas_toc/40602678_2015-05-25.csv
40602864,2015-07-16,../embeddings/output/store_location_test_script_lucas_toc/40602864_2015-07-16.csv
40622664,2015-07-31,../embeddings/output/store_location_test_script_lucas_toc/40622664_2015-07-31.csv
40622800,2015-07-24,../embeddings/output/store_location_test_script_lucas_toc/40622800_2015-07-24.csv
40622812,2015-06-18,../embeddings/output/store_location_test_script_lucas_toc/40622812_2015-06-18.csv
40622908,2015-06-25,../embeddings/output/store_location_test_script_lucas_toc/40622908_2015-06-25.csv
40623226,2015-07-16,../embeddings/output/store_location_test_script_lucas_toc/40623226_2015-07-16.csv
40623316,2015-08-07,../embeddings/output/store_location_test_script_lucas_toc/40623316_2015-08-07.csv
40642558,2015-06-27,../embeddings/output/store_location_test_script_lucas_toc/40642558_2015-06-27.csv
40662730,2015-08-04,../embeddings/output/store_location_test_script_lucas_toc/40662730_2015-08-04.csv
40663302,2015-07-18,../embeddings/output/store_location_test_script_lucas_toc/40663302_2015-07-18.csv
40682920,2015-06-25,../embeddings/output/store_location_test_script_lucas_toc/40682920_2015-06-25.csv
40702664,2015-05-25,../embeddings/output/store_location_test_script_lucas_toc/40702664_2015-05-25.csv
40702780,2015-07-23,../embeddings/output/store_location_test_script_lucas_toc/40702780_2015-07-23.csv
40702802,2015-07-24,../embeddings/output/store_location_test_script_lucas_toc/40702802_2015-07-24.csv
40723226,2015-05-24,../embeddings/output/store_location_test_script_lucas_toc/40723226_2015-05-24.csv
40742708,2015-07-23,../embeddings/output/store_location_test_script_lucas_toc/40742708_2015-07-23.csv
40743266,2015-07-13,../embeddings/output/store_location_test_script_lucas_toc/40743266_2015-07-13.csv
40743284,2015-05-29,../embeddings/output/store_location_test_script_lucas_toc/40743284_2015-05-29.csv
40782846,2015-05-28,../embeddings/output/store_location_test_script_lucas_toc/40782846_2015-05-28.csv
40783020,2015-07-11,../embeddings/output/store_location_test_script_lucas_toc/40783020_2015-07-11.csv
40803286,2015-05-24,../embeddings/output/store_location_test_script_lucas_toc/40803286_2015-05-24.csv
40822860,2015-05-22,../embeddings/output/store_location_test_script_lucas_toc/40822860_2015-05-22.csv
40822936,2015-05-16,../embeddings/output/store_location_test_script_lucas_toc/40822936_2015-05-16.csv
40823260,2015-05-30,../embeddings/output/store_location_test_script_lucas_toc/40823260_2015-05-30.csv
40842690,2015-07-25,../embeddings/output/store_location_test_script_lucas_toc/40842690_2015-07-25.csv
40843122,2015-07-10,../embeddings/output/store_location_test_script_lucas_toc/40843122_2015-07-10.csv
40862692,2015-07-25,../embeddings/output/store_location_test_script_lucas_toc/40862692_2015-07-25.csv
40862974,2015-07-17,../embeddings/output/store_location_test_script_lucas_toc/40862974_2015-07-17.csv
40882942,2015-05-16,../embeddings/output/store_location_test_script_lucas_toc/40882942_2015-05-16.csv
40882988,2015-06-26,../embeddings/output/store_location_test_script_lucas_toc/40882988_2015-06-26.csv
40883024,2015-05-25,../embeddings/output/store_location_test_script_lucas_toc/40883024_2015-05-25.csv
40922712,2015-07-01,../embeddings/output/store_location_test_script_lucas_toc/40922712_2015-07-01.csv
40923018,2015-05-24,../embeddings/output/store_location_test_script_lucas_toc/40923018_2015-05-24.csv
40942518,2015-06-06,../embeddings/output/store_location_test_script_lucas_toc/40942518_2015-06-06.csv
40942872,2015-06-05,../embeddings/output/store_location_test_script_lucas_toc/40942872_2015-06-05.csv
40943358,2015-06-27,../embeddings/output/store_location_test_script_lucas_toc/40943358_2015-06-27.csv
40963290,2015-06-02,../embeddings/output/store_location_test_script_lucas_toc/40963290_2015-06-02.csv
40982506,2015-06-06,../embeddings/output/store_location_test_script_lucas_toc/40982506_2015-06-06.csv
40982812,2015-07-24,../embeddings/output/store_location_test_script_lucas_toc/40982812_2015-07-24.csv
41002860,2015-05-31,../embeddings/output/store_location_test_script_lucas_toc/41002860_2015-05-31.csv
41003008,2015-06-28,../embeddings/output/store_location_test_script_lucas_toc/41003008_2015-06-28.csv
41003224,2015-06-11,../embeddings/output/store_location_test_script_lucas_toc/41003224_2015-06-11.csv
41022528,2015-06-05,../embeddings/output/store_location_test_script_lucas_toc/41022528_2015-06-05.csv
41043298,2015-06-05,../embeddings/output/store_location_test_script_lucas_toc/41043298_2015-06-05.csv
41043334,2015-06-23,../embeddings/output/store_location_test_script_lucas_toc/41043334_2015-06-23.csv
41062402,2015-05-28,../embeddings/output/store_location_test_script_lucas_toc/41062402_2015-05-28.csv
41062772,2015-08-13,../embeddings/output/store_location_test_script_lucas_toc/41062772_2015-08-13.csv
41062784,2015-08-13,../embeddings/output/store_location_test_script_lucas_toc/41062784_2015-08-13.csv
41062870,2015-05-22,../embeddings/output/store_location_test_script_lucas_toc/41062870_2015-05-22.csv
41063212,2015-05-17,../embeddings/output/store_location_test_script_lucas_toc/41063212_2015-05-17.csv
41082416,2015-05-28,../embeddings/output/store_location_test_script_lucas_toc/41082416_2015-05-28.csv
41083226,2015-06-11,../embeddings/output/store_location_test_script_lucas_toc/41083226_2015-06-11.csv
41083280,2015-08-31,../embeddings/output/store_location_test_script_lucas_toc/41083280_2015-08-31.csv
41102442,2015-05-10,../embeddings/output/store_location_test_script_lucas_toc/41102442_2015-05-10.csv
41122362,2015-06-16,../embeddings/output/store_location_test_script_lucas_toc/41122362_2015-06-16.csv
41122412,2015-05-28,../embeddings/output/store_location_test_script_lucas_toc/41122412_2015-05-28.csv
41122890,2015-06-08,../embeddings/output/store_location_test_script_lucas_toc/41122890_2015-06-08.csv
41122926,2015-06-02,../embeddings/output/store_location_test_script_lucas_toc/41122926_2015-06-02.csv
41182396,2015-05-28,../embeddings/output/store_location_test_script_lucas_toc/41182396_2015-05-28.csv
41222390,2015-05-29,../embeddings/output/store_location_test_script_lucas_toc/41222390_2015-05-29.csv
41222398,2015-05-28,../embeddings/output/store_location_test_script_lucas_toc/41222398_2015-05-28.csv
41222408,2015-05-28,../embeddings/output/store_location_test_script_lucas_toc/41222408_2015-05-28.csv
41222728,2015-07-08,../embeddings/output/store_location_test_script_lucas_toc/41222728_2015-07-08.csv
41242460,2015-06-28,../embeddings/output/store_location_test_script_lucas_toc/41242460_2015-06-28.csv
41242466,2015-06-28,../embeddings/output/store_location_test_script_lucas_toc/41242466_2015-06-28.csv
41242892,2015-06-08,../embeddings/output/store_location_test_script_lucas_toc/41242892_2015-06-08.csv
41262404,2015-05-29,../embeddings/output/store_location_test_script_lucas_toc/41262404_2015-05-29.csv
41263244,2015-08-21,../embeddings/output/store_location_test_script_lucas_toc/41263244_2015-08-21.csv
41302362,2015-06-16,../embeddings/output/store_location_test_script_lucas_toc/41302362_2015-06-16.csv
41302764,2015-08-15,../embeddings/output/store_location_test_script_lucas_toc/41302764_2015-08-15.csv
41322378,2015-06-18,../embeddings/output/store_location_test_script_lucas_toc/41322378_2015-06-18.csv
41322778,2015-08-14,../embeddings/output/store_location_test_script_lucas_toc/41322778_2015-08-14.csv
41342376,2015-06-16,../embeddings/output/store_location_test_script_lucas_toc/41342376_2015-06-16.csv
41342398,2015-05-24,../embeddings/output/store_location_test_script_lucas_toc/41342398_2015-05-24.csv
41342404,2015-05-24,../embeddings/output/store_location_test_script_lucas_toc/41342404_2015-05-24.csv
41342740,2015-07-08,../embeddings/output/store_location_test_script_lucas_toc/41342740_2015-07-08.csv
41342782,2015-08-14,../embeddings/output/store_location_test_script_lucas_toc/41342782_2015-08-14.csv
41342812,2015-07-16,../embeddings/output/store_location_test_script_lucas_toc/41342812_2015-07-16.csv
41342836,2015-07-19,../embeddings/output/store_location_test_script_lucas_toc/41342836_2015-07-19.csv
41362374,2015-06-16,../embeddings/output/store_location_test_script_lucas_toc/41362374_2015-06-16.csv
41362410,2015-05-24,../embeddings/output/store_location_test_script_lucas_toc/41362410_2015-05-24.csv
41362774,2015-08-14,../embeddings/output/store_location_test_script_lucas_toc/41362774_2015-08-14.csv
41382456,2015-05-09,../embeddings/output/store_location_test_script_lucas_toc/41382456_2015-05-09.csv
41382762,2015-08-14,../embeddings/output/store_location_test_script_lucas_toc/41382762_2015-08-14.csv
41382834,2015-07-09,../embeddings/output/store_location_test_script_lucas_toc/41382834_2015-07-09.csv
41383234,2015-05-25,../embeddings/output/store_location_test_script_lucas_toc/41383234_2015-05-25.csv
41402848,2015-07-06,../embeddings/output/store_location_test_script_lucas_toc/41402848_2015-07-06.csv
41403316,2015-09-04,../embeddings/output/store_location_test_script_lucas_toc/41403316_2015-09-04.csv
41403376,2015-09-18,../embeddings/output/store_location_test_script_lucas_toc/41403376_2015-09-18.csv
41422376,2015-06-15,../embeddings/output/store_location_test_script_lucas_toc/41422376_2015-06-15.csv
41423356,2015-06-11,../embeddings/output/store_location_test_script_lucas_toc/41423356_2015-06-11.csv
41442372,2015-06-15,../embeddings/output/store_location_test_script_lucas_toc/41442372_2015-06-15.csv
41442462,2015-06-25,../embeddings/output/store_location_test_script_lucas_toc/41442462_2015-06-25.csv
41442800,2015-07-17,../embeddings/output/store_location_test_script_lucas_toc/41442800_2015-07-17.csv
41462518,2015-06-06,../embeddings/output/store_location_test_script_lucas_toc/41462518_2015-06-06.csv
41462942,2015-06-07,../embeddings/output/store_location_test_script_lucas_toc/41462942_2015-06-07.csv
41482350,2015-06-15,../embeddings/output/store_location_test_script_lucas_toc/41482350_2015-06-15.csv
41482416,2015-05-17,../embeddings/output/store_location_test_script_lucas_toc/41482416_2015-05-17.csv
41483196,2015-08-27,../embeddings/output/store_location_test_script_lucas_toc/41483196_2015-08-27.csv
41502390,2015-05-24,../embeddings/output/store_location_test_script_lucas_toc/41502390_2015-05-24.csv
41502436,2015-05-09,../embeddings/output/store_location_test_script_lucas_toc/41502436_2015-05-09.csv
41502948,2015-06-08,../embeddings/output/store_location_test_script_lucas_toc/41502948_2015-06-08.csv
41522376,2015-06-15,../embeddings/output/store_location_test_script_lucas_toc/41522376_2015-06-15.csv
41522386,2015-05-24,../embeddings/output/store_location_test_script_lucas_toc/41522386_2015-05-24.csv
41522416,2015-05-17,../embeddings/output/store_location_test_script_lucas_toc/41522416_2015-05-17.csv
41522818,2015-07-14,../embeddings/output/store_location_test_script_lucas_toc/41522818_2015-07-14.csv
41523334,2015-05-25,../embeddings/output/store_location_test_script_lucas_toc/41523334_2015-05-25.csv
41543076,2015-05-24,../embeddings/output/store_location_test_script_lucas_toc/41543076_2015-05-24.csv
41562402,2015-05-24,../embeddings/output/store_location_test_script_lucas_toc/41562402_2015-05-24.csv
41562438,2015-05-09,../embeddings/output/store_location_test_script_lucas_toc/41562438_2015-05-09.csv
41582314,2015-07-20,../embeddings/output/store_location_test_script_lucas_toc/41582314_2015-07-20.csv
41602856,2015-07-13,../embeddings/output/store_location_test_script_lucas_toc/41602856_2015-07-13.csv
41603320,2015-09-05,../embeddings/output/store_location_test_script_lucas_toc/41603320_2015-09-05.csv
41603342,2015-06-07,../embeddings/output/store_location_test_script_lucas_toc/41603342_2015-06-07.csv
41622458,2015-06-01,../embeddings/output/store_location_test_script_lucas_toc/41622458_2015-06-01.csv
41622476,2015-07-11,../embeddings/output/store_location_test_script_lucas_toc/41622476_2015-07-11.csv
41642978,2015-05-25,../embeddings/output/store_location_test_script_lucas_toc/41642978_2015-05-25.csv
41643342,2015-06-08,../embeddings/output/store_location_test_script_lucas_toc/41643342_2015-06-08.csv
41643360,2015-08-23,../embeddings/output/store_location_test_script_lucas_toc/41643360_2015-08-23.csv
41663232,2015-07-16,../embeddings/output/store_location_test_script_lucas_toc/41663232_2015-07-16.csv
41682400,2015-06-22,../embeddings/output/store_location_test_script_lucas_toc/41682400_2015-06-22.csv
41682724,2015-09-11,../embeddings/output/store_location_test_script_lucas_toc/41682724_2015-09-11.csv
41702722,2015-09-12,../embeddings/output/store_location_test_script_lucas_toc/41702722_2015-09-12.csv
41722446,2015-05-16,../embeddings/output/store_location_test_script_lucas_toc/41722446_2015-05-16.csv
41723044,2015-06-07,../embeddings/output/store_location_test_script_lucas_toc/41723044_2015-06-07.csv
41742420,2015-05-16,../embeddings/output/store_location_test_script_lucas_toc/41742420_2015-05-16.csv
41742978,2015-07-04,../embeddings/output/store_location_test_script_lucas_toc/41742978_2015-07-04.csv
41743032,2015-05-29,../embeddings/output/store_location_test_script_lucas_toc/41743032_2015-05-29.csv
41743302,2015-09-07,../embeddings/output/store_location_test_script_lucas_toc/41743302_2015-09-07.csv
41763118,2015-05-31,../embeddings/output/store_location_test_script_lucas_toc/41763118_2015-05-31.csv
41763334,2015-06-05,../embeddings/output/store_location_test_script_lucas_toc/41763334_2015-06-05.csv
41782388,2015-06-21,../embeddings/output/store_location_test_script_lucas_toc/41782388_2015-06-21.csv
41782412,2015-05-16,../embeddings/output/store_location_test_script_lucas_toc/41782412_2015-05-16.csv
41782772,2015-09-08,../embeddings/output/store_location_test_script_lucas_toc/41782772_2015-09-08.csv
41783068,2015-05-24,../embeddings/output/store_location_test_script_lucas_toc/41783068_2015-05-24.csv
41783342,2015-07-15,../embeddings/output/store_location_test_script_lucas_toc/41783342_2015-07-15.csv
41783392,2015-09-12,../embeddings/output/store_location_test_script_lucas_toc/41783392_2015-09-12.csv
41821790,2015-07-02,../embeddings/output/store_location_test_script_lucas_toc/41821790_2015-07-02.csv
41822402,2015-06-21,../embeddings/output/store_location_test_script_lucas_toc/41822402_2015-06-21.csv
41822870,2015-07-12,../embeddings/output/store_location_test_script_lucas_toc/41822870_2015-07-12.csv
41823184,2015-06-12,../embeddings/output/store_location_test_script_lucas_toc/41823184_2015-06-12.csv
41823346,2015-05-30,../embeddings/output/store_location_test_script_lucas_toc/41823346_2015-05-30.csv
41861958,2015-04-24,../embeddings/output/store_location_test_script_lucas_toc/41861958_2015-04-24.csv
41863092,2015-07-02,../embeddings/output/store_location_test_script_lucas_toc/41863092_2015-07-02.csv
41902400,2015-07-03,../embeddings/output/store_location_test_script_lucas_toc/41902400_2015-07-03.csv
41902738,2015-08-23,../embeddings/output/store_location_test_script_lucas_toc/41902738_2015-08-23.csv
41903350,2015-07-03,../embeddings/output/store_location_test_script_lucas_toc/41903350_2015-07-03.csv
41922402,2015-06-15,../embeddings/output/store_location_test_script_lucas_toc/41922402_2015-06-15.csv
41922438,2015-06-25,../embeddings/output/store_location_test_script_lucas_toc/41922438_2015-06-25.csv
41923186,2015-05-30,../embeddings/output/store_location_test_script_lucas_toc/41923186_2015-05-30.csv
41942506,2015-06-14,../embeddings/output/store_location_test_script_lucas_toc/41942506_2015-06-14.csv
41962754,2015-08-24,../embeddings/output/store_location_test_script_lucas_toc/41962754_2015-08-24.csv
41962892,2015-06-19,../embeddings/output/store_location_test_script_lucas_toc/41962892_2015-06-19.csv
41963126,2015-07-06,../embeddings/output/store_location_test_script_lucas_toc/41963126_2015-07-06.csv
41963222,2015-06-26,../embeddings/output/store_location_test_script_lucas_toc/41963222_2015-06-26.csv
41963360,2015-07-11,../embeddings/output/store_location_test_script_lucas_toc/41963360_2015-07-11.csv
41981900,2015-06-30,../embeddings/output/store_location_test_script_lucas_toc/41981900_2015-06-30.csv
41981944,2015-04-22,../embeddings/output/store_location_test_script_lucas_toc/41981944_2015-04-22.csv
41982398,2015-07-03,../embeddings/output/store_location_test_script_lucas_toc/41982398_2015-07-03.csv
41982722,2015-09-13,../embeddings/output/store_location_test_script_lucas_toc/41982722_2015-09-13.csv
42003148,2015-07-19,../embeddings/output/store_location_test_script_lucas_toc/42003148_2015-07-19.csv
42003238,2015-06-26,../embeddings/output/store_location_test_script_lucas_toc/42003238_2015-06-26.csv
42003608,2015-08-07,../embeddings/output/store_location_test_script_lucas_toc/42003608_2015-08-07.csv
42022416,2015-05-25,../embeddings/output/store_location_test_script_lucas_toc/42022416_2015-05-25.csv
42061858,2015-07-12,../embeddings/output/store_location_test_script_lucas_toc/42061858_2015-07-12.csv
42061926,2015-05-24,../embeddings/output/store_location_test_script_lucas_toc/42061926_2015-05-24.csv
42063100,2015-07-04,../embeddings/output/store_location_test_script_lucas_toc/42063100_2015-07-04.csv
42081806,2015-07-02,../embeddings/output/store_location_test_script_lucas_toc/42081806_2015-07-02.csv
42081910,2015-07-10,../embeddings/output/store_location_test_script_lucas_toc/42081910_2015-07-10.csv
42083332,2015-06-28,../embeddings/output/store_location_test_script_lucas_toc/42083332_2015-06-28.csv
42083350,2015-06-20,../embeddings/output/store_location_test_script_lucas_toc/42083350_2015-06-20.csv
42083674,2015-08-03,../embeddings/output/store_location_test_script_lucas_toc/42083674_2015-08-03.csv
42101830,2015-04-15,../embeddings/output/store_location_test_script_lucas_toc/42101830_2015-04-15.csv
42101926,2015-05-24,../embeddings/output/store_location_test_script_lucas_toc/42101926_2015-05-24.csv
42123178,2015-06-26,../embeddings/output/store_location_test_script_lucas_toc/42123178_2015-06-26.csv
42143366,2015-08-24,../embeddings/output/store_location_test_script_lucas_toc/42143366_2015-08-24.csv
42161822,2015-04-15,../embeddings/output/store_location_test_script_lucas_toc/42161822_2015-04-15.csv
42163298,2015-07-17,../embeddings/output/store_location_test_script_lucas_toc/42163298_2015-07-17.csv
42182100,2015-07-03,../embeddings/output/store_location_test_script_lucas_toc/42182100_2015-07-03.csv
42182510,2015-06-19,../embeddings/output/store_location_test_script_lucas_toc/42182510_2015-06-19.csv
42183342,2015-06-30,../embeddings/output/store_location_test_script_lucas_toc/42183342_2015-06-30.csv
42222936,2015-07-07,../embeddings/output/store_location_test_script_lucas_toc/42222936_2015-07-07.csv
42223056,2015-05-23,../embeddings/output/store_location_test_script_lucas_toc/42223056_2015-05-23.csv
42223066,2015-07-06,../embeddings/output/store_location_test_script_lucas_toc/42223066_2015-07-06.csv
42242404,2015-06-20,../embeddings/output/store_location_test_script_lucas_toc/42242404_2015-06-20.csv
42243402,2015-09-18,../embeddings/output/store_location_test_script_lucas_toc/42243402_2015-09-18.csv
42261946,2015-05-25,../embeddings/output/store_location_test_script_lucas_toc/42261946_2015-05-25.csv
42261960,2015-06-12,../embeddings/output/store_location_test_script_lucas_toc/42261960_2015-06-12.csv
42263098,2015-09-16,../embeddings/output/store_location_test_script_lucas_toc/42263098_2015-09-16.csv
42283198,2015-07-04,../embeddings/output/store_location_test_script_lucas_toc/42283198_2015-07-04.csv
42283356,2015-08-30,../embeddings/output/store_location_test_script_lucas_toc/42283356_2015-08-30.csv
42303596,2015-07-25,../embeddings/output/store_location_test_script_lucas_toc/42303596_2015-07-25.csv
42321952,2015-04-22,../embeddings/output/store_location_test_script_lucas_toc/42321952_2015-04-22.csv
42323666,2015-08-02,../embeddings/output/store_location_test_script_lucas_toc/42323666_2015-08-02.csv
42342480,2015-05-30,../embeddings/output/store_location_test_script_lucas_toc/42342480_2015-05-30.csv
42361906,2015-04-28,../embeddings/output/store_location_test_script_lucas_toc/42361906_2015-04-28.csv
42361916,2015-06-05,../embeddings/output/store_location_test_script_lucas_toc/42361916_2015-06-05.csv
42362424,2015-05-25,../embeddings/output/store_location_test_script_lucas_toc/42362424_2015-05-25.csv
42362442,2015-05-18,../embeddings/output/store_location_test_script_lucas_toc/42362442_2015-05-18.csv
42363374,2015-09-16,../embeddings/output/store_location_test_script_lucas_toc/42363374_2015-09-16.csv
42363576,2015-07-12,../embeddings/output/store_location_test_script_lucas_toc/42363576_2015-07-12.csv
42381944,2015-06-14,../embeddings/output/store_location_test_script_lucas_toc/42381944_2015-06-14.csv
42402468,2015-05-18,../embeddings/output/store_location_test_script_lucas_toc/42402468_2015-05-18.csv
42403002,2015-08-11,../embeddings/output/store_location_test_script_lucas_toc/42403002_2015-08-11.csv
42403344,2015-08-20,../embeddings/output/store_location_test_script_lucas_toc/42403344_2015-08-20.csv
42403530,2015-05-16,../embeddings/output/store_location_test_script_lucas_toc/42403530_2015-05-16.csv
42403584,2015-07-04,../embeddings/output/store_location_test_script_lucas_toc/42403584_2015-07-04.csv
42421810,2015-06-19,../embeddings/output/store_location_test_script_lucas_toc/42421810_2015-06-19.csv
42422416,2015-07-19,../embeddings/output/store_location_test_script_lucas_toc/42422416_2015-07-19.csv
42422520,2015-07-03,../embeddings/output/store_location_test_script_lucas_toc/42422520_2015-07-03.csv
42443310,2015-09-08,../embeddings/output/store_location_test_script_lucas_toc/42443310_2015-09-08.csv
42462478,2015-05-30,../embeddings/output/store_location_test_script_lucas_toc/42462478_2015-05-30.csv
42463356,2015-05-21,../embeddings/output/store_location_test_script_lucas_toc/42463356_2015-05-21.csv
42482812,2015-09-22,../embeddings/output/store_location_test_script_lucas_toc/42482812_2015-09-22.csv
42501808,2015-07-02,../embeddings/output/store_location_test_script_lucas_toc/42501808_2015-07-02.csv
42502430,2015-06-12,../embeddings/output/store_location_test_script_lucas_toc/42502430_2015-06-12.csv
42502766,2015-09-12,../embeddings/output/store_location_test_script_lucas_toc/42502766_2015-09-12.csv
42502820,2015-09-24,../embeddings/output/store_location_test_script_lucas_toc/42502820_2015-09-24.csv
42503014,2015-08-10,../embeddings/output/store_location_test_script_lucas_toc/42503014_2015-08-10.csv
42503342,2015-07-16,../embeddings/output/store_location_test_script_lucas_toc/42503342_2015-07-16.csv
42522422,2015-06-21,../embeddings/output/store_location_test_script_lucas_toc/42522422_2015-06-21.csv
42543054,2015-05-23,../embeddings/output/store_location_test_script_lucas_toc/42543054_2015-05-23.csv
42561800,2015-06-04,../embeddings/output/store_location_test_script_lucas_toc/42561800_2015-06-04.csv
42562962,2015-05-16,../embeddings/output/store_location_test_script_lucas_toc/42562962_2015-05-16.csv
42582432,2015-06-14,../embeddings/output/store_location_test_script_lucas_toc/42582432_2015-06-14.csv
42582462,2015-05-23,../embeddings/output/store_location_test_script_lucas_toc/42582462_2015-05-23.csv
42583038,2015-05-22,../embeddings/output/store_location_test_script_lucas_toc/42583038_2015-05-22.csv
42583062,2015-07-03,../embeddings/output/store_location_test_script_lucas_toc/42583062_2015-07-03.csv
42583080,2015-09-15,../embeddings/output/store_location_test_script_lucas_toc/42583080_2015-09-15.csv
42602992,2015-09-07,../embeddings/output/store_location_test_script_lucas_toc/42602992_2015-09-07.csv
42603492,2015-08-03,../embeddings/output/store_location_test_script_lucas_toc/42603492_2015-08-03.csv
42622490,2015-07-10,../embeddings/output/store_location_test_script_lucas_toc/42622490_2015-07-10.csv
42623368,2015-09-13,../embeddings/output/store_location_test_script_lucas_toc/42623368_2015-09-13.csv
42623652,2015-09-14,../embeddings/output/store_location_test_script_lucas_toc/42623652_2015-09-14.csv
42641970,2015-06-18,../embeddings/output/store_location_test_script_lucas_toc/42641970_2015-06-18.csv
42663712,2015-07-25,../embeddings/output/store_location_test_script_lucas_toc/42663712_2015-07-25.csv
42683042,2015-05-22,../embeddings/output/store_location_test_script_lucas_toc/42683042_2015-05-22.csv
42683096,2015-09-22,../embeddings/output/store_location_test_script_lucas_toc/42683096_2015-09-22.csv
42683482,2015-08-02,../embeddings/output/store_location_test_script_lucas_toc/42683482_2015-08-02.csv
42702102,2015-07-13,../embeddings/output/store_location_test_script_lucas_toc/42702102_2015-07-13.csv
42703640,2015-09-26,../embeddings/output/store_location_test_script_lucas_toc/42703640_2015-09-26.csv
42723126,2015-09-17,../embeddings/output/store_location_test_script_lucas_toc/42723126_2015-09-17.csv
42723338,2015-08-29,../embeddings/output/store_location_test_script_lucas_toc/42723338_2015-08-29.csv
42723522,2015-05-16,../embeddings/output/store_location_test_script_lucas_toc/42723522_2015-05-16.csv
42723778,2015-05-23,../embeddings/output/store_location_test_script_lucas_toc/42723778_2015-05-23.csv
42762108,2015-07-14,../embeddings/output/store_location_test_script_lucas_toc/42762108_2015-07-14.csv
42762490,2015-07-06,../embeddings/output/store_location_test_script_lucas_toc/42762490_2015-07-06.csv
42762760,2015-09-15,../embeddings/output/store_location_test_script_lucas_toc/42762760_2015-09-15.csv
42763074,2015-09-10,../embeddings/output/store_location_test_script_lucas_toc/42763074_2015-09-10.csv
42763282,2015-09-01,../embeddings/output/store_location_test_script_lucas_toc/42763282_2015-09-01.csv
42763458,2015-07-30,../embeddings/output/store_location_test_script_lucas_toc/42763458_2015-07-30.csv
42763462,2015-07-30,../embeddings/output/store_location_test_script_lucas_toc/42763462_2015-07-30.csv
42763506,2015-08-06,../embeddings/output/store_location_test_script_lucas_toc/42763506_2015-08-06.csv
42782484,2015-07-06,../embeddings/output/store_location_test_script_lucas_toc/42782484_2015-07-06.csv
42782830,2015-09-17,../embeddings/output/store_location_test_script_lucas_toc/42782830_2015-09-17.csv
42783592,2015-08-21,../embeddings/output/store_location_test_script_lucas_toc/42783592_2015-08-21.csv
42843466,2015-07-16,../embeddings/output/store_location_test_script_lucas_toc/42843466_2015-07-16.csv
42843682,2015-05-27,../embeddings/output/store_location_test_script_lucas_toc/42843682_2015-05-27.csv
42862532,2015-07-31,../embeddings/output/store_location_test_script_lucas_toc/42862532_2015-07-31.csv
42863486,2015-07-12,../embeddings/output/store_location_test_script_lucas_toc/42863486_2015-07-12.csv
42882682,2015-07-24,../embeddings/output/store_location_test_script_lucas_toc/42882682_2015-07-24.csv
42883028,2015-08-24,../embeddings/output/store_location_test_script_lucas_toc/42883028_2015-08-24.csv
42902492,2015-07-10,../embeddings/output/store_location_test_script_lucas_toc/42902492_2015-07-10.csv
42903450,2015-07-16,../embeddings/output/store_location_test_script_lucas_toc/42903450_2015-07-16.csv
42922458,2015-06-25,../embeddings/output/store_location_test_script_lucas_toc/42922458_2015-06-25.csv
42923790,2015-08-22,../embeddings/output/store_location_test_script_lucas_toc/42923790_2015-08-22.csv
42942490,2015-07-10,../embeddings/output/store_location_test_script_lucas_toc/42942490_2015-07-10.csv
42942690,2015-07-25,../embeddings/output/store_location_test_script_lucas_toc/42942690_2015-07-25.csv
42942810,2015-09-18,../embeddings/output/store_location_test_script_lucas_toc/42942810_2015-09-18.csv
42942840,2015-09-26,../embeddings/output/store_location_test_script_lucas_toc/42942840_2015-09-26.csv
42943458,2015-07-18,../embeddings/output/store_location_test_script_lucas_toc/42943458_2015-07-18.csv
42962764,2015-09-16,../embeddings/output/store_location_test_script_lucas_toc/42962764_2015-09-16.csv
42963078,2015-07-23,../embeddings/output/store_location_test_script_lucas_toc/42963078_2015-07-23.csv
42982676,2015-07-24,../embeddings/output/store_location_test_script_lucas_toc/42982676_2015-07-24.csv
42983458,2015-07-18,../embeddings/output/store_location_test_script_lucas_toc/42983458_2015-07-18.csv
43002394,2015-08-06,../embeddings/output/store_location_test_script_lucas_toc/43002394_2015-08-06.csv
43002766,2015-09-16,../embeddings/output/store_location_test_script_lucas_toc/43002766_2015-09-16.csv
43022470,2015-06-25,../embeddings/output/store_location_test_script_lucas_toc/43022470_2015-06-25.csv
43022488,2015-07-10,../embeddings/output/store_location_test_script_lucas_toc/43022488_2015-07-10.csv
43022722,2015-09-18,../embeddings/output/store_location_test_script_lucas_toc/43022722_2015-09-18.csv
43022764,2015-05-28,../embeddings/output/store_location_test_script_lucas_toc/43022764_2015-05-28.csv
43022782,2015-09-10,../embeddings/output/store_location_test_script_lucas_toc/43022782_2015-09-10.csv
43023484,2015-07-09,../embeddings/output/store_location_test_script_lucas_toc/43023484_2015-07-09.csv
43042466,2015-06-25,../embeddings/output/store_location_test_script_lucas_toc/43042466_2015-06-25.csv
43042484,2015-07-10,../embeddings/output/store_location_test_script_lucas_toc/43042484_2015-07-10.csv
43042502,2015-07-24,../embeddings/output/store_location_test_script_lucas_toc/43042502_2015-07-24.csv
43042730,2015-09-18,../embeddings/output/store_location_test_script_lucas_toc/43042730_2015-09-18.csv
43043726,2015-06-24,../embeddings/output/store_location_test_script_lucas_toc/43043726_2015-06-24.csv
43062462,2015-06-25,../embeddings/output/store_location_test_script_lucas_toc/43062462_2015-06-25.csv
43062470,2015-06-25,../embeddings/output/store_location_test_script_lucas_toc/43062470_2015-06-25.csv
43063640,2015-08-13,../embeddings/output/store_location_test_script_lucas_toc/43063640_2015-08-13.csv
43083518,2015-08-11,../embeddings/output/store_location_test_script_lucas_toc/43083518_2015-08-11.csv
43103646,2015-08-27,../embeddings/output/store_location_test_script_lucas_toc/43103646_2015-08-27.csv
43122702,2015-07-04,../embeddings/output/store_location_test_script_lucas_toc/43122702_2015-07-04.csv
43122714,2015-06-01,../embeddings/output/store_location_test_script_lucas_toc/43122714_2015-06-01.csv
43123092,2015-09-19,../embeddings/output/store_location_test_script_lucas_toc/43123092_2015-09-19.csv
43123128,2015-09-29,../embeddings/output/store_location_test_script_lucas_toc/43123128_2015-09-29.csv
43162536,2015-07-26,../embeddings/output/store_location_test_script_lucas_toc/43162536_2015-07-26.csv
43162706,2015-07-03,../embeddings/output/store_location_test_script_lucas_toc/43162706_2015-07-03.csv
43162972,2015-05-21,../embeddings/output/store_location_test_script_lucas_toc/43162972_2015-05-21.csv
43163458,2015-07-04,../embeddings/output/store_location_test_script_lucas_toc/43163458_2015-07-04.csv
43163688,2015-08-31,../embeddings/output/store_location_test_script_lucas_toc/43163688_2015-08-31.csv
43163800,2015-08-16,../embeddings/output/store_location_test_script_lucas_toc/43163800_2015-08-16.csv
43182456,2015-06-29,../embeddings/output/store_location_test_script_lucas_toc/43182456_2015-06-29.csv
43182478,2015-07-10,../embeddings/output/store_location_test_script_lucas_toc/43182478_2015-07-10.csv
43182496,2015-07-24,../embeddings/output/store_location_test_script_lucas_toc/43182496_2015-07-24.csv
43182690,2015-07-09,../embeddings/output/store_location_test_script_lucas_toc/43182690_2015-07-09.csv
43182730,2015-09-09,../embeddings/output/store_location_test_script_lucas_toc/43182730_2015-09-09.csv
43182744,2015-07-23,../embeddings/output/store_location_test_script_lucas_toc/43182744_2015-07-23.csv
43182784,2015-07-09,../embeddings/output/store_location_test_script_lucas_toc/43182784_2015-07-09.csv
43202452,2015-06-29,../embeddings/output/store_location_test_script_lucas_toc/43202452_2015-06-29.csv
43202722,2015-07-13,../embeddings/output/store_location_test_script_lucas_toc/43202722_2015-07-13.csv
43202746,2015-05-29,../embeddings/output/store_location_test_script_lucas_toc/43202746_2015-05-29.csv
43203034,2015-08-26,../embeddings/output/store_location_test_script_lucas_toc/43203034_2015-08-26.csv
43203502,2015-08-18,../embeddings/output/store_location_test_script_lucas_toc/43203502_2015-08-18.csv
43222420,2015-04-26,../embeddings/output/store_location_test_script_lucas_toc/43222420_2015-04-26.csv
43222466,2015-06-29,../embeddings/output/store_location_test_script_lucas_toc/43222466_2015-06-29.csv
43222730,2015-09-10,../embeddings/output/store_location_test_script_lucas_toc/43222730_2015-09-10.csv
43222748,2015-07-07,../embeddings/output/store_location_test_script_lucas_toc/43222748_2015-07-07.csv
43223636,2015-06-30,../embeddings/output/store_location_test_script_lucas_toc/43223636_2015-06-30.csv
43242350,2015-07-12,../embeddings/output/store_location_test_script_lucas_toc/43242350_2015-07-12.csv
43262410,2015-07-18,../embeddings/output/store_location_test_script_lucas_toc/43262410_2015-07-18.csv
43262834,2015-05-28,../embeddings/output/store_location_test_script_lucas_toc/43262834_2015-05-28.csv
43263454,2015-06-27,../embeddings/output/store_location_test_script_lucas_toc/43263454_2015-06-27.csv
43283052,2015-05-22,../embeddings/output/store_location_test_script_lucas_toc/43283052_2015-05-22.csv
43302778,2015-08-07,../embeddings/output/store_location_test_script_lucas_toc/43302778_2015-08-07.csv
43322476,2015-07-10,../embeddings/output/store_location_test_script_lucas_toc/43322476_2015-07-10.csv
43322934,2015-07-17,../embeddings/output/store_location_test_script_lucas_toc/43322934_2015-07-17.csv
43342446,2015-06-29,../embeddings/output/store_location_test_script_lucas_toc/43342446_2015-06-29.csv
43342454,2015-06-29,../embeddings/output/store_location_test_script_lucas_toc/43342454_2015-06-29.csv
43342544,2015-07-24,../embeddings/output/store_location_test_script_lucas_toc/43342544_2015-07-24.csv
43342756,2015-08-04,../embeddings/output/store_location_test_script_lucas_toc/43342756_2015-08-04.csv
43343566,2015-08-26,../embeddings/output/store_location_test_script_lucas_toc/43343566_2015-08-26.csv
43362478,2015-07-10,../embeddings/output/store_location_test_script_lucas_toc/43362478_2015-07-10.csv
43362748,2015-08-04,../embeddings/output/store_location_test_script_lucas_toc/43362748_2015-08-04.csv
43362802,2015-08-21,../embeddings/output/store_location_test_script_lucas_toc/43362802_2015-08-21.csv
43363356,2015-05-22,../embeddings/output/store_location_test_script_lucas_toc/43363356_2015-05-22.csv
43382422,2015-07-18,../embeddings/output/store_location_test_script_lucas_toc/43382422_2015-07-18.csv
43382746,2015-08-04,../embeddings/output/store_location_test_script_lucas_toc/43382746_2015-08-04.csv
43383736,2015-05-18,../embeddings/output/store_location_test_script_lucas_toc/43383736_2015-05-18.csv
43402460,2015-07-12,../embeddings/output/store_location_test_script_lucas_toc/43402460_2015-07-12.csv
43402550,2015-07-24,../embeddings/output/store_location_test_script_lucas_toc/43402550_2015-07-24.csv
43403168,2015-05-26,../embeddings/output/store_location_test_script_lucas_toc/43403168_2015-05-26.csv
43423808,2015-07-20,../embeddings/output/store_location_test_script_lucas_toc/43423808_2015-07-20.csv
43442464,2015-07-12,../embeddings/output/store_location_test_script_lucas_toc/43442464_2015-07-12.csv
43443464,2015-07-25,../embeddings/output/store_location_test_script_lucas_toc/43443464_2015-07-25.csv
43462782,2015-08-22,../embeddings/output/store_location_test_script_lucas_toc/43462782_2015-08-22.csv
43483308,2015-08-15,../embeddings/output/store_location_test_script_lucas_toc/43483308_2015-08-15.csv
43502746,2015-08-06,../embeddings/output/store_location_test_script_lucas_toc/43502746_2015-08-06.csv
43502764,2015-08-27,../embeddings/output/store_location_test_script_lucas_toc/43502764_2015-08-27.csv
43542384,2015-06-27,../embeddings/output/store_location_test_script_lucas_toc/43542384_2015-06-27.csv
43542718,2015-06-26,../embeddings/output/store_location_test_script_lucas_toc/43542718_2015-06-26.csv
43542748,2015-08-06,../embeddings/output/store_location_test_script_lucas_toc/43542748_2015-08-06.csv
43562362,2015-07-30,../embeddings/output/store_location_test_script_lucas_toc/43562362_2015-07-30.csv
43562476,2015-07-12,../embeddings/output/store_location_test_script_lucas_toc/43562476_2015-07-12.csv
43562480,2015-07-12,../embeddings/output/store_location_test_script_lucas_toc/43562480_2015-07-12.csv
43562776,2015-08-26,../embeddings/output/store_location_test_script_lucas_toc/43562776_2015-08-26.csv
43562920,2015-07-18,../embeddings/output/store_location_test_script_lucas_toc/43562920_2015-07-18.csv
43582384,2015-07-14,../embeddings/output/store_location_test_script_lucas_toc/43582384_2015-07-14.csv
43583302,2015-08-16,../embeddings/output/store_location_test_script_lucas_toc/43583302_2015-08-16.csv
43583564,2015-07-30,../embeddings/output/store_location_test_script_lucas_toc/43583564_2015-07-30.csv
43583708,2015-08-04,../embeddings/output/store_location_test_script_lucas_toc/43583708_2015-08-04.csv
43602314,2015-07-11,../embeddings/output/store_location_test_script_lucas_toc/43602314_2015-07-11.csv
43602380,2015-07-14,../embeddings/output/store_location_test_script_lucas_toc/43602380_2015-07-14.csv
43622366,2015-07-14,../embeddings/output/store_location_test_script_lucas_toc/43622366_2015-07-14.csv
43622622,2015-06-28,../embeddings/output/store_location_test_script_lucas_toc/43622622_2015-06-28.csv
43622788,2015-08-28,../embeddings/output/store_location_test_script_lucas_toc/43622788_2015-08-28.csv
43622798,2015-07-19,../embeddings/output/store_location_test_script_lucas_toc/43622798_2015-07-19.csv
43622816,2015-07-23,../embeddings/output/store_location_test_script_lucas_toc/43622816_2015-07-23.csv
43622824,2015-07-23,../embeddings/output/store_location_test_script_lucas_toc/43622824_2015-07-23.csv
43622838,2015-06-15,../embeddings/output/store_location_test_script_lucas_toc/43622838_2015-06-15.csv
43642800,2015-07-21,../embeddings/output/store_location_test_script_lucas_toc/43642800_2015-07-21.csv
43662306,2015-07-11,../embeddings/output/store_location_test_script_lucas_toc/43662306_2015-07-11.csv
43662342,2015-07-12,../embeddings/output/store_location_test_script_lucas_toc/43662342_2015-07-12.csv
43662400,2015-07-15,../embeddings/output/store_location_test_script_lucas_toc/43662400_2015-07-15.csv
43662756,2015-09-03,../embeddings/output/store_location_test_script_lucas_toc/43662756_2015-09-03.csv
43662760,2015-07-03,../embeddings/output/store_location_test_script_lucas_toc/43662760_2015-07-03.csv
43682430,2015-07-09,../embeddings/output/store_location_test_script_lucas_toc/43682430_2015-07-09.csv
43682776,2015-08-25,../embeddings/output/store_location_test_script_lucas_toc/43682776_2015-08-25.csv
43682854,2015-05-19,../embeddings/output/store_location_test_script_lucas_toc/43682854_2015-05-19.csv
43702248,2015-05-23,../embeddings/output/store_location_test_script_lucas_toc/43702248_2015-05-23.csv
43702414,2015-06-25,../embeddings/output/store_location_test_script_lucas_toc/43702414_2015-06-25.csv
43723032,2015-08-28,../embeddings/output/store_location_test_script_lucas_toc/43723032_2015-08-28.csv
43742218,2015-05-23,../embeddings/output/store_location_test_script_lucas_toc/43742218_2015-05-23.csv
43742362,2015-07-13,../embeddings/output/store_location_test_script_lucas_toc/43742362_2015-07-13.csv
43742782,2015-08-30,../embeddings/output/store_location_test_script_lucas_toc/43742782_2015-08-30.csv
43742902,2015-06-29,../embeddings/output/store_location_test_script_lucas_toc/43742902_2015-06-29.csv
43762394,2015-07-04,../embeddings/output/store_location_test_script_lucas_toc/43762394_2015-07-04.csv
43762406,2015-07-02,../embeddings/output/store_location_test_script_lucas_toc/43762406_2015-07-02.csv
43762910,2015-06-29,../embeddings/output/store_location_test_script_lucas_toc/43762910_2015-06-29.csv
43782452,2015-07-27,../embeddings/output/store_location_test_script_lucas_toc/43782452_2015-07-27.csv
43782612,2015-07-14,../embeddings/output/store_location_test_script_lucas_toc/43782612_2015-07-14.csv
43802266,2015-05-23,../embeddings/output/store_location_test_script_lucas_toc/43802266_2015-05-23.csv
43802352,2015-07-06,../embeddings/output/store_location_test_script_lucas_toc/43802352_2015-07-06.csv
43802410,2015-07-02,../embeddings/output/store_location_test_script_lucas_toc/43802410_2015-07-02.csv
43802684,2015-06-25,../embeddings/output/store_location_test_script_lucas_toc/43802684_2015-06-25.csv
43802702,2015-05-31,../embeddings/output/store_location_test_script_lucas_toc/43802702_2015-05-31.csv
43802766,2015-06-04,../embeddings/output/store_location_test_script_lucas_toc/43802766_2015-06-04.csv
43802888,2015-06-07,../embeddings/output/store_location_test_script_lucas_toc/43802888_2015-06-07.csv
43803090,2015-07-04,../embeddings/output/store_location_test_script_lucas_toc/43803090_2015-07-04.csv
43822404,2015-06-27,../embeddings/output/store_location_test_script_lucas_toc/43822404_2015-06-27.csv
43822458,2015-07-27,../embeddings/output/store_location_test_script_lucas_toc/43822458_2015-07-27.csv
43822560,2015-07-03,../embeddings/output/store_location_test_script_lucas_toc/43822560_2015-07-03.csv
43842504,2015-07-04,../embeddings/output/store_location_test_script_lucas_toc/43842504_2015-07-04.csv
43862296,2015-07-16,../embeddings/output/store_location_test_script_lucas_toc/43862296_2015-07-16.csv
43862362,2015-07-13,../embeddings/output/store_location_test_script_lucas_toc/43862362_2015-07-13.csv
43862872,2015-06-07,../embeddings/output/store_location_test_script_lucas_toc/43862872_2015-06-07.csv
43882346,2015-07-10,../embeddings/output/store_location_test_script_lucas_toc/43882346_2015-07-10.csv
43882468,2015-06-16,../embeddings/output/store_location_test_script_lucas_toc/43882468_2015-06-16.csv
43882738,2015-09-18,../embeddings/output/store_location_test_script_lucas_toc/43882738_2015-09-18.csv
43882878,2015-06-07,../embeddings/output/store_location_test_script_lucas_toc/43882878_2015-06-07.csv
43903000,2015-08-18,../embeddings/output/store_location_test_script_lucas_toc/43903000_2015-08-18.csv
43903090,2015-07-04,../embeddings/output/store_location_test_script_lucas_toc/43903090_2015-07-04.csv
43922494,2015-06-05,../embeddings/output/store_location_test_script_lucas_toc/43922494_2015-06-05.csv
43942996,2015-05-29,../embeddings/output/store_location_test_script_lucas_toc/43942996_2015-05-29.csv
43962218,2015-05-30,../embeddings/output/store_location_test_script_lucas_toc/43962218_2015-05-30.csv
43962380,2015-07-09,../embeddings/output/store_location_test_script_lucas_toc/43962380_2015-07-09.csv
43962444,2015-07-27,../embeddings/output/store_location_test_script_lucas_toc/43962444_2015-07-27.csv
43962488,2015-06-05,../embeddings/output/store_location_test_script_lucas_toc/43962488_2015-06-05.csv
43962614,2015-07-15,../embeddings/output/store_location_test_script_lucas_toc/43962614_2015-07-15.csv
43982406,2015-06-27,../embeddings/output/store_location_test_script_lucas_toc/43982406_2015-06-27.csv
43982510,2015-07-06,../embeddings/output/store_location_test_script_lucas_toc/43982510_2015-07-06.csv
43982888,2015-05-05,../embeddings/output/store_location_test_script_lucas_toc/43982888_2015-05-05.csv
44002532,2015-05-18,../embeddings/output/store_location_test_script_lucas_toc/44002532_2015-05-18.csv
44022364,2015-07-10,../embeddings/output/store_location_test_script_lucas_toc/44022364_2015-07-10.csv
44022536,2015-05-18,../embeddings/output/store_location_test_script_lucas_toc/44022536_2015-05-18.csv
44022576,2015-06-08,../embeddings/output/store_location_test_script_lucas_toc/44022576_2015-06-08.csv
44042268,2015-06-19,../embeddings/output/store_location_test_script_lucas_toc/44042268_2015-06-19.csv
44042394,2015-06-28,../embeddings/output/store_location_test_script_lucas_toc/44042394_2015-06-28.csv
44042412,2015-06-27,../embeddings/output/store_location_test_script_lucas_toc/44042412_2015-06-27.csv
44042578,2015-06-22,../embeddings/output/store_location_test_script_lucas_toc/44042578_2015-06-22.csv
44042800,2015-08-20,../embeddings/output/store_location_test_script_lucas_toc/44042800_2015-08-20.csv
44042830,2015-08-12,../embeddings/output/store_location_test_script_lucas_toc/44042830_2015-08-12.csv
44062288,2015-07-16,../embeddings/output/store_location_test_script_lucas_toc/44062288_2015-07-16.csv
44062500,2015-06-05,../embeddings/output/store_location_test_script_lucas_toc/44062500_2015-06-05.csv
44062504,2015-06-05,../embeddings/output/store_location_test_script_lucas_toc/44062504_2015-06-05.csv
44062508,2015-05-24,../embeddings/output/store_location_test_script_lucas_toc/44062508_2015-05-24.csv
44062558,2015-05-25,../embeddings/output/store_location_test_script_lucas_toc/44062558_2015-05-25.csv
44062594,2015-06-08,../embeddings/output/store_location_test_script_lucas_toc/44062594_2015-06-08.csv
44082370,2015-06-09,../embeddings/output/store_location_test_script_lucas_toc/44082370_2015-06-09.csv
44082566,2015-06-18,../embeddings/output/store_location_test_script_lucas_toc/44082566_2015-06-18.csv
44082612,2015-05-01,../embeddings/output/store_location_test_script_lucas_toc/44082612_2015-05-01.csv
44083356,2015-05-14,../embeddings/output/store_location_test_script_lucas_toc/44083356_2015-05-14.csv
44102336,2015-05-19,../embeddings/output/store_location_test_script_lucas_toc/44102336_2015-05-19.csv
44102458,2015-07-02,../embeddings/output/store_location_test_script_lucas_toc/44102458_2015-07-02.csv
44102480,2015-07-02,../embeddings/output/store_location_test_script_lucas_toc/44102480_2015-07-02.csv
44122294,2015-07-16,../embeddings/output/store_location_test_script_lucas_toc/44122294_2015-07-16.csv
44122502,2015-06-05,../embeddings/output/store_location_test_script_lucas_toc/44122502_2015-06-05.csv
44122556,2015-07-10,../embeddings/output/store_location_test_script_lucas_toc/44122556_2015-07-10.csv
44122636,2015-05-05,../embeddings/output/store_location_test_script_lucas_toc/44122636_2015-05-05.csv
44123932,2015-08-30,../embeddings/output/store_location_test_script_lucas_toc/44123932_2015-08-30.csv
44142272,2015-06-19,../embeddings/output/store_location_test_script_lucas_toc/44142272_2015-06-19.csv
44142458,2015-06-11,../embeddings/output/store_location_test_script_lucas_toc/44142458_2015-06-11.csv
44142562,2015-07-10,../embeddings/output/store_location_test_script_lucas_toc/44142562_2015-07-10.csv
44162474,2015-06-05,../embeddings/output/store_location_test_script_lucas_toc/44162474_2015-06-05.csv
44162580,2015-05-17,../embeddings/output/store_location_test_script_lucas_toc/44162580_2015-05-17.csv
44162588,2015-06-21,../embeddings/output/store_location_test_script_lucas_toc/44162588_2015-06-21.csv
44162604,2015-06-24,../embeddings/output/store_location_test_script_lucas_toc/44162604_2015-06-24.csv
44163248,2015-07-11,../embeddings/output/store_location_test_script_lucas_toc/44163248_2015-07-11.csv
44163400,2015-07-02,../embeddings/output/store_location_test_script_lucas_toc/44163400_2015-07-02.csv
44182430,2015-07-09,../embeddings/output/store_location_test_script_lucas_toc/44182430_2015-07-09.csv
44182596,2015-06-24,../embeddings/output/store_location_test_script_lucas_toc/44182596_2015-06-24.csv
44202166,2015-06-14,../embeddings/output/store_location_test_script_lucas_toc/44202166_2015-06-14.csv
44202504,2015-07-17,../embeddings/output/store_location_test_script_lucas_toc/44202504_2015-07-17.csv
44202580,2015-05-17,../embeddings/output/store_location_test_script_lucas_toc/44202580_2015-05-17.csv
44222476,2015-07-17,../embeddings/output/store_location_test_script_lucas_toc/44222476_2015-07-17.csv
44222484,2015-07-02,../embeddings/output/store_location_test_script_lucas_toc/44222484_2015-07-02.csv
44222668,2015-07-16,../embeddings/output/store_location_test_script_lucas_toc/44222668_2015-07-16.csv
44222902,2015-06-21,../embeddings/output/store_location_test_script_lucas_toc/44222902_2015-06-21.csv
44223286,2015-06-17,../embeddings/output/store_location_test_script_lucas_toc/44223286_2015-06-17.csv
44242194,2015-05-31,../embeddings/output/store_location_test_script_lucas_toc/44242194_2015-05-31.csv
44242446,2015-07-02,../embeddings/output/store_location_test_script_lucas_toc/44242446_2015-07-02.csv
44242450,2015-07-02,../embeddings/output/store_location_test_script_lucas_toc/44242450_2015-07-02.csv
44242544,2015-07-11,../embeddings/output/store_location_test_script_lucas_toc/44242544_2015-07-11.csv
44242606,2015-05-11,../embeddings/output/store_location_test_script_lucas_toc/44242606_2015-05-11.csv
44243278,2015-07-09,../embeddings/output/store_location_test_script_lucas_toc/44243278_2015-07-09.csv
44262496,2015-06-05,../embeddings/output/store_location_test_script_lucas_toc/44262496_2015-06-05.csv
44262538,2015-06-04,../embeddings/output/store_location_test_script_lucas_toc/44262538_2015-06-04.csv
44262982,2015-07-11,../embeddings/output/store_location_test_script_lucas_toc/44262982_2015-07-11.csv
44282288,2015-07-30,../embeddings/output/store_location_test_script_lucas_toc/44282288_2015-07-30.csv
44282488,2015-05-07,../embeddings/output/store_location_test_script_lucas_toc/44282488_2015-05-07.csv
44282656,2015-05-13,../embeddings/output/store_location_test_script_lucas_toc/44282656_2015-05-13.csv
44283316,2015-06-13,../embeddings/output/store_location_test_script_lucas_toc/44283316_2015-06-13.csv
44283610,2015-05-30,../embeddings/output/store_location_test_script_lucas_toc/44283610_2015-05-30.csv
44302680,2015-06-22,../embeddings/output/store_location_test_script_lucas_toc/44302680_2015-06-22.csv
44302682,2015-06-22,../embeddings/output/store_location_test_script_lucas_toc/44302682_2015-06-22.csv
44322650,2015-05-12,../embeddings/output/store_location_test_script_lucas_toc/44322650_2015-05-12.csv
44322920,2015-05-30,../embeddings/output/store_location_test_script_lucas_toc/44322920_2015-05-30.csv
44342324,2015-06-21,../embeddings/output/store_location_test_script_lucas_toc/44342324_2015-06-21.csv
44342424,2015-05-16,../embeddings/output/store_location_test_script_lucas_toc/44342424_2015-05-16.csv
44342510,2015-07-18,../embeddings/output/store_location_test_script_lucas_toc/44342510_2015-07-18.csv
44342838,2015-08-13,../embeddings/output/store_location_test_script_lucas_toc/44342838_2015-08-13.csv
44343140,2015-07-18,../embeddings/output/store_location_test_script_lucas_toc/44343140_2015-07-18.csv
44362656,2015-05-13,../embeddings/output/store_location_test_script_lucas_toc/44362656_2015-05-13.csv
44382228,2015-06-25,../embeddings/output/store_location_test_script_lucas_toc/44382228_2015-06-25.csv
44382300,2015-07-12,../embeddings/output/store_location_test_script_lucas_toc/44382300_2015-07-12.csv
44382670,2015-06-20,../embeddings/output/store_location_test_script_lucas_toc/44382670_2015-06-20.csv
44402430,2015-06-01,../embeddings/output/store_location_test_script_lucas_toc/44402430_2015-06-01.csv
44402962,2015-07-10,../embeddings/output/store_location_test_script_lucas_toc/44402962_2015-07-10.csv
44422216,2015-06-25,../embeddings/output/store_location_test_script_lucas_toc/44422216_2015-06-25.csv
44422360,2015-06-12,../embeddings/output/store_location_test_script_lucas_toc/44422360_2015-06-12.csv
44422846,2015-05-22,../embeddings/output/store_location_test_script_lucas_toc/44422846_2015-05-22.csv
44423832,2015-05-21,../embeddings/output/store_location_test_script_lucas_toc/44423832_2015-05-21.csv
44442154,2015-06-14,../embeddings/output/store_location_test_script_lucas_toc/44442154_2015-06-14.csv
44442510,2015-06-04,../embeddings/output/store_location_test_script_lucas_toc/44442510_2015-06-04.csv
44462354,2015-06-11,../embeddings/output/store_location_test_script_lucas_toc/44462354_2015-06-11.csv
44463286,2015-06-08,../embeddings/output/store_location_test_script_lucas_toc/44463286_2015-06-08.csv
44482340,2015-06-21,../embeddings/output/store_location_test_script_lucas_toc/44482340_2015-06-21.csv
44482492,2015-06-25,../embeddings/output/store_location_test_script_lucas_toc/44482492_2015-06-25.csv
44482510,2015-06-25,../embeddings/output/store_location_test_script_lucas_toc/44482510_2015-06-25.csv
44482626,2015-06-01,../embeddings/output/store_location_test_script_lucas_toc/44482626_2015-06-01.csv
44482636,2015-07-20,../embeddings/output/store_location_test_script_lucas_toc/44482636_2015-07-20.csv
44483006,2015-07-08,../embeddings/output/store_location_test_script_lucas_toc/44483006_2015-07-08.csv
44503370,2015-06-04,../embeddings/output/store_location_test_script_lucas_toc/44503370_2015-06-04.csv
44522366,2015-05-30,../embeddings/output/store_location_test_script_lucas_toc/44522366_2015-05-30.csv
44522402,2015-07-30,../embeddings/output/store_location_test_script_lucas_toc/44522402_2015-07-30.csv
44522536,2015-05-28,../embeddings/output/store_location_test_script_lucas_toc/44522536_2015-05-28.csv
44523310,2015-06-11,../embeddings/output/store_location_test_script_lucas_toc/44523310_2015-06-11.csv
44523360,2015-06-11,../embeddings/output/store_location_test_script_lucas_toc/44523360_2015-06-11.csv
44542476,2015-05-24,../embeddings/output/store_location_test_script_lucas_toc/44542476_2015-05-24.csv
44543646,2015-08-23,../embeddings/output/store_location_test_script_lucas_toc/44543646_2015-08-23.csv
44562976,2015-07-13,../embeddings/output/store_location_test_script_lucas_toc/44562976_2015-07-13.csv
44563260,2015-07-06,../embeddings/output/store_location_test_script_lucas_toc/44563260_2015-07-06.csv
44563938,2015-06-19,../embeddings/output/store_location_test_script_lucas_toc/44563938_2015-06-19.csv
44564074,2015-10-11,../embeddings/output/store_location_test_script_lucas_toc/44564074_2015-10-11.csv
44582206,2015-05-14,../embeddings/output/store_location_test_script_lucas_toc/44582206_2015-05-14.csv
44582530,2015-06-19,../embeddings/output/store_location_test_script_lucas_toc/44582530_2015-06-19.csv
44602522,2015-06-04,../embeddings/output/store_location_test_script_lucas_toc/44602522_2015-06-04.csv
44602792,2015-09-16,../embeddings/output/store_location_test_script_lucas_toc/44602792_2015-09-16.csv
44603778,2015-07-03,../embeddings/output/store_location_test_script_lucas_toc/44603778_2015-07-03.csv
44603904,2015-06-14,../embeddings/output/store_location_test_script_lucas_toc/44603904_2015-06-14.csv
44622438,2015-06-26,../embeddings/output/store_location_test_script_lucas_toc/44622438_2015-06-26.csv
44623270,2015-06-20,../embeddings/output/store_location_test_script_lucas_toc/44623270_2015-06-20.csv
44662142,2015-07-09,../embeddings/output/store_location_test_script_lucas_toc/44662142_2015-07-09.csv
44662352,2015-07-03,../embeddings/output/store_location_test_script_lucas_toc/44662352_2015-07-03.csv
44662456,2015-07-03,../embeddings/output/store_location_test_script_lucas_toc/44662456_2015-07-03.csv
44662460,2015-05-30,../embeddings/output/store_location_test_script_lucas_toc/44662460_2015-05-30.csv
44662492,2015-07-03,../embeddings/output/store_location_test_script_lucas_toc/44662492_2015-07-03.csv
44663072,2015-08-03,../embeddings/output/store_location_test_script_lucas_toc/44663072_2015-08-03.csv
44663338,2015-05-04,../embeddings/output/store_location_test_script_lucas_toc/44663338_2015-05-04.csv
44682296,2015-07-12,../embeddings/output/store_location_test_script_lucas_toc/44682296_2015-07-12.csv
44682440,2015-07-03,../embeddings/output/store_location_test_script_lucas_toc/44682440_2015-07-03.csv
44683628,2015-08-28,../embeddings/output/store_location_test_script_lucas_toc/44683628_2015-08-28.csv
44683766,2015-06-04,../embeddings/output/store_location_test_script_lucas_toc/44683766_2015-06-04.csv
44702230,2015-06-27,../embeddings/output/store_location_test_script_lucas_toc/44702230_2015-06-27.csv
44702366,2015-05-18,../embeddings/output/store_location_test_script_lucas_toc/44702366_2015-05-18.csv
44702406,2015-06-29,../embeddings/output/store_location_test_script_lucas_toc/44702406_2015-06-29.csv
44702410,2015-05-31,../embeddings/output/store_location_test_script_lucas_toc/44702410_2015-05-31.csv
44702420,2015-05-08,../embeddings/output/store_location_test_script_lucas_toc/44702420_2015-05-08.csv
44702510,2015-05-20,../embeddings/output/store_location_test_script_lucas_toc/44702510_2015-05-20.csv
44702744,2015-09-25,../embeddings/output/store_location_test_script_lucas_toc/44702744_2015-09-25.csv
44703212,2015-08-03,../embeddings/output/store_location_test_script_lucas_toc/44703212_2015-08-03.csv
44703914,2015-06-13,../embeddings/output/store_location_test_script_lucas_toc/44703914_2015-06-13.csv
44742192,2015-07-08,../embeddings/output/store_location_test_script_lucas_toc/44742192_2015-07-08.csv
44742228,2015-06-27,../embeddings/output/store_location_test_script_lucas_toc/44742228_2015-06-27.csv
44742594,2015-06-15,../embeddings/output/store_location_test_script_lucas_toc/44742594_2015-06-15.csv
44762764,2015-05-20,../embeddings/output/store_location_test_script_lucas_toc/44762764_2015-05-20.csv
44763232,2015-07-20,../embeddings/output/store_location_test_script_lucas_toc/44763232_2015-07-20.csv
44763262,2015-06-21,../embeddings/output/store_location_test_script_lucas_toc/44763262_2015-06-21.csv
44763286,2015-06-01,../embeddings/output/store_location_test_script_lucas_toc/44763286_2015-06-01.csv
44763430,2015-05-23,../embeddings/output/store_location_test_script_lucas_toc/44763430_2015-05-23.csv
44782216,2015-06-27,../embeddings/output/store_location_test_script_lucas_toc/44782216_2015-06-27.csv
44782274,2015-07-02,../embeddings/output/store_location_test_script_lucas_toc/44782274_2015-07-02.csv
44782356,2015-05-28,../embeddings/output/store_location_test_script_lucas_toc/44782356_2015-05-28.csv
44782366,2015-05-18,../embeddings/output/store_location_test_script_lucas_toc/44782366_2015-05-18.csv
44782504,2015-05-31,../embeddings/output/store_location_test_script_lucas_toc/44782504_2015-05-31.csv
44782914,2015-05-31,../embeddings/output/store_location_test_script_lucas_toc/44782914_2015-05-31.csv
44783296,2015-06-07,../embeddings/output/store_location_test_script_lucas_toc/44783296_2015-06-07.csv
44783454,2015-07-04,../embeddings/output/store_location_test_script_lucas_toc/44783454_2015-07-04.csv
44783818,2015-08-21,../embeddings/output/store_location_test_script_lucas_toc/44783818_2015-08-21.csv
44802442,2015-07-03,../embeddings/output/store_location_test_script_lucas_toc/44802442_2015-07-03.csv
44802636,2015-07-20,../embeddings/output/store_location_test_script_lucas_toc/44802636_2015-07-20.csv
44802780,2015-09-18,../embeddings/output/store_location_test_script_lucas_toc/44802780_2015-09-18.csv
44822362,2015-05-17,../embeddings/output/store_location_test_script_lucas_toc/44822362_2015-05-17.csv
44822524,2015-05-31,../embeddings/output/store_location_test_script_lucas_toc/44822524_2015-05-31.csv
44823334,2015-05-03,../embeddings/output/store_location_test_script_lucas_toc/44823334_2015-05-03.csv
44823928,2015-08-12,../embeddings/output/store_location_test_script_lucas_toc/44823928_2015-08-12.csv
44842442,2015-06-27,../embeddings/output/store_location_test_script_lucas_toc/44842442_2015-06-27.csv
44843348,2015-08-01,../embeddings/output/store_location_test_script_lucas_toc/44843348_2015-08-01.csv
44843702,2015-06-26,../embeddings/output/store_location_test_script_lucas_toc/44843702_2015-06-26.csv
44862290,2015-07-02,../embeddings/output/store_location_test_script_lucas_toc/44862290_2015-07-02.csv
44862606,2015-06-16,../embeddings/output/store_location_test_script_lucas_toc/44862606_2015-06-16.csv
44862714,2015-06-21,../embeddings/output/store_location_test_script_lucas_toc/44862714_2015-06-21.csv
44862732,2015-07-07,../embeddings/output/store_location_test_script_lucas_toc/44862732_2015-07-07.csv
44862848,2015-09-07,../embeddings/output/store_location_test_script_lucas_toc/44862848_2015-09-07.csv
44882226,2015-04-27,../embeddings/output/store_location_test_script_lucas_toc/44882226_2015-04-27.csv
44882514,2015-05-31,../embeddings/output/store_location_test_script_lucas_toc/44882514_2015-05-31.csv
44882726,2015-07-07,../embeddings/output/store_location_test_script_lucas_toc/44882726_2015-07-07.csv
44883184,2015-07-28,../embeddings/output/store_location_test_script_lucas_toc/44883184_2015-07-28.csv
44922246,2015-07-03,../embeddings/output/store_location_test_script_lucas_toc/44922246_2015-07-03.csv
44922292,2015-07-02,../embeddings/output/store_location_test_script_lucas_toc/44922292_2015-07-02.csv
44922462,2015-06-03,../embeddings/output/store_location_test_script_lucas_toc/44922462_2015-06-03.csv
44922480,2015-06-27,../embeddings/output/store_location_test_script_lucas_toc/44922480_2015-06-27.csv
44922558,2015-06-26,../embeddings/output/store_location_test_script_lucas_toc/44922558_2015-06-26.csv
44922728,2015-06-03,../embeddings/output/store_location_test_script_lucas_toc/44922728_2015-06-03.csv
44923048,2015-06-11,../embeddings/output/store_location_test_script_lucas_toc/44923048_2015-06-11.csv
44942142,2015-07-17,../embeddings/output/store_location_test_script_lucas_toc/44942142_2015-07-17.csv
44942974,2015-05-23,../embeddings/output/store_location_test_script_lucas_toc/44942974_2015-05-23.csv
44943870,2015-06-04,../embeddings/output/store_location_test_script_lucas_toc/44943870_2015-06-04.csv
44943880,2015-10-17,../embeddings/output/store_location_test_script_lucas_toc/44943880_2015-10-17.csv
44962698,2015-05-30,../embeddings/output/store_location_test_script_lucas_toc/44962698_2015-05-30.csv
44962918,2015-06-13,../embeddings/output/store_location_test_script_lucas_toc/44962918_2015-06-13.csv
44963908,2015-10-16,../embeddings/output/store_location_test_script_lucas_toc/44963908_2015-10-16.csv
44982226,2015-06-28,../embeddings/output/store_location_test_script_lucas_toc/44982226_2015-06-28.csv
44982438,2015-06-06,../embeddings/output/store_location_test_script_lucas_toc/44982438_2015-06-06.csv
45002200,2015-07-03,../embeddings/output/store_location_test_script_lucas_toc/45002200_2015-07-03.csv
45004036,2015-10-03,../embeddings/output/store_location_test_script_lucas_toc/45004036_2015-10-03.csv
45022322,2015-07-09,../embeddings/output/store_location_test_script_lucas_toc/45022322_2015-07-09.csv
45023284,2015-06-26,../embeddings/output/store_location_test_script_lucas_toc/45023284_2015-06-26.csv
45023302,2015-06-06,../embeddings/output/store_location_test_script_lucas_toc/45023302_2015-06-06.csv
45023702,2015-06-27,../embeddings/output/store_location_test_script_lucas_toc/45023702_2015-06-27.csv
45023708,2015-06-27,../embeddings/output/store_location_test_script_lucas_toc/45023708_2015-06-27.csv
45042534,2015-06-26,../embeddings/output/store_location_test_script_lucas_toc/45042534_2015-06-26.csv
45042696,2015-06-21,../embeddings/output/store_location_test_script_lucas_toc/45042696_2015-06-21.csv
45062234,2015-06-28,../embeddings/output/store_location_test_script_lucas_toc/45062234_2015-06-28.csv
45062334,2015-06-02,../embeddings/output/store_location_test_script_lucas_toc/45062334_2015-06-02.csv
45062714,2015-06-21,../embeddings/output/store_location_test_script_lucas_toc/45062714_2015-06-21.csv
45062784,2015-09-17,../embeddings/output/store_location_test_script_lucas_toc/45062784_2015-09-17.csv
45062870,2015-09-09,../embeddings/output/store_location_test_script_lucas_toc/45062870_2015-09-09.csv
45063428,2015-05-29,../embeddings/output/store_location_test_script_lucas_toc/45063428_2015-05-29.csv
45063950,2015-07-29,../embeddings/output/store_location_test_script_lucas_toc/45063950_2015-07-29.csv
45102102,2015-05-11,../embeddings/output/store_location_test_script_lucas_toc/45102102_2015-05-11.csv
45102292,2015-07-04,../embeddings/output/store_location_test_script_lucas_toc/45102292_2015-07-04.csv
45102516,2015-06-27,../embeddings/output/store_location_test_script_lucas_toc/45102516_2015-06-27.csv
45102684,2015-05-30,../embeddings/output/store_location_test_script_lucas_toc/45102684_2015-05-30.csv
45102712,2015-07-08,../embeddings/output/store_location_test_script_lucas_toc/45102712_2015-07-08.csv
45122134,2015-05-14,../embeddings/output/store_location_test_script_lucas_toc/45122134_2015-05-14.csv
45122146,2015-06-24,../embeddings/output/store_location_test_script_lucas_toc/45122146_2015-06-24.csv
45122434,2015-07-03,../embeddings/output/store_location_test_script_lucas_toc/45122434_2015-07-03.csv
45122538,2015-06-21,../embeddings/output/store_location_test_script_lucas_toc/45122538_2015-06-21.csv
45122688,2015-07-09,../embeddings/output/store_location_test_script_lucas_toc/45122688_2015-07-09.csv
45122758,2015-06-03,../embeddings/output/store_location_test_script_lucas_toc/45122758_2015-06-03.csv
45123286,2015-05-09,../embeddings/output/store_location_test_script_lucas_toc/45123286_2015-05-09.csv
45123304,2015-05-31,../embeddings/output/store_location_test_script_lucas_toc/45123304_2015-05-31.csv
45142936,2015-07-10,../embeddings/output/store_location_test_script_lucas_toc/45142936_2015-07-10.csv
45143008,2015-07-19,../embeddings/output/store_location_test_script_lucas_toc/45143008_2015-07-19.csv
45143706,2015-06-09,../embeddings/output/store_location_test_script_lucas_toc/45143706_2015-06-09.csv
45143818,2015-09-07,../embeddings/output/store_location_test_script_lucas_toc/45143818_2015-09-07.csv
45162244,2015-07-03,../embeddings/output/store_location_test_script_lucas_toc/45162244_2015-07-03.csv
45162820,2015-09-16,../embeddings/output/store_location_test_script_lucas_toc/45162820_2015-09-16.csv
45182998,2015-07-16,../embeddings/output/store_location_test_script_lucas_toc/45182998_2015-07-16.csv
45183718,2015-10-20,../embeddings/output/store_location_test_script_lucas_toc/45183718_2015-10-20.csv
45202078,2015-05-10,../embeddings/output/store_location_test_script_lucas_toc/45202078_2015-05-10.csv
45202610,2015-06-25,../embeddings/output/store_location_test_script_lucas_toc/45202610_2015-06-25.csv
45202880,2015-09-11,../embeddings/output/store_location_test_script_lucas_toc/45202880_2015-09-11.csv
45203194,2015-06-13,../embeddings/output/store_location_test_script_lucas_toc/45203194_2015-06-13.csv
45222128,2015-05-14,../embeddings/output/store_location_test_script_lucas_toc/45222128_2015-05-14.csv
45222530,2015-06-20,../embeddings/output/store_location_test_script_lucas_toc/45222530_2015-06-20.csv
45222602,2015-06-16,../embeddings/output/store_location_test_script_lucas_toc/45222602_2015-06-16.csv
45242528,2015-06-20,../embeddings/output/store_location_test_script_lucas_toc/45242528_2015-06-20.csv
45242722,2015-06-21,../embeddings/output/store_location_test_script_lucas_toc/45242722_2015-06-21.csv
45243004,2015-07-19,../embeddings/output/store_location_test_script_lucas_toc/45243004_2015-07-19.csv
45262146,2015-07-07,../embeddings/output/store_location_test_script_lucas_toc/45262146_2015-07-07.csv
45262548,2015-05-30,../embeddings/output/store_location_test_script_lucas_toc/45262548_2015-05-30.csv
45282264,2015-07-04,../embeddings/output/store_location_test_script_lucas_toc/45282264_2015-07-04.csv
45282274,2015-07-04,../embeddings/output/store_location_test_script_lucas_toc/45282274_2015-07-04.csv
45282706,2015-06-21,../embeddings/output/store_location_test_script_lucas_toc/45282706_2015-06-21.csv
45282904,2015-06-15,../embeddings/output/store_location_test_script_lucas_toc/45282904_2015-06-15.csv
45282972,2015-07-20,../embeddings/output/store_location_test_script_lucas_toc/45282972_2015-07-20.csv
45302512,2015-05-18,../embeddings/output/store_location_test_script_lucas_toc/45302512_2015-05-18.csv
45302556,2015-05-11,../embeddings/output/store_location_test_script_lucas_toc/45302556_2015-05-11.csv
45302988,2015-07-19,../embeddings/output/store_location_test_script_lucas_toc/45302988_2015-07-19.csv
45322594,2015-06-16,../embeddings/output/store_location_test_script_lucas_toc/45322594_2015-06-16.csv
45322990,2015-07-19,../embeddings/output/store_location_test_script_lucas_toc/45322990_2015-07-19.csv
45323152,2015-06-03,../embeddings/output/store_location_test_script_lucas_toc/45323152_2015-06-03.csv
45342100,2015-06-24,../embeddings/output/store_location_test_script_lucas_toc/45342100_2015-06-24.csv
45342564,2015-05-08,../embeddings/output/store_location_test_script_lucas_toc/45342564_2015-05-08.csv
45342706,2015-07-12,../embeddings/output/store_location_test_script_lucas_toc/45342706_2015-07-12.csv
45362066,2015-05-10,../embeddings/output/store_location_test_script_lucas_toc/45362066_2015-05-10.csv
45362200,2015-04-27,../embeddings/output/store_location_test_script_lucas_toc/45362200_2015-04-27.csv
45362566,2015-06-29,../embeddings/output/store_location_test_script_lucas_toc/45362566_2015-06-29.csv
45382568,2015-07-02,../embeddings/output/store_location_test_script_lucas_toc/45382568_2015-07-02.csv
45382978,2015-07-19,../embeddings/output/store_location_test_script_lucas_toc/45382978_2015-07-19.csv
45402772,2015-06-01,../embeddings/output/store_location_test_script_lucas_toc/45402772_2015-06-01.csv
45421632,2015-06-09,../embeddings/output/store_location_test_script_lucas_toc/45421632_2015-06-09.csv
45422132,2015-05-15,../embeddings/output/store_location_test_script_lucas_toc/45422132_2015-05-15.csv
45461626,2015-06-09,../embeddings/output/store_location_test_script_lucas_toc/45461626_2015-06-09.csv
45462120,2015-05-15,../embeddings/output/store_location_test_script_lucas_toc/45462120_2015-05-15.csv
45462504,2015-05-21,../embeddings/output/store_location_test_script_lucas_toc/45462504_2015-05-21.csv
45462760,2015-06-01,../embeddings/output/store_location_test_script_lucas_toc/45462760_2015-06-01.csv
45462768,2015-06-08,../embeddings/output/store_location_test_script_lucas_toc/45462768_2015-06-08.csv
45463044,2015-08-09,../embeddings/output/store_location_test_script_lucas_toc/45463044_2015-08-09.csv
45463614,2015-05-30,../embeddings/output/store_location_test_script_lucas_toc/45463614_2015-05-30.csv
45481638,2015-06-08,../embeddings/output/store_location_test_script_lucas_toc/45481638_2015-06-08.csv
45482530,2015-07-02,../embeddings/output/store_location_test_script_lucas_toc/45482530_2015-07-02.csv
45482768,2015-06-01,../embeddings/output/store_location_test_script_lucas_toc/45482768_2015-06-01.csv
45482830,2015-09-13,../embeddings/output/store_location_test_script_lucas_toc/45482830_2015-09-13.csv
45502518,2015-05-28,../embeddings/output/store_location_test_script_lucas_toc/45502518_2015-05-28.csv
45502702,2015-05-22,../embeddings/output/store_location_test_script_lucas_toc/45502702_2015-05-22.csv
45502932,2015-08-02,../embeddings/output/store_location_test_script_lucas_toc/45502932_2015-08-02.csv
45503652,2015-08-14,../embeddings/output/store_location_test_script_lucas_toc/45503652_2015-08-14.csv
45522538,2015-06-18,../embeddings/output/store_location_test_script_lucas_toc/45522538_2015-06-18.csv
45542092,2015-05-13,../embeddings/output/store_location_test_script_lucas_toc/45542092_2015-05-13.csv
45542620,2015-06-11,../embeddings/output/store_location_test_script_lucas_toc/45542620_2015-06-11.csv
45542694,2015-05-23,../embeddings/output/store_location_test_script_lucas_toc/45542694_2015-05-23.csv
45543016,2015-07-24,../embeddings/output/store_location_test_script_lucas_toc/45543016_2015-07-24.csv
45544090,2015-06-22,../embeddings/output/store_location_test_script_lucas_toc/45544090_2015-06-22.csv
45561664,2015-06-06,../embeddings/output/store_location_test_script_lucas_toc/45561664_2015-06-06.csv
45562556,2015-05-20,../embeddings/output/store_location_test_script_lucas_toc/45562556_2015-05-20.csv
45562568,2015-05-20,../embeddings/output/store_location_test_script_lucas_toc/45562568_2015-05-20.csv
45562852,2015-09-14,../embeddings/output/store_location_test_script_lucas_toc/45562852_2015-09-14.csv
45562982,2015-06-12,../embeddings/output/store_location_test_script_lucas_toc/45562982_2015-06-12.csv
45564058,2015-10-16,../embeddings/output/store_location_test_script_lucas_toc/45564058_2015-10-16.csv
45581630,2015-06-08,../embeddings/output/store_location_test_script_lucas_toc/45581630_2015-06-08.csv
45582602,2015-06-11,../embeddings/output/store_location_test_script_lucas_toc/45582602_2015-06-11.csv
45601646,2015-06-06,../embeddings/output/store_location_test_script_lucas_toc/45601646_2015-06-06.csv
45642552,2015-05-20,../embeddings/output/store_location_test_script_lucas_toc/45642552_2015-05-20.csv
45642688,2015-05-23,../embeddings/output/store_location_test_script_lucas_toc/45642688_2015-05-23.csv
45642750,2015-05-30,../embeddings/output/store_location_test_script_lucas_toc/45642750_2015-05-30.csv
45661624,2015-06-26,../embeddings/output/store_location_test_script_lucas_toc/45661624_2015-06-26.csv
45662242,2015-07-06,../embeddings/output/store_location_test_script_lucas_toc/45662242_2015-07-06.csv
45662602,2015-06-02,../embeddings/output/store_location_test_script_lucas_toc/45662602_2015-06-02.csv
45662866,2015-09-24,../embeddings/output/store_location_test_script_lucas_toc/45662866_2015-09-24.csv
45662902,2015-08-08,../embeddings/output/store_location_test_script_lucas_toc/45662902_2015-08-08.csv
45682752,2015-05-30,../embeddings/output/store_location_test_script_lucas_toc/45682752_2015-05-30.csv
45702042,2015-05-21,../embeddings/output/store_location_test_script_lucas_toc/45702042_2015-05-21.csv
45702942,2015-07-18,../embeddings/output/store_location_test_script_lucas_toc/45702942_2015-07-18.csv
45702964,2015-08-08,../embeddings/output/store_location_test_script_lucas_toc/45702964_2015-08-08.csv
45703230,2015-05-08,../embeddings/output/store_location_test_script_lucas_toc/45703230_2015-05-08.csv
45703626,2015-09-21,../embeddings/output/store_location_test_script_lucas_toc/45703626_2015-09-21.csv
45721660,2015-06-05,../embeddings/output/store_location_test_script_lucas_toc/45721660_2015-06-05.csv
45722786,2015-06-07,../embeddings/output/store_location_test_script_lucas_toc/45722786_2015-06-07.csv
45762134,2015-07-18,../embeddings/output/store_location_test_script_lucas_toc/45762134_2015-07-18.csv
45763802,2015-06-05,../embeddings/output/store_location_test_script_lucas_toc/45763802_2015-06-05.csv
45782694,2015-06-19,../embeddings/output/store_location_test_script_lucas_toc/45782694_2015-06-19.csv
45803340,2015-06-06,../embeddings/output/store_location_test_script_lucas_toc/45803340_2015-06-06.csv
45821652,2015-06-07,../embeddings/output/store_location_test_script_lucas_toc/45821652_2015-06-07.csv
45841630,2015-06-08,../embeddings/output/store_location_test_script_lucas_toc/45841630_2015-06-08.csv
45842538,2015-06-12,../embeddings/output/store_location_test_script_lucas_toc/45842538_2015-06-12.csv
45842754,2015-05-29,../embeddings/output/store_location_test_script_lucas_toc/45842754_2015-05-29.csv
45842920,2015-06-28,../embeddings/output/store_location_test_script_lucas_toc/45842920_2015-06-28.csv
45861662,2015-06-07,../embeddings/output/store_location_test_script_lucas_toc/45861662_2015-06-07.csv
45882538,2015-06-22,../embeddings/output/store_location_test_script_lucas_toc/45882538_2015-06-22.csv
45882618,2015-06-14,../embeddings/output/store_location_test_script_lucas_toc/45882618_2015-06-14.csv
45882928,2015-06-20,../embeddings/output/store_location_test_script_lucas_toc/45882928_2015-06-20.csv
45901624,2015-06-08,../embeddings/output/store_location_test_script_lucas_toc/45901624_2015-06-08.csv
45902074,2015-06-13,../embeddings/output/store_location_test_script_lucas_toc/45902074_2015-06-13.csv
45902768,2015-05-29,../embeddings/output/store_location_test_script_lucas_toc/45902768_2015-05-29.csv
45921620,2015-07-09,../embeddings/output/store_location_test_script_lucas_toc/45921620_2015-07-09.csv
45922538,2015-06-22,../embeddings/output/store_location_test_script_lucas_toc/45922538_2015-06-22.csv
45922802,2015-06-20,../embeddings/output/store_location_test_script_lucas_toc/45922802_2015-06-20.csv
45922898,2015-06-27,../embeddings/output/store_location_test_script_lucas_toc/45922898_2015-06-27.csv
45923158,2015-09-25,../embeddings/output/store_location_test_script_lucas_toc/45923158_2015-09-25.csv
45962662,2015-05-14,../embeddings/output/store_location_test_script_lucas_toc/45962662_2015-05-14.csv
45962820,2015-06-18,../embeddings/output/store_location_test_script_lucas_toc/45962820_2015-06-18.csv
45963382,2015-06-22,../embeddings/output/store_location_test_script_lucas_toc/45963382_2015-06-22.csv
46003080,2015-07-16,../embeddings/output/store_location_test_script_lucas_toc/46003080_2015-07-16.csv
46021624,2015-07-09,../embeddings/output/store_location_test_script_lucas_toc/46021624_2015-07-09.csv
46042706,2015-07-21,../embeddings/output/store_location_test_script_lucas_toc/46042706_2015-07-21.csv
46042842,2015-07-15,../embeddings/output/store_location_test_script_lucas_toc/46042842_2015-07-15.csv
46043076,2015-07-16,../embeddings/output/store_location_test_script_lucas_toc/46043076_2015-07-16.csv
46044034,2015-08-02,../embeddings/output/store_location_test_script_lucas_toc/46044034_2015-08-02.csv
46082614,2015-07-03,../embeddings/output/store_location_test_script_lucas_toc/46082614_2015-07-03.csv
46102952,2015-06-19,../embeddings/output/store_location_test_script_lucas_toc/46102952_2015-06-19.csv
46103060,2015-07-19,../embeddings/output/store_location_test_script_lucas_toc/46103060_2015-07-19.csv
46121612,2015-06-26,../embeddings/output/store_location_test_script_lucas_toc/46121612_2015-06-26.csv
46122128,2015-07-03,../embeddings/output/store_location_test_script_lucas_toc/46122128_2015-07-03.csv
46141618,2015-07-09,../embeddings/output/store_location_test_script_lucas_toc/46141618_2015-07-09.csv
46142788,2015-06-04,../embeddings/output/store_location_test_script_lucas_toc/46142788_2015-06-04.csv
46142896,2015-07-18,../embeddings/output/store_location_test_script_lucas_toc/46142896_2015-07-18.csv
46142928,2015-06-21,../embeddings/output/store_location_test_script_lucas_toc/46142928_2015-06-21.csv
46143814,2015-08-24,../embeddings/output/store_location_test_script_lucas_toc/46143814_2015-08-24.csv
46164168,2015-10-04,../embeddings/output/store_location_test_script_lucas_toc/46164168_2015-10-04.csv
46181644,2015-04-23,../embeddings/output/store_location_test_script_lucas_toc/46181644_2015-04-23.csv
46182134,2015-06-21,../embeddings/output/store_location_test_script_lucas_toc/46182134_2015-06-21.csv
46182646,2015-05-28,../embeddings/output/store_location_test_script_lucas_toc/46182646_2015-05-28.csv
46182828,2015-07-14,../embeddings/output/store_location_test_script_lucas_toc/46182828_2015-07-14.csv
46183318,2015-09-01,../embeddings/output/store_location_test_script_lucas_toc/46183318_2015-09-01.csv
46184046,2015-08-01,../embeddings/output/store_location_test_script_lucas_toc/46184046_2015-08-01.csv
46202044,2015-06-12,../embeddings/output/store_location_test_script_lucas_toc/46202044_2015-06-12.csv
46202116,2015-05-02,../embeddings/output/store_location_test_script_lucas_toc/46202116_2015-05-02.csv
46202812,2015-06-18,../embeddings/output/store_location_test_script_lucas_toc/46202812_2015-06-18.csv
46203078,2015-08-22,../embeddings/output/store_location_test_script_lucas_toc/46203078_2015-08-22.csv
46222796,2015-05-15,../embeddings/output/store_location_test_script_lucas_toc/46222796_2015-05-15.csv
46223850,2015-09-29,../embeddings/output/store_location_test_script_lucas_toc/46223850_2015-09-29.csv
46241610,2015-04-13,../embeddings/output/store_location_test_script_lucas_toc/46241610_2015-04-13.csv
46242910,2015-07-17,../embeddings/output/store_location_test_script_lucas_toc/46242910_2015-07-17.csv
46262116,2015-07-03,../embeddings/output/store_location_test_script_lucas_toc/46262116_2015-07-03.csv
46263884,2015-09-28,../embeddings/output/store_location_test_script_lucas_toc/46263884_2015-09-28.csv
46263946,2015-07-08,../embeddings/output/store_location_test_script_lucas_toc/46263946_2015-07-08.csv
46263992,2015-07-21,../embeddings/output/store_location_test_script_lucas_toc/46263992_2015-07-21.csv
46281596,2015-05-17,../embeddings/output/store_location_test_script_lucas_toc/46281596_2015-05-17.csv
46282208,2015-05-31,../embeddings/output/store_location_test_script_lucas_toc/46282208_2015-05-31.csv
46282550,2015-05-31,../embeddings/output/store_location_test_script_lucas_toc/46282550_2015-05-31.csv
46282586,2015-08-13,../embeddings/output/store_location_test_script_lucas_toc/46282586_2015-08-13.csv
46282852,2015-07-31,../embeddings/output/store_location_test_script_lucas_toc/46282852_2015-07-31.csv
46282892,2015-07-19,../embeddings/output/store_location_test_script_lucas_toc/46282892_2015-07-19.csv
46283360,2015-09-15,../embeddings/output/store_location_test_script_lucas_toc/46283360_2015-09-15.csv
46283942,2015-06-14,../embeddings/output/store_location_test_script_lucas_toc/46283942_2015-06-14.csv
46302152,2015-05-01,../embeddings/output/store_location_test_script_lucas_toc/46302152_2015-05-01.csv
46322834,2015-05-28,../embeddings/output/store_location_test_script_lucas_toc/46322834_2015-05-28.csv
46322946,2015-08-21,../embeddings/output/store_location_test_script_lucas_toc/46322946_2015-08-21.csv
46323072,2015-07-31,../embeddings/output/store_location_test_script_lucas_toc/46323072_2015-07-31.csv
46342786,2015-06-04,../embeddings/output/store_location_test_script_lucas_toc/46342786_2015-06-04.csv
46342926,2015-08-21,../embeddings/output/store_location_test_script_lucas_toc/46342926_2015-08-21.csv
46363066,2015-08-21,../embeddings/output/store_location_test_script_lucas_toc/46363066_2015-08-21.csv
46363092,2015-08-23,../embeddings/output/store_location_test_script_lucas_toc/46363092_2015-08-23.csv
46363102,2015-09-03,../embeddings/output/store_location_test_script_lucas_toc/46363102_2015-09-03.csv
46381602,2015-04-13,../embeddings/output/store_location_test_script_lucas_toc/46381602_2015-04-13.csv
46382686,2015-06-23,../embeddings/output/store_location_test_script_lucas_toc/46382686_2015-06-23.csv
46382834,2015-06-13,../embeddings/output/store_location_test_script_lucas_toc/46382834_2015-06-13.csv
46401640,2015-04-23,../embeddings/output/store_location_test_script_lucas_toc/46401640_2015-04-23.csv
46402674,2015-06-22,../embeddings/output/store_location_test_script_lucas_toc/46402674_2015-06-22.csv
46402688,2015-08-07,../embeddings/output/store_location_test_script_lucas_toc/46402688_2015-08-07.csv
46402932,2015-08-22,../embeddings/output/store_location_test_script_lucas_toc/46402932_2015-08-22.csv
46422528,2015-07-23,../embeddings/output/store_location_test_script_lucas_toc/46422528_2015-07-23.csv
46422624,2015-05-14,../embeddings/output/store_location_test_script_lucas_toc/46422624_2015-05-14.csv
46422682,2015-06-23,../embeddings/output/store_location_test_script_lucas_toc/46422682_2015-06-23.csv
46442110,2015-07-03,../embeddings/output/store_location_test_script_lucas_toc/46442110_2015-07-03.csv
46443448,2015-06-11,../embeddings/output/store_location_test_script_lucas_toc/46443448_2015-06-11.csv
46461650,2015-06-30,../embeddings/output/store_location_test_script_lucas_toc/46461650_2015-06-30.csv
46462636,2015-05-17,../embeddings/output/store_location_test_script_lucas_toc/46462636_2015-05-17.csv
46462856,2015-08-01,../embeddings/output/store_location_test_script_lucas_toc/46462856_2015-08-01.csv
46462874,2015-07-25,../embeddings/output/store_location_test_script_lucas_toc/46462874_2015-07-25.csv
46462946,2015-08-21,../embeddings/output/store_location_test_script_lucas_toc/46462946_2015-08-21.csv
46482134,2015-05-29,../embeddings/output/store_location_test_script_lucas_toc/46482134_2015-05-29.csv
46482614,2015-05-16,../embeddings/output/store_location_test_script_lucas_toc/46482614_2015-05-16.csv
46483334,2015-08-22,../embeddings/output/store_location_test_script_lucas_toc/46483334_2015-08-22.csv
46501578,2015-06-18,../embeddings/output/store_location_test_script_lucas_toc/46501578_2015-06-18.csv
46502158,2015-05-29,../embeddings/output/store_location_test_script_lucas_toc/46502158_2015-05-29.csv
46502878,2015-08-03,../embeddings/output/store_location_test_script_lucas_toc/46502878_2015-08-03.csv
46502968,2015-08-17,../embeddings/output/store_location_test_script_lucas_toc/46502968_2015-08-17.csv
46503054,2015-08-15,../embeddings/output/store_location_test_script_lucas_toc/46503054_2015-08-15.csv
46503450,2015-06-04,../embeddings/output/store_location_test_script_lucas_toc/46503450_2015-06-04.csv
46522512,2015-07-30,../embeddings/output/store_location_test_script_lucas_toc/46522512_2015-07-30.csv
46522674,2015-06-22,../embeddings/output/store_location_test_script_lucas_toc/46522674_2015-06-22.csv
46522722,2015-08-09,../embeddings/output/store_location_test_script_lucas_toc/46522722_2015-08-09.csv
46522836,2015-07-02,../embeddings/output/store_location_test_script_lucas_toc/46522836_2015-07-02.csv
46542882,2015-07-26,../embeddings/output/store_location_test_script_lucas_toc/46542882_2015-07-26.csv
46543084,2015-08-23,../embeddings/output/store_location_test_script_lucas_toc/46543084_2015-08-23.csv
46562146,2015-05-29,../embeddings/output/store_location_test_script_lucas_toc/46562146_2015-05-29.csv
46562632,2015-07-02,../embeddings/output/store_location_test_script_lucas_toc/46562632_2015-07-02.csv
46562646,2015-05-26,../embeddings/output/store_location_test_script_lucas_toc/46562646_2015-05-26.csv
46563388,2015-08-02,../embeddings/output/store_location_test_script_lucas_toc/46563388_2015-08-02.csv
46581654,2015-06-30,../embeddings/output/store_location_test_script_lucas_toc/46581654_2015-06-30.csv
46582638,2015-05-25,../embeddings/output/store_location_test_script_lucas_toc/46582638_2015-05-25.csv
46582774,2015-05-18,../embeddings/output/store_location_test_script_lucas_toc/46582774_2015-05-18.csv
46583314,2015-08-09,../embeddings/output/store_location_test_script_lucas_toc/46583314_2015-08-09.csv
46602010,2015-06-16,../embeddings/output/store_location_test_script_lucas_toc/46602010_2015-06-16.csv
46602016,2015-06-16,../embeddings/output/store_location_test_script_lucas_toc/46602016_2015-06-16.csv
46602618,2015-05-19,../embeddings/output/store_location_test_script_lucas_toc/46602618_2015-05-19.csv
46602700,2015-07-16,../embeddings/output/store_location_test_script_lucas_toc/46602700_2015-07-16.csv
46622038,2015-06-04,../embeddings/output/store_location_test_script_lucas_toc/46622038_2015-06-04.csv
46622044,2015-07-02,../embeddings/output/store_location_test_script_lucas_toc/46622044_2015-07-02.csv
46622668,2015-06-21,../embeddings/output/store_location_test_script_lucas_toc/46622668_2015-06-21.csv
46622720,2015-06-25,../embeddings/output/store_location_test_script_lucas_toc/46622720_2015-06-25.csv
46642772,2015-05-18,../embeddings/output/store_location_test_script_lucas_toc/46642772_2015-05-18.csv
46643054,2015-08-15,../embeddings/output/store_location_test_script_lucas_toc/46643054_2015-08-15.csv
46643330,2015-08-10,../embeddings/output/store_location_test_script_lucas_toc/46643330_2015-08-10.csv
46662152,2015-05-29,../embeddings/output/store_location_test_script_lucas_toc/46662152_2015-05-29.csv
46662780,2015-05-18,../embeddings/output/store_location_test_script_lucas_toc/46662780_2015-05-18.csv
46681578,2015-05-23,../embeddings/output/store_location_test_script_lucas_toc/46681578_2015-05-23.csv
46682572,2015-06-27,../embeddings/output/store_location_test_script_lucas_toc/46682572_2015-06-27.csv
46682698,2015-05-10,../embeddings/output/store_location_test_script_lucas_toc/46682698_2015-05-10.csv
46703412,2015-08-18,../embeddings/output/store_location_test_script_lucas_toc/46703412_2015-08-18.csv
46703430,2015-06-06,../embeddings/output/store_location_test_script_lucas_toc/46703430_2015-06-06.csv
46703916,2015-07-21,../embeddings/output/store_location_test_script_lucas_toc/46703916_2015-07-21.csv
46722018,2015-06-23,../embeddings/output/store_location_test_script_lucas_toc/46722018_2015-06-23.csv
46722156,2015-05-29,../embeddings/output/store_location_test_script_lucas_toc/46722156_2015-05-29.csv
46722576,2015-05-22,../embeddings/output/store_location_test_script_lucas_toc/46722576_2015-05-22.csv
46722638,2015-05-14,../embeddings/output/store_location_test_script_lucas_toc/46722638_2015-05-14.csv
46722642,2015-07-26,../embeddings/output/store_location_test_script_lucas_toc/46722642_2015-07-26.csv
46722876,2015-08-08,../embeddings/output/store_location_test_script_lucas_toc/46722876_2015-08-08.csv
46742016,2015-06-23,../embeddings/output/store_location_test_script_lucas_toc/46742016_2015-06-23.csv
46742542,2015-06-10,../embeddings/output/store_location_test_script_lucas_toc/46742542_2015-06-10.csv
46742758,2015-06-05,../embeddings/output/store_location_test_script_lucas_toc/46742758_2015-06-05.csv
46742980,2015-08-28,../embeddings/output/store_location_test_script_lucas_toc/46742980_2015-08-28.csv
46762142,2015-07-11,../embeddings/output/store_location_test_script_lucas_toc/46762142_2015-07-11.csv
46762724,2015-06-12,../embeddings/output/store_location_test_script_lucas_toc/46762724_2015-06-12.csv
46763004,2015-07-02,../embeddings/output/store_location_test_script_lucas_toc/46763004_2015-07-02.csv
46782546,2015-07-12,../embeddings/output/store_location_test_script_lucas_toc/46782546_2015-07-12.csv
46782690,2015-07-13,../embeddings/output/store_location_test_script_lucas_toc/46782690_2015-07-13.csv
46782778,2015-07-18,../embeddings/output/store_location_test_script_lucas_toc/46782778_2015-07-18.csv
46783032,2015-07-05,../embeddings/output/store_location_test_script_lucas_toc/46783032_2015-07-05.csv
46801570,2015-05-23,../embeddings/output/store_location_test_script_lucas_toc/46801570_2015-05-23.csv
46802588,2015-08-16,../embeddings/output/store_location_test_script_lucas_toc/46802588_2015-08-16.csv
46822568,2015-05-30,../embeddings/output/store_location_test_script_lucas_toc/46822568_2015-05-30.csv
46842602,2015-08-22,../embeddings/output/store_location_test_script_lucas_toc/46842602_2015-08-22.csv
46842710,2015-07-05,../embeddings/output/store_location_test_script_lucas_toc/46842710_2015-07-05.csv
46842852,2015-06-29,../embeddings/output/store_location_test_script_lucas_toc/46842852_2015-06-29.csv
46843046,2015-06-07,../embeddings/output/store_location_test_script_lucas_toc/46843046_2015-06-07.csv
46843298,2015-08-29,../embeddings/output/store_location_test_script_lucas_toc/46843298_2015-08-29.csv
46862528,2015-07-07,../embeddings/output/store_location_test_script_lucas_toc/46862528_2015-07-07.csv
46862582,2015-08-17,../embeddings/output/store_location_test_script_lucas_toc/46862582_2015-08-17.csv
46862842,2015-06-09,../embeddings/output/store_location_test_script_lucas_toc/46862842_2015-06-09.csv
46862914,2015-08-28,../embeddings/output/store_location_test_script_lucas_toc/46862914_2015-08-28.csv
46862964,2015-08-20,../embeddings/output/store_location_test_script_lucas_toc/46862964_2015-08-20.csv
46863688,2015-07-13,../embeddings/output/store_location_test_script_lucas_toc/46863688_2015-07-13.csv
46863932,2015-07-18,../embeddings/output/store_location_test_script_lucas_toc/46863932_2015-07-18.csv
46882664,2015-06-20,../embeddings/output/store_location_test_script_lucas_toc/46882664_2015-06-20.csv
46902058,2015-07-02,../embeddings/output/store_location_test_script_lucas_toc/46902058_2015-07-02.csv
46902810,2015-05-29,../embeddings/output/store_location_test_script_lucas_toc/46902810_2015-05-29.csv
46903074,2015-08-29,../embeddings/output/store_location_test_script_lucas_toc/46903074_2015-08-29.csv
46903344,2015-09-11,../embeddings/output/store_location_test_script_lucas_toc/46903344_2015-09-11.csv
46903962,2015-07-02,../embeddings/output/store_location_test_script_lucas_toc/46903962_2015-07-02.csv
46922908,2015-08-09,../embeddings/output/store_location_test_script_lucas_toc/46922908_2015-08-09.csv
46941586,2015-04-27,../embeddings/output/store_location_test_script_lucas_toc/46941586_2015-04-27.csv
46942126,2015-07-10,../embeddings/output/store_location_test_script_lucas_toc/46942126_2015-07-10.csv
46942572,2015-06-04,../embeddings/output/store_location_test_script_lucas_toc/46942572_2015-06-04.csv
46943314,2015-06-03,../embeddings/output/store_location_test_script_lucas_toc/46943314_2015-06-03.csv
46944012,2015-08-14,../embeddings/output/store_location_test_script_lucas_toc/46944012_2015-08-14.csv
46962676,2015-07-10,../embeddings/output/store_location_test_script_lucas_toc/46962676_2015-07-10.csv
46963410,2015-07-26,../embeddings/output/store_location_test_script_lucas_toc/46963410_2015-07-26.csv
46963720,2015-07-19,../embeddings/output/store_location_test_script_lucas_toc/46963720_2015-07-19.csv
46982902,2015-08-15,../embeddings/output/store_location_test_script_lucas_toc/46982902_2015-08-15.csv
46984018,2015-06-26,../embeddings/output/store_location_test_script_lucas_toc/46984018_2015-06-26.csv
47022062,2015-07-02,../embeddings/output/store_location_test_script_lucas_toc/47022062_2015-07-02.csv
47022596,2015-08-21,../embeddings/output/store_location_test_script_lucas_toc/47022596_2015-08-21.csv
47022650,2015-07-26,../embeddings/output/store_location_test_script_lucas_toc/47022650_2015-07-26.csv
47023118,2015-07-19,../embeddings/output/store_location_test_script_lucas_toc/47023118_2015-07-19.csv
47042684,2015-07-10,../embeddings/output/store_location_test_script_lucas_toc/47042684_2015-07-10.csv
47042978,2015-08-02,../embeddings/output/store_location_test_script_lucas_toc/47042978_2015-08-02.csv
47043410,2015-07-25,../embeddings/output/store_location_test_script_lucas_toc/47043410_2015-07-25.csv
47043954,2015-07-03,../embeddings/output/store_location_test_script_lucas_toc/47043954_2015-07-03.csv
47083012,2015-08-30,../embeddings/output/store_location_test_script_lucas_toc/47083012_2015-08-30.csv
47084016,2015-07-02,../embeddings/output/store_location_test_script_lucas_toc/47084016_2015-07-02.csv
47103106,2015-08-05,../embeddings/output/store_location_test_script_lucas_toc/47103106_2015-08-05.csv
47122706,2015-05-28,../embeddings/output/store_location_test_script_lucas_toc/47122706_2015-05-28.csv
47122726,2015-07-31,../embeddings/output/store_location_test_script_lucas_toc/47122726_2015-07-31.csv
47123044,2015-05-22,../embeddings/output/store_location_test_script_lucas_toc/47123044_2015-05-22.csv
47123404,2015-07-23,../embeddings/output/store_location_test_script_lucas_toc/47123404_2015-07-23.csv
47142600,2015-05-28,../embeddings/output/store_location_test_script_lucas_toc/47142600_2015-05-28.csv
47142960,2015-08-02,../embeddings/output/store_location_test_script_lucas_toc/47142960_2015-08-02.csv
47143018,2015-05-21,../embeddings/output/store_location_test_script_lucas_toc/47143018_2015-05-21.csv
47143320,2015-07-09,../embeddings/output/store_location_test_script_lucas_toc/47143320_2015-07-09.csv
47162666,2015-05-29,../embeddings/output/store_location_test_script_lucas_toc/47162666_2015-05-29.csv
47162890,2015-08-15,../embeddings/output/store_location_test_script_lucas_toc/47162890_2015-08-15.csv
47163064,2015-07-25,../embeddings/output/store_location_test_script_lucas_toc/47163064_2015-07-25.csv
47163286,2015-09-27,../embeddings/output/store_location_test_script_lucas_toc/47163286_2015-09-27.csv
47163412,2015-10-02,../embeddings/output/store_location_test_script_lucas_toc/47163412_2015-10-02.csv
47182690,2015-07-08,../embeddings/output/store_location_test_script_lucas_toc/47182690_2015-07-08.csv
47182934,2015-07-30,../embeddings/output/store_location_test_script_lucas_toc/47182934_2015-07-30.csv
47184094,2015-08-20,../embeddings/output/store_location_test_script_lucas_toc/47184094_2015-08-20.csv
47184436,2015-07-02,../embeddings/output/store_location_test_script_lucas_toc/47184436_2015-07-02.csv
47201440,2015-05-04,../embeddings/output/store_location_test_script_lucas_toc/47201440_2015-05-04.csv
47202670,2015-05-29,../embeddings/output/store_location_test_script_lucas_toc/47202670_2015-05-29.csv
47202848,2015-05-28,../embeddings/output/store_location_test_script_lucas_toc/47202848_2015-05-28.csv
47222024,2015-07-02,../embeddings/output/store_location_test_script_lucas_toc/47222024_2015-07-02.csv
47222676,2015-07-04,../embeddings/output/store_location_test_script_lucas_toc/47222676_2015-07-04.csv
47222906,2015-08-13,../embeddings/output/store_location_test_script_lucas_toc/47222906_2015-08-13.csv
47223072,2015-07-26,../embeddings/output/store_location_test_script_lucas_toc/47223072_2015-07-26.csv
47223706,2015-07-04,../embeddings/output/store_location_test_script_lucas_toc/47223706_2015-07-04.csv
47242638,2015-07-02,../embeddings/output/store_location_test_script_lucas_toc/47242638_2015-07-02.csv
47244024,2015-06-17,../embeddings/output/store_location_test_script_lucas_toc/47244024_2015-06-17.csv
47261568,2015-07-20,../embeddings/output/store_location_test_script_lucas_toc/47261568_2015-07-20.csv
47262562,2015-08-30,../embeddings/output/store_location_test_script_lucas_toc/47262562_2015-08-30.csv
47263408,2015-07-21,../embeddings/output/store_location_test_script_lucas_toc/47263408_2015-07-21.csv
47263434,2015-05-25,../embeddings/output/store_location_test_script_lucas_toc/47263434_2015-05-25.csv
47282008,2015-07-14,../embeddings/output/store_location_test_script_lucas_toc/47282008_2015-07-14.csv
47283124,2015-07-19,../embeddings/output/store_location_test_script_lucas_toc/47283124_2015-07-19.csv
47284000,2015-06-18,../embeddings/output/store_location_test_script_lucas_toc/47284000_2015-06-18.csv
47302630,2015-08-29,../embeddings/output/store_location_test_script_lucas_toc/47302630_2015-08-29.csv
47302694,2015-07-23,../embeddings/output/store_location_test_script_lucas_toc/47302694_2015-07-23.csv
47303044,2015-05-25,../embeddings/output/store_location_test_script_lucas_toc/47303044_2015-05-25.csv
47303242,2015-08-07,../embeddings/output/store_location_test_script_lucas_toc/47303242_2015-08-07.csv
47303742,2015-08-21,../embeddings/output/store_location_test_script_lucas_toc/47303742_2015-08-21.csv
47304048,2015-07-02,../embeddings/output/store_location_test_script_lucas_toc/47304048_2015-07-02.csv
47322744,2015-08-09,../embeddings/output/store_location_test_script_lucas_toc/47322744_2015-08-09.csv
47323072,2015-07-26,../embeddings/output/store_location_test_script_lucas_toc/47323072_2015-07-26.csv
47323770,2015-08-22,../embeddings/output/store_location_test_script_lucas_toc/47323770_2015-08-22.csv
47343766,2015-08-22,../embeddings/output/store_location_test_script_lucas_toc/47343766_2015-08-22.csv
47361656,2015-07-01,../embeddings/output/store_location_test_script_lucas_toc/47361656_2015-07-01.csv
47362808,2015-05-24,../embeddings/output/store_location_test_script_lucas_toc/47362808_2015-05-24.csv
47363036,2015-05-25,../embeddings/output/store_location_test_script_lucas_toc/47363036_2015-05-25.csv
47364544,2015-07-26,../embeddings/output/store_location_test_script_lucas_toc/47364544_2015-07-26.csv
47382700,2015-05-09,../embeddings/output/store_location_test_script_lucas_toc/47382700_2015-05-09.csv
47383118,2015-07-20,../embeddings/output/store_location_test_script_lucas_toc/47383118_2015-07-20.csv
47401614,2015-05-22,../embeddings/output/store_location_test_script_lucas_toc/47401614_2015-05-22.csv
47402590,2015-05-24,../embeddings/output/store_location_test_script_lucas_toc/47402590_2015-05-24.csv
47402604,2015-05-24,../embeddings/output/store_location_test_script_lucas_toc/47402604_2015-05-24.csv
47402780,2015-05-29,../embeddings/output/store_location_test_script_lucas_toc/47402780_2015-05-29.csv
47402986,2015-07-31,../embeddings/output/store_location_test_script_lucas_toc/47402986_2015-07-31.csv
47403374,2015-08-23,../embeddings/output/store_location_test_script_lucas_toc/47403374_2015-08-23.csv
47404022,2015-06-12,../embeddings/output/store_location_test_script_lucas_toc/47404022_2015-06-12.csv
47422704,2015-06-23,../embeddings/output/store_location_test_script_lucas_toc/47422704_2015-06-23.csv
47442702,2015-06-23,../embeddings/output/store_location_test_script_lucas_toc/47442702_2015-06-23.csv
47443056,2015-07-11,../embeddings/output/store_location_test_script_lucas_toc/47443056_2015-07-11.csv
47443326,2015-07-06,../embeddings/output/store_location_test_script_lucas_toc/47443326_2015-07-06.csv
47444124,2015-07-04,../embeddings/output/store_location_test_script_lucas_toc/47444124_2015-07-04.csv
47461596,2015-07-14,../embeddings/output/store_location_test_script_lucas_toc/47461596_2015-07-14.csv
47462548,2015-07-08,../embeddings/output/store_location_test_script_lucas_toc/47462548_2015-07-08.csv
47462692,2015-07-12,../embeddings/output/store_location_test_script_lucas_toc/47462692_2015-07-12.csv
47462712,2015-06-23,../embeddings/output/store_location_test_script_lucas_toc/47462712_2015-06-23.csv
47462736,2015-07-17,../embeddings/output/store_location_test_script_lucas_toc/47462736_2015-07-17.csv
47463124,2015-07-20,../embeddings/output/store_location_test_script_lucas_toc/47463124_2015-07-20.csv
47464150,2015-06-19,../embeddings/output/store_location_test_script_lucas_toc/47464150_2015-06-19.csv
47482608,2015-08-26,../embeddings/output/store_location_test_script_lucas_toc/47482608_2015-08-26.csv
47482612,2015-08-26,../embeddings/output/store_location_test_script_lucas_toc/47482612_2015-08-26.csv
47482810,2015-05-24,../embeddings/output/store_location_test_script_lucas_toc/47482810_2015-05-24.csv
47482986,2015-07-30,../embeddings/output/store_location_test_script_lucas_toc/47482986_2015-07-30.csv
47484120,2015-07-04,../embeddings/output/store_location_test_script_lucas_toc/47484120_2015-07-04.csv
47502700,2015-06-22,../embeddings/output/store_location_test_script_lucas_toc/47502700_2015-06-22.csv
47522738,2015-05-10,../embeddings/output/store_location_test_script_lucas_toc/47522738_2015-05-10.csv
47522858,2015-06-12,../embeddings/output/store_location_test_script_lucas_toc/47522858_2015-06-12.csv
47522908,2015-07-23,../embeddings/output/store_location_test_script_lucas_toc/47522908_2015-07-23.csv
47562650,2015-05-10,../embeddings/output/store_location_test_script_lucas_toc/47562650_2015-05-10.csv
47562664,2015-07-07,../embeddings/output/store_location_test_script_lucas_toc/47562664_2015-07-07.csv
47562732,2015-06-25,../embeddings/output/store_location_test_script_lucas_toc/47562732_2015-06-25.csv
47563082,2015-08-18,../embeddings/output/store_location_test_script_lucas_toc/47563082_2015-08-18.csv
47563298,2015-07-19,../embeddings/output/store_location_test_script_lucas_toc/47563298_2015-07-19.csv
47564180,2015-08-21,../embeddings/output/store_location_test_script_lucas_toc/47564180_2015-08-21.csv
47582608,2015-08-04,../embeddings/output/store_location_test_script_lucas_toc/47582608_2015-08-04.csv
47582730,2015-06-25,../embeddings/output/store_location_test_script_lucas_toc/47582730_2015-06-25.csv
47583072,2015-07-12,../embeddings/output/store_location_test_script_lucas_toc/47583072_2015-07-12.csv
47583292,2015-07-19,../embeddings/output/store_location_test_script_lucas_toc/47583292_2015-07-19.csv
47621670,2015-07-01,../embeddings/output/store_location_test_script_lucas_toc/47621670_2015-07-01.csv
47623012,2015-07-23,../embeddings/output/store_location_test_script_lucas_toc/47623012_2015-07-23.csv
47623218,2015-09-22,../embeddings/output/store_location_test_script_lucas_toc/47623218_2015-09-22.csv
47623224,2015-09-10,../embeddings/output/store_location_test_script_lucas_toc/47623224_2015-09-10.csv
47642424,2015-06-01,../embeddings/output/store_location_test_script_lucas_toc/47642424_2015-06-01.csv
47642668,2015-05-24,../embeddings/output/store_location_test_script_lucas_toc/47642668_2015-05-24.csv
47642862,2015-05-23,../embeddings/output/store_location_test_script_lucas_toc/47642862_2015-05-23.csv
47643268,2015-07-26,../embeddings/output/store_location_test_script_lucas_toc/47643268_2015-07-26.csv
47644024,2015-09-15,../embeddings/output/store_location_test_script_lucas_toc/47644024_2015-09-15.csv
47662698,2015-06-14,../embeddings/output/store_location_test_script_lucas_toc/47662698_2015-06-14.csv
47662810,2015-05-27,../embeddings/output/store_location_test_script_lucas_toc/47662810_2015-05-27.csv
47662860,2015-05-23,../embeddings/output/store_location_test_script_lucas_toc/47662860_2015-05-23.csv
47663044,2015-07-09,../embeddings/output/store_location_test_script_lucas_toc/47663044_2015-07-09.csv
47663076,2015-07-10,../embeddings/output/store_location_test_script_lucas_toc/47663076_2015-07-10.csv
47701994,2015-07-15,../embeddings/output/store_location_test_script_lucas_toc/47701994_2015-07-15.csv
47702576,2015-05-20,../embeddings/output/store_location_test_script_lucas_toc/47702576_2015-05-20.csv
47702818,2015-05-24,../embeddings/output/store_location_test_script_lucas_toc/47702818_2015-05-24.csv
47703190,2015-05-26,../embeddings/output/store_location_test_script_lucas_toc/47703190_2015-05-26.csv
47721542,2015-05-21,../embeddings/output/store_location_test_script_lucas_toc/47721542_2015-05-21.csv
47722604,2015-07-05,../embeddings/output/store_location_test_script_lucas_toc/47722604_2015-07-05.csv
47722960,2015-07-04,../embeddings/output/store_location_test_script_lucas_toc/47722960_2015-07-04.csv
47722978,2015-07-16,../embeddings/output/store_location_test_script_lucas_toc/47722978_2015-07-16.csv
47723248,2015-09-10,../embeddings/output/store_location_test_script_lucas_toc/47723248_2015-09-10.csv
47723276,2015-07-24,../embeddings/output/store_location_test_script_lucas_toc/47723276_2015-07-24.csv
47723396,2015-08-07,../embeddings/output/store_location_test_script_lucas_toc/47723396_2015-08-07.csv
47742548,2015-06-21,../embeddings/output/store_location_test_script_lucas_toc/47742548_2015-06-21.csv
47742642,2015-05-10,../embeddings/output/store_location_test_script_lucas_toc/47742642_2015-05-10.csv
47742710,2015-06-04,../embeddings/output/store_location_test_script_lucas_toc/47742710_2015-06-04.csv
47744090,2015-08-22,../embeddings/output/store_location_test_script_lucas_toc/47744090_2015-08-22.csv
47762636,2015-05-23,../embeddings/output/store_location_test_script_lucas_toc/47762636_2015-05-23.csv
47762666,2015-07-13,../embeddings/output/store_location_test_script_lucas_toc/47762666_2015-07-13.csv
47762968,2015-07-11,../embeddings/output/store_location_test_script_lucas_toc/47762968_2015-07-11.csv
47763014,2015-06-22,../embeddings/output/store_location_test_script_lucas_toc/47763014_2015-06-22.csv
47763032,2015-05-31,../embeddings/output/store_location_test_script_lucas_toc/47763032_2015-05-31.csv
47763328,2015-09-12,../embeddings/output/store_location_test_script_lucas_toc/47763328_2015-09-12.csv
47783448,2015-09-27,../embeddings/output/store_location_test_script_lucas_toc/47783448_2015-09-27.csv
47801976,2015-06-25,../embeddings/output/store_location_test_script_lucas_toc/47801976_2015-06-25.csv
47802732,2015-06-19,../embeddings/output/store_location_test_script_lucas_toc/47802732_2015-06-19.csv
47802940,2015-07-03,../embeddings/output/store_location_test_script_lucas_toc/47802940_2015-07-03.csv
47803272,2015-09-26,../embeddings/output/store_location_test_script_lucas_toc/47803272_2015-09-26.csv
47821962,2015-07-26,../embeddings/output/store_location_test_script_lucas_toc/47821962_2015-07-26.csv
47821984,2015-06-25,../embeddings/output/store_location_test_script_lucas_toc/47821984_2015-06-25.csv
47822764,2015-05-17,../embeddings/output/store_location_test_script_lucas_toc/47822764_2015-05-17.csv
47822974,2015-07-11,../embeddings/output/store_location_test_script_lucas_toc/47822974_2015-07-11.csv
47842612,2015-08-01,../embeddings/output/store_location_test_script_lucas_toc/47842612_2015-08-01.csv
47843026,2015-06-01,../embeddings/output/store_location_test_script_lucas_toc/47843026_2015-06-01.csv
47884100,2015-06-18,../embeddings/output/store_location_test_script_lucas_toc/47884100_2015-06-18.csv
47902078,2015-07-28,../embeddings/output/store_location_test_script_lucas_toc/47902078_2015-07-28.csv
47903018,2015-06-21,../embeddings/output/store_location_test_script_lucas_toc/47903018_2015-06-21.csv
47903032,2015-06-12,../embeddings/output/store_location_test_script_lucas_toc/47903032_2015-06-12.csv
47924096,2015-06-18,../embeddings/output/store_location_test_script_lucas_toc/47924096_2015-06-18.csv
47942726,2015-07-16,../embeddings/output/store_location_test_script_lucas_toc/47942726_2015-07-16.csv
47983228,2015-09-20,../embeddings/output/store_location_test_script_lucas_toc/47983228_2015-09-20.csv
48004582,2015-07-09,../embeddings/output/store_location_test_script_lucas_toc/48004582_2015-07-09.csv
48004626,2015-09-26,../embeddings/output/store_location_test_script_lucas_toc/48004626_2015-09-26.csv
48023170,2015-07-02,../embeddings/output/store_location_test_script_lucas_toc/48023170_2015-07-02.csv
48042006,2015-06-18,../embeddings/output/store_location_test_script_lucas_toc/48042006_2015-06-18.csv
48042546,2015-07-05,../embeddings/output/store_location_test_script_lucas_toc/48042546_2015-07-05.csv
48043014,2015-07-11,../embeddings/output/store_location_test_script_lucas_toc/48043014_2015-07-11.csv
48061976,2015-06-25,../embeddings/output/store_location_test_script_lucas_toc/48061976_2015-06-25.csv
48082042,2015-05-18,../embeddings/output/store_location_test_script_lucas_toc/48082042_2015-05-18.csv
48082564,2015-09-08,../embeddings/output/store_location_test_script_lucas_toc/48082564_2015-09-08.csv
48083230,2015-07-12,../embeddings/output/store_location_test_script_lucas_toc/48083230_2015-07-12.csv
48122730,2015-06-18,../embeddings/output/store_location_test_script_lucas_toc/48122730_2015-06-18.csv
48122896,2015-05-25,../embeddings/output/store_location_test_script_lucas_toc/48122896_2015-05-25.csv
48123162,2015-07-03,../embeddings/output/store_location_test_script_lucas_toc/48123162_2015-07-03.csv
48142034,2015-05-18,../embeddings/output/store_location_test_script_lucas_toc/48142034_2015-05-18.csv
48142998,2015-07-30,../embeddings/output/store_location_test_script_lucas_toc/48142998_2015-07-30.csv
48143826,2015-10-16,../embeddings/output/store_location_test_script_lucas_toc/48143826_2015-10-16.csv
48162004,2015-06-07,../embeddings/output/store_location_test_script_lucas_toc/48162004_2015-06-07.csv
48163318,2015-09-13,../embeddings/output/store_location_test_script_lucas_toc/48163318_2015-09-13.csv
48182110,2015-06-17,../embeddings/output/store_location_test_script_lucas_toc/48182110_2015-06-17.csv
48182884,2015-05-21,../embeddings/output/store_location_test_script_lucas_toc/48182884_2015-05-21.csv
48201676,2015-06-07,../embeddings/output/store_location_test_script_lucas_toc/48201676_2015-06-07.csv
48222780,2015-05-21,../embeddings/output/store_location_test_script_lucas_toc/48222780_2015-05-21.csv
48223270,2015-08-20,../embeddings/output/store_location_test_script_lucas_toc/48223270_2015-08-20.csv
48223414,2015-09-21,../embeddings/output/store_location_test_script_lucas_toc/48223414_2015-09-21.csv
48242800,2015-05-14,../embeddings/output/store_location_test_script_lucas_toc/48242800_2015-05-14.csv
48243208,2015-08-15,../embeddings/output/store_location_test_script_lucas_toc/48243208_2015-08-15.csv
48261700,2015-06-15,../embeddings/output/store_location_test_script_lucas_toc/48261700_2015-06-15.csv
48262042,2015-06-17,../embeddings/output/store_location_test_script_lucas_toc/48262042_2015-06-17.csv
48263018,2015-06-28,../embeddings/output/store_location_test_script_lucas_toc/48263018_2015-06-28.csv
48282884,2015-05-18,../embeddings/output/store_location_test_script_lucas_toc/48282884_2015-05-18.csv
48302612,2015-08-02,../embeddings/output/store_location_test_script_lucas_toc/48302612_2015-08-02.csv
48302874,2015-05-16,../embeddings/output/store_location_test_script_lucas_toc/48302874_2015-05-16.csv
48303860,2015-10-12,../embeddings/output/store_location_test_script_lucas_toc/48303860_2015-10-12.csv
48321684,2015-06-13,../embeddings/output/store_location_test_script_lucas_toc/48321684_2015-06-13.csv
48342036,2015-06-11,../embeddings/output/store_location_test_script_lucas_toc/48342036_2015-06-11.csv
48342048,2015-06-17,../embeddings/output/store_location_test_script_lucas_toc/48342048_2015-06-17.csv
48342900,2015-05-14,../embeddings/output/store_location_test_script_lucas_toc/48342900_2015-05-14.csv
48343344,2015-09-27,../embeddings/output/store_location_test_script_lucas_toc/48343344_2015-09-27.csv
48344568,2015-07-05,../embeddings/output/store_location_test_script_lucas_toc/48344568_2015-07-05.csv
48361710,2015-07-02,../embeddings/output/store_location_test_script_lucas_toc/48361710_2015-07-02.csv
48361714,2015-07-02,../embeddings/output/store_location_test_script_lucas_toc/48361714_2015-07-02.csv
48363340,2015-09-25,../embeddings/output/store_location_test_script_lucas_toc/48363340_2015-09-25.csv
48382932,2015-08-02,../embeddings/output/store_location_test_script_lucas_toc/48382932_2015-08-02.csv
48383224,2015-08-15,../embeddings/output/store_location_test_script_lucas_toc/48383224_2015-08-15.csv
48402042,2015-06-17,../embeddings/output/store_location_test_script_lucas_toc/48402042_2015-06-17.csv
48402592,2015-06-15,../embeddings/output/store_location_test_script_lucas_toc/48402592_2015-06-15.csv
48403288,2015-08-18,../embeddings/output/store_location_test_script_lucas_toc/48403288_2015-08-18.csv
48422020,2015-05-01,../embeddings/output/store_location_test_script_lucas_toc/48422020_2015-05-01.csv
48423448,2015-09-21,../embeddings/output/store_location_test_script_lucas_toc/48423448_2015-09-21.csv
48443554,2015-07-10,../embeddings/output/store_location_test_script_lucas_toc/48443554_2015-07-10.csv
48463244,2015-08-25,../embeddings/output/store_location_test_script_lucas_toc/48463244_2015-08-25.csv
48482042,2015-06-17,../embeddings/output/store_location_test_script_lucas_toc/48482042_2015-06-17.csv
48483018,2015-06-14,../embeddings/output/store_location_test_script_lucas_toc/48483018_2015-06-14.csv
48483112,2015-08-11,../embeddings/output/store_location_test_script_lucas_toc/48483112_2015-08-11.csv
48503304,2015-07-21,../embeddings/output/store_location_test_script_lucas_toc/48503304_2015-07-21.csv
48521712,2015-06-30,../embeddings/output/store_location_test_script_lucas_toc/48521712_2015-06-30.csv
48522030,2015-05-18,../embeddings/output/store_location_test_script_lucas_toc/48522030_2015-05-18.csv
48523128,2015-06-27,../embeddings/output/store_location_test_script_lucas_toc/48523128_2015-06-27.csv
48523344,2015-09-25,../embeddings/output/store_location_test_script_lucas_toc/48523344_2015-09-25.csv
48523354,2015-09-25,../embeddings/output/store_location_test_script_lucas_toc/48523354_2015-09-25.csv
48541882,2015-06-27,../embeddings/output/store_location_test_script_lucas_toc/48541882_2015-06-27.csv
48542012,2015-07-21,../embeddings/output/store_location_test_script_lucas_toc/48542012_2015-07-21.csv
48542026,2015-05-18,../embeddings/output/store_location_test_script_lucas_toc/48542026_2015-05-18.csv
48543334,2015-09-08,../embeddings/output/store_location_test_script_lucas_toc/48543334_2015-09-08.csv
48561828,2015-06-19,../embeddings/output/store_location_test_script_lucas_toc/48561828_2015-06-19.csv
48561838,2015-06-28,../embeddings/output/store_location_test_script_lucas_toc/48561838_2015-06-28.csv
48563202,2015-05-04,../embeddings/output/store_location_test_script_lucas_toc/48563202_2015-05-04.csv
48563346,2015-09-25,../embeddings/output/store_location_test_script_lucas_toc/48563346_2015-09-25.csv
48563508,2015-05-30,../embeddings/output/store_location_test_script_lucas_toc/48563508_2015-05-30.csv
48581866,2015-06-16,../embeddings/output/store_location_test_script_lucas_toc/48581866_2015-06-16.csv
48582946,2015-07-06,../embeddings/output/store_location_test_script_lucas_toc/48582946_2015-07-06.csv
48601858,2015-06-01,../embeddings/output/store_location_test_script_lucas_toc/48601858_2015-06-01.csv
48602728,2015-07-13,../embeddings/output/store_location_test_script_lucas_toc/48602728_2015-07-13.csv
48621740,2015-07-12,../embeddings/output/store_location_test_script_lucas_toc/48621740_2015-07-12.csv
48622024,2015-07-21,../embeddings/output/store_location_test_script_lucas_toc/48622024_2015-07-21.csv
48622654,2015-06-17,../embeddings/output/store_location_test_script_lucas_toc/48622654_2015-06-17.csv
48622694,2015-07-03,../embeddings/output/store_location_test_script_lucas_toc/48622694_2015-07-03.csv
48623348,2015-06-01,../embeddings/output/store_location_test_script_lucas_toc/48623348_2015-06-01.csv
48681954,2015-05-22,../embeddings/output/store_location_test_script_lucas_toc/48681954_2015-05-22.csv
48701712,2015-07-27,../embeddings/output/store_location_test_script_lucas_toc/48701712_2015-07-27.csv
48702022,2015-07-21,../embeddings/output/store_location_test_script_lucas_toc/48702022_2015-07-21.csv
48702630,2015-05-26,../embeddings/output/store_location_test_script_lucas_toc/48702630_2015-05-26.csv
48702882,2015-08-28,../embeddings/output/store_location_test_script_lucas_toc/48702882_2015-08-28.csv
48703152,2015-06-04,../embeddings/output/store_location_test_script_lucas_toc/48703152_2015-06-04.csv
48703278,2015-07-21,../embeddings/output/store_location_test_script_lucas_toc/48703278_2015-07-21.csv
48703282,2015-07-21,../embeddings/output/store_location_test_script_lucas_toc/48703282_2015-07-21.csv
48742014,2015-07-21,../embeddings/output/store_location_test_script_lucas_toc/48742014_2015-07-21.csv
48742590,2015-06-14,../embeddings/output/store_location_test_script_lucas_toc/48742590_2015-06-14.csv
48743134,2015-06-28,../embeddings/output/store_location_test_script_lucas_toc/48743134_2015-06-28.csv
48743170,2015-06-05,../embeddings/output/store_location_test_script_lucas_toc/48743170_2015-06-05.csv
48743184,2015-05-12,../embeddings/output/store_location_test_script_lucas_toc/48743184_2015-05-12.csv
48743350,2015-08-06,../embeddings/output/store_location_test_script_lucas_toc/48743350_2015-08-06.csv
48763252,2015-06-08,../embeddings/output/store_location_test_script_lucas_toc/48763252_2015-06-08.csv
48763266,2015-08-26,../embeddings/output/store_location_test_script_lucas_toc/48763266_2015-08-26.csv
48782686,2015-05-30,../embeddings/output/store_location_test_script_lucas_toc/48782686_2015-05-30.csv
48801776,2015-06-08,../embeddings/output/store_location_test_script_lucas_toc/48801776_2015-06-08.csv
48801926,2015-07-05,../embeddings/output/store_location_test_script_lucas_toc/48801926_2015-07-05.csv
48802016,2015-07-21,../embeddings/output/store_location_test_script_lucas_toc/48802016_2015-07-21.csv
48803234,2015-08-09,../embeddings/output/store_location_test_script_lucas_toc/48803234_2015-08-09.csv
48821792,2015-06-30,../embeddings/output/store_location_test_script_lucas_toc/48821792_2015-06-30.csv
48822884,2015-08-29,../embeddings/output/store_location_test_script_lucas_toc/48822884_2015-08-29.csv
48823388,2015-07-11,../embeddings/output/store_location_test_script_lucas_toc/48823388_2015-07-11.csv
48823460,2015-09-17,../embeddings/output/store_location_test_script_lucas_toc/48823460_2015-09-17.csv
48863484,2015-07-25,../embeddings/output/store_location_test_script_lucas_toc/48863484_2015-07-25.csv
48881958,2015-05-29,../embeddings/output/store_location_test_script_lucas_toc/48881958_2015-05-29.csv
48882594,2015-06-15,../embeddings/output/store_location_test_script_lucas_toc/48882594_2015-06-15.csv
48883170,2015-06-04,../embeddings/output/store_location_test_script_lucas_toc/48883170_2015-06-04.csv
48902836,2015-05-21,../embeddings/output/store_location_test_script_lucas_toc/48902836_2015-05-21.csv
48902970,2015-08-27,../embeddings/output/store_location_test_script_lucas_toc/48902970_2015-08-27.csv
48922018,2015-07-21,../embeddings/output/store_location_test_script_lucas_toc/48922018_2015-07-21.csv
48922552,2015-06-25,../embeddings/output/store_location_test_script_lucas_toc/48922552_2015-06-25.csv
48942888,2015-06-05,../embeddings/output/store_location_test_script_lucas_toc/48942888_2015-06-05.csv
48943234,2015-08-12,../embeddings/output/store_location_test_script_lucas_toc/48943234_2015-08-12.csv
48943266,2015-07-22,../embeddings/output/store_location_test_script_lucas_toc/48943266_2015-07-22.csv
48983104,2015-06-11,../embeddings/output/store_location_test_script_lucas_toc/48983104_2015-06-11.csv
48983258,2015-07-22,../embeddings/output/store_location_test_script_lucas_toc/48983258_2015-07-22.csv
49003226,2015-08-18,../embeddings/output/store_location_test_script_lucas_toc/49003226_2015-08-18.csv
49022788,2015-08-02,../embeddings/output/store_location_test_script_lucas_toc/49022788_2015-08-02.csv
49022896,2015-06-20,../embeddings/output/store_location_test_script_lucas_toc/49022896_2015-06-20.csv
49023014,2015-08-21,../embeddings/output/store_location_test_script_lucas_toc/49023014_2015-08-21.csv
49023184,2015-05-13,../embeddings/output/store_location_test_script_lucas_toc/49023184_2015-05-13.csv
49023220,2015-08-18,../embeddings/output/store_location_test_script_lucas_toc/49023220_2015-08-18.csv
49043286,2015-05-06,../embeddings/output/store_location_test_script_lucas_toc/49043286_2015-05-06.csv
49043304,2015-05-13,../embeddings/output/store_location_test_script_lucas_toc/49043304_2015-05-13.csv
49062904,2015-08-29,../embeddings/output/store_location_test_script_lucas_toc/49062904_2015-08-29.csv
49063412,2015-09-17,../embeddings/output/store_location_test_script_lucas_toc/49063412_2015-09-17.csv
49081786,2015-06-10,../embeddings/output/store_location_test_script_lucas_toc/49081786_2015-06-10.csv
49083286,2015-05-06,../embeddings/output/store_location_test_script_lucas_toc/49083286_2015-05-06.csv
49102936,2015-06-01,../embeddings/output/store_location_test_script_lucas_toc/49102936_2015-06-01.csv
49102972,2015-08-08,../embeddings/output/store_location_test_script_lucas_toc/49102972_2015-08-08.csv
49103220,2015-08-18,../embeddings/output/store_location_test_script_lucas_toc/49103220_2015-08-18.csv
49103278,2015-07-09,../embeddings/output/store_location_test_script_lucas_toc/49103278_2015-07-09.csv
49104498,2015-07-06,../embeddings/output/store_location_test_script_lucas_toc/49104498_2015-07-06.csv
49143190,2015-05-25,../embeddings/output/store_location_test_script_lucas_toc/49143190_2015-05-25.csv
49162664,2015-07-03,../embeddings/output/store_location_test_script_lucas_toc/49162664_2015-07-03.csv
49162970,2015-08-09,../embeddings/output/store_location_test_script_lucas_toc/49162970_2015-08-09.csv
49163194,2015-05-25,../embeddings/output/store_location_test_script_lucas_toc/49163194_2015-05-25.csv
49163270,2015-08-22,../embeddings/output/store_location_test_script_lucas_toc/49163270_2015-08-22.csv
49163486,2015-05-29,../embeddings/output/store_location_test_script_lucas_toc/49163486_2015-05-29.csv
49183244,2015-05-12,../embeddings/output/store_location_test_script_lucas_toc/49183244_2015-05-12.csv
49184374,2015-09-25,../embeddings/output/store_location_test_script_lucas_toc/49184374_2015-09-25.csv
49202010,2015-07-21,../embeddings/output/store_location_test_script_lucas_toc/49202010_2015-07-21.csv
49203018,2015-08-16,../embeddings/output/store_location_test_script_lucas_toc/49203018_2015-08-16.csv
49203212,2015-08-07,../embeddings/output/store_location_test_script_lucas_toc/49203212_2015-08-07.csv
49242562,2015-08-14,../embeddings/output/store_location_test_script_lucas_toc/49242562_2015-08-14.csv
49243008,2015-08-17,../embeddings/output/store_location_test_script_lucas_toc/49243008_2015-08-17.csv
49243264,2015-08-22,../embeddings/output/store_location_test_script_lucas_toc/49243264_2015-08-22.csv
49262008,2015-07-21,../embeddings/output/store_location_test_script_lucas_toc/49262008_2015-07-21.csv
49262584,2015-06-19,../embeddings/output/store_location_test_script_lucas_toc/49262584_2015-06-19.csv
49263016,2015-08-17,../embeddings/output/store_location_test_script_lucas_toc/49263016_2015-08-17.csv
49263226,2015-05-12,../embeddings/output/store_location_test_script_lucas_toc/49263226_2015-05-12.csv
49263232,2015-05-12,../embeddings/output/store_location_test_script_lucas_toc/49263232_2015-05-12.csv
49282846,2015-05-22,../embeddings/output/store_location_test_script_lucas_toc/49282846_2015-05-22.csv
49283238,2015-05-19,../embeddings/output/store_location_test_script_lucas_toc/49283238_2015-05-19.csv
49302928,2015-09-28,../embeddings/output/store_location_test_script_lucas_toc/49302928_2015-09-28.csv
49303252,2015-05-30,../embeddings/output/store_location_test_script_lucas_toc/49303252_2015-05-30.csv
49322920,2015-05-30,../embeddings/output/store_location_test_script_lucas_toc/49322920_2015-05-30.csv
49322980,2015-08-07,../embeddings/output/store_location_test_script_lucas_toc/49322980_2015-08-07.csv
49342934,2015-06-21,../embeddings/output/store_location_test_script_lucas_toc/49342934_2015-06-21.csv
49343288,2015-05-01,../embeddings/output/store_location_test_script_lucas_toc/49343288_2015-05-01.csv
49382906,2015-08-01,../embeddings/output/store_location_test_script_lucas_toc/49382906_2015-08-01.csv
49382996,2015-08-06,../embeddings/output/store_location_test_script_lucas_toc/49382996_2015-08-06.csv
49383194,2015-05-28,../embeddings/output/store_location_test_script_lucas_toc/49383194_2015-05-28.csv
49383202,2015-06-01,../embeddings/output/store_location_test_script_lucas_toc/49383202_2015-06-01.csv
49383454,2015-07-20,../embeddings/output/store_location_test_script_lucas_toc/49383454_2015-07-20.csv
49402836,2015-06-12,../embeddings/output/store_location_test_script_lucas_toc/49402836_2015-06-12.csv
49423254,2015-05-12,../embeddings/output/store_location_test_script_lucas_toc/49423254_2015-05-12.csv
49423434,2015-06-12,../embeddings/output/store_location_test_script_lucas_toc/49423434_2015-06-12.csv
49423480,2015-07-25,../embeddings/output/store_location_test_script_lucas_toc/49423480_2015-07-25.csv
49423488,2015-07-25,../embeddings/output/store_location_test_script_lucas_toc/49423488_2015-07-25.csv
49442934,2015-06-06,../embeddings/output/store_location_test_script_lucas_toc/49442934_2015-06-06.csv
49443178,2015-08-13,../embeddings/output/store_location_test_script_lucas_toc/49443178_2015-08-13.csv
49443196,2015-06-01,../embeddings/output/store_location_test_script_lucas_toc/49443196_2015-06-01.csv
49481956,2015-05-02,../embeddings/output/store_location_test_script_lucas_toc/49481956_2015-05-02.csv
49503172,2015-06-01,../embeddings/output/store_location_test_script_lucas_toc/49503172_2015-06-01.csv
49503190,2015-06-01,../embeddings/output/store_location_test_script_lucas_toc/49503190_2015-06-01.csv
49503208,2015-06-16,../embeddings/output/store_location_test_script_lucas_toc/49503208_2015-06-16.csv
49503244,2015-06-01,../embeddings/output/store_location_test_script_lucas_toc/49503244_2015-06-01.csv
49503262,2015-05-01,../embeddings/output/store_location_test_script_lucas_toc/49503262_2015-05-01.csv
49523186,2015-06-01,../embeddings/output/store_location_test_script_lucas_toc/49523186_2015-06-01.csv
49542974,2015-08-02,../embeddings/output/store_location_test_script_lucas_toc/49542974_2015-08-02.csv
49561996,2015-07-28,../embeddings/output/store_location_test_script_lucas_toc/49561996_2015-07-28.csv
49562968,2015-09-22,../embeddings/output/store_location_test_script_lucas_toc/49562968_2015-09-22.csv
49601964,2015-07-28,../embeddings/output/store_location_test_script_lucas_toc/49601964_2015-07-28.csv
49602832,2015-08-15,../embeddings/output/store_location_test_script_lucas_toc/49602832_2015-08-15.csv
49623100,2015-05-11,../embeddings/output/store_location_test_script_lucas_toc/49623100_2015-05-11.csv
49623334,2015-08-09,../embeddings/output/store_location_test_script_lucas_toc/49623334_2015-08-09.csv
49642738,2015-05-31,../embeddings/output/store_location_test_script_lucas_toc/49642738_2015-05-31.csv
49663284,2015-07-20,../embeddings/output/store_location_test_script_lucas_toc/49663284_2015-07-20.csv
49663320,2015-08-09,../embeddings/output/store_location_test_script_lucas_toc/49663320_2015-08-09.csv
49663464,2015-08-21,../embeddings/output/store_location_test_script_lucas_toc/49663464_2015-08-21.csv
49682686,2015-05-31,../embeddings/output/store_location_test_script_lucas_toc/49682686_2015-05-31.csv
49683466,2015-08-21,../embeddings/output/store_location_test_script_lucas_toc/49683466_2015-08-21.csv
49701980,2015-07-28,../embeddings/output/store_location_test_script_lucas_toc/49701980_2015-07-28.csv
49703500,2015-08-24,../embeddings/output/store_location_test_script_lucas_toc/49703500_2015-08-24.csv
49722596,2015-07-31,../embeddings/output/store_location_test_script_lucas_toc/49722596_2015-07-31.csv
49724506,2015-08-13,../embeddings/output/store_location_test_script_lucas_toc/49724506_2015-08-13.csv
49724574,2015-07-20,../embeddings/output/store_location_test_script_lucas_toc/49724574_2015-07-20.csv
49741988,2015-07-28,../embeddings/output/store_location_test_script_lucas_toc/49741988_2015-07-28.csv
49762854,2015-06-06,../embeddings/output/store_location_test_script_lucas_toc/49762854_2015-06-06.csv
49763466,2015-08-20,../embeddings/output/store_location_test_script_lucas_toc/49763466_2015-08-20.csv
49781958,2015-07-31,../embeddings/output/store_location_test_script_lucas_toc/49781958_2015-07-31.csv
49782670,2015-08-03,../embeddings/output/store_location_test_script_lucas_toc/49782670_2015-08-03.csv
49803232,2015-06-02,../embeddings/output/store_location_test_script_lucas_toc/49803232_2015-06-02.csv
49803376,2015-05-07,../embeddings/output/store_location_test_script_lucas_toc/49803376_2015-05-07.csv
49803412,2015-05-11,../embeddings/output/store_location_test_script_lucas_toc/49803412_2015-05-11.csv
49822626,2015-08-22,../embeddings/output/store_location_test_script_lucas_toc/49822626_2015-08-22.csv
49823260,2015-06-16,../embeddings/output/store_location_test_script_lucas_toc/49823260_2015-06-16.csv
49862710,2015-07-17,../embeddings/output/store_location_test_script_lucas_toc/49862710_2015-07-17.csv
49863136,2015-05-30,../embeddings/output/store_location_test_script_lucas_toc/49863136_2015-05-30.csv
49882592,2015-07-31,../embeddings/output/store_location_test_script_lucas_toc/49882592_2015-07-31.csv
49882888,2015-06-07,../embeddings/output/store_location_test_script_lucas_toc/49882888_2015-06-07.csv
49882996,2015-08-30,../embeddings/output/store_location_test_script_lucas_toc/49882996_2015-08-30.csv
49883266,2015-05-30,../embeddings/output/store_location_test_script_lucas_toc/49883266_2015-05-30.csv
49883510,2015-08-30,../embeddings/output/store_location_test_script_lucas_toc/49883510_2015-08-30.csv
49902614,2015-05-26,../embeddings/output/store_location_test_script_lucas_toc/49902614_2015-05-26.csv
49904272,2015-06-25,../embeddings/output/store_location_test_script_lucas_toc/49904272_2015-06-25.csv
49921952,2015-07-31,../embeddings/output/store_location_test_script_lucas_toc/49921952_2015-07-31.csv
49921970,2015-07-28,../embeddings/output/store_location_test_script_lucas_toc/49921970_2015-07-28.csv
49922748,2015-05-29,../embeddings/output/store_location_test_script_lucas_toc/49922748_2015-05-29.csv
49923464,2015-08-28,../embeddings/output/store_location_test_script_lucas_toc/49923464_2015-08-28.csv
49942944,2015-10-02,../embeddings/output/store_location_test_script_lucas_toc/49942944_2015-10-02.csv
49943106,2015-06-04,../embeddings/output/store_location_test_script_lucas_toc/49943106_2015-06-04.csv
49943484,2015-08-28,../embeddings/output/store_location_test_script_lucas_toc/49943484_2015-08-28.csv
49963200,2015-07-08,../embeddings/output/store_location_test_script_lucas_toc/49963200_2015-07-08.csv
49963260,2015-06-30,../embeddings/output/store_location_test_script_lucas_toc/49963260_2015-06-30.csv
49963498,2015-08-29,../embeddings/output/store_location_test_script_lucas_toc/49963498_2015-08-29.csv
49982656,2015-08-01,../embeddings/output/store_location_test_script_lucas_toc/49982656_2015-08-01.csv
49982938,2015-10-02,../embeddings/output/store_location_test_script_lucas_toc/49982938_2015-10-02.csv
49982962,2015-09-16,../embeddings/output/store_location_test_script_lucas_toc/49982962_2015-09-16.csv
49983196,2015-07-08,../embeddings/output/store_location_test_script_lucas_toc/49983196_2015-07-08.csv
49983208,2015-08-13,../embeddings/output/store_location_test_script_lucas_toc/49983208_2015-08-13.csv
49983234,2015-08-23,../embeddings/output/store_location_test_script_lucas_toc/49983234_2015-08-23.csv
49983340,2015-08-14,../embeddings/output/store_location_test_script_lucas_toc/49983340_2015-08-14.csv
50001942,2015-07-31,../embeddings/output/store_location_test_script_lucas_toc/50001942_2015-07-31.csv
50002878,2015-05-26,../embeddings/output/store_location_test_script_lucas_toc/50002878_2015-05-26.csv
50002954,2015-09-14,../embeddings/output/store_location_test_script_lucas_toc/50002954_2015-09-14.csv
50003130,2015-05-16,../embeddings/output/store_location_test_script_lucas_toc/50003130_2015-05-16.csv
50003296,2015-07-22,../embeddings/output/store_location_test_script_lucas_toc/50003296_2015-07-22.csv
50022870,2015-05-30,../embeddings/output/store_location_test_script_lucas_toc/50022870_2015-05-30.csv
50022924,2015-09-28,../embeddings/output/store_location_test_script_lucas_toc/50022924_2015-09-28.csv
50022946,2015-05-22,../embeddings/output/store_location_test_script_lucas_toc/50022946_2015-05-22.csv
50022978,2015-09-15,../embeddings/output/store_location_test_script_lucas_toc/50022978_2015-09-15.csv
50023248,2015-07-15,../embeddings/output/store_location_test_script_lucas_toc/50023248_2015-07-15.csv
50023768,2015-07-20,../embeddings/output/store_location_test_script_lucas_toc/50023768_2015-07-20.csv
50043370,2015-05-05,../embeddings/output/store_location_test_script_lucas_toc/50043370_2015-05-05.csv
50044612,2015-08-02,../embeddings/output/store_location_test_script_lucas_toc/50044612_2015-08-02.csv
50061970,2015-08-02,../embeddings/output/store_location_test_script_lucas_toc/50061970_2015-08-02.csv
50063150,2015-06-29,../embeddings/output/store_location_test_script_lucas_toc/50063150_2015-06-29.csv
50063194,2015-07-08,../embeddings/output/store_location_test_script_lucas_toc/50063194_2015-07-08.csv
50063258,2015-07-24,../embeddings/output/store_location_test_script_lucas_toc/50063258_2015-07-24.csv
50063500,2015-08-31,../embeddings/output/store_location_test_script_lucas_toc/50063500_2015-08-31.csv
50081966,2015-08-02,../embeddings/output/store_location_test_script_lucas_toc/50081966_2015-08-02.csv
50083514,2015-08-31,../embeddings/output/store_location_test_script_lucas_toc/50083514_2015-08-31.csv
50084338,2015-07-29,../embeddings/output/store_location_test_script_lucas_toc/50084338_2015-07-29.csv
50102888,2015-06-22,../embeddings/output/store_location_test_script_lucas_toc/50102888_2015-06-22.csv
50102928,2015-09-29,../embeddings/output/store_location_test_script_lucas_toc/50102928_2015-09-29.csv
50103068,2015-07-06,../embeddings/output/store_location_test_script_lucas_toc/50103068_2015-07-06.csv
50103238,2015-08-11,../embeddings/output/store_location_test_script_lucas_toc/50103238_2015-08-11.csv
50103248,2015-07-15,../embeddings/output/store_location_test_script_lucas_toc/50103248_2015-07-15.csv
50121918,2015-07-31,../embeddings/output/store_location_test_script_lucas_toc/50121918_2015-07-31.csv
50123484,2015-05-29,../embeddings/output/store_location_test_script_lucas_toc/50123484_2015-05-29.csv
50141928,2015-07-31,../embeddings/output/store_location_test_script_lucas_toc/50141928_2015-07-31.csv
50141940,2015-07-31,../embeddings/output/store_location_test_script_lucas_toc/50141940_2015-07-31.csv
50142958,2015-10-03,../embeddings/output/store_location_test_script_lucas_toc/50142958_2015-10-03.csv
50143146,2015-06-29,../embeddings/output/store_location_test_script_lucas_toc/50143146_2015-06-29.csv
50143296,2015-07-22,../embeddings/output/store_location_test_script_lucas_toc/50143296_2015-07-22.csv
50143404,2015-10-02,../embeddings/output/store_location_test_script_lucas_toc/50143404_2015-10-02.csv
50143512,2015-08-31,../embeddings/output/store_location_test_script_lucas_toc/50143512_2015-08-31.csv
50162836,2015-05-30,../embeddings/output/store_location_test_script_lucas_toc/50162836_2015-05-30.csv
50162998,2015-08-29,../embeddings/output/store_location_test_script_lucas_toc/50162998_2015-08-29.csv
50164284,2015-09-06,../embeddings/output/store_location_test_script_lucas_toc/50164284_2015-09-06.csv
50164518,2015-07-11,../embeddings/output/store_location_test_script_lucas_toc/50164518_2015-07-11.csv
50164594,2015-08-06,../embeddings/output/store_location_test_script_lucas_toc/50164594_2015-08-06.csv
50183184,2015-07-08,../embeddings/output/store_location_test_script_lucas_toc/50183184_2015-07-08.csv
50183494,2015-09-01,../embeddings/output/store_location_test_script_lucas_toc/50183494_2015-09-01.csv
50183772,2015-07-06,../embeddings/output/store_location_test_script_lucas_toc/50183772_2015-07-06.csv
50203276,2015-09-04,../embeddings/output/store_location_test_script_lucas_toc/50203276_2015-09-04.csv
50203822,2015-05-23,../embeddings/output/store_location_test_script_lucas_toc/50203822_2015-05-23.csv
50204184,2015-06-20,../embeddings/output/store_location_test_script_lucas_toc/50204184_2015-06-20.csv
50241908,2015-07-31,../embeddings/output/store_location_test_script_lucas_toc/50241908_2015-07-31.csv
50241926,2015-07-31,../embeddings/output/store_location_test_script_lucas_toc/50241926_2015-07-31.csv
50241938,2015-07-31,../embeddings/output/store_location_test_script_lucas_toc/50241938_2015-07-31.csv
50241952,2015-08-02,../embeddings/output/store_location_test_script_lucas_toc/50241952_2015-08-02.csv
50242658,2015-05-11,../embeddings/output/store_location_test_script_lucas_toc/50242658_2015-05-11.csv
50243144,2015-05-07,../embeddings/output/store_location_test_script_lucas_toc/50243144_2015-05-07.csv
50243176,2015-07-08,../embeddings/output/store_location_test_script_lucas_toc/50243176_2015-07-08.csv
50243222,2015-08-11,../embeddings/output/store_location_test_script_lucas_toc/50243222_2015-08-11.csv
50243682,2015-06-06,../embeddings/output/store_location_test_script_lucas_toc/50243682_2015-06-06.csv
50262830,2015-05-30,../embeddings/output/store_location_test_script_lucas_toc/50262830_2015-05-30.csv
50263028,2015-09-12,../embeddings/output/store_location_test_script_lucas_toc/50263028_2015-09-12.csv
50283220,2015-08-11,../embeddings/output/store_location_test_script_lucas_toc/50283220_2015-08-11.csv
50283482,2015-05-16,../embeddings/output/store_location_test_script_lucas_toc/50283482_2015-05-16.csv
50302926,2015-09-21,../embeddings/output/store_location_test_script_lucas_toc/50302926_2015-09-21.csv
50303214,2015-08-11,../embeddings/output/store_location_test_script_lucas_toc/50303214_2015-08-11.csv
50303660,2015-06-07,../embeddings/output/store_location_test_script_lucas_toc/50303660_2015-06-07.csv
50303696,2015-08-29,../embeddings/output/store_location_test_script_lucas_toc/50303696_2015-08-29.csv
50322648,2015-06-20,../embeddings/output/store_location_test_script_lucas_toc/50322648_2015-06-20.csv
50322994,2015-05-31,../embeddings/output/store_location_test_script_lucas_toc/50322994_2015-05-31.csv
50323806,2015-05-23,../embeddings/output/store_location_test_script_lucas_toc/50323806_2015-05-23.csv
50343142,2015-05-07,../embeddings/output/store_location_test_script_lucas_toc/50343142_2015-05-07.csv
50343154,2015-06-30,../embeddings/output/store_location_test_script_lucas_toc/50343154_2015-06-30.csv
50343250,2015-08-02,../embeddings/output/store_location_test_script_lucas_toc/50343250_2015-08-02.csv
50343442,2015-10-04,../embeddings/output/store_location_test_script_lucas_toc/50343442_2015-10-04.csv
50343732,2015-08-09,../embeddings/output/store_location_test_script_lucas_toc/50343732_2015-08-09.csv
50343760,2015-07-19,../embeddings/output/store_location_test_script_lucas_toc/50343760_2015-07-19.csv
50344366,2015-06-09,../embeddings/output/store_location_test_script_lucas_toc/50344366_2015-06-09.csv
50361942,2015-07-31,../embeddings/output/store_location_test_script_lucas_toc/50361942_2015-07-31.csv
50363022,2015-05-31,../embeddings/output/store_location_test_script_lucas_toc/50363022_2015-05-31.csv
50363490,2015-07-28,../embeddings/output/store_location_test_script_lucas_toc/50363490_2015-07-28.csv
50363718,2015-08-22,../embeddings/output/store_location_test_script_lucas_toc/50363718_2015-08-22.csv
50382960,2015-09-13,../embeddings/output/store_location_test_script_lucas_toc/50382960_2015-09-13.csv
50383086,2015-05-21,../embeddings/output/store_location_test_script_lucas_toc/50383086_2015-05-21.csv
50383522,2015-05-19,../embeddings/output/store_location_test_script_lucas_toc/50383522_2015-05-19.csv
50401930,2015-07-31,../embeddings/output/store_location_test_script_lucas_toc/50401930_2015-07-31.csv
50402656,2015-07-18,../embeddings/output/store_location_test_script_lucas_toc/50402656_2015-07-18.csv
50402992,2015-09-13,../embeddings/output/store_location_test_script_lucas_toc/50402992_2015-09-13.csv
50403244,2015-06-24,../embeddings/output/store_location_test_script_lucas_toc/50403244_2015-06-24.csv
50423230,2015-06-24,../embeddings/output/store_location_test_script_lucas_toc/50423230_2015-06-24.csv
50423474,2015-05-13,../embeddings/output/store_location_test_script_lucas_toc/50423474_2015-05-13.csv
50442704,2015-07-24,../embeddings/output/store_location_test_script_lucas_toc/50442704_2015-07-24.csv
50443648,2015-06-07,../embeddings/output/store_location_test_script_lucas_toc/50443648_2015-06-07.csv
50462726,2015-08-14,../embeddings/output/store_location_test_script_lucas_toc/50462726_2015-08-14.csv
50484302,2015-09-09,../embeddings/output/store_location_test_script_lucas_toc/50484302_2015-09-09.csv
50503224,2015-08-11,../embeddings/output/store_location_test_script_lucas_toc/50503224_2015-08-11.csv
50503246,2015-06-24,../embeddings/output/store_location_test_script_lucas_toc/50503246_2015-06-24.csv
50503672,2015-08-24,../embeddings/output/store_location_test_script_lucas_toc/50503672_2015-08-24.csv
50504034,2015-06-04,../embeddings/output/store_location_test_script_lucas_toc/50504034_2015-06-04.csv
50522764,2015-07-09,../embeddings/output/store_location_test_script_lucas_toc/50522764_2015-07-09.csv
50523028,2015-08-20,../embeddings/output/store_location_test_script_lucas_toc/50523028_2015-08-20.csv
50523678,2015-06-10,../embeddings/output/store_location_test_script_lucas_toc/50523678_2015-06-10.csv
50523804,2015-06-08,../embeddings/output/store_location_test_script_lucas_toc/50523804_2015-06-08.csv
50524662,2015-09-12,../embeddings/output/store_location_test_script_lucas_toc/50524662_2015-09-12.csv
50542698,2015-06-14,../embeddings/output/store_location_test_script_lucas_toc/50542698_2015-06-14.csv
50543022,2015-08-20,../embeddings/output/store_location_test_script_lucas_toc/50543022_2015-08-20.csv
50543206,2015-07-29,../embeddings/output/store_location_test_script_lucas_toc/50543206_2015-07-29.csv
50563140,2015-08-13,../embeddings/output/store_location_test_script_lucas_toc/50563140_2015-08-13.csv
50563194,2015-07-28,../embeddings/output/store_location_test_script_lucas_toc/50563194_2015-07-28.csv
50582764,2015-07-09,../embeddings/output/store_location_test_script_lucas_toc/50582764_2015-07-09.csv
50584610,2015-06-29,../embeddings/output/store_location_test_script_lucas_toc/50584610_2015-06-29.csv
50602694,2015-08-03,../embeddings/output/store_location_test_script_lucas_toc/50602694_2015-08-03.csv
50603248,2015-06-24,../embeddings/output/store_location_test_script_lucas_toc/50603248_2015-06-24.csv
50603330,2015-06-30,../embeddings/output/store_location_test_script_lucas_toc/50603330_2015-06-30.csv
50603482,2015-05-15,../embeddings/output/store_location_test_script_lucas_toc/50603482_2015-05-15.csv
50603758,2015-05-21,../embeddings/output/store_location_test_script_lucas_toc/50603758_2015-05-21.csv
50603794,2015-07-18,../embeddings/output/store_location_test_script_lucas_toc/50603794_2015-07-18.csv
50622776,2015-05-28,../embeddings/output/store_location_test_script_lucas_toc/50622776_2015-05-28.csv
50623424,2015-10-06,../embeddings/output/store_location_test_script_lucas_toc/50623424_2015-10-06.csv
50623640,2015-08-16,../embeddings/output/store_location_test_script_lucas_toc/50623640_2015-08-16.csv
50623694,2015-06-06,../embeddings/output/store_location_test_script_lucas_toc/50623694_2015-06-06.csv
50623762,2015-08-22,../embeddings/output/store_location_test_script_lucas_toc/50623762_2015-08-22.csv
50624582,2015-06-26,../embeddings/output/store_location_test_script_lucas_toc/50624582_2015-06-26.csv
50642734,2015-08-23,../embeddings/output/store_location_test_script_lucas_toc/50642734_2015-08-23.csv
50642978,2015-09-09,../embeddings/output/store_location_test_script_lucas_toc/50642978_2015-09-09.csv
50643238,2015-05-23,../embeddings/output/store_location_test_script_lucas_toc/50643238_2015-05-23.csv
50643432,2015-10-06,../embeddings/output/store_location_test_script_lucas_toc/50643432_2015-10-06.csv
50644048,2015-06-04,../embeddings/output/store_location_test_script_lucas_toc/50644048_2015-06-04.csv
50662872,2015-08-29,../embeddings/output/store_location_test_script_lucas_toc/50662872_2015-08-29.csv
50663688,2015-06-06,../embeddings/output/store_location_test_script_lucas_toc/50663688_2015-06-06.csv
50663710,2015-06-06,../embeddings/output/store_location_test_script_lucas_toc/50663710_2015-06-06.csv
50663746,2015-08-03,../embeddings/output/store_location_test_script_lucas_toc/50663746_2015-08-03.csv
50682966,2015-08-24,../embeddings/output/store_location_test_script_lucas_toc/50682966_2015-08-24.csv
50683074,2015-09-04,../embeddings/output/store_location_test_script_lucas_toc/50683074_2015-09-04.csv
50683680,2015-08-18,../embeddings/output/store_location_test_script_lucas_toc/50683680_2015-08-18.csv
50702998,2015-05-30,../embeddings/output/store_location_test_script_lucas_toc/50702998_2015-05-30.csv
50703010,2015-09-10,../embeddings/output/store_location_test_script_lucas_toc/50703010_2015-09-10.csv
50703016,2015-09-14,../embeddings/output/store_location_test_script_lucas_toc/50703016_2015-09-14.csv
50703872,2015-05-17,../embeddings/output/store_location_test_script_lucas_toc/50703872_2015-05-17.csv
50723242,2015-08-06,../embeddings/output/store_location_test_script_lucas_toc/50723242_2015-08-06.csv
50723422,2015-10-07,../embeddings/output/store_location_test_script_lucas_toc/50723422_2015-10-07.csv
50743486,2015-07-28,../embeddings/output/store_location_test_script_lucas_toc/50743486_2015-07-28.csv
50743632,2015-08-15,../embeddings/output/store_location_test_script_lucas_toc/50743632_2015-08-15.csv
50762614,2015-05-15,../embeddings/output/store_location_test_script_lucas_toc/50762614_2015-05-15.csv
50762656,2015-08-20,../embeddings/output/store_location_test_script_lucas_toc/50762656_2015-08-20.csv
50763638,2015-06-07,../embeddings/output/store_location_test_script_lucas_toc/50763638_2015-06-07.csv
50763800,2015-05-21,../embeddings/output/store_location_test_script_lucas_toc/50763800_2015-05-21.csv
50782700,2015-08-21,../embeddings/output/store_location_test_script_lucas_toc/50782700_2015-08-21.csv
50783006,2015-09-04,../embeddings/output/store_location_test_script_lucas_toc/50783006_2015-09-04.csv
50783432,2015-10-06,../embeddings/output/store_location_test_script_lucas_toc/50783432_2015-10-06.csv
50803766,2015-05-02,../embeddings/output/store_location_test_script_lucas_toc/50803766_2015-05-02.csv
50822946,2015-05-22,../embeddings/output/store_location_test_script_lucas_toc/50822946_2015-05-22.csv
50823040,2015-08-10,../embeddings/output/store_location_test_script_lucas_toc/50823040_2015-08-10.csv
50823320,2015-06-16,../embeddings/output/store_location_test_script_lucas_toc/50823320_2015-06-16.csv
50843678,2015-08-14,../embeddings/output/store_location_test_script_lucas_toc/50843678_2015-08-14.csv
50843760,2015-08-02,../embeddings/output/store_location_test_script_lucas_toc/50843760_2015-08-02.csv
50863206,2015-05-25,../embeddings/output/store_location_test_script_lucas_toc/50863206_2015-05-25.csv
50882638,2015-05-27,../embeddings/output/store_location_test_script_lucas_toc/50882638_2015-05-27.csv
50883478,2015-05-03,../embeddings/output/store_location_test_script_lucas_toc/50883478_2015-05-03.csv
50902644,2015-05-19,../embeddings/output/store_location_test_script_lucas_toc/50902644_2015-05-19.csv
50903664,2015-06-08,../embeddings/output/store_location_test_script_lucas_toc/50903664_2015-06-08.csv
50923288,2015-05-22,../embeddings/output/store_location_test_script_lucas_toc/50923288_2015-05-22.csv
50923428,2015-10-06,../embeddings/output/store_location_test_script_lucas_toc/50923428_2015-10-06.csv
50924566,2015-06-12,../embeddings/output/store_location_test_script_lucas_toc/50924566_2015-06-12.csv
50943268,2015-08-06,../embeddings/output/store_location_test_script_lucas_toc/50943268_2015-08-06.csv
50963186,2015-05-23,../embeddings/output/store_location_test_script_lucas_toc/50963186_2015-05-23.csv
50963374,2015-10-07,../embeddings/output/store_location_test_script_lucas_toc/50963374_2015-10-07.csv
50964076,2015-06-05,../embeddings/output/store_location_test_script_lucas_toc/50964076_2015-06-05.csv
50983028,2015-08-07,../embeddings/output/store_location_test_script_lucas_toc/50983028_2015-08-07.csv
50983666,2015-05-27,../embeddings/output/store_location_test_script_lucas_toc/50983666_2015-05-27.csv
50983816,2015-09-25,../embeddings/output/store_location_test_script_lucas_toc/50983816_2015-09-25.csv
50984072,2015-06-05,../embeddings/output/store_location_test_script_lucas_toc/50984072_2015-06-05.csv
51002766,2015-07-29,../embeddings/output/store_location_test_script_lucas_toc/51002766_2015-07-29.csv
51002942,2015-09-12,../embeddings/output/store_location_test_script_lucas_toc/51002942_2015-09-12.csv
51003238,2015-05-19,../embeddings/output/store_location_test_script_lucas_toc/51003238_2015-05-19.csv
51003378,2015-10-07,../embeddings/output/store_location_test_script_lucas_toc/51003378_2015-10-07.csv
51003392,2015-10-07,../embeddings/output/store_location_test_script_lucas_toc/51003392_2015-10-07.csv
51023430,2015-05-28,../embeddings/output/store_location_test_script_lucas_toc/51023430_2015-05-28.csv
51023696,2015-06-19,../embeddings/output/store_location_test_script_lucas_toc/51023696_2015-06-19.csv
51023840,2015-07-28,../embeddings/output/store_location_test_script_lucas_toc/51023840_2015-07-28.csv
51042936,2015-08-08,../embeddings/output/store_location_test_script_lucas_toc/51042936_2015-08-08.csv
51043110,2015-08-13,../embeddings/output/store_location_test_script_lucas_toc/51043110_2015-08-13.csv
51043672,2015-05-27,../embeddings/output/store_location_test_script_lucas_toc/51043672_2015-05-27.csv
51043870,2015-05-15,../embeddings/output/store_location_test_script_lucas_toc/51043870_2015-05-15.csv
51044692,2015-09-16,../embeddings/output/store_location_test_script_lucas_toc/51044692_2015-09-16.csv
51063100,2015-05-27,../embeddings/output/store_location_test_script_lucas_toc/51063100_2015-05-27.csv
51082954,2015-09-20,../embeddings/output/store_location_test_script_lucas_toc/51082954_2015-09-20.csv
51083062,2015-07-27,../embeddings/output/store_location_test_script_lucas_toc/51083062_2015-07-27.csv
51083080,2015-08-15,../embeddings/output/store_location_test_script_lucas_toc/51083080_2015-08-15.csv
51083098,2015-08-08,../embeddings/output/store_location_test_script_lucas_toc/51083098_2015-08-08.csv
51084210,2015-09-14,../embeddings/output/store_location_test_script_lucas_toc/51084210_2015-09-14.csv
51103660,2015-06-01,../embeddings/output/store_location_test_script_lucas_toc/51103660_2015-06-01.csv
51104260,2015-06-18,../embeddings/output/store_location_test_script_lucas_toc/51104260_2015-06-18.csv
51122668,2015-05-14,../embeddings/output/store_location_test_script_lucas_toc/51122668_2015-05-14.csv
51123154,2015-05-29,../embeddings/output/store_location_test_script_lucas_toc/51123154_2015-05-29.csv
51123280,2015-07-17,../embeddings/output/store_location_test_script_lucas_toc/51123280_2015-07-17.csv
51143024,2015-08-24,../embeddings/output/store_location_test_script_lucas_toc/51143024_2015-08-24.csv
51143158,2015-05-29,../embeddings/output/store_location_test_script_lucas_toc/51143158_2015-05-29.csv
51143450,2015-05-02,../embeddings/output/store_location_test_script_lucas_toc/51143450_2015-05-02.csv
51143528,2015-05-25,../embeddings/output/store_location_test_script_lucas_toc/51143528_2015-05-25.csv
51163424,2015-05-18,../embeddings/output/store_location_test_script_lucas_toc/51163424_2015-05-18.csv
51183664,2015-08-28,../embeddings/output/store_location_test_script_lucas_toc/51183664_2015-08-28.csv
51183718,2015-06-06,../embeddings/output/store_location_test_script_lucas_toc/51183718_2015-06-06.csv
51204708,2015-09-14,../embeddings/output/store_location_test_script_lucas_toc/51204708_2015-09-14.csv
51222948,2015-05-31,../embeddings/output/store_location_test_script_lucas_toc/51222948_2015-05-31.csv
51223002,2015-08-28,../embeddings/output/store_location_test_script_lucas_toc/51223002_2015-08-28.csv
51223308,2015-06-23,../embeddings/output/store_location_test_script_lucas_toc/51223308_2015-06-23.csv
51223350,2015-08-12,../embeddings/output/store_location_test_script_lucas_toc/51223350_2015-08-12.csv
51223644,2015-08-28,../embeddings/output/store_location_test_script_lucas_toc/51223644_2015-08-28.csv
51243172,2015-05-25,../embeddings/output/store_location_test_script_lucas_toc/51243172_2015-05-25.csv
51244618,2015-06-21,../embeddings/output/store_location_test_script_lucas_toc/51244618_2015-06-21.csv
51263278,2015-08-04,../embeddings/output/store_location_test_script_lucas_toc/51263278_2015-08-04.csv
51282676,2015-06-19,../embeddings/output/store_location_test_script_lucas_toc/51282676_2015-06-19.csv
51282726,2015-07-05,../embeddings/output/store_location_test_script_lucas_toc/51282726_2015-07-05.csv
51283122,2015-06-03,../embeddings/output/store_location_test_script_lucas_toc/51283122_2015-06-03.csv
51283468,2015-06-06,../embeddings/output/store_location_test_script_lucas_toc/51283468_2015-06-06.csv
51302836,2015-05-23,../embeddings/output/store_location_test_script_lucas_toc/51302836_2015-05-23.csv
51303268,2015-08-28,../embeddings/output/store_location_test_script_lucas_toc/51303268_2015-08-28.csv
51323114,2015-08-16,../embeddings/output/store_location_test_script_lucas_toc/51323114_2015-08-16.csv
51323276,2015-08-04,../embeddings/output/store_location_test_script_lucas_toc/51323276_2015-08-04.csv
51323682,2015-07-26,../embeddings/output/store_location_test_script_lucas_toc/51323682_2015-07-26.csv
51342722,2015-07-05,../embeddings/output/store_location_test_script_lucas_toc/51342722_2015-07-05.csv
51342800,2015-08-06,../embeddings/output/store_location_test_script_lucas_toc/51342800_2015-08-06.csv
51363212,2015-05-17,../embeddings/output/store_location_test_script_lucas_toc/51363212_2015-05-17.csv
51363374,2015-06-14,../embeddings/output/store_location_test_script_lucas_toc/51363374_2015-06-14.csv
51363436,2015-05-20,../embeddings/output/store_location_test_script_lucas_toc/51363436_2015-05-20.csv
51364706,2015-09-14,../embeddings/output/store_location_test_script_lucas_toc/51364706_2015-09-14.csv
51383340,2015-08-15,../embeddings/output/store_location_test_script_lucas_toc/51383340_2015-08-15.csv
51383678,2015-08-28,../embeddings/output/store_location_test_script_lucas_toc/51383678_2015-08-28.csv
51403012,2015-07-07,../embeddings/output/store_location_test_script_lucas_toc/51403012_2015-07-07.csv
51403314,2015-06-23,../embeddings/output/store_location_test_script_lucas_toc/51403314_2015-06-23.csv
51403440,2015-05-20,../embeddings/output/store_location_test_script_lucas_toc/51403440_2015-05-20.csv
51403480,2015-06-09,../embeddings/output/store_location_test_script_lucas_toc/51403480_2015-06-09.csv
51422794,2015-06-04,../embeddings/output/store_location_test_script_lucas_toc/51422794_2015-06-04.csv
51423100,2015-07-30,../embeddings/output/store_location_test_script_lucas_toc/51423100_2015-07-30.csv
51423258,2015-09-01,../embeddings/output/store_location_test_script_lucas_toc/51423258_2015-09-01.csv
51423466,2015-06-06,../embeddings/output/store_location_test_script_lucas_toc/51423466_2015-06-06.csv
51423692,2015-07-10,../embeddings/output/store_location_test_script_lucas_toc/51423692_2015-07-10.csv
51423724,2015-07-25,../embeddings/output/store_location_test_script_lucas_toc/51423724_2015-07-25.csv
51423742,2015-06-13,../embeddings/output/store_location_test_script_lucas_toc/51423742_2015-06-13.csv
51424060,2015-06-28,../embeddings/output/store_location_test_script_lucas_toc/51424060_2015-06-28.csv
51443008,2015-05-29,../embeddings/output/store_location_test_script_lucas_toc/51443008_2015-05-29.csv
51443058,2015-07-03,../embeddings/output/store_location_test_script_lucas_toc/51443058_2015-07-03.csv
51443350,2015-06-15,../embeddings/output/store_location_test_script_lucas_toc/51443350_2015-06-15.csv
51462960,2015-07-13,../embeddings/output/store_location_test_script_lucas_toc/51462960_2015-07-13.csv
51463794,2015-05-11,../embeddings/output/store_location_test_script_lucas_toc/51463794_2015-05-11.csv
51464314,2015-09-28,../embeddings/output/store_location_test_script_lucas_toc/51464314_2015-09-28.csv
51482704,2015-06-30,../embeddings/output/store_location_test_script_lucas_toc/51482704_2015-06-30.csv
51482740,2015-07-21,../embeddings/output/store_location_test_script_lucas_toc/51482740_2015-07-21.csv
51483172,2015-05-25,../embeddings/output/store_location_test_script_lucas_toc/51483172_2015-05-25.csv
51484042,2015-06-27,../embeddings/output/store_location_test_script_lucas_toc/51484042_2015-06-27.csv
51542784,2015-07-20,../embeddings/output/store_location_test_script_lucas_toc/51542784_2015-07-20.csv
51542842,2015-07-04,../embeddings/output/store_location_test_script_lucas_toc/51542842_2015-07-04.csv
51543194,2015-05-28,../embeddings/output/store_location_test_script_lucas_toc/51543194_2015-05-28.csv
51543256,2015-09-26,../embeddings/output/store_location_test_script_lucas_toc/51543256_2015-09-26.csv
51543482,2015-06-09,../embeddings/output/store_location_test_script_lucas_toc/51543482_2015-06-09.csv
51543736,2015-08-23,../embeddings/output/store_location_test_script_lucas_toc/51543736_2015-08-23.csv
51563178,2015-05-20,../embeddings/output/store_location_test_script_lucas_toc/51563178_2015-05-20.csv
51563304,2015-09-28,../embeddings/output/store_location_test_script_lucas_toc/51563304_2015-09-28.csv
51582792,2015-07-24,../embeddings/output/store_location_test_script_lucas_toc/51582792_2015-07-24.csv
51582994,2015-07-10,../embeddings/output/store_location_test_script_lucas_toc/51582994_2015-07-10.csv
51583080,2015-07-27,../embeddings/output/store_location_test_script_lucas_toc/51583080_2015-07-27.csv
51602980,2015-07-27,../embeddings/output/store_location_test_script_lucas_toc/51602980_2015-07-27.csv
51603714,2015-08-23,../embeddings/output/store_location_test_script_lucas_toc/51603714_2015-08-23.csv
51622770,2015-07-24,../embeddings/output/store_location_test_script_lucas_toc/51622770_2015-07-24.csv
51622792,2015-07-24,../embeddings/output/store_location_test_script_lucas_toc/51622792_2015-07-24.csv
51623206,2015-07-24,../embeddings/output/store_location_test_script_lucas_toc/51623206_2015-07-24.csv
51624084,2015-09-30,../embeddings/output/store_location_test_script_lucas_toc/51624084_2015-09-30.csv
51624372,2015-07-23,../embeddings/output/store_location_test_script_lucas_toc/51624372_2015-07-23.csv
51642780,2015-07-20,../embeddings/output/store_location_test_script_lucas_toc/51642780_2015-07-20.csv
51642960,2015-05-21,../embeddings/output/store_location_test_script_lucas_toc/51642960_2015-05-21.csv
51643090,2015-08-24,../embeddings/output/store_location_test_script_lucas_toc/51643090_2015-08-24.csv
51643320,2015-09-28,../embeddings/output/store_location_test_script_lucas_toc/51643320_2015-09-28.csv
51644130,2015-09-03,../embeddings/output/store_location_test_script_lucas_toc/51644130_2015-09-03.csv
51663016,2015-07-11,../embeddings/output/store_location_test_script_lucas_toc/51663016_2015-07-11.csv
51663088,2015-08-18,../embeddings/output/store_location_test_script_lucas_toc/51663088_2015-08-18.csv
51682726,2015-06-06,../embeddings/output/store_location_test_script_lucas_toc/51682726_2015-06-06.csv
51703244,2015-08-10,../embeddings/output/store_location_test_script_lucas_toc/51703244_2015-08-10.csv
51703648,2015-05-30,../embeddings/output/store_location_test_script_lucas_toc/51703648_2015-05-30.csv
51704072,2015-08-08,../embeddings/output/store_location_test_script_lucas_toc/51704072_2015-08-08.csv
51722996,2015-05-29,../embeddings/output/store_location_test_script_lucas_toc/51722996_2015-05-29.csv
51723086,2015-08-18,../embeddings/output/store_location_test_script_lucas_toc/51723086_2015-08-18.csv
51723090,2015-08-07,../embeddings/output/store_location_test_script_lucas_toc/51723090_2015-08-07.csv
51723256,2015-09-03,../embeddings/output/store_location_test_script_lucas_toc/51723256_2015-09-03.csv
51723310,2015-09-26,../embeddings/output/store_location_test_script_lucas_toc/51723310_2015-09-26.csv
51724084,2015-09-05,../embeddings/output/store_location_test_script_lucas_toc/51724084_2015-09-05.csv
51724116,2015-09-04,../embeddings/output/store_location_test_script_lucas_toc/51724116_2015-09-04.csv
51724638,2015-07-31,../embeddings/output/store_location_test_script_lucas_toc/51724638_2015-07-31.csv
51742962,2015-07-31,../embeddings/output/store_location_test_script_lucas_toc/51742962_2015-07-31.csv
51762706,2015-06-29,../embeddings/output/store_location_test_script_lucas_toc/51762706_2015-06-29.csv
51762864,2015-07-17,../embeddings/output/store_location_test_script_lucas_toc/51762864_2015-07-17.csv
51763020,2015-07-09,../embeddings/output/store_location_test_script_lucas_toc/51763020_2015-07-09.csv
51763164,2015-06-07,../embeddings/output/store_location_test_script_lucas_toc/51763164_2015-06-07.csv
51763344,2015-09-25,../embeddings/output/store_location_test_script_lucas_toc/51763344_2015-09-25.csv
51763594,2015-08-24,../embeddings/output/store_location_test_script_lucas_toc/51763594_2015-08-24.csv
51763654,2015-08-29,../embeddings/output/store_location_test_script_lucas_toc/51763654_2015-08-29.csv
51764582,2015-07-30,../embeddings/output/store_location_test_script_lucas_toc/51764582_2015-07-30.csv
51783286,2015-09-29,../embeddings/output/store_location_test_script_lucas_toc/51783286_2015-09-29.csv
51783840,2015-05-12,../embeddings/output/store_location_test_script_lucas_toc/51783840_2015-05-12.csv
51802634,2015-06-21,../embeddings/output/store_location_test_script_lucas_toc/51802634_2015-06-21.csv
51802752,2015-07-26,../embeddings/output/store_location_test_script_lucas_toc/51802752_2015-07-26.csv
51802792,2015-08-30,../embeddings/output/store_location_test_script_lucas_toc/51802792_2015-08-30.csv
51803004,2015-09-08,../embeddings/output/store_location_test_script_lucas_toc/51803004_2015-09-08.csv
51803044,2015-08-20,../embeddings/output/store_location_test_script_lucas_toc/51803044_2015-08-20.csv
51822646,2015-12-09,../embeddings/output/store_location_test_script_lucas_toc/51822646_2015-12-09.csv
51822906,2015-05-31,../embeddings/output/store_location_test_script_lucas_toc/51822906_2015-05-31.csv
51823794,2015-05-20,../embeddings/output/store_location_test_script_lucas_toc/51823794_2015-05-20.csv
51843016,2015-09-05,../embeddings/output/store_location_test_script_lucas_toc/51843016_2015-09-05.csv
51843064,2015-08-16,../embeddings/output/store_location_test_script_lucas_toc/51843064_2015-08-16.csv
51862672,2015-06-19,../embeddings/output/store_location_test_script_lucas_toc/51862672_2015-06-19.csv
51863086,2015-05-28,../embeddings/output/store_location_test_script_lucas_toc/51863086_2015-05-28.csv
51863482,2015-05-09,../embeddings/output/store_location_test_script_lucas_toc/51863482_2015-05-09.csv
51863560,2015-08-21,../embeddings/output/store_location_test_script_lucas_toc/51863560_2015-08-21.csv
51863740,2015-08-21,../embeddings/output/store_location_test_script_lucas_toc/51863740_2015-08-21.csv
51864044,2015-06-20,../embeddings/output/store_location_test_script_lucas_toc/51864044_2015-06-20.csv
51882740,2015-06-08,../embeddings/output/store_location_test_script_lucas_toc/51882740_2015-06-08.csv
51882830,2015-07-31,../embeddings/output/store_location_test_script_lucas_toc/51882830_2015-07-31.csv
51902590,2015-12-06,../embeddings/output/store_location_test_script_lucas_toc/51902590_2015-12-06.csv
51902950,2015-06-26,../embeddings/output/store_location_test_script_lucas_toc/51902950_2015-06-26.csv
51903238,2015-08-20,../embeddings/output/store_location_test_script_lucas_toc/51903238_2015-08-20.csv
51922818,2015-08-14,../embeddings/output/store_location_test_script_lucas_toc/51922818_2015-08-14.csv
51922944,2015-05-28,../embeddings/output/store_location_test_script_lucas_toc/51922944_2015-05-28.csv
51923832,2015-05-07,../embeddings/output/store_location_test_script_lucas_toc/51923832_2015-05-07.csv
51942732,2015-07-19,../embeddings/output/store_location_test_script_lucas_toc/51942732_2015-07-19.csv
51942742,2015-07-18,../embeddings/output/store_location_test_script_lucas_toc/51942742_2015-07-18.csv
51943354,2015-06-18,../embeddings/output/store_location_test_script_lucas_toc/51943354_2015-06-18.csv
51943752,2015-08-21,../embeddings/output/store_location_test_script_lucas_toc/51943752_2015-08-21.csv
51944110,2015-09-04,../embeddings/output/store_location_test_script_lucas_toc/51944110_2015-09-04.csv
51962812,2015-08-14,../embeddings/output/store_location_test_script_lucas_toc/51962812_2015-08-14.csv
51963268,2015-09-28,../embeddings/output/store_location_test_script_lucas_toc/51963268_2015-09-28.csv
51963348,2015-06-18,../embeddings/output/store_location_test_script_lucas_toc/51963348_2015-06-18.csv
51963988,2015-08-31,../embeddings/output/store_location_test_script_lucas_toc/51963988_2015-08-31.csv
51981896,2015-05-09,../embeddings/output/store_location_test_script_lucas_toc/51981896_2015-05-09.csv
51982918,2015-07-24,../embeddings/output/store_location_test_script_lucas_toc/51982918_2015-07-24.csv
51983278,2015-09-28,../embeddings/output/store_location_test_script_lucas_toc/51983278_2015-09-28.csv
51983310,2015-10-06,../embeddings/output/store_location_test_script_lucas_toc/51983310_2015-10-06.csv
51983844,2015-05-19,../embeddings/output/store_location_test_script_lucas_toc/51983844_2015-05-19.csv
52002694,2015-11-07,../embeddings/output/store_location_test_script_lucas_toc/52002694_2015-11-07.csv
52002906,2015-07-23,../embeddings/output/store_location_test_script_lucas_toc/52002906_2015-07-23.csv
52003320,2015-10-06,../embeddings/output/store_location_test_script_lucas_toc/52003320_2015-10-06.csv
52003578,2015-08-21,../embeddings/output/store_location_test_script_lucas_toc/52003578_2015-08-21.csv
52003714,2015-08-21,../embeddings/output/store_location_test_script_lucas_toc/52003714_2015-08-21.csv
52022992,2015-08-03,../embeddings/output/store_location_test_script_lucas_toc/52022992_2015-08-03.csv
52023674,2015-08-22,../embeddings/output/store_location_test_script_lucas_toc/52023674_2015-08-22.csv
52023836,2015-05-16,../embeddings/output/store_location_test_script_lucas_toc/52023836_2015-05-16.csv
52042582,2015-11-30,../embeddings/output/store_location_test_script_lucas_toc/52042582_2015-11-30.csv
52042676,2015-06-19,../embeddings/output/store_location_test_script_lucas_toc/52042676_2015-06-19.csv
52042798,2015-08-24,../embeddings/output/store_location_test_script_lucas_toc/52042798_2015-08-24.csv
52042996,2015-09-07,../embeddings/output/store_location_test_script_lucas_toc/52042996_2015-09-07.csv
52043812,2015-07-12,../embeddings/output/store_location_test_script_lucas_toc/52043812_2015-07-12.csv
52043990,2015-09-16,../embeddings/output/store_location_test_script_lucas_toc/52043990_2015-09-16.csv
52044544,2015-06-25,../embeddings/output/store_location_test_script_lucas_toc/52044544_2015-06-25.csv
52082870,2015-07-03,../embeddings/output/store_location_test_script_lucas_toc/52082870_2015-07-03.csv
52083230,2015-06-03,../embeddings/output/store_location_test_script_lucas_toc/52083230_2015-06-03.csv
52102818,2015-08-07,../embeddings/output/store_location_test_script_lucas_toc/52102818_2015-08-07.csv
52123680,2015-06-07,../embeddings/output/store_location_test_script_lucas_toc/52123680_2015-06-07.csv
52124010,2015-06-15,../embeddings/output/store_location_test_script_lucas_toc/52124010_2015-06-15.csv
52124290,2015-06-22,../embeddings/output/store_location_test_script_lucas_toc/52124290_2015-06-22.csv
52142764,2015-05-28,../embeddings/output/store_location_test_script_lucas_toc/52142764_2015-05-28.csv
52143474,2015-05-09,../embeddings/output/store_location_test_script_lucas_toc/52143474_2015-05-09.csv
52143764,2015-08-09,../embeddings/output/store_location_test_script_lucas_toc/52143764_2015-08-09.csv
52163310,2015-10-07,../embeddings/output/store_location_test_script_lucas_toc/52163310_2015-10-07.csv
52164298,2015-06-26,../embeddings/output/store_location_test_script_lucas_toc/52164298_2015-06-26.csv
52182852,2015-07-11,../embeddings/output/store_location_test_script_lucas_toc/52182852_2015-07-11.csv
52223108,2015-07-12,../embeddings/output/store_location_test_script_lucas_toc/52223108_2015-07-12.csv
52223776,2015-08-03,../embeddings/output/store_location_test_script_lucas_toc/52223776_2015-08-03.csv
52223970,2015-07-26,../embeddings/output/store_location_test_script_lucas_toc/52223970_2015-07-26.csv
52242552,2015-06-11,../embeddings/output/store_location_test_script_lucas_toc/52242552_2015-06-11.csv
52243888,2015-07-24,../embeddings/output/store_location_test_script_lucas_toc/52243888_2015-07-24.csv
52262824,2015-08-07,../embeddings/output/store_location_test_script_lucas_toc/52262824_2015-08-07.csv
52263284,2015-10-08,../embeddings/output/store_location_test_script_lucas_toc/52263284_2015-10-08.csv
52283670,2015-06-07,../embeddings/output/store_location_test_script_lucas_toc/52283670_2015-06-07.csv
52283948,2015-07-26,../embeddings/output/store_location_test_script_lucas_toc/52283948_2015-07-26.csv
52323570,2015-08-19,../embeddings/output/store_location_test_script_lucas_toc/52323570_2015-08-19.csv
52343610,2015-07-08,../embeddings/output/store_location_test_script_lucas_toc/52343610_2015-07-08.csv
52343772,2015-05-29,../embeddings/output/store_location_test_script_lucas_toc/52343772_2015-05-29.csv
52362556,2015-06-11,../embeddings/output/store_location_test_script_lucas_toc/52362556_2015-06-11.csv
52363000,2015-08-28,../embeddings/output/store_location_test_script_lucas_toc/52363000_2015-08-28.csv
52363758,2015-05-29,../embeddings/output/store_location_test_script_lucas_toc/52363758_2015-05-29.csv
52364022,2015-06-13,../embeddings/output/store_location_test_script_lucas_toc/52364022_2015-06-13.csv
52382854,2015-08-08,../embeddings/output/store_location_test_script_lucas_toc/52382854_2015-08-08.csv
52383540,2015-06-14,../embeddings/output/store_location_test_script_lucas_toc/52383540_2015-06-14.csv
52383602,2015-06-15,../embeddings/output/store_location_test_script_lucas_toc/52383602_2015-06-15.csv
52384108,2015-08-13,../embeddings/output/store_location_test_script_lucas_toc/52384108_2015-08-13.csv
52384144,2015-08-17,../embeddings/output/store_location_test_script_lucas_toc/52384144_2015-08-17.csv
52402654,2015-12-13,../embeddings/output/store_location_test_script_lucas_toc/52402654_2015-12-13.csv
52403578,2015-06-14,../embeddings/output/store_location_test_script_lucas_toc/52403578_2015-06-14.csv
52403862,2015-09-13,../embeddings/output/store_location_test_script_lucas_toc/52403862_2015-09-13.csv
52421918,2015-09-25,../embeddings/output/store_location_test_script_lucas_toc/52421918_2015-09-25.csv
52423744,2015-05-29,../embeddings/output/store_location_test_script_lucas_toc/52423744_2015-05-29.csv
52442774,2015-11-10,../embeddings/output/store_location_test_script_lucas_toc/52442774_2015-11-10.csv
52442852,2015-08-08,../embeddings/output/store_location_test_script_lucas_toc/52442852_2015-08-08.csv
52442860,2015-07-04,../embeddings/output/store_location_test_script_lucas_toc/52442860_2015-07-04.csv
52462782,2015-11-10,../embeddings/output/store_location_test_script_lucas_toc/52462782_2015-11-10.csv
52463552,2015-06-14,../embeddings/output/store_location_test_script_lucas_toc/52463552_2015-06-14.csv
52482850,2015-08-08,../embeddings/output/store_location_test_script_lucas_toc/52482850_2015-08-08.csv
52483188,2015-07-21,../embeddings/output/store_location_test_script_lucas_toc/52483188_2015-07-21.csv
52483612,2015-07-08,../embeddings/output/store_location_test_script_lucas_toc/52483612_2015-07-08.csv
52502542,2015-06-12,../embeddings/output/store_location_test_script_lucas_toc/52502542_2015-06-12.csv
52503226,2015-07-07,../embeddings/output/store_location_test_script_lucas_toc/52503226_2015-07-07.csv
52503606,2015-08-15,../embeddings/output/store_location_test_script_lucas_toc/52503606_2015-08-15.csv
52503854,2015-06-06,../embeddings/output/store_location_test_script_lucas_toc/52503854_2015-06-06.csv
52524106,2015-07-07,../embeddings/output/store_location_test_script_lucas_toc/52524106_2015-07-07.csv
52542654,2015-12-10,../embeddings/output/store_location_test_script_lucas_toc/52542654_2015-12-10.csv
52542834,2015-08-09,../embeddings/output/store_location_test_script_lucas_toc/52542834_2015-08-09.csv
52543176,2015-07-17,../embeddings/output/store_location_test_script_lucas_toc/52543176_2015-07-17.csv
52543650,2015-06-09,../embeddings/output/store_location_test_script_lucas_toc/52543650_2015-06-09.csv
52562578,2015-06-21,../embeddings/output/store_location_test_script_lucas_toc/52562578_2015-06-21.csv
52582700,2015-11-26,../embeddings/output/store_location_test_script_lucas_toc/52582700_2015-11-26.csv
52583718,2015-05-30,../embeddings/output/store_location_test_script_lucas_toc/52583718_2015-05-30.csv
52602002,2015-09-23,../embeddings/output/store_location_test_script_lucas_toc/52602002_2015-09-23.csv
52602782,2015-11-23,../embeddings/output/store_location_test_script_lucas_toc/52602782_2015-11-23.csv
52643732,2015-09-09,../embeddings/output/store_location_test_script_lucas_toc/52643732_2015-09-09.csv
52643868,2015-09-14,../embeddings/output/store_location_test_script_lucas_toc/52643868_2015-09-14.csv
52663594,2015-06-15,../embeddings/output/store_location_test_script_lucas_toc/52663594_2015-06-15.csv
52663690,2015-09-07,../embeddings/output/store_location_test_script_lucas_toc/52663690_2015-09-07.csv
52663864,2015-09-14,../embeddings/output/store_location_test_script_lucas_toc/52663864_2015-09-14.csv
52663878,2015-09-14,../embeddings/output/store_location_test_script_lucas_toc/52663878_2015-09-14.csv
52683814,2015-06-29,../embeddings/output/store_location_test_script_lucas_toc/52683814_2015-06-29.csv
52701824,2015-09-28,../embeddings/output/store_location_test_script_lucas_toc/52701824_2015-09-28.csv
52722726,2015-11-30,../embeddings/output/store_location_test_script_lucas_toc/52722726_2015-11-30.csv
52722766,2015-11-24,../embeddings/output/store_location_test_script_lucas_toc/52722766_2015-11-24.csv
52723768,2015-08-01,../embeddings/output/store_location_test_script_lucas_toc/52723768_2015-08-01.csv
52742776,2015-11-11,../embeddings/output/store_location_test_script_lucas_toc/52742776_2015-11-11.csv
52743836,2015-09-14,../embeddings/output/store_location_test_script_lucas_toc/52743836_2015-09-14.csv
52761854,2015-06-20,../embeddings/output/store_location_test_script_lucas_toc/52761854_2015-06-20.csv
52783730,2015-08-24,../embeddings/output/store_location_test_script_lucas_toc/52783730_2015-08-24.csv
52802546,2015-12-03,../embeddings/output/store_location_test_script_lucas_toc/52802546_2015-12-03.csv
52803194,2015-07-11,../embeddings/output/store_location_test_script_lucas_toc/52803194_2015-07-11.csv
52803934,2015-09-17,../embeddings/output/store_location_test_script_lucas_toc/52803934_2015-09-17.csv
52804152,2015-08-01,../embeddings/output/store_location_test_script_lucas_toc/52804152_2015-08-01.csv
52843636,2015-07-05,../embeddings/output/store_location_test_script_lucas_toc/52843636_2015-07-05.csv
52843966,2015-09-12,../embeddings/output/store_location_test_script_lucas_toc/52843966_2015-09-12.csv
52861882,2015-07-18,../embeddings/output/store_location_test_script_lucas_toc/52861882_2015-07-18.csv
52863566,2015-06-16,../embeddings/output/store_location_test_script_lucas_toc/52863566_2015-06-16.csv
52882778,2015-10-04,../embeddings/output/store_location_test_script_lucas_toc/52882778_2015-10-04.csv
52884030,2015-06-22,../embeddings/output/store_location_test_script_lucas_toc/52884030_2015-06-22.csv
52902694,2015-11-22,../embeddings/output/store_location_test_script_lucas_toc/52902694_2015-11-22.csv
52902802,2015-11-25,../embeddings/output/store_location_test_script_lucas_toc/52902802_2015-11-25.csv
52903758,2015-08-13,../embeddings/output/store_location_test_script_lucas_toc/52903758_2015-08-13.csv
52923738,2015-07-11,../embeddings/output/store_location_test_script_lucas_toc/52923738_2015-07-11.csv
52962830,2015-10-13,../embeddings/output/store_location_test_script_lucas_toc/52962830_2015-10-13.csv
52963774,2015-07-12,../embeddings/output/store_location_test_script_lucas_toc/52963774_2015-07-12.csv
52963864,2015-08-18,../embeddings/output/store_location_test_script_lucas_toc/52963864_2015-08-18.csv
52982574,2015-12-14,../embeddings/output/store_location_test_script_lucas_toc/52982574_2015-12-14.csv
53001774,2015-05-27,../embeddings/output/store_location_test_script_lucas_toc/53001774_2015-05-27.csv
53023608,2015-08-16,../embeddings/output/store_location_test_script_lucas_toc/53023608_2015-08-16.csv
53041990,2015-05-09,../embeddings/output/store_location_test_script_lucas_toc/53041990_2015-05-09.csv
53042044,2015-09-17,../embeddings/output/store_location_test_script_lucas_toc/53042044_2015-09-17.csv
53043942,2015-08-30,../embeddings/output/store_location_test_script_lucas_toc/53043942_2015-08-30.csv
53081808,2015-08-14,../embeddings/output/store_location_test_script_lucas_toc/53081808_2015-08-14.csv
53082736,2015-11-11,../embeddings/output/store_location_test_script_lucas_toc/53082736_2015-11-11.csv
53082748,2015-11-12,../embeddings/output/store_location_test_script_lucas_toc/53082748_2015-11-12.csv
53083804,2015-07-05,../embeddings/output/store_location_test_script_lucas_toc/53083804_2015-07-05.csv
53083858,2015-09-23,../embeddings/output/store_location_test_script_lucas_toc/53083858_2015-09-23.csv
53101804,2015-09-29,../embeddings/output/store_location_test_script_lucas_toc/53101804_2015-09-29.csv
53102804,2015-11-24,../embeddings/output/store_location_test_script_lucas_toc/53102804_2015-11-24.csv
53121938,2015-08-07,../embeddings/output/store_location_test_script_lucas_toc/53121938_2015-08-07.csv
53122034,2015-09-14,../embeddings/output/store_location_test_script_lucas_toc/53122034_2015-09-14.csv
53123776,2015-07-11,../embeddings/output/store_location_test_script_lucas_toc/53123776_2015-07-11.csv
53161988,2015-05-09,../embeddings/output/store_location_test_script_lucas_toc/53161988_2015-05-09.csv
53182602,2015-09-04,../embeddings/output/store_location_test_script_lucas_toc/53182602_2015-09-04.csv
53183750,2015-07-11,../embeddings/output/store_location_test_script_lucas_toc/53183750_2015-07-11.csv
53203962,2015-08-30,../embeddings/output/store_location_test_script_lucas_toc/53203962_2015-08-30.csv
53221972,2015-08-29,../embeddings/output/store_location_test_script_lucas_toc/53221972_2015-08-29.csv
53222484,2015-12-08,../embeddings/output/store_location_test_script_lucas_toc/53222484_2015-12-08.csv
53241716,2015-09-28,../embeddings/output/store_location_test_script_lucas_toc/53241716_2015-09-28.csv
53241802,2015-05-28,../embeddings/output/store_location_test_script_lucas_toc/53241802_2015-05-28.csv
53241996,2015-08-19,../embeddings/output/store_location_test_script_lucas_toc/53241996_2015-08-19.csv
53242058,2015-05-13,../embeddings/output/store_location_test_script_lucas_toc/53242058_2015-05-13.csv
53261800,2015-05-28,../embeddings/output/store_location_test_script_lucas_toc/53261800_2015-05-28.csv
53262604,2015-09-04,../embeddings/output/store_location_test_script_lucas_toc/53262604_2015-09-04.csv
53281994,2015-09-12,../embeddings/output/store_location_test_script_lucas_toc/53281994_2015-09-12.csv
53282678,2015-06-24,../embeddings/output/store_location_test_script_lucas_toc/53282678_2015-06-24.csv
53301776,2015-06-01,../embeddings/output/store_location_test_script_lucas_toc/53301776_2015-06-01.csv
53303718,2015-09-27,../embeddings/output/store_location_test_script_lucas_toc/53303718_2015-09-27.csv
53321702,2015-09-09,../embeddings/output/store_location_test_script_lucas_toc/53321702_2015-09-09.csv
53321804,2015-05-28,../embeddings/output/store_location_test_script_lucas_toc/53321804_2015-05-28.csv
53361720,2015-09-02,../embeddings/output/store_location_test_script_lucas_toc/53361720_2015-09-02.csv
53362722,2015-09-19,../embeddings/output/store_location_test_script_lucas_toc/53362722_2015-09-19.csv
53381706,2015-09-02,../embeddings/output/store_location_test_script_lucas_toc/53381706_2015-09-02.csv
53383842,2015-06-29,../embeddings/output/store_location_test_script_lucas_toc/53383842_2015-06-29.csv
53401750,2015-07-23,../embeddings/output/store_location_test_script_lucas_toc/53401750_2015-07-23.csv
53422612,2015-10-29,../embeddings/output/store_location_test_script_lucas_toc/53422612_2015-10-29.csv
53422720,2015-09-19,../embeddings/output/store_location_test_script_lucas_toc/53422720_2015-09-19.csv
53422734,2015-09-18,../embeddings/output/store_location_test_script_lucas_toc/53422734_2015-09-18.csv
53422760,2015-10-05,../embeddings/output/store_location_test_script_lucas_toc/53422760_2015-10-05.csv
53441692,2015-09-08,../embeddings/output/store_location_test_script_lucas_toc/53441692_2015-09-08.csv
53441970,2015-10-09,../embeddings/output/store_location_test_script_lucas_toc/53441970_2015-10-09.csv
53442034,2015-09-20,../embeddings/output/store_location_test_script_lucas_toc/53442034_2015-09-20.csv
53442046,2015-06-10,../embeddings/output/store_location_test_script_lucas_toc/53442046_2015-06-10.csv
53443794,2015-06-08,../embeddings/output/store_location_test_script_lucas_toc/53443794_2015-06-08.csv
53462368,2015-07-11,../embeddings/output/store_location_test_script_lucas_toc/53462368_2015-07-11.csv
53462624,2015-12-02,../embeddings/output/store_location_test_script_lucas_toc/53462624_2015-12-02.csv
53482034,2015-09-20,../embeddings/output/store_location_test_script_lucas_toc/53482034_2015-09-20.csv
53482214,2015-09-06,../embeddings/output/store_location_test_script_lucas_toc/53482214_2015-09-06.csv
53501750,2015-07-26,../embeddings/output/store_location_test_script_lucas_toc/53501750_2015-07-26.csv
53501756,2015-07-27,../embeddings/output/store_location_test_script_lucas_toc/53501756_2015-07-27.csv
53502854,2015-09-13,../embeddings/output/store_location_test_script_lucas_toc/53502854_2015-09-13.csv
53503690,2015-06-19,../embeddings/output/store_location_test_script_lucas_toc/53503690_2015-06-19.csv
53503756,2015-07-30,../embeddings/output/store_location_test_script_lucas_toc/53503756_2015-07-30.csv
53521726,2015-07-21,../embeddings/output/store_location_test_script_lucas_toc/53521726_2015-07-21.csv
53521934,2015-07-04,../embeddings/output/store_location_test_script_lucas_toc/53521934_2015-07-04.csv
53522622,2015-10-29,../embeddings/output/store_location_test_script_lucas_toc/53522622_2015-10-29.csv
53522708,2015-09-21,../embeddings/output/store_location_test_script_lucas_toc/53522708_2015-09-21.csv
53523916,2015-05-19,../embeddings/output/store_location_test_script_lucas_toc/53523916_2015-05-19.csv
53541768,2015-07-27,../embeddings/output/store_location_test_script_lucas_toc/53541768_2015-07-27.csv
53542026,2015-10-25,../embeddings/output/store_location_test_script_lucas_toc/53542026_2015-10-25.csv
53542056,2015-06-10,../embeddings/output/store_location_test_script_lucas_toc/53542056_2015-06-10.csv
53542080,2015-05-12,../embeddings/output/store_location_test_script_lucas_toc/53542080_2015-05-12.csv
53542700,2015-10-06,../embeddings/output/store_location_test_script_lucas_toc/53542700_2015-10-06.csv
53542764,2015-10-29,../embeddings/output/store_location_test_script_lucas_toc/53542764_2015-10-29.csv
53561634,2015-07-05,../embeddings/output/store_location_test_script_lucas_toc/53561634_2015-07-05.csv
53561644,2015-09-24,../embeddings/output/store_location_test_script_lucas_toc/53561644_2015-09-24.csv
53562846,2015-09-13,../embeddings/output/store_location_test_script_lucas_toc/53562846_2015-09-13.csv
53563756,2015-04-28,../embeddings/output/store_location_test_script_lucas_toc/53563756_2015-04-28.csv
53581638,2015-07-05,../embeddings/output/store_location_test_script_lucas_toc/53581638_2015-07-05.csv
53581674,2015-05-01,../embeddings/output/store_location_test_script_lucas_toc/53581674_2015-05-01.csv
53581926,2015-07-04,../embeddings/output/store_location_test_script_lucas_toc/53581926_2015-07-04.csv
53581972,2015-07-02,../embeddings/output/store_location_test_script_lucas_toc/53581972_2015-07-02.csv
53601748,2015-07-26,../embeddings/output/store_location_test_script_lucas_toc/53601748_2015-07-26.csv
53602536,2015-12-04,../embeddings/output/store_location_test_script_lucas_toc/53602536_2015-12-04.csv
53621656,2015-06-29,../embeddings/output/store_location_test_script_lucas_toc/53621656_2015-06-29.csv
53641894,2015-06-28,../embeddings/output/store_location_test_script_lucas_toc/53641894_2015-06-28.csv
53642722,2015-09-12,../embeddings/output/store_location_test_script_lucas_toc/53642722_2015-09-12.csv
53644486,2015-09-23,../embeddings/output/store_location_test_script_lucas_toc/53644486_2015-09-23.csv
53661692,2015-09-01,../embeddings/output/store_location_test_script_lucas_toc/53661692_2015-09-01.csv
53661700,2015-07-20,../embeddings/output/store_location_test_script_lucas_toc/53661700_2015-07-20.csv
53662046,2015-07-19,../embeddings/output/store_location_test_script_lucas_toc/53662046_2015-07-19.csv
53701628,2015-09-02,../embeddings/output/store_location_test_script_lucas_toc/53701628_2015-09-02.csv
53702028,2015-09-16,../embeddings/output/store_location_test_script_lucas_toc/53702028_2015-09-16.csv
53721990,2015-08-18,../embeddings/output/store_location_test_script_lucas_toc/53721990_2015-08-18.csv
53722304,2015-09-12,../embeddings/output/store_location_test_script_lucas_toc/53722304_2015-09-12.csv
53722722,2015-09-12,../embeddings/output/store_location_test_script_lucas_toc/53722722_2015-09-12.csv
53723764,2015-08-21,../embeddings/output/store_location_test_script_lucas_toc/53723764_2015-08-21.csv
53723796,2015-06-26,../embeddings/output/store_location_test_script_lucas_toc/53723796_2015-06-26.csv
53723818,2015-06-08,../embeddings/output/store_location_test_script_lucas_toc/53723818_2015-06-08.csv
53741658,2015-06-30,../embeddings/output/store_location_test_script_lucas_toc/53741658_2015-06-30.csv
53741886,2015-07-02,../embeddings/output/store_location_test_script_lucas_toc/53741886_2015-07-02.csv
53743864,2015-08-24,../embeddings/output/store_location_test_script_lucas_toc/53743864_2015-08-24.csv
53762404,2015-11-27,../embeddings/output/store_location_test_script_lucas_toc/53762404_2015-11-27.csv
53762628,2015-12-17,../embeddings/output/store_location_test_script_lucas_toc/53762628_2015-12-17.csv
53762766,2015-10-29,../embeddings/output/store_location_test_script_lucas_toc/53762766_2015-10-29.csv
53763912,2015-05-20,../embeddings/output/store_location_test_script_lucas_toc/53763912_2015-05-20.csv
53781892,2015-05-26,../embeddings/output/store_location_test_script_lucas_toc/53781892_2015-05-26.csv
53781928,2015-05-21,../embeddings/output/store_location_test_script_lucas_toc/53781928_2015-05-21.csv
53782648,2015-09-13,../embeddings/output/store_location_test_script_lucas_toc/53782648_2015-09-13.csv
53802286,2015-09-13,../embeddings/output/store_location_test_script_lucas_toc/53802286_2015-09-13.csv
53802658,2015-10-30,../embeddings/output/store_location_test_script_lucas_toc/53802658_2015-10-30.csv
53802730,2015-10-19,../embeddings/output/store_location_test_script_lucas_toc/53802730_2015-10-19.csv
53802754,2015-10-20,../embeddings/output/store_location_test_script_lucas_toc/53802754_2015-10-20.csv
53803894,2015-05-06,../embeddings/output/store_location_test_script_lucas_toc/53803894_2015-05-06.csv
53821642,2015-07-08,../embeddings/output/store_location_test_script_lucas_toc/53821642_2015-07-08.csv
53822836,2015-10-23,../embeddings/output/store_location_test_script_lucas_toc/53822836_2015-10-23.csv
53842010,2015-08-22,../embeddings/output/store_location_test_script_lucas_toc/53842010_2015-08-22.csv
53842528,2015-12-04,../embeddings/output/store_location_test_script_lucas_toc/53842528_2015-12-04.csv
53842676,2015-12-02,../embeddings/output/store_location_test_script_lucas_toc/53842676_2015-12-02.csv
53843780,2015-06-26,../embeddings/output/store_location_test_script_lucas_toc/53843780_2015-06-26.csv
53862704,2015-10-19,../embeddings/output/store_location_test_script_lucas_toc/53862704_2015-10-19.csv
53882276,2015-07-04,../embeddings/output/store_location_test_script_lucas_toc/53882276_2015-07-04.csv
53882662,2015-10-30,../embeddings/output/store_location_test_script_lucas_toc/53882662_2015-10-30.csv
53901864,2015-07-24,../embeddings/output/store_location_test_script_lucas_toc/53901864_2015-07-24.csv
53902836,2015-09-13,../embeddings/output/store_location_test_script_lucas_toc/53902836_2015-09-13.csv
53921640,2015-07-14,../embeddings/output/store_location_test_script_lucas_toc/53921640_2015-07-14.csv
53921652,2015-09-18,../embeddings/output/store_location_test_script_lucas_toc/53921652_2015-09-18.csv
53921658,2015-09-18,../embeddings/output/store_location_test_script_lucas_toc/53921658_2015-09-18.csv
53922490,2015-12-06,../embeddings/output/store_location_test_script_lucas_toc/53922490_2015-12-06.csv
53923834,2015-08-23,../embeddings/output/store_location_test_script_lucas_toc/53923834_2015-08-23.csv
53942332,2015-08-13,../embeddings/output/store_location_test_script_lucas_toc/53942332_2015-08-13.csv
53942718,2015-10-19,../embeddings/output/store_location_test_script_lucas_toc/53942718_2015-10-19.csv
53943778,2015-06-07,../embeddings/output/store_location_test_script_lucas_toc/53943778_2015-06-07.csv
53943800,2015-06-27,../embeddings/output/store_location_test_script_lucas_toc/53943800_2015-06-27.csv
53961906,2015-06-03,../embeddings/output/store_location_test_script_lucas_toc/53961906_2015-06-03.csv
53962180,2015-07-20,../embeddings/output/store_location_test_script_lucas_toc/53962180_2015-07-20.csv
53962198,2015-06-21,../embeddings/output/store_location_test_script_lucas_toc/53962198_2015-06-21.csv
53982726,2015-10-19,../embeddings/output/store_location_test_script_lucas_toc/53982726_2015-10-19.csv
54001904,2015-06-03,../embeddings/output/store_location_test_script_lucas_toc/54001904_2015-06-03.csv
54022244,2015-08-12,../embeddings/output/store_location_test_script_lucas_toc/54022244_2015-08-12.csv
54042624,2015-09-14,../embeddings/output/store_location_test_script_lucas_toc/54042624_2015-09-14.csv
54081624,2015-10-06,../embeddings/output/store_location_test_script_lucas_toc/54081624_2015-10-06.csv
54162492,2015-12-10,../embeddings/output/store_location_test_script_lucas_toc/54162492_2015-12-10.csv
54201890,2015-05-28,../embeddings/output/store_location_test_script_lucas_toc/54201890_2015-05-28.csv
54221858,2015-07-29,../embeddings/output/store_location_test_script_lucas_toc/54221858_2015-07-29.csv
54241650,2015-06-14,../embeddings/output/store_location_test_script_lucas_toc/54241650_2015-06-14.csv
54261836,2015-08-22,../embeddings/output/store_location_test_script_lucas_toc/54261836_2015-08-22.csv
54281644,2015-06-14,../embeddings/output/store_location_test_script_lucas_toc/54281644_2015-06-14.csv
54282012,2015-05-11,../embeddings/output/store_location_test_script_lucas_toc/54282012_2015-05-11.csv
54282742,2015-12-06,../embeddings/output/store_location_test_script_lucas_toc/54282742_2015-12-06.csv
54282746,2015-12-06,../embeddings/output/store_location_test_script_lucas_toc/54282746_2015-12-06.csv
54301732,2015-04-06,../embeddings/output/store_location_test_script_lucas_toc/54301732_2015-04-06.csv
54301746,2015-07-30,../embeddings/output/store_location_test_script_lucas_toc/54301746_2015-07-30.csv
54301756,2015-08-02,../embeddings/output/store_location_test_script_lucas_toc/54301756_2015-08-02.csv
54302142,2015-07-06,../embeddings/output/store_location_test_script_lucas_toc/54302142_2015-07-06.csv
54302620,2015-09-15,../embeddings/output/store_location_test_script_lucas_toc/54302620_2015-09-15.csv
54302704,2015-11-02,../embeddings/output/store_location_test_script_lucas_toc/54302704_2015-11-02.csv
54341718,2015-10-13,../embeddings/output/store_location_test_script_lucas_toc/54341718_2015-10-13.csv
54341736,2015-07-30,../embeddings/output/store_location_test_script_lucas_toc/54341736_2015-07-30.csv
54341854,2015-07-28,../embeddings/output/store_location_test_script_lucas_toc/54341854_2015-07-28.csv
54342240,2015-08-06,../embeddings/output/store_location_test_script_lucas_toc/54342240_2015-08-06.csv
54361642,2015-07-06,../embeddings/output/store_location_test_script_lucas_toc/54361642_2015-07-06.csv
54361858,2015-07-30,../embeddings/output/store_location_test_script_lucas_toc/54361858_2015-07-30.csv
54381686,2015-05-22,../embeddings/output/store_location_test_script_lucas_toc/54381686_2015-05-22.csv
54381718,2015-10-13,../embeddings/output/store_location_test_script_lucas_toc/54381718_2015-10-13.csv
54401630,2015-04-10,../embeddings/output/store_location_test_script_lucas_toc/54401630_2015-04-10.csv
54401750,2015-08-01,../embeddings/output/store_location_test_script_lucas_toc/54401750_2015-08-01.csv
54401804,2015-10-09,../embeddings/output/store_location_test_script_lucas_toc/54401804_2015-10-09.csv
54402264,2015-06-20,../embeddings/output/store_location_test_script_lucas_toc/54402264_2015-06-20.csv
54402350,2015-08-07,../embeddings/output/store_location_test_script_lucas_toc/54402350_2015-08-07.csv
54402426,2015-11-25,../embeddings/output/store_location_test_script_lucas_toc/54402426_2015-11-25.csv
54421632,2015-06-07,../embeddings/output/store_location_test_script_lucas_toc/54421632_2015-06-07.csv
54421730,2015-07-29,../embeddings/output/store_location_test_script_lucas_toc/54421730_2015-07-29.csv
54422010,2015-05-04,../embeddings/output/store_location_test_script_lucas_toc/54422010_2015-05-04.csv
54422324,2015-08-29,../embeddings/output/store_location_test_script_lucas_toc/54422324_2015-08-29.csv
54422752,2015-10-08,../embeddings/output/store_location_test_script_lucas_toc/54422752_2015-10-08.csv
54442182,2015-06-15,../embeddings/output/store_location_test_script_lucas_toc/54442182_2015-06-15.csv
54461626,2015-06-07,../embeddings/output/store_location_test_script_lucas_toc/54461626_2015-06-07.csv
54481710,2015-10-13,../embeddings/output/store_location_test_script_lucas_toc/54481710_2015-10-13.csv
54481822,2015-09-06,../embeddings/output/store_location_test_script_lucas_toc/54481822_2015-09-06.csv
54501640,2015-06-05,../embeddings/output/store_location_test_script_lucas_toc/54501640_2015-06-05.csv
54521710,2015-10-13,../embeddings/output/store_location_test_script_lucas_toc/54521710_2015-10-13.csv
54521722,2015-04-22,../embeddings/output/store_location_test_script_lucas_toc/54521722_2015-04-22.csv
54522636,2015-09-15,../embeddings/output/store_location_test_script_lucas_toc/54522636_2015-09-15.csv
54542254,2015-08-05,../embeddings/output/store_location_test_script_lucas_toc/54542254_2015-08-05.csv
54542344,2015-06-11,../embeddings/output/store_location_test_script_lucas_toc/54542344_2015-06-11.csv
54581742,2015-04-05,../embeddings/output/store_location_test_script_lucas_toc/54581742_2015-04-05.csv
54602726,2015-10-08,../embeddings/output/store_location_test_script_lucas_toc/54602726_2015-10-08.csv
54621864,2015-10-19,../embeddings/output/store_location_test_script_lucas_toc/54621864_2015-10-19.csv
54641626,2015-06-06,../embeddings/output/store_location_test_script_lucas_toc/54641626_2015-06-06.csv
54642162,2015-07-31,../embeddings/output/store_location_test_script_lucas_toc/54642162_2015-07-31.csv
54661630,2015-06-04,../embeddings/output/store_location_test_script_lucas_toc/54661630_2015-06-04.csv
54681784,2015-10-22,../embeddings/output/store_location_test_script_lucas_toc/54681784_2015-10-22.csv
54742798,2015-06-23,../embeddings/output/store_location_test_script_lucas_toc/54742798_2015-06-23.csv
54742802,2015-12-10,../embeddings/output/store_location_test_script_lucas_toc/54742802_2015-12-10.csv
54761624,2015-06-06,../embeddings/output/store_location_test_script_lucas_toc/54761624_2015-06-06.csv
54761828,2015-09-04,../embeddings/output/store_location_test_script_lucas_toc/54761828_2015-09-04.csv
54762854,2015-06-22,../embeddings/output/store_location_test_script_lucas_toc/54762854_2015-06-22.csv
54781718,2015-10-16,../embeddings/output/store_location_test_script_lucas_toc/54781718_2015-10-16.csv
54781870,2015-10-20,../embeddings/output/store_location_test_script_lucas_toc/54781870_2015-10-20.csv
54782644,2015-12-05,../embeddings/output/store_location_test_script_lucas_toc/54782644_2015-12-05.csv
54821766,2015-09-25,../embeddings/output/store_location_test_script_lucas_toc/54821766_2015-09-25.csv
54842704,2015-08-10,../embeddings/output/store_location_test_script_lucas_toc/54842704_2015-08-10.csv
54862104,2015-06-01,../embeddings/output/store_location_test_script_lucas_toc/54862104_2015-06-01.csv
54862666,2015-08-13,../embeddings/output/store_location_test_script_lucas_toc/54862666_2015-08-13.csv
54862706,2015-11-23,../embeddings/output/store_location_test_script_lucas_toc/54862706_2015-11-23.csv
54901768,2015-09-25,../embeddings/output/store_location_test_script_lucas_toc/54901768_2015-09-25.csv
54902524,2015-09-08,../embeddings/output/store_location_test_script_lucas_toc/54902524_2015-09-08.csv
54902758,2015-06-26,../embeddings/output/store_location_test_script_lucas_toc/54902758_2015-06-26.csv
54922334,2015-07-18,../embeddings/output/store_location_test_script_lucas_toc/54922334_2015-07-18.csv
54922568,2015-09-03,../embeddings/output/store_location_test_script_lucas_toc/54922568_2015-09-03.csv
54922636,2015-12-05,../embeddings/output/store_location_test_script_lucas_toc/54922636_2015-12-05.csv
54922690,2015-12-11,../embeddings/output/store_location_test_script_lucas_toc/54922690_2015-12-11.csv
54922694,2015-12-11,../embeddings/output/store_location_test_script_lucas_toc/54922694_2015-12-11.csv
54961762,2015-10-01,../embeddings/output/store_location_test_script_lucas_toc/54961762_2015-10-01.csv
54962640,2015-12-05,../embeddings/output/store_location_test_script_lucas_toc/54962640_2015-12-05.csv
55002526,2015-09-08,../embeddings/output/store_location_test_script_lucas_toc/55002526_2015-09-08.csv
55021800,2015-09-09,../embeddings/output/store_location_test_script_lucas_toc/55021800_2015-09-09.csv
55022506,2015-09-07,../embeddings/output/store_location_test_script_lucas_toc/55022506_2015-09-07.csv
55061800,2015-09-26,../embeddings/output/store_location_test_script_lucas_toc/55061800_2015-09-26.csv
55062600,2015-09-16,../embeddings/output/store_location_test_script_lucas_toc/55062600_2015-09-16.csv
55102640,2015-12-05,../embeddings/output/store_location_test_script_lucas_toc/55102640_2015-12-05.csv
55121832,2015-10-25,../embeddings/output/store_location_test_script_lucas_toc/55121832_2015-10-25.csv
55141798,2015-09-07,../embeddings/output/store_location_test_script_lucas_toc/55141798_2015-09-07.csv
55142622,2015-12-05,../embeddings/output/store_location_test_script_lucas_toc/55142622_2015-12-05.csv
55162656,2015-08-25,../embeddings/output/store_location_test_script_lucas_toc/55162656_2015-08-25.csv
55162738,2015-06-27,../embeddings/output/store_location_test_script_lucas_toc/55162738_2015-06-27.csv
55182486,2015-09-16,../embeddings/output/store_location_test_script_lucas_toc/55182486_2015-09-16.csv
55202844,2015-06-19,../embeddings/output/store_location_test_script_lucas_toc/55202844_2015-06-19.csv
55222716,2015-08-10,../embeddings/output/store_location_test_script_lucas_toc/55222716_2015-08-10.csv
55242334,2015-06-26,../embeddings/output/store_location_test_script_lucas_toc/55242334_2015-06-26.csv
55242862,2015-06-18,../embeddings/output/store_location_test_script_lucas_toc/55242862_2015-06-18.csv
55262674,2015-12-12,../embeddings/output/store_location_test_script_lucas_toc/55262674_2015-12-12.csv
55262714,2015-12-11,../embeddings/output/store_location_test_script_lucas_toc/55262714_2015-12-11.csv
55282862,2015-06-18,../embeddings/output/store_location_test_script_lucas_toc/55282862_2015-06-18.csv
55302512,2015-09-04,../embeddings/output/store_location_test_script_lucas_toc/55302512_2015-09-04.csv
55322388,2015-09-02,../embeddings/output/store_location_test_script_lucas_toc/55322388_2015-09-02.csv
55322856,2015-11-25,../embeddings/output/store_location_test_script_lucas_toc/55322856_2015-11-25.csv
55342278,2015-09-17,../embeddings/output/store_location_test_script_lucas_toc/55342278_2015-09-17.csv
55342448,2015-12-05,../embeddings/output/store_location_test_script_lucas_toc/55342448_2015-12-05.csv
55362180,2015-08-18,../embeddings/output/store_location_test_script_lucas_toc/55362180_2015-08-18.csv
55382538,2015-09-07,../embeddings/output/store_location_test_script_lucas_toc/55382538_2015-09-07.csv
55382632,2015-08-25,../embeddings/output/store_location_test_script_lucas_toc/55382632_2015-08-25.csv
55402630,2015-12-06,../embeddings/output/store_location_test_script_lucas_toc/55402630_2015-12-06.csv
55402644,2015-12-08,../embeddings/output/store_location_test_script_lucas_toc/55402644_2015-12-08.csv
55441760,2015-10-07,../embeddings/output/store_location_test_script_lucas_toc/55441760_2015-10-07.csv
55442642,2015-12-08,../embeddings/output/store_location_test_script_lucas_toc/55442642_2015-12-08.csv
55482182,2015-06-07,../embeddings/output/store_location_test_script_lucas_toc/55482182_2015-06-07.csv
55502104,2015-05-08,../embeddings/output/store_location_test_script_lucas_toc/55502104_2015-05-08.csv
55541752,2015-05-17,../embeddings/output/store_location_test_script_lucas_toc/55541752_2015-05-17.csv
55542396,2015-10-15,../embeddings/output/store_location_test_script_lucas_toc/55542396_2015-10-15.csv
55542822,2015-11-14,../embeddings/output/store_location_test_script_lucas_toc/55542822_2015-11-14.csv
55562694,2015-12-13,../embeddings/output/store_location_test_script_lucas_toc/55562694_2015-12-13.csv
55582104,2015-05-09,../embeddings/output/store_location_test_script_lucas_toc/55582104_2015-05-09.csv
55582216,2015-09-13,../embeddings/output/store_location_test_script_lucas_toc/55582216_2015-09-13.csv
55582864,2015-06-20,../embeddings/output/store_location_test_script_lucas_toc/55582864_2015-06-20.csv
55602654,2015-08-24,../embeddings/output/store_location_test_script_lucas_toc/55602654_2015-08-24.csv
55622110,2015-05-10,../embeddings/output/store_location_test_script_lucas_toc/55622110_2015-05-10.csv
55622774,2015-12-09,../embeddings/output/store_location_test_script_lucas_toc/55622774_2015-12-09.csv
55622854,2015-06-20,../embeddings/output/store_location_test_script_lucas_toc/55622854_2015-06-20.csv
55642690,2015-12-13,../embeddings/output/store_location_test_script_lucas_toc/55642690_2015-12-13.csv
55642784,2015-11-13,../embeddings/output/store_location_test_script_lucas_toc/55642784_2015-11-13.csv
55661480,2015-06-15,../embeddings/output/store_location_test_script_lucas_toc/55661480_2015-06-15.csv
55662452,2015-12-03,../embeddings/output/store_location_test_script_lucas_toc/55662452_2015-12-03.csv
55681470,2015-06-15,../embeddings/output/store_location_test_script_lucas_toc/55681470_2015-06-15.csv
55681492,2015-06-12,../embeddings/output/store_location_test_script_lucas_toc/55681492_2015-06-12.csv
55682820,2015-11-14,../embeddings/output/store_location_test_script_lucas_toc/55682820_2015-11-14.csv
55721490,2015-06-12,../embeddings/output/store_location_test_script_lucas_toc/55721490_2015-06-12.csv
55722108,2015-05-13,../embeddings/output/store_location_test_script_lucas_toc/55722108_2015-05-13.csv
55722684,2015-10-09,../embeddings/output/store_location_test_script_lucas_toc/55722684_2015-10-09.csv
55742124,2015-06-19,../embeddings/output/store_location_test_script_lucas_toc/55742124_2015-06-19.csv
55742340,2015-08-01,../embeddings/output/store_location_test_script_lucas_toc/55742340_2015-08-01.csv
55762126,2015-07-09,../embeddings/output/store_location_test_script_lucas_toc/55762126_2015-07-09.csv
55802164,2015-08-19,../embeddings/output/store_location_test_script_lucas_toc/55802164_2015-08-19.csv
55802584,2015-08-26,../embeddings/output/store_location_test_script_lucas_toc/55802584_2015-08-26.csv
55802774,2015-12-09,../embeddings/output/store_location_test_script_lucas_toc/55802774_2015-12-09.csv
55822736,2015-12-10,../embeddings/output/store_location_test_script_lucas_toc/55822736_2015-12-10.csv
55822888,2015-06-21,../embeddings/output/store_location_test_script_lucas_toc/55822888_2015-06-21.csv
55842354,2015-06-05,../embeddings/output/store_location_test_script_lucas_toc/55842354_2015-06-05.csv
55842552,2015-09-21,../embeddings/output/store_location_test_script_lucas_toc/55842552_2015-09-21.csv
55942828,2015-11-18,../embeddings/output/store_location_test_script_lucas_toc/55942828_2015-11-18.csv
55962348,2015-07-11,../embeddings/output/store_location_test_script_lucas_toc/55962348_2015-07-11.csv
55962730,2015-12-07,../embeddings/output/store_location_test_script_lucas_toc/55962730_2015-12-07.csv
55962744,2015-12-07,../embeddings/output/store_location_test_script_lucas_toc/55962744_2015-12-07.csv
55982192,2015-05-20,../embeddings/output/store_location_test_script_lucas_toc/55982192_2015-05-20.csv
55982786,2015-12-08,../embeddings/output/store_location_test_script_lucas_toc/55982786_2015-12-08.csv
56002132,2015-07-11,../embeddings/output/store_location_test_script_lucas_toc/56002132_2015-07-11.csv
56082288,2015-09-23,../embeddings/output/store_location_test_script_lucas_toc/56082288_2015-09-23.csv
56082364,2015-07-26,../embeddings/output/store_location_test_script_lucas_toc/56082364_2015-07-26.csv
56082552,2015-11-03,../embeddings/output/store_location_test_script_lucas_toc/56082552_2015-11-03.csv
56082760,2015-12-07,../embeddings/output/store_location_test_script_lucas_toc/56082760_2015-12-07.csv
56101494,2015-06-08,../embeddings/output/store_location_test_script_lucas_toc/56101494_2015-06-08.csv
56122486,2015-10-15,../embeddings/output/store_location_test_script_lucas_toc/56122486_2015-10-15.csv
56142690,2015-12-05,../embeddings/output/store_location_test_script_lucas_toc/56142690_2015-12-05.csv
56142736,2015-12-07,../embeddings/output/store_location_test_script_lucas_toc/56142736_2015-12-07.csv
56142844,2015-06-15,../embeddings/output/store_location_test_script_lucas_toc/56142844_2015-06-15.csv
56162836,2015-11-18,../embeddings/output/store_location_test_script_lucas_toc/56162836_2015-11-18.csv
56202746,2015-08-08,../embeddings/output/store_location_test_script_lucas_toc/56202746_2015-08-08.csv
56222586,2015-11-02,../embeddings/output/store_location_test_script_lucas_toc/56222586_2015-11-02.csv
56222600,2015-11-10,../embeddings/output/store_location_test_script_lucas_toc/56222600_2015-11-10.csv
56222748,2015-08-08,../embeddings/output/store_location_test_script_lucas_toc/56222748_2015-08-08.csv
56222824,2015-11-18,../embeddings/output/store_location_test_script_lucas_toc/56222824_2015-11-18.csv
56242578,2015-08-27,../embeddings/output/store_location_test_script_lucas_toc/56242578_2015-08-27.csv
56262774,2015-12-08,../embeddings/output/store_location_test_script_lucas_toc/56262774_2015-12-08.csv
56282802,2015-06-15,../embeddings/output/store_location_test_script_lucas_toc/56282802_2015-06-15.csv
56382134,2015-08-27,../embeddings/output/store_location_test_script_lucas_toc/56382134_2015-08-27.csv
56382678,2015-12-05,../embeddings/output/store_location_test_script_lucas_toc/56382678_2015-12-05.csv
56382710,2015-12-06,../embeddings/output/store_location_test_script_lucas_toc/56382710_2015-12-06.csv
56421486,2015-06-23,../embeddings/output/store_location_test_script_lucas_toc/56421486_2015-06-23.csv
56422764,2015-11-18,../embeddings/output/store_location_test_script_lucas_toc/56422764_2015-11-18.csv
56442264,2015-08-05,../embeddings/output/store_location_test_script_lucas_toc/56442264_2015-08-05.csv
56442598,2015-09-29,../embeddings/output/store_location_test_script_lucas_toc/56442598_2015-09-29.csv
56462592,2015-08-28,../embeddings/output/store_location_test_script_lucas_toc/56462592_2015-08-28.csv
56482752,2015-11-18,../embeddings/output/store_location_test_script_lucas_toc/56482752_2015-11-18.csv
56482800,2015-11-08,../embeddings/output/store_location_test_script_lucas_toc/56482800_2015-11-08.csv
56522678,2015-12-04,../embeddings/output/store_location_test_script_lucas_toc/56522678_2015-12-04.csv
56542258,2015-08-05,../embeddings/output/store_location_test_script_lucas_toc/56542258_2015-08-05.csv
56562182,2015-08-11,../embeddings/output/store_location_test_script_lucas_toc/56562182_2015-08-11.csv
56562836,2015-06-15,../embeddings/output/store_location_test_script_lucas_toc/56562836_2015-06-15.csv
56582654,2015-12-04,../embeddings/output/store_location_test_script_lucas_toc/56582654_2015-12-04.csv
56621496,2015-06-26,../embeddings/output/store_location_test_script_lucas_toc/56621496_2015-06-26.csv
56622264,2015-08-20,../embeddings/output/store_location_test_script_lucas_toc/56622264_2015-08-20.csv
56622516,2015-09-22,../embeddings/output/store_location_test_script_lucas_toc/56622516_2015-09-22.csv
56622714,2015-06-16,../embeddings/output/store_location_test_script_lucas_toc/56622714_2015-06-16.csv
56642224,2015-07-19,../embeddings/output/store_location_test_script_lucas_toc/56642224_2015-07-19.csv
56662656,2015-06-22,../embeddings/output/store_location_test_script_lucas_toc/56662656_2015-06-22.csv
56682820,2015-11-16,../embeddings/output/store_location_test_script_lucas_toc/56682820_2015-11-16.csv
56722646,2015-12-03,../embeddings/output/store_location_test_script_lucas_toc/56722646_2015-12-03.csv
56762654,2015-12-03,../embeddings/output/store_location_test_script_lucas_toc/56762654_2015-12-03.csv
56762726,2015-12-06,../embeddings/output/store_location_test_script_lucas_toc/56762726_2015-12-06.csv
56762744,2015-11-18,../embeddings/output/store_location_test_script_lucas_toc/56762744_2015-11-18.csv
56802796,2015-11-12,../embeddings/output/store_location_test_script_lucas_toc/56802796_2015-11-12.csv
56822398,2015-08-09,../embeddings/output/store_location_test_script_lucas_toc/56822398_2015-08-09.csv
56822416,2015-08-04,../embeddings/output/store_location_test_script_lucas_toc/56822416_2015-08-04.csv
56842490,2015-08-21,../embeddings/output/store_location_test_script_lucas_toc/56842490_2015-08-21.csv
56842706,2015-11-15,../embeddings/output/store_location_test_script_lucas_toc/56842706_2015-11-15.csv
56861470,2015-04-13,../embeddings/output/store_location_test_script_lucas_toc/56861470_2015-04-13.csv
56862730,2015-06-12,../embeddings/output/store_location_test_script_lucas_toc/56862730_2015-06-12.csv
56902664,2015-11-15,../embeddings/output/store_location_test_script_lucas_toc/56902664_2015-11-15.csv
56961498,2015-04-20,../embeddings/output/store_location_test_script_lucas_toc/56961498_2015-04-20.csv
56981490,2015-04-16,../embeddings/output/store_location_test_script_lucas_toc/56981490_2015-04-16.csv
56982774,2015-11-17,../embeddings/output/store_location_test_script_lucas_toc/56982774_2015-11-17.csv
57001486,2015-04-30,../embeddings/output/store_location_test_script_lucas_toc/57001486_2015-04-30.csv
57002658,2015-11-15,../embeddings/output/store_location_test_script_lucas_toc/57002658_2015-11-15.csv
57021478,2015-04-07,../embeddings/output/store_location_test_script_lucas_toc/57021478_2015-04-07.csv
57042700,2015-11-16,../embeddings/output/store_location_test_script_lucas_toc/57042700_2015-11-16.csv
57081488,2015-04-04,../embeddings/output/store_location_test_script_lucas_toc/57081488_2015-04-04.csv
57102470,2015-08-21,../embeddings/output/store_location_test_script_lucas_toc/57102470_2015-08-21.csv
57121474,2015-04-21,../embeddings/output/store_location_test_script_lucas_toc/57121474_2015-04-21.csv
57141468,2015-04-09,../embeddings/output/store_location_test_script_lucas_toc/57141468_2015-04-09.csv
57142286,2015-09-22,../embeddings/output/store_location_test_script_lucas_toc/57142286_2015-09-22.csv
57241480,2015-04-21,../embeddings/output/store_location_test_script_lucas_toc/57241480_2015-04-21.csv
57241490,2015-04-06,../embeddings/output/store_location_test_script_lucas_toc/57241490_2015-04-06.csv
57342634,2015-12-14,../embeddings/output/store_location_test_script_lucas_toc/57342634_2015-12-14.csv
57442466,2015-07-06,../embeddings/output/store_location_test_script_lucas_toc/57442466_2015-07-06.csv
57482576,2015-12-19,../embeddings/output/store_location_test_script_lucas_toc/57482576_2015-12-19.csv
57522444,2015-08-02,../embeddings/output/store_location_test_script_lucas_toc/57522444_2015-08-02.csv
57622520,2015-11-12,../embeddings/output/store_location_test_script_lucas_toc/57622520_2015-11-12.csv
57641480,2015-04-28,../embeddings/output/store_location_test_script_lucas_toc/57641480_2015-04-28.csv
57821498,2015-04-26,../embeddings/output/store_location_test_script_lucas_toc/57821498_2015-04-26.csv
63661612,2015-07-15,../embeddings/output/store_location_test_script_lucas_toc/63661612_2015-07-15.csv
63681618,2015-10-04,../embeddings/output/store_location_test_script_lucas_toc/63681618_2015-10-04.csv
63741606,2015-04-10,../embeddings/output/store_location_test_script_lucas_toc/63741606_2015-04-10.csv
63801598,2015-07-18,../embeddings/output/store_location_test_script_lucas_toc/63801598_2015-07-18.csv
64141632,2015-10-04,../embeddings/output/store_location_test_script_lucas_toc/64141632_2015-10-04.csv
