code,sampling_date,sample_description,sample_description_old,planting_date,lat,long,toc,soc_stock,soc_stock_unit,depth,bd,LC1_Desc
26581768,2015-05-29,2439792a-49ad-4fa4-9e2d-8e7f0d267be3,b1a4f7dd-a095-4743-9b32-9d6cb98d0422,2015-05-29,37.13910423,-8.775251839,24.6,22.5586545096,tC/acre,0.2,1.133,Grassland without tree/shrub cover
26741814,2015-05-12,efc35a41-67bc-4aa6-b216-e29d87e8327d,8aa969e5-1eec-4ab2-ad54-76612ecf86e4,2015-05-12,37.578160038,-8.711708338,16.8,18.968442192,tC/acre,0.2,1.3949999999999998,Temporary grassland
26921850,2015-06-29,d1095098-560c-4328-b612-2f55fc09824b,7d2480f7-8f68-400c-bc37-e18f060e62b8,2015-06-29,37.933614562,-8.601248224,12.1,11.556213416000004,tC/acre,0.2,1.1800000000000002,Grassland without tree/shrub cover
27301972,2015-05-31,7a8475c0-a368-4b41-8929-ddfac694103a,e7c6d85b-7ac3-4561-a566-3c3228ec66fe,2015-05-31,39.086506588,-8.480398084,15.0,14.325884400000003,tC/acre,0.2,1.1800000000000002,Grassland without tree/shrub cover
27381926,2015-06-08,e954a757-fcab-4c61-941a-61c8a5bdeb82,b7cbb732-011e-485b-ab76-81afff25fddd,2015-06-08,38.700528845,-8.276096238,13.2,12.606778272,tC/acre,0.2,1.1800000000000002,Grassland without tree/shrub cover
27421902,2015-05-24,952fbdbb-e1ba-4777-9413-860c286550ce,5346b97a-aa40-4571-925b-fe34b53deabf,2015-05-24,38.498484081,-8.172593972,25.5,27.835112452000004,tC/acre,0.2,1.348666666666667,Grassland without tree/shrub cover
27461868,2015-08-19,759128b3-6c8f-4eb1-b3df-e46e470486ed,b43d8f55-3e44-44d5-89ee-08e46d0639e6,2015-08-19,38.20837457,-8.045813739,9.7,9.264071912000004,tC/acre,0.2,1.1800000000000002,Grassland without tree/shrub cover
27501892,2015-05-23,6024a242-55c3-4589-a365-144b35d70796,8fa4f92a-0a22-4465-a01c-a4454094d03e,2015-05-23,38.427769695,-8.059040764,9.3,9.233315776,tC/acre,0.2,1.2266666666666666,Grassland without tree/shrub cover
27641896,2015-07-04,389549a0-8941-479f-b82e-eb886444f9f8,4ae4ce12-7408-4c82-ae6a-1516e98942b9,2015-07-04,38.492645624,-7.912367462,10.9,10.713036645466667,tC/acre,0.2,1.2143333333333333,Temporary grassland
27641914,2015-06-20,3f931a1d-21a9-4722-afec-2eea9e61657b,46925331-2b43-4622-b99c-1f1d641a78bf,2015-06-20,38.650807745,-7.955721568,22.6,21.584332496000005,tC/acre,0.2,1.1800000000000002,Grassland without tree/shrub cover
27722228,2015-05-01,4b9f2e30-05ea-43ef-88c5-82cd1d68d1c8,46474ffa-989f-4378-81be-9c9ee54aa056,2015-05-01,41.417794354,-8.667760969,36.9,33.9574450716,tC/acre,0.2,1.1369999999999998,Temporary grassland
27841822,2015-08-04,adb33af1-237e-47dc-9af8-688bbf479918,848375b1-1aee-44df-9de8-371a4cae3ba4,2015-08-04,37.883351867,-7.51554572,25.4,27.65742831893333,tC/acre,0.2,1.3453333333333333,Grassland without tree/shrub cover
27841900,2015-06-18,b9a7f29e-445f-4088-8aaa-6a5328eda1a7,08c8c9c0-976b-46c4-9d76-61d2aeab3b4c,2015-06-18,38.569866673,-7.698314065,10.5,10.028119080000002,tC/acre,0.2,1.1800000000000002,Grassland without tree/shrub cover
27901972,2015-04-27,2985c5f5-68a9-453d-9b7f-4bf65c67785d,cca150aa-8e22-4447-b457-98a164916c20,2015-04-27,39.21522234,-7.8040254,23.2,22.157367872000005,tC/acre,0.2,1.1800000000000002,Grassland without tree/shrub cover
27961978,2015-04-27,c872583a-1d1c-4499-8ae8-48889006fd3f,76d9454d-ae6a-42a1-9478-2ff3b2e71783,2015-04-27,39.280539106,-7.7508278,11.3,10.792166248000004,tC/acre,0.2,1.1800000000000002,Grassland without tree/shrub cover
27962406,2015-06-22,8c962732-55f7-4466-9019-01dcc936dca7,33d32159-1dbb-4253-8100-f31fa03d37d5,2015-06-22,43.022951975,-8.880337636,55.5,51.25388658600001,tC/acre,0.2,1.141,Temporary grassland
28002400,2015-06-25,599c490c-4e1c-47a0-902f-dfa45fcf6996,efe7d67e-bd6d-44f9-811c-ee112380965b,2015-06-25,42.979713152,-8.815422826,55.3,59.864188265,tC/acre,0.2,1.3375,Temporary grassland
28021948,2015-04-24,84dc92c7-ff42-4f79-a495-6f0873f14e89,8443b503-6cd2-4882-a20f-ec910f630635,2015-04-24,39.029467134,-7.610744609,11.8,11.269695728000002,tC/acre,0.2,1.1800000000000002,Grassland without tree/shrub cover
28041942,2015-06-15,5513a9cc-079c-4a2c-a78e-e701467ac6c2,4a5ebcab-fa58-4f60-be98-bf1eaa633c81,2015-06-15,38.980875827,-7.57387511,40.2,38.393370192000006,tC/acre,0.2,1.1800000000000002,Grassland without tree/shrub cover
28142384,2015-07-06,f6fe023d-a6e9-4e90-a29f-183110b02859,3e8a7ed2-66f7-430b-84cc-2b21951a7ea1,2015-07-06,42.871582112,-8.603082951,34.3,32.758522328000005,tC/acre,0.2,1.1800000000000002,Grassland without tree/shrub cover
28181910,2015-06-17,3c76382f-e21b-4f29-a81f-2d52e873fda2,c0b571c3-49bd-4427-aadb-645483d4d0df,2015-06-17,38.728230528,-7.340885575,14.2,13.561837232000002,tC/acre,0.2,1.1800000000000002,Grassland without tree/shrub cover
28201948,2015-06-14,266981d2-4c03-4ca0-9b25-3ac4efce67f1,9722cdcc-1390-465e-8d04-33a51a6ff86f,2015-06-14,39.066738155,-7.407858387,21.6,21.0779893728,tC/acre,0.2,1.2056666666666664,Grassland without tree/shrub cover
28261954,2015-06-12,047520c1-09fc-491d-9315-3b386d0c096b,19d06840-c02e-454f-8cb8-5a32d0170d13,2015-06-12,39.131856677,-7.354370566,14.4,13.752849024000003,tC/acre,0.2,1.1800000000000002,Temporary grassland
28281952,2015-05-25,0e7ac8fd-1602-45df-82e8-e19b9bbf6a89,c7b1c3e9-b1e1-4556-8883-2acc98cc40a6,2015-05-25,39.118362789,-7.327065208,21.1,20.43637320933334,tC/acre,0.2,1.1966666666666668,Grassland without tree/shrub cover
28282042,2015-08-13,e42856ba-f3e1-4bfd-abd5-3e61503ea2eb,8f815019-72f8-4578-8319-c60e9e493a3c,2015-08-13,39.909509448,-7.543287973,18.8,15.241553922666668,tC/acre,0.2,1.0016666666666667,Grassland without tree/shrub cover
28321934,2015-06-13,6d319099-265c-4d24-ae0a-188218e0af8c,21e7aa63-30cf-499d-a7b0-26c891bf2513,2015-06-13,38.968122396,-7.239633354,28.1,26.83715677600001,tC/acre,0.2,1.1800000000000002,Grassland without tree/shrub cover
28322176,2015-05-27,c00e0580-0b6b-4914-9b55-7bf5e3c91555,fa47960b-ef4e-483f-952a-710c6a422346,2015-05-27,41.093211925,-7.832701865,10.4,9.932613184000004,tC/acre,0.2,1.1800000000000002,Grassland without tree/shrub cover
28361986,2015-05-17,cf79625f-75ba-438a-8c9c-7bd0565988c6,fcd2c417-c93b-441f-80b5-59f4d108b477,2015-05-17,39.433854555,-7.317192334,30.1,28.74727469600001,tC/acre,0.2,1.1800000000000002,Grassland without tree/shrub cover
28382362,2015-07-29,dbdd09e0-07da-45e9-b012-29a53e471c77,79edf755-5986-4056-b5de-866ca23dc0fd,2015-07-29,42.73245975,-8.255945099,12.4,14.687997432800003,tC/acre,0.2,1.4635,Temporary grassland
28401924,2015-06-13,c2e677f4-7015-402e-8d2a-13e35c00b6c1,ce112459-c102-4de8-ad36-c26523be8844,2015-06-13,38.89632325,-7.126242075,14.6,13.943860816000004,tC/acre,0.2,1.1800000000000002,Grassland without tree/shrub cover
28422424,2015-04-30,1a076041-77d5-4b39-8fb9-e6ff79ba9fc2,692af324-48a7-412b-ac82-54ce5582cee5,2015-04-30,43.28205369,-8.380353098,13.2,16.153770124799998,tC/acre,0.2,1.512,Temporary grassland
28482368,2015-07-25,47a86eeb-9330-41f6-9448-2d311a49bf94,d2a4c1c5-3577-44e1-b16b-99e3c71588ca,2015-07-25,42.806551651,-8.153230881,46.4,41.1037951456,tC/acre,0.2,1.0945,Temporary grassland
28542220,2015-07-31,24cbbf8f-4da4-4246-8773-d60f80734cf4,e935c268-fc62-4b71-bf98-f50c4954f035,2015-07-31,41.525079469,-7.68935918,71.2,68.00019795200002,tC/acre,0.2,1.1800000000000002,Grassland without tree/shrub cover
28542382,2015-07-25,8e4e99e1-07be-4782-bbec-adeb56ee2cb2,163ba54f-3093-41cc-afd6-4877d41acc51,2015-07-25,42.941765788,-8.119963987,76.4,72.96650454400002,tC/acre,0.2,1.1800000000000002,Temporary grassland
28562034,2015-08-06,b16a9a18-d385-424f-ba92-82d7cff42bd0,6364213c-edba-415d-91d3-ac23d46c2ec2,2015-08-06,39.896856046,-7.204226345,12.1,11.556213416000004,tC/acre,0.2,1.1800000000000002,Grassland without tree/shrub cover
28642160,2015-06-06,12143897-d53f-4835-afd6-c80b11b26817,433e6d33-8108-4d62-b983-361cb74f11ab,2015-06-06,41.019966519,-7.420534293,58.1,55.48892557600001,tC/acre,0.2,1.1800000000000002,Grassland without tree/shrub cover
28642250,2015-07-25,37123f82-75e9-4e83-ab1b-17b28392111c,47b98090-e4e8-4cf5-b1f4-039311641b5e,2015-07-25,41.808857993,-7.649593597,17.8,18.4263248264,tC/acre,0.2,1.279,Grassland without tree/shrub cover
28682298,2015-06-19,6b0d28c2-6bf5-4415-bb17-87a59398d1f8,a816f47d-5e1a-412d-b065-d3c9052113d4,2015-06-19,42.237478133,-7.727756212,18.9,18.050614344000003,tC/acre,0.2,1.1800000000000002,Grassland without tree/shrub cover
28682348,2015-07-30,ee2f5594-0540-4517-a1ef-c6b281e96010,b4d4bece-7fa9-4123-b815-735935260001,2015-07-30,42.674784988,-7.860664122,33.5,31.994475160000007,tC/acre,0.2,1.1800000000000002,Temporary grassland
28722000,2015-05-21,082f2df0-e84d-4817-ae59-f5b6b7363f19,c7730be9-e565-4368-acfc-a9c5361a9622,2015-05-21,39.630070692,-6.941258418,10.5,10.597512282000002,tC/acre,0.2,1.247,Grassland without tree/shrub cover
28722216,2015-04-30,0fef2694-1e7c-406a-b848-9fa6a21f7ef5,948f04e5-95f5-4ea6-b59b-79fdfb9aa99b,2015-04-30,41.527668571,-7.468518101,67.2,36.8218935168,tC/acre,0.2,0.677,Grassland without tree/shrub cover
28742340,2015-07-31,e484160f-a6b7-417d-87d0-8627261e0c0d,25f19a9a-2ab3-47c4-98a1-2b916614585c,2015-07-31,42.617585205,-7.767835052,18.7,23.005589728000004,tC/acre,0.2,1.52,Temporary grassland
28742344,2015-07-31,0ece2233-4a67-4c83-bb62-a59fdb8230a2,73478420-b59d-4699-84d5-ce0d29b25f0b,2015-07-31,42.652565094,-7.778508469,39.9,38.10685250400001,tC/acre,0.2,1.1800000000000002,Temporary grassland
28742448,2015-06-18,fe2a3d65-7cfc-46d0-a59e-0e6d94e060a7,1538b5c1-3bbe-48f7-aa78-b378cf3ce60f,2015-06-18,43.561058311,-8.062026983,45.1,30.771756879600005,tC/acre,0.2,0.843,Grassland without tree/shrub cover
28782298,2015-07-21,1f3f63ff-7032-4220-9b74-c69edbf9c538,99ed4bdb-d81d-42ed-adad-46c5f8270b22,2015-07-21,42.258532695,-7.609432384,48.8,30.827684484799995,tC/acre,0.2,0.7805,Grassland without tree/shrub cover
28782334,2015-05-24,00e8d501-0860-4c6f-8cb1-c3bbbcf1dcb7,52c0e2d0-480d-43ae-823a-6086b2e21750,2015-05-24,42.573566815,-7.704288061,27.5,24.383343215,tC/acre,0.2,1.0955,Grassland without tree/shrub cover
28782384,2015-05-16,f389193c-a471-49b5-aae1-ab9903cd4a21,9a5b6bc9-1cc9-4b28-b7bd-1d2ffed69e0b,2015-05-16,43.010739384,-7.838280925,26.9,25.691086024000004,tC/acre,0.2,1.1800000000000002,Grassland without tree/shrub cover
28842386,2015-05-16,3c356678-36d7-4a5e-9b4d-4712f23af02a,8230c265-78cf-40a8-95cb-d3bf3db3721b,2015-05-16,43.040973658,-7.771814422,45.1,43.07315909600001,tC/acre,0.2,1.1800000000000002,Grassland without tree/shrub cover
28882080,2015-07-22,fe599be6-bf62-4a29-85c3-dc5dd07b4c8d,2c0f4365-b209-4d07-a519-a64230cd2c5e,2015-07-22,40.366185098,-6.947443508,23.4,22.348379664000003,tC/acre,0.2,1.1800000000000002,Grassland without tree/shrub cover
28882422,2015-06-02,2387a281-2b5a-4c9b-be0c-bdbaf632ea51,9ebefd89-296d-4ec4-b6a1-92a6c466aba4,2015-06-02,43.364063993,-7.821491718,51.2,48.89901875200002,tC/acre,0.2,1.1800000000000002,Grassland without tree/shrub cover
28902018,2015-06-01,5d2adabe-09dd-4c5e-b71f-b4572949224e,695c7a0d-b917-4f9a-b550-053da71e06f8,2015-06-01,39.824525114,-6.778119257,20.3,19.387696888,tC/acre,0.2,1.1800000000000002,Grassland without tree/shrub cover
28922404,2015-05-23,15c96d1c-1acc-42d2-ad47-d546063cebaf,9a40ab7c-9b23-4b9a-8854-54a15da34961,2015-05-23,43.215265125,-7.724443416,41.3,39.443935048,tC/acre,0.2,1.1800000000000002,Temporary grassland
28942306,2015-05-31,ecf69419-1262-48f7-9082-3b32a8ec6992,620d3a75-f2de-4355-81c7-45e7f75dbe3c,2015-05-31,42.362004212,-7.440723215,32.9,24.4048725102,tC/acre,0.2,0.9165,Grassland without tree/shrub cover
29002384,2015-05-26,aded029b-f063-4196-9a48-966d22eaf1b1,2cb1d60f-638b-47a0-a079-a45d3af2004e,2015-05-26,43.057249828,-7.57465414,41.3,20.958768877200004,tC/acre,0.2,0.627,Grassland without tree/shrub cover
29022398,2015-05-30,00c4ece6-6436-4a0b-8124-978509718a6c,bf93f756-db22-47a3-a349-c75f24575a37,2015-05-30,43.183897227,-7.588111904,52.2,49.85407771200001,tC/acre,0.2,1.1800000000000002,Temporary grassland
29061990,2015-05-21,fb8f5f75-9cf1-4ac2-b7fa-13bc3580b868,c7b953fc-e2fa-4701-b671-4d7226540d8b,2015-05-21,39.609376877,-6.531026492,11.4,12.2163372192,tC/acre,0.2,1.324,Grassland without tree/shrub cover
29082418,2015-05-27,b4a1e96e-ddf5-447b-9247-015f008808f2,639831a1-6f59-45e4-bcdb-5d8f9d21d1bc,2015-05-27,43.37139568,-7.569654223,50.5,35.232772532000006,tC/acre,0.2,0.862,Grassland without tree/shrub cover
29101954,2015-07-11,1a0fadfe-f353-4c69-ab43-3d5ed01bb62e,13707d35-b976-434b-b9de-75d06d55391e,2015-07-11,39.299651611,-6.403980721,10.1,9.646095496,tC/acre,0.2,1.1800000000000002,Grassland without tree/shrub cover
29102034,2015-06-19,fb047f93-f21a-4e79-bba6-3e3b356785f9,ad69fc94-f013-4779-b374-27614b5e9b89,2015-06-19,40.005013957,-6.586578765,13.5,12.89329596,tC/acre,0.2,1.1800000000000002,Temporary grassland
29102286,2015-07-16,dc2ea525-e903-46d0-b0cc-c7493d0fb23c,048e0d32-e94d-4c72-829f-80414747ee4f,2015-07-16,42.219779857,-7.199600359,73.8,70.483351248,tC/acre,0.2,1.1800000000000002,Grassland without tree/shrub cover
29122076,2015-06-27,12de7047-32c7-466d-91d8-211791cee295,2b96327e-1ed9-40af-b021-8eb56daff135,2015-06-27,40.378849151,-6.661643553,17.4,18.0756239388,tC/acre,0.2,1.2835,Grassland without tree/shrub cover
29122112,2015-05-20,7428988e-a231-40a0-99be-d73f2f2ddf69,30c27875-852d-4c93-9e99-abc4dbc605e8,2015-05-20,40.695670986,-6.74687852,14.0,12.741943396,tC/acre,0.2,1.1245,Grassland without tree/shrub cover
29122288,2015-07-16,def94d93-287b-4c5c-b973-5b325feff5b6,7b774012-8199-4cd1-8727-9a492b894fd7,2015-07-16,42.241412813,-7.181021443,42.2,31.918313254800005,tC/acre,0.2,0.9345,Grassland without tree/shrub cover
29122396,2015-05-30,d6e653ed-3cef-428a-8b5f-8a8043307e07,fd01e6c2-f3a8-4f66-89f8-d955acbf7353,2015-05-30,43.18733759,-7.462585722,26.6,25.404568336000008,tC/acre,0.2,1.1800000000000002,Grassland without tree/shrub cover
29142088,2015-07-05,a64aa879-12ce-4ccc-8dc4-ff710924b50b,9e9b1fae-d80f-4df8-b862-481f50b2973f,2015-07-05,40.488440814,-6.66685274,31.8,30.37087492800001,tC/acre,0.2,1.1800000000000002,Grassland without tree/shrub cover
29142114,2015-05-31,e11aca28-7a21-4284-8b58-fae5639c2593,2738d637-bc31-4aa1-be67-1ba32e9f6019,2015-05-31,40.717242372,-6.728497886,34.2,29.10606930360001,tC/acre,0.2,1.0515,Grassland without tree/shrub cover
29182358,2015-04-28,2eb1587d-08af-48f4-8fe1-bb2d46f0f9f0,d8c55c90-1131-4ee9-8ec8-3f21963ae7a1,2015-04-28,42.867147328,-7.290385551,28.2,17.563291462800002,tC/acre,0.2,0.7695000000000001,Grassland without tree/shrub cover
29202138,2015-07-06,cb6b8f40-ea54-4254-8f6f-70aa45459a1b,48052142-6ffd-4ab6-8f2c-d020ca09e76b,2015-07-06,40.94028611,-6.716263901,10.3,9.837107288000002,tC/acre,0.2,1.1800000000000002,Grassland without tree/shrub cover
29222204,2015-04-28,f81f25c1-33fa-4c18-b9dc-168870db14a5,668112b0-648d-457c-89c4-1040e9e212bd,2015-04-28,41.524451628,-6.852970121,40.0,22.457375093333333,tC/acre,0.2,0.6936666666666667,Grassland without tree/shrub cover
29222266,2015-05-18,ebb32edf-5f85-4fad-92ec-15370a937f6f,0c80001d-b58d-449a-8644-5d8694b81ab3,2015-05-18,42.068816096,-7.006988671,40.7,38.870899672000014,tC/acre,0.2,1.1800000000000002,Grassland without tree/shrub cover
29242344,2015-05-29,0b263589-2eba-43d7-b048-e89747c7f86a,e867a2e0-228f-48f1-8a55-3a12c8ea69c9,2015-05-29,42.756848482,-7.182249589,46.7,27.7056938692,tC/acre,0.2,0.733,Grassland without tree/shrub cover
29282026,2015-06-18,fbcd0202-99ad-4894-b824-7235d3268dff,9320a82a-3319-4716-b2b0-6827cdb3116c,2015-06-18,39.969668883,-6.36200049,20.2,19.292190992,tC/acre,0.2,1.1800000000000002,Temporary grassland
29282088,2015-05-20,a1b8b36a-2f2e-4f2f-8c55-486cc3b3a3e7,8d1417de-f37d-4ea5-b38d-625c81f018c1,2015-05-20,40.516009108,-6.505275509,17.0,16.593744744,tC/acre,0.2,1.206,Grassland without tree/shrub cover
29302338,2015-05-29,f0342422-aabd-4167-9191-7f011da5d04a,46175500-91cf-4a81-a9d5-df7f529bf171,2015-05-29,42.716537136,-7.095117011,54.0,42.591582756,tC/acre,0.2,0.9745,Grassland without tree/shrub cover
29322340,2015-06-18,c2bc5844-9e5a-4785-8b03-90ce941440b7,bf780e99-3d71-4716-9b70-32af571cad5e,2015-06-18,42.738146943,-7.076381715,55.0,52.52824280000001,tC/acre,0.2,1.1800000000000002,Grassland without tree/shrub cover
29341948,2015-07-13,1c0e56b7-b08c-4072-958b-8e72361d39f3,84bde5ce-4f29-4fa9-b2cc-1769acfe4324,2015-07-13,39.292891776,-6.118408757,10.8,10.314636768000003,tC/acre,0.2,1.1800000000000002,Grassland without tree/shrub cover
29342200,2015-08-20,647a713d-afb5-4fe9-9eb6-dd0b011e230e,28895099-755b-4ee9-816f-52c49b45fabc,2015-08-20,41.51326139,-6.702561032,29.0,25.889382164000004,tC/acre,0.2,1.103,Grassland without tree/shrub cover
29342440,2015-06-26,612c988c-8035-4371-a60e-4898d74e8bf1,3d6f0aab-4a1e-4d26-8a82-75f65baa7e22,2015-06-26,43.618050756,-7.314548778,28.3,27.02816856800001,tC/acre,0.2,1.1800000000000002,Grassland without tree/shrub cover
29361970,2015-05-05,ada5f98d-f0e9-4429-b96c-4b2d113788b2,eb1bdbd4-bf18-4661-a5d5-b593fff00c2f,2015-05-05,39.490985845,-6.144455469,16.6,15.853978736000004,tC/acre,0.2,1.1800000000000002,Grassland without tree/shrub cover
29402158,2015-05-21,0cca496c-3b5c-4ddd-94a6-59900eec0da5,b81fcea6-57a3-4ce8-b0f3-3e6b1de03f7a,2015-05-21,41.155756999,-6.531302268,9.8,9.359577808000004,tC/acre,0.2,1.1800000000000002,Grassland without tree/shrub cover
29441976,2015-05-11,34c3cd39-c86f-46ae-905c-d923e6ff4ad1,9ccb963e-2b17-47b9-ae5b-63c85511a92b,2015-05-11,39.559229108,-6.066713301,12.8,12.224754688000004,tC/acre,0.2,1.1800000000000002,Grassland without tree/shrub cover
29442364,2015-07-20,2c98b482-94c7-4f02-8dd7-c5c51e3561ff,3c358736-ebcc-478c-b842-968f80bf6995,2015-07-20,42.972938364,-6.994568176,38.5,36.76976996000001,tC/acre,0.2,1.1800000000000002,Grassland without tree/shrub cover
29442378,2015-07-24,d53afeab-5ac0-416b-9e41-5816b02130cd,3704f934-738a-4d8a-8814-6adb452dd37e,2015-07-24,43.095648254,-7.030744638,30.6,29.224804176000006,tC/acre,0.2,1.1800000000000002,Grassland without tree/shrub cover
29562218,2015-06-16,897b12c9-a37a-47c0-a0d5-c6a4e0f064f5,0e5b3a49-e1b8-4e64-a0a7-10aea743bff3,2015-06-16,41.714982432,-6.487854372,40.1,39.693464435600006,tC/acre,0.2,1.223,Grassland without tree/shrub cover
29642098,2015-05-16,6cb10073-0107-4dbc-be26-f62385b6a51e,85bc2c71-5db4-4d80-aeed-1deba6462a6a,2015-05-16,40.673855381,-6.112117774,12.6,11.921563936800002,tC/acre,0.2,1.169,Grassland without tree/shrub cover
29661968,2015-06-29,83f3bcad-89d7-473a-9ffd-eef2b72f71c0,aa476220-ffe5-46b2-b5af-e869bc2565a7,2015-06-29,39.530086719,-5.798524741,12.2,11.651719312000004,tC/acre,0.2,1.1800000000000002,Grassland without tree/shrub cover
29682168,2015-05-01,b001a291-8aae-4fac-acbb-ab5d7ce40771,01de9d63-c0b4-4c7a-8969-20266c0feeaa,2015-05-01,41.298335809,-6.228033459,10.3,13.288431370400003,tC/acre,0.2,1.594,Grassland without tree/shrub cover
29702138,2015-07-30,ea597d71-1818-409a-ab92-ff8db09875e8,0d3c5dba-20f0-4f0a-a22a-8d2b7a50b14e,2015-07-30,41.037915515,-6.134666333,14.2,17.877489673200003,tC/acre,0.2,1.5555,Grassland without tree/shrub cover
29721970,2015-05-29,b0b17595-7f76-47eb-bc63-728e4f62dd7e,6173a817-2ffb-45ec-a039-19889bab4f98,2015-05-29,39.558974765,-5.73450943,12.7,11.008835132400002,tC/acre,0.2,1.071,Grassland without tree/shrub cover
29722178,2015-05-12,01a3dc97-1425-4a78-8126-cdaeb194c385,789970cd-a3b6-439e-b96e-2cf7f49501c7,2015-05-12,41.394114913,-6.204733215,12.4,12.545266000000002,tC/acre,0.2,1.25,Grassland without tree/shrub cover
29761754,2015-05-17,55878e9d-d67b-40fb-9213-7f54b11181c9,5b53d6af-f7b2-4e48-ad46-ab1d4e251e4a,2015-05-17,37.652928591,-5.239352241,17.3,16.312487974000003,tC/acre,0.2,1.165,Grassland without tree/shrub cover
29761880,2015-05-28,fbe1de4f-f9d1-4a6b-9aca-be0e95fef820,ebfa557a-50ac-464a-b85e-a254f7e1d79a,2015-05-28,38.770071885,-5.49718734,15.9,17.656288305600004,tC/acre,0.2,1.372,Grassland without tree/shrub cover
29782206,2015-06-02,a0b2d56d-46d1-43cc-8195-b11f6edef380,00699036-5348-46ca-87c8-f57e3f68b07b,2015-06-02,41.652216424,-6.200412297,22.6,21.584332496000005,tC/acre,0.2,1.1800000000000002,Grassland without tree/shrub cover
29822326,2015-08-16,f311bc32-8f09-4805-b921-7f6ca6f817f3,051f3fb8-3164-4799-b18d-1360d529d2fd,2015-08-16,42.715318752,-6.443589387,25.0,23.876474000000005,tC/acre,0.2,1.1800000000000002,Grassland without tree/shrub cover
29842122,2015-05-09,c89226b8-8f0b-4b01-97eb-26a48157ef19,4f5b7418-cb4c-4c29-af4a-495a1a936476,2015-05-09,40.923562444,-5.93488787,46.0,43.93271216000001,tC/acre,0.2,1.1800000000000002,Grassland without tree/shrub cover
29862388,2015-05-16,5186928a-a390-4696-a25d-828e4c73d1ad,6b6ddc7f-51bc-440b-8d09-9052d9ca4b42,2015-05-16,43.267630671,-6.550769133,62.3,43.6670762696,tC/acre,0.2,0.866,Grassland without tree/shrub cover
29882084,2015-05-17,dfa08e33-c13b-4f93-87ac-d071c2ebf716,a94186c9-cf65-4ffb-babd-02adcafbb73d,2015-05-17,40.595855542,-5.802445943,39.2,37.43831123200002,tC/acre,0.2,1.1800000000000002,Grassland without tree/shrub cover
29882126,2015-05-08,7d280ee4-219a-4c18-9576-bc4fef724a3f,318a8d0f-c7e2-4086-be33-58473f713857,2015-05-08,40.966407751,-5.897471858,23.0,21.966356080000004,tC/acre,0.2,1.1800000000000002,Grassland without tree/shrub cover
29922350,2015-06-23,ef7f0d50-fc25-4350-b846-fd86cf88014b,15d34d9d-1da8-4244-963f-4fd242c5ef88,2015-06-23,42.945764085,-6.383313427,50.6,48.32598337600001,tC/acre,0.2,1.1800000000000002,Grassland without tree/shrub cover
29923358,2015-08-14,d99adfdb-264e-4447-84b6-f22edc31622d,0cbf2cd5-053e-4476-9c23-17a720466b9f,2015-08-14,51.71858324,-9.499034545,76.7,73.25302223200002,tC/acre,0.2,1.1800000000000002,Grassland without tree/shrub cover
29941888,2015-05-28,4bbc25d6-aa23-4bfb-81e9-25f9871df3e3,803e0e00-1c1a-4b7d-b45f-9590c08755c1,2015-05-28,38.873739097,-5.310800011,18.3,19.37345194080001,tC/acre,0.2,1.308,Grassland without tree/shrub cover
29941916,2015-06-06,98804b06-98a1-46b6-9b0c-8b161530c490,c6e6023d-e63e-4f52-976a-289b853f20ac,2015-06-06,39.121742126,-5.369215276,11.6,11.078683936000004,tC/acre,0.2,1.1800000000000002,Grassland without tree/shrub cover
30002386,2015-05-21,943799fd-56be-4b30-8710-fcdd7118b248,e6cf082b-f0f2-48e1-a93f-750224c532e7,2015-05-21,43.277629021,-6.376825822,92.3,83.10935210500001,tC/acre,0.2,1.1125,Grassland without tree/shrub cover
30002398,2015-05-16,6587ac9c-1759-4cd9-93d3-0be6736682d9,bd266a2b-3c57-4d9b-b9c9-f1bd8545f965,2015-05-16,43.383001252,-6.406963205,75.8,53.8963242916,tC/acre,0.2,0.8785000000000001,Grassland without tree/shrub cover
30022086,2015-05-23,1e64ffff-4c20-4875-9f27-59190ca6ff66,81ab69c3-6afe-422e-aa92-84fccdd38258,2015-05-23,40.639665131,-5.644766982,30.6,29.224804176000006,tC/acre,0.2,1.1800000000000002,Grassland without tree/shrub cover
30022122,2015-05-10,3f49706c-f5df-4956-98a1-8f51408f16d5,64c537a2-f220-4121-ba5e-4732c53c917d,2015-05-10,40.9574413,-5.725414988,10.0,9.5505896,tC/acre,0.2,1.1800000000000002,Grassland without tree/shrub cover
30022410,2015-07-18,19ed9a97-a33f-412b-8cd6-2110fe78d2c8,5506fa65-48f6-4d69-ba77-09b898d0a9a2,2015-07-18,43.492280629,-6.413026557,76.4,53.549994012800006,tC/acre,0.2,0.866,Grassland without tree/shrub cover
30042042,2015-08-08,3f784883-2eec-43f5-aaa3-b3b8242f867a,6970fade-14e2-401a-bd48-582ac3073c46,2015-08-08,40.254680625,-5.524653866,37.5,19.895375475,tC/acre,0.2,0.6555,Grassland without tree/shrub cover
30042052,2015-08-08,a92955ae-f568-4545-b5d3-b95a125e276f,c72472f0-0dcd-430a-b82b-536cdfe141ad,2015-08-08,40.34304852,-5.546541884,30.7,29.32031007200001,tC/acre,0.2,1.1800000000000002,Grassland without tree/shrub cover
30122072,2015-06-18,c836202e-a0a8-4c5b-8e62-bd82dca29221,5cafb28e-cef5-41f7-931a-ca0ce15b2695,2015-06-18,40.534508988,-5.498009825,9.8,9.359577808000004,tC/acre,0.2,1.1800000000000002,Grassland without tree/shrub cover
30142106,2015-05-28,34110b3b-4aae-452a-85a6-b3cf07e0ecfb,90cd4357-31d2-44fc-ba8f-617304d2cbaa,2015-05-28,40.838514643,-5.549970883,8.4,9.684783477600002,tC/acre,0.2,1.4245,Grassland without tree/shrub cover
30142232,2015-06-22,339a973f-1d51-4bb1-befa-8436e5de5010,0788df25-cfd5-4346-90a9-d5c0e76802c3,2015-06-22,41.949904177,-5.837076123,11.9,15.049260625,tC/acre,0.2,1.5625,Grassland without tree/shrub cover
30161932,2015-06-06,dade3991-d2e9-44a2-9dc0-30416e7523c1,43147e51-f173-4f82-88ad-ecbe77aadc55,2015-06-06,39.303214547,-5.152931224,13.7,13.084307752,tC/acre,0.2,1.1800000000000002,Grassland without tree/shrub cover
30162054,2015-08-08,959a08b8-0215-410d-9740-acd1692ba339,1a2bf92d-459d-469f-8fa0-00988eabe666,2015-08-08,40.38278194,-5.412402567,21.2,12.4057302672,tC/acre,0.2,0.723,Grassland without tree/shrub cover
30162072,2015-06-05,5d02cc2f-774a-42db-9cfb-dd20144e8882,27f60010-6b9b-4bcd-ac52-95d8eead6eec,2015-06-05,40.54186268,-5.451715777,21.9,20.915791224000003,tC/acre,0.2,1.1800000000000002,Grassland without tree/shrub cover
30182326,2015-05-20,91e0339e-94e6-4de6-ab8c-7d06d85ba08a,ed1c9ad4-825e-483e-a0f1-03b7c7e5e9f3,2015-05-20,42.785081636,-6.012754557,73.6,37.7672400128,tC/acre,0.2,0.634,Grassland without tree/shrub cover
30202396,2015-07-17,7ee9deda-9386-430e-9d54-c38607d7875f,780eaefb-8711-4c99-8cd2-65735d3dd998,2015-07-17,43.404386444,-6.160086318,31.2,29.797839552000006,tC/acre,0.2,1.1800000000000002,Grassland without tree/shrub cover
30242236,2015-05-24,398efbf7-65a0-4379-be68-ba5651c83b32,a68ccd97-a700-48a5-ad5a-69de406250ed,2015-05-24,42.003966,-5.728090546,15.8,12.698561056800004,tC/acre,0.2,0.993,Grassland without tree/shrub cover
30262064,2015-08-01,32b6ccd8-90a6-496f-807c-5f567c2959e7,d1b346b4-0cf5-44ae-aef8-1df922511390,2015-08-01,40.489431965,-5.318555267,9.9,9.455083704000002,tC/acre,0.2,1.1800000000000002,Grassland without tree/shrub cover
30262322,2015-05-17,10f5790a-102b-454e-9cf6-698c9dc175dc,5b398252-511a-4b26-a19d-1582be7e1828,2015-05-17,42.765135515,-5.907288142,36.9,26.9688416004,tC/acre,0.2,0.903,Temporary grassland
30281774,2015-05-16,96ee0434-a2b4-4e07-82e3-970cfc0e10cb,1b48a63f-4c40-4f45-a2f8-55520e846ef5,2015-05-16,37.922469485,-4.700346331,29.7,28.36525111200001,tC/acre,0.2,1.1800000000000002,Grassland without tree/shrub cover
30282398,2015-07-17,e7886952-6138-4bd3-9eb1-04845fb63b82,0eb50070-1aed-4731-9680-1664b6eceef0,2015-07-17,43.437384699,-6.068206551,46.3,44.21922984800001,tC/acre,0.2,1.1800000000000002,Grassland without tree/shrub cover
30302068,2015-08-01,04001486-e5b6-4da5-b5fd-c39e650db73e,26d9f87e-8737-436b-bca1-a06c33399e6b,2015-08-01,40.532066166,-5.280938384,10.1,9.646095496,tC/acre,0.2,1.1800000000000002,Grassland without tree/shrub cover
30303360,2015-07-24,22245d1e-9160-478f-a6cc-ff664854bd0a,a7e4bec3-4fc6-4af2-863a-419324da1db2,2015-07-24,51.825164486,-8.972296895,45.8,34.9562910568,tC/acre,0.2,0.943,Grassland without tree/shrub cover
30303364,2015-07-24,e7972a7a-204c-4db8-97d7-b4f9ec028e3b,0b025c79-c5fe-47d9-9af5-7a265b81e18d,2015-07-24,51.859707819,-8.987291116,75.4,72.01144558400003,tC/acre,0.2,1.1800000000000002,Grassland without tree/shrub cover
30303392,2015-07-23,55bbb4c4-ad73-4cd5-ab15-89ace430536c,145a3358-7eea-432c-817a-ce91eb922885,2015-07-23,52.101431234,-9.093049304,58.4,55.77544326400002,tC/acre,0.2,1.1800000000000002,Grassland without tree/shrub cover
30321828,2015-05-16,ca96c816-2100-4b85-aeb3-72498f600480,69de3217-ec0f-4a0c-88f7-b85e31086cf9,2015-05-16,38.409141599,-4.761402402,9.0,10.722560256,tC/acre,0.2,1.472,Grassland without tree/shrub cover
30322350,2015-05-28,5c58e9a5-65a8-4dea-bdc1-58bcd59af690,499c6279-0122-4e8a-b1b0-6bed5fbeab93,2015-05-28,43.022921506,-5.902677458,34.4,28.4827719264,tC/acre,0.2,1.023,Grassland without tree/shrub cover
30363420,2015-08-09,2378ee68-e393-477a-ba44-4cf7f61967d4,d45ff8c7-b1db-4c86-b353-3d440ae581f3,2015-08-09,52.357086564,-9.114771901,80.3,76.691234488,tC/acre,0.2,1.1800000000000002,Grassland without tree/shrub cover
30402384,2015-05-04,a0059ebe-c37e-43a8-bc8b-ba121ec53198,3ed72a41-625d-45b3-b232-5139c78b2b25,2015-05-04,43.337224308,-5.888662592,31.9,30.46638082400001,tC/acre,0.2,1.1800000000000002,Grassland without tree/shrub cover
30422296,2015-08-05,32f230fb-16f1-4ede-b37e-b5f0617cd3a9,83b8389f-d320-468a-b6b5-69858761b740,2015-08-05,42.566351619,-5.654171058,12.9,15.7709776374,tC/acre,0.2,1.5105,Grassland without tree/shrub cover
30442384,2015-05-04,0a073f3c-c6f5-410b-b9b1-72111d1fde86,39d9e5f1-284b-48fe-a636-f7f14a2174a2,2015-05-04,43.344815036,-5.840285445,29.3,27.983227528000008,tC/acre,0.2,1.1800000000000002,Grassland without tree/shrub cover
30442402,2015-05-03,c5393ef8-228d-4b72-be8d-10e9feb5fdc6,d7be1581-5fd6-41a6-a883-cd1108342582,2015-05-03,43.503137742,-5.884158834,66.1,63.12939725600001,tC/acre,0.2,1.1800000000000002,Grassland without tree/shrub cover
30482338,2015-05-18,058992fa-57a2-48ab-95a1-50879dfc0fd3,e31248a3-5cdd-4a27-8f76-10ce117b6fa7,2015-05-18,42.947497439,-5.681514297,33.5,31.994475160000007,tC/acre,0.2,1.1800000000000002,Grassland without tree/shrub cover
30482410,2015-05-01,2a7d48a7-3839-4e41-9128-c62a410e705b,988c30ef-ed0d-4383-b291-c541b5195741,2015-05-01,43.581090179,-5.855193219,56.4,53.865325344000006,tC/acre,0.2,1.1800000000000002,Grassland without tree/shrub cover
30483396,2015-07-20,e5ec7877-6843-46ae-9507-69cbd2153509,1150523d-1065-4b31-a5c7-f019ad9efb5a,2015-07-20,52.177761761,-8.85285355,42.4,40.494499904,tC/acre,0.2,1.1800000000000002,Grassland without tree/shrub cover
30542404,2015-05-01,62c79554-b8fe-4afc-be32-8986a090aeea,6089ca53-3c6d-4fd1-8bd1-937a6f1e3fd5,2015-05-01,43.539669477,-5.767718288,36.2,34.57313435200001,tC/acre,0.2,1.1800000000000002,Grassland without tree/shrub cover
30601846,2015-06-12,4464fe1f-71b9-4108-858a-07e095e94aba,0d322445-8afb-4d84-a6eb-d2e9246b256e,2015-06-12,38.617439132,-4.481831615,19.7,18.814661512,tC/acre,0.2,1.1800000000000002,Grassland without tree/shrub cover
30623360,2015-06-11,37a7f8c4-3c92-4ab2-9c09-ddeaaae1b9a2,9d2b6112-f4dc-49cf-a594-d54c54224426,2015-06-11,51.898525413,-8.520785318,44.9,38.43039896100001,tC/acre,0.2,1.0575,Grassland without tree/shrub cover
30623392,2015-07-16,fdb033f3-7b94-496f-ada7-957d3a88d1ec,b5c26ad5-95f4-4c5e-b937-6ba59cee6039,2015-07-16,52.175314917,-8.638990505,37.9,36.196734584,tC/acre,0.2,1.1800000000000002,Grassland without tree/shrub cover
30623428,2015-08-02,210818e4-fb7e-4941-882b-f3494b51bbf6,13024356-e18e-4d55-abed-f37343863d11,2015-08-02,52.486492554,-8.774146006,51.1,48.80351285600002,tC/acre,0.2,1.1800000000000002,Grassland without tree/shrub cover
30662334,2015-05-19,f820f922-175d-419d-86d6-279ac0bebef2,1021d58e-a0c9-4e69-a338-3287b3d5836d,2015-05-19,42.945755603,-5.455656916,51.6,49.28104233600001,tC/acre,0.2,1.1800000000000002,Grassland without tree/shrub cover
30662388,2015-04-27,126215cc-a764-4c63-87be-6c3fd946ff78,73f4d2c6-bb5d-4ccf-9a50-e67763b7a51d,2015-04-27,43.421372252,-5.583584593,56.8,54.24734892800001,tC/acre,0.2,1.1800000000000002,Grassland without tree/shrub cover
30663392,2015-07-16,3c1b7186-452f-4ca3-86e5-fd2695900de4,a11168a9-99ae-4a6a-b7b9-afc19ee24995,2015-07-16,52.184428394,-8.582136958,43.1,41.163041176000014,tC/acre,0.2,1.1800000000000002,Grassland without tree/shrub cover
30682052,2015-09-02,7ef05834-3edf-4d49-9eef-ad7873d76c25,9f0882f5-c44f-4bb1-9b54-c8e2addb680c,2015-09-02,40.458419972,-4.806967944,13.8,12.00703362,tC/acre,0.2,1.075,Grassland without tree/shrub cover
30682278,2015-05-06,053adaeb-e8ec-4ac1-bd6b-3d86855c7503,0b9fec3f-4254-4ca5-8dbf-bf342d740665,2015-05-06,42.455721941,-5.302002044,53.3,57.6344088736,tC/acre,0.2,1.336,Grassland without tree/shrub cover
30682344,2015-05-19,a8d267e5-f947-4634-bf37-baa3553d4f56,0e587cf5-eabb-4ae0-9a8c-397f4a1b6e2c,2015-05-19,43.03756359,-5.455052786,51.9,49.56756002400002,tC/acre,0.2,1.1800000000000002,Grassland without tree/shrub cover
30722052,2015-09-01,fca6c0b3-bbb8-4d5f-8c52-360884117d24,6c97d846-9b2e-46c9-ac98-f4f1ef152c9f,2015-09-01,40.465446261,-4.760667308,14.1,13.466331336,tC/acre,0.2,1.1800000000000002,Grassland without tree/shrub cover
30722074,2015-08-31,dd0ce0ea-1123-4027-8a93-ced8cc52d149,d4d22cb3-8320-4179-a871-652f051c5fef,2015-08-31,40.660237386,-4.806837874,26.0,24.831532960000004,tC/acre,0.2,1.1800000000000002,Grassland without tree/shrub cover
30743386,2015-06-14,c122064a-3e2a-43ee-8cb9-d30daebb1d15,37e6996b-dd2a-42c5-a704-154721a03677,2015-06-14,52.150652681,-8.44624701,17.8,17.000049488000005,tC/acre,0.2,1.1800000000000002,Grassland without tree/shrub cover
30762060,2015-09-01,13849a0f-dc45-4bf9-b183-8b17ad23394c,cfaf13f5-76ae-430f-beca-97d46d4970ab,2015-09-01,40.543301541,-4.731052887,26.3,25.118050648000004,tC/acre,0.2,1.1800000000000002,Grassland without tree/shrub cover
30763356,2015-05-15,7d18aeb8-55d9-4455-8283-032d8a176958,50201a10-f049-4530-be10-4d481a92d8db,2015-05-15,51.895439331,-8.308318893,32.2,30.75289851200001,tC/acre,0.2,1.1800000000000002,Grassland without tree/shrub cover
30763396,2015-07-30,3567aa1b-c0da-4a98-b3fb-bc18bc22a21f,81db35cc-6ac3-4877-bb7d-55a6e398644c,2015-07-30,52.241707993,-8.454671493,37.8,36.101228688000006,tC/acre,0.2,1.1800000000000002,Grassland without tree/shrub cover
30782390,2015-05-05,89b000fa-3c88-48ca-845a-aee1f111930d,0c0c704f-6c70-49b8-aa1c-bf12f766cc9f,2015-05-05,43.461261332,-5.442872575,31.9,27.303557391000005,tC/acre,0.2,1.0575,Grassland without tree/shrub cover
30802376,2015-07-08,470f2fcc-203e-48b4-95c2-aae83153eb4a,f6b72391-69c5-4bb5-97fe-8d59f0260d0b,2015-07-08,43.341629022,-5.385490403,43.2,39.1082075424,tC/acre,0.2,1.1185,Temporary grassland
30803590,2015-10-03,def77155-5a9c-467a-80f8-ab0207a87e1e,6a3c5c87-f689-488d-a8bf-5971bea7ce2c,2015-10-03,53.926639901,-9.146994982,65.7,62.74737367200001,tC/acre,0.2,1.1800000000000002,Grassland without tree/shrub cover
30823370,2015-06-08,22aa276b-82de-4627-858e-01eb008213de,2de5218e-84c6-45cb-8c70-555c823b72f6,2015-06-08,52.030114979,-8.274159418,39.8,33.501525824,tC/acre,0.2,1.04,Grassland without tree/shrub cover
30882342,2015-05-27,36579c02-226e-4f40-81a7-3fc311f4c0d7,45037d44-91f4-4776-a9a0-d1bac2346aba,2015-05-27,43.056597946,-5.209411924,45.4,30.425264726400005,tC/acre,0.2,0.8280000000000001,Grassland without tree/shrub cover
30882346,2015-07-09,25c35623-869d-43fb-b7fc-e28153529859,001bc9ca-1110-4bd3-970f-8d12371bc7cc,2015-07-09,43.091866952,-5.218674169,38.9,37.151793544,tC/acre,0.2,1.1800000000000002,Grassland without tree/shrub cover
30902290,2015-07-04,cc691305-8aba-4474-b043-2e8ffa9734b2,32236a15-5f6b-4f30-b7f1-a875a67aef5e,2015-07-04,42.60149031,-5.066403897,54.0,51.573183840000006,tC/acre,0.2,1.1800000000000002,Grassland without tree/shrub cover
30902340,2015-06-29,b25255d6-e0ab-4da2-84a7-d8a1ae5b8ba4,7b60de4c-e203-42fd-80a8-a120cad779e0,2015-06-29,43.042595693,-5.180684253,51.3,48.99452464800001,tC/acre,0.2,1.1800000000000002,Grassland without tree/shrub cover
30922374,2015-07-08,e640c0c3-1f58-4115-9c99-37590f6cccde,d4b98665-6be4-42b0-a7e6-5571b69f25cf,2015-07-08,43.345988483,-5.235487239,39.9,38.10685250400001,tC/acre,0.2,1.1800000000000002,Grassland without tree/shrub cover
30942340,2015-06-29,d6b7f319-64c6-4464-9e8b-4ba3ce86df84,81af53ec-f1fa-4274-8221-fa39cbb304e2,2015-06-29,43.049844886,-5.132472181,49.9,47.65744210400001,tC/acre,0.2,1.1800000000000002,Grassland without tree/shrub cover
30962066,2015-06-18,116e7dfc-6070-45bf-85a4-be804a83c085,30f8dfb8-5961-4403-9fd5-be7296cf61d9,2015-06-18,40.631208844,-4.511496251,33.0,21.541031094,tC/acre,0.2,0.8065,Grassland without tree/shrub cover
31003394,2015-07-04,2dc4066a-1190-4c4d-8b3e-5c0fa223f0b3,8601aa53-22c2-4ab0-84bc-aa1a3ff38c5b,2015-07-04,52.278126439,-8.105284765,34.8,33.236051808,tC/acre,0.2,1.1800000000000002,Grassland without tree/shrub cover
31022060,2015-08-17,1a55b490-830e-4110-976b-997326bfced5,6317ae11-5b5c-4974-8e36-5d799c5d15e9,2015-08-17,40.588359404,-4.429504473,18.6,17.282358441599996,tC/acre,0.2,1.148,Grassland without tree/shrub cover
31042070,2015-08-30,7ff88ac0-eb58-40b7-b2d5-d32eee7d6d98,5777a453-12fe-491b-820c-234a192df367,2015-08-30,40.680416169,-4.426802545,10.4,9.932613184000004,tC/acre,0.2,1.1800000000000002,Grassland without tree/shrub cover
31062274,2015-07-31,5dd6f8c3-86da-4beb-81ec-cda5ae66b0e5,dee4a0a6-0d43-41c7-94bd-71634c19fc72,2015-07-31,42.488793099,-4.839178554,20.8,19.865226368000005,tC/acre,0.2,1.1800000000000002,Grassland without tree/shrub cover
31063480,2015-07-02,018a24b5-dd0f-48ea-ac63-dd1dbe3a1ce7,59d007b8-6b34-4af6-a88d-a549807cdac3,2015-07-02,53.036309964,-8.336991678,29.1,31.27801906560001,tC/acre,0.2,1.328,Grassland without tree/shrub cover
31083442,2015-07-04,9e09a027-2e3a-4116-8e7d-d87244235a76,d59b42a4-e8df-40f4-bbdd-3bc8f7ada53e,2015-07-04,52.711775703,-8.166351019,110.6,63.91481184479999,tC/acre,0.2,0.714,Grassland without tree/shrub cover
31103548,2015-08-22,2d31edfb-323e-4017-972f-b319d7a922ea,a0125d4f-5235-491f-a38f-abb24c0800b0,2015-08-22,53.633568373,-8.538749295,32.2,20.823360941600004,tC/acre,0.2,0.799,Grassland without tree/shrub cover
31122070,2015-06-18,b58d64a0-fc54-4092-8b1f-c40444ad5b54,0c981994-3597-476a-9caf-db3e120e6e2c,2015-06-18,40.694095288,-4.33381061,25.9,29.4211982918,tC/acre,0.2,1.4035,Grassland without tree/shrub cover
31122366,2015-07-06,bdf97dbc-1bde-4f17-a3a2-485daaf52ef6,5a962940-5646-4463-b7b2-8da900809b72,2015-07-06,43.311595505,-4.974741589,47.4,45.26979470400001,tC/acre,0.2,1.1800000000000002,Grassland without tree/shrub cover
31123392,2015-06-18,65860cae-5f18-417b-9efd-39fa12194cc7,77b92782-cab1-4e2e-abc2-eacebd617c7d,2015-06-18,52.287277052,-7.92680793,34.9,32.75249250660001,tC/acre,0.2,1.1595,Grassland without tree/shrub cover
31123410,2015-07-13,7bd77748-85f3-4db8-9a02-c93d011415ea,28088b13-db7f-46b2-9364-a3be8bc70300,2015-07-13,52.443347051,-7.991798711,35.6,34.00009897600001,tC/acre,0.2,1.1800000000000002,Grassland without tree/shrub cover
31163396,2015-07-05,c56002f6-93b2-407e-a3e0-1481e6eb6079,bd072866-77eb-4485-a4a5-0fda15fe0388,2015-07-05,52.330744449,-7.88404535,35.4,31.731833946,tC/acre,0.2,1.1075,Grassland without tree/shrub cover
31163428,2015-07-19,e3f1802b-af46-4060-8a68-1aec09668133,9aadfb51-a260-4d67-9ce3-ce29bba61776,2015-07-19,52.608209235,-7.9998672,37.3,35.1557607862,tC/acre,0.2,1.1645,Grassland without tree/shrub cover
31242076,2015-08-27,fbfb0623-e8f3-49d3-baf5-43b1315f61c8,9b398612-df19-4bae-8995-8f649dff47f0,2015-08-27,40.767653673,-4.206414009,18.7,17.859602552000005,tC/acre,0.2,1.1800000000000002,Grassland without tree/shrub cover
31322332,2015-06-02,c1277933-3ee0-4bd7-a828-7ae88f9fc637,a0fc3095-fa1e-4ed7-ae27-2309151b77dc,2015-06-02,43.046920014,-4.656074184,41.9,40.016970424000014,tC/acre,0.2,1.1800000000000002,Grassland without tree/shrub cover
31323424,2015-07-11,4e8950dc-6ee4-49d3-adb5-709b78c86a67,d01492d7-f131-43ce-adfe-fa091df62657,2015-07-11,52.608604986,-7.755296852,72.4,69.14626870400002,tC/acre,0.2,1.1800000000000002,Grassland without tree/shrub cover
31343410,2015-07-10,949b4e18-9848-470a-8906-d0260aeaf087,22cc5f69-13f8-4ad9-b356-6ff5634831b6,2015-07-10,52.491453327,-7.676386292,36.4,34.76414614400001,tC/acre,0.2,1.1800000000000002,Grassland without tree/shrub cover
31382090,2015-05-24,8112590e-b4ab-4b95-ab0a-6b509638fc01,ceb5efde-c80c-416d-aeeb-b76755bc44a2,2015-05-24,40.915350721,-4.071540939,54.6,38.00487163200001,tC/acre,0.2,0.86,Grassland without tree/shrub cover
31382100,2015-08-22,62e8a3b9-6947-4a8c-a0c5-96460a5f72e4,929e17ca-d8e5-4727-8694-f934d3325ea7,2015-08-22,41.00403042,-4.091756075,61.7,58.927137832000014,tC/acre,0.2,1.1800000000000002,Grassland without tree/shrub cover
31382312,2015-05-20,ac628324-4366-448e-954d-3d072687174e,16209c24-288b-41f2-8240-19b426fb7e04,2015-05-20,42.88069463,-4.539464314,31.7,29.377370798000005,tC/acre,0.2,1.145,Grassland without tree/shrub cover
31442322,2015-06-19,dbb2324c-2796-491e-b656-7f98882301e0,6804a01a-17a7-4464-8c78-c3d435085dda,2015-06-19,42.979482482,-4.489201339,45.1,43.07315909600001,tC/acre,0.2,1.1800000000000002,Grassland without tree/shrub cover
31462364,2015-06-28,96578a8f-f935-4b38-afd5-03a99951a920,844f39f7-c379-4630-b487-d22449534759,2015-06-28,43.354030277,-4.558130301,38.8,30.00617190480001,tC/acre,0.2,0.9555,Grassland without tree/shrub cover
31482294,2015-06-22,6e2cf250-39fd-4b39-9911-1277062f046d,ed8ef6c0-3fb8-44c9-88bb-686ef8935498,2015-06-22,42.738859553,-4.379904926,25.3,24.162991688000005,tC/acre,0.2,1.1800000000000002,Grassland without tree/shrub cover
31483396,2015-05-23,031c4ff7-573b-48a9-85b8-9532ece25d27,25e5be6d-dfeb-4a96-8439-66f610bd3da9,2015-05-23,52.400002786,-7.426053478,44.6,42.59562961600001,tC/acre,0.2,1.1800000000000002,Grassland without tree/shrub cover
31503370,2015-05-15,dd5e5ce8-7891-4ea5-b973-4efface5ca90,5706eb4a-7102-442d-9ed7-b7e9939ec525,2015-05-15,52.178284644,-7.306858493,30.5,29.129298280000004,tC/acre,0.2,1.1800000000000002,Grassland without tree/shrub cover
31523384,2015-05-16,b53704ea-9528-41f2-a352-8fd8a426c582,ef2d892f-a370-4c0e-9127-68611ce3562c,2015-05-16,52.304235246,-7.326852736,40.4,31.5051288488,tC/acre,0.2,0.9635,Grassland without tree/shrub cover
31523402,2015-05-28,44020dda-8d8f-430d-821c-5ae44325d805,076332dc-9143-4b20-87a5-4b0c0c12b966,2015-05-28,52.460678913,-7.389733651,61.9,59.118149624,tC/acre,0.2,1.1800000000000002,Grassland without tree/shrub cover
31542354,2015-06-28,33e297c4-28d3-4703-9dca-ee8f39390fe9,35e70cca-dc71-4453-ae87-80d205bff4e9,2015-06-28,43.279569927,-4.438918849,22.4,17.857983808,tC/acre,0.2,0.985,Grassland without tree/shrub cover
31561686,2015-05-29,17198771-8ed2-47b1-aaf2-ee2f9f81b339,82ed24eb-7395-416c-b4ba-6001a6206f98,2015-05-29,37.348497945,-3.11647576,11.6,10.388613368800002,tC/acre,0.2,1.1065,Grassland without tree/shrub cover
31582088,2015-06-26,a031f25b-9e82-47a6-ba52-5cd740ca96d4,c071a569-7a72-4330-b308-0c06646b23ba,2015-06-26,40.930814425,-3.834027572,45.4,43.359676784,tC/acre,0.2,1.1800000000000002,Grassland without tree/shrub cover
31602300,2015-06-19,ea0ea269-dd38-4ee0-b0bc-69a17003fe27,7159ee22-d434-454d-abcf-7810fe728140,2015-06-19,42.812457472,-4.248642264,13.9,13.275319544000002,tC/acre,0.2,1.1800000000000002,Grassland without tree/shrub cover
31621846,2015-07-28,bd5cc3f8-a6de-4cf6-8625-554723140de3,3376476e-0ea3-4ea5-9476-99fc881392d4,2015-07-28,38.785325748,-3.330104311,12.4,12.133781275200002,tC/acre,0.2,1.209,Grassland without tree/shrub cover
31623442,2015-08-09,109e9069-1aa8-4b59-990a-8a58116718fc,9871a141-fd65-4923-9003-0505fa5a23ce,2015-08-09,52.829592421,-7.386790358,41.7,39.82595863200001,tC/acre,0.2,1.1800000000000002,Grassland without tree/shrub cover
31643418,2015-06-21,e53c0bee-efa3-4352-b52e-a902b15db3b7,e320c0ce-75f3-4126-b4ae-e7e6960d1116,2015-06-21,52.625261759,-7.273252169,32.9,31.421439784000004,tC/acre,0.2,1.1800000000000002,Grassland without tree/shrub cover
31643458,2015-08-03,0ac1ead1-8b3a-459e-b84d-e038e6bf81e4,3c5e346d-12b1-4ab3-b445-154805968dc7,2015-08-03,52.9728756,-7.414790544,45.9,43.83720626400001,tC/acre,0.2,1.1800000000000002,Grassland without tree/shrub cover
31682350,2015-05-29,66fdf177-10c7-4c18-ac30-3f129f31e9f3,8a32d825-a5b8-4313-997f-a470510a6394,2015-05-29,43.26826076,-4.260477631,24.4,23.303438624000005,tC/acre,0.2,1.1800000000000002,Grassland without tree/shrub cover
31702312,2015-05-11,771447e1-56dc-4b26-8774-d46d692ddc16,eb1218c0-a01f-4aee-8d78-9a051fb84233,2015-05-11,42.935592235,-4.154032925,66.0,63.033891360000005,tC/acre,0.2,1.1800000000000002,Grassland without tree/shrub cover
31703420,2015-06-21,aca0d447-2e3f-43fa-bfc4-67cf30861348,7d51c586-f188-47a9-819f-97eb188a3f05,2015-06-21,52.655341947,-7.193745303,37.9,28.297870893,tC/acre,0.2,0.9225,Grassland without tree/shrub cover
31723460,2015-08-01,52e39da6-c0bd-429c-bc5a-560ae6181f71,0887030c-5aba-4993-851c-c5fca89d1f68,2015-08-01,53.007316671,-7.30571777,39.1,37.342805336000005,tC/acre,0.2,1.1800000000000002,Grassland without tree/shrub cover
31742108,2015-06-16,28d1933f-9979-4817-a9c6-aaf7aa1545b3,46555b0e-02de-4418-91af-2dfb6787fa09,2015-06-16,41.134526707,-3.686427334,26.7,25.521684464400003,tC/acre,0.2,1.181,Grassland without tree/shrub cover
31763412,2015-06-05,4d4312ee-a014-4e3e-8f7a-02fe807c9fec,6a3e597e-aeab-4769-ad39-77dfe69da9a4,2015-06-05,52.598378208,-7.079428494,49.2,46.98890083200001,tC/acre,0.2,1.1800000000000002,Grassland without tree/shrub cover
31782138,2015-07-04,3ae82d17-d288-49bc-bba2-53e5fa679034,0fbe31de-a7de-4f08-b8c6-f01edf2fbf5a,2015-07-04,41.407283149,-3.698936941,14.9,13.639456006800003,tC/acre,0.2,1.131,Grassland without tree/shrub cover
31782310,2015-05-21,3edbaed8-206a-42ea-8673-82fde33d6219,41bc8730-95fb-45d2-9b07-1c18c8010f07,2015-05-21,42.931390356,-4.053312183,55.8,42.678994932,tC/acre,0.2,0.945,Grassland without tree/shrub cover
31783422,2015-07-31,2d71548d-e722-48ce-9aa2-67644f41177f,bc1aa46e-c488-444f-8959-7d065e1c4a25,2015-07-31,52.689569212,-7.085260317,18.3,17.477578968000007,tC/acre,0.2,1.1800000000000002,Grassland without tree/shrub cover
31802332,2015-06-14,a025f48e-541e-4ef7-a1a2-e8d4f65e061b,6bf829d7-4f0b-45f9-b588-27d420065138,2015-06-14,43.129415923,-4.076221939,59.2,56.539490432000015,tC/acre,0.2,1.1800000000000002,Grassland without tree/shrub cover
31802362,2015-06-26,13066d3b-1b7d-4aae-a413-5424ff14f558,85a26744-e5b7-4fc5-904f-30624bc2da81,2015-06-26,43.394765861,-4.141017486,83.2,79.46090547200002,tC/acre,0.2,1.1800000000000002,Grassland without tree/shrub cover
31803412,2015-06-20,ccc26b3a-730d-4ece-89ff-f3d157db6652,290ce1c3-6edd-44ae-8b62-55018ad0eb09,2015-06-20,52.606749214,-7.02177841,68.5,58.020034163000005,tC/acre,0.2,1.0465,Grassland without tree/shrub cover
31823436,2015-07-30,bf7b104a-8b69-4e56-bd3d-14317b3b4636,a3eefd27-14fb-4700-8a08-91938c6f4293,2015-07-30,52.819750554,-7.076144499,40.1,38.29786429600001,tC/acre,0.2,1.1800000000000002,Grassland without tree/shrub cover
31823598,2015-09-27,018fe132-fc7e-4c01-b35a-63b391a708ac,86d48cef-73f3-4435-a6a8-9689a5e5efe8,2015-09-27,54.227094862,-7.664188753,36.0,34.382122560000006,tC/acre,0.2,1.1800000000000002,Grassland without tree/shrub cover
31882358,2015-06-26,0bcdc6c5-aefe-4ca9-9ff7-931341fc3902,01d3453f-df4c-4669-8a7b-af93120895c6,2015-06-26,43.372883461,-4.035189784,72.3,69.05076280800002,tC/acre,0.2,1.1800000000000002,Grassland without tree/shrub cover
31922270,2015-06-06,9de233a0-7e79-4643-84d5-3430c74eb1a4,a46fb13a-57a0-40e2-a607-415a468689ac,2015-06-06,42.600536712,-3.80084394,91.4,87.29238894400004,tC/acre,0.2,1.1800000000000002,Grassland without tree/shrub cover
31922312,2015-05-11,610c87d1-a55d-4b19-8648-77bd31a40843,85e046bd-5f6a-41f2-abbd-42806b0ee8f3,2015-05-11,42.972488422,-3.888685083,29.8,28.46075700800001,tC/acre,0.2,1.1800000000000002,Grassland without tree/shrub cover
31982326,2015-06-15,76df7687-0bb5-493f-98fd-653484e5b36f,cb55eae1-61e3-44d2-a423-ea72dec6e8c5,2015-06-15,43.106387063,-3.845731499,79.4,75.83168142400002,tC/acre,0.2,1.1800000000000002,Grassland without tree/shrub cover
32022340,2015-06-16,7251ef53-faaa-4344-b83b-c407e0a41494,4e771742-bd1c-4d92-83c4-103fdaa2c63e,2015-06-16,43.236949292,-3.826877198,68.4,49.741898752800005,tC/acre,0.2,0.8985000000000001,Grassland without tree/shrub cover
32042254,2015-05-07,546a1cf7-c04e-4f2e-a1df-216ad3d96e27,37c8abd9-1952-40bb-8cc1-022e4d8cd7d0,2015-05-07,42.478415015,-3.624095218,58.2,55.58443147200002,tC/acre,0.2,1.1800000000000002,Grassland without tree/shrub cover
32042344,2015-06-17,cbe21b19-2396-4257-ba14-7a9487702de8,29b7895e-7c30-4751-80d2-dde963733a3b,2015-06-17,43.275667602,-3.811085743,50.2,47.94395979200001,tC/acre,0.2,1.1800000000000002,Grassland without tree/shrub cover
32043538,2015-08-22,cda1efe0-bd32-4e21-b000-feaccc3c62d4,c556489e-2aa3-4a5b-87ab-0c29df6138d5,2015-08-22,53.753131145,-7.115798694,47.7,45.55631239200002,tC/acre,0.2,1.1800000000000002,Grassland without tree/shrub cover
32082174,2015-05-07,2d6e7622-b330-40d9-97e6-570874919f89,463d2475-9448-47c1-9eac-c12c94fc7137,2015-05-07,41.775254255,-3.416033112,12.8,13.509389926400004,tC/acre,0.2,1.304,Grassland without tree/shrub cover
32102316,2015-05-27,d701edc8-1ced-45ff-974f-b43084d0e1a1,49cf64e1-bb6c-4ffe-bc13-adb82ce33278,2015-05-27,43.037594907,-3.679684317,49.4,47.17991262400001,tC/acre,0.2,1.1800000000000002,Grassland without tree/shrub cover
32103428,2015-07-11,42e012f4-242e-42f9-af8c-d12611f939a6,0b57e5ce-e52d-4310-b273-92e5507cc0d1,2015-07-11,52.808085184,-6.642926529,41.8,39.92146452800001,tC/acre,0.2,1.1800000000000002,Grassland without tree/shrub cover
32122124,2015-06-01,4ed2ff9b-3f3b-4305-8039-b7fd8c40d660,5791508d-853c-46d8-8783-70448e9a61ec,2015-06-01,41.337617209,-3.271410083,36.6,34.95515793600001,tC/acre,0.2,1.1800000000000002,Grassland without tree/shrub cover
32122286,2015-06-25,510add7b-535c-4a72-8c1c-fd98d844be6f,cb90ed5a-bc91-4c46-bc30-fe1979d7dabc,2015-06-25,42.775054796,-3.593549134,53.2,50.809136672000015,tC/acre,0.2,1.1800000000000002,Grassland without tree/shrub cover
32142198,2015-07-05,c9ab8a6a-66d7-4e28-b0a3-7e2570808916,482b4503-5cb5-4441-bf2e-cc8bebeffedc,2015-07-05,41.997857642,-3.39223178,37.4,35.71920510400001,tC/acre,0.2,1.1800000000000002,Grassland without tree/shrub cover
32143584,2015-09-27,79ce014f-1631-4166-ad5e-88736466168c,abd3ac79-c8c5-4055-9dfe-de8035c64462,2015-09-27,54.174181206,-7.134259641,59.0,56.34847864000001,tC/acre,0.2,1.1800000000000002,Grassland without tree/shrub cover
32143588,2015-09-27,43ae876d-97ed-4275-9bc3-fee381dd3726,b1ecc24e-d0dc-4e29-b616-63267c7422c2,2015-09-27,54.208954167,-7.148915024,37.9,36.196734584,tC/acre,0.2,1.1800000000000002,Grassland without tree/shrub cover
32162358,2015-06-24,048bcd65-524a-4c6e-90ef-1a48d8367338,6721e650-0b0d-4759-96bb-c72728d7a6f4,2015-06-24,43.419375941,-3.694878199,34.0,26.926997068,tC/acre,0.2,0.9785,Grassland without tree/shrub cover
32181834,2015-05-24,0482ad5a-3e7e-44c9-80cb-51a2591f0160,fa33b6f5-a901-4201-8229-5b7a583e02e9,2015-05-24,38.764537878,-2.675076855,40.5,41.99062404600001,tC/acre,0.2,1.281,Grassland without tree/shrub cover
32183418,2015-07-10,fd169492-b996-48cf-a230-af908e4bf562,27844d55-0345-4940-9206-b98e56143151,2015-07-10,52.737204768,-6.493239868,49.1,46.893394936000014,tC/acre,0.2,1.1800000000000002,Grassland without tree/shrub cover
32202340,2015-06-21,63bf26fd-99dc-4c31-abca-155a31072b71,2079ab07-bffd-4f7d-afd5-ece58dda038b,2015-06-21,43.266510562,-3.608574398,16.6,11.7158215744,tC/acre,0.2,0.872,Grassland without tree/shrub cover
32202352,2015-06-19,7b349a9f-44a7-4231-9fd6-d60150938e97,b0c4c441-1447-49bd-a3ff-1217be8f60b2,2015-06-19,43.372791913,-3.633643172,49.8,36.0140593236,tC/acre,0.2,0.8935,Temporary grassland
32203464,2015-05-21,042e9640-fa3e-423d-909a-df0e4c09e7ca,aaa68187-7d04-4923-8bb9-6ea43a3d1782,2015-05-21,53.142219489,-6.62035345,37.5,35.81471100000001,tC/acre,0.2,1.1800000000000002,Temporary grassland
32203504,2015-06-19,37178fd0-8ecb-4ccd-bcef-53d5302375a2,5fc9503e-0f47-42ee-8eb3-db98a28794ea,2015-06-19,53.490648056,-6.758969918,29.0,27.696709840000008,tC/acre,0.2,1.1800000000000002,Grassland without tree/shrub cover
32203590,2015-09-27,ddd2e7da-68c4-47bb-9e2b-3a3db0b02e61,2ce7b691-5a6e-4bfa-bc64-eefab08bd51c,2015-09-27,54.239006209,-7.066511745,36.5,34.85965204000001,tC/acre,0.2,1.1800000000000002,Grassland without tree/shrub cover
32222200,2015-06-28,64e0796f-e310-4678-a23e-91d51a0c8f41,05ddf1db-ba8c-4bec-afe6-fa6a3557ca9c,2015-06-28,42.028352675,-3.301044929,24.0,22.921415040000007,tC/acre,0.2,1.1800000000000002,Grassland without tree/shrub cover
32222300,2015-05-09,bf21b1f0-0f5b-4478-af52-3b1fdfda4d49,a55cc952-b253-4cb4-9a94-2bded00b89eb,2015-05-09,42.915337693,-3.501751841,9.4,9.2400335636,tC/acre,0.2,1.2145,Grassland without tree/shrub cover
32242312,2015-05-27,ab71e15a-805f-42de-9e51-26bf23d7c254,914cc3c6-b4a3-4613-a3a6-8b28d279236b,2015-05-27,43.024922347,-3.502206464,37.8,36.8813823588,tC/acre,0.2,1.2055,Grassland without tree/shrub cover
32243410,2015-06-27,9646ffa4-7182-4f70-a4ba-034c4871d1a5,06a53349-cd2e-489a-99dd-608d70c312a8,2015-06-27,52.679552165,-6.379647511,30.7,29.32031007200001,tC/acre,0.2,1.1800000000000002,Grassland without tree/shrub cover
32243456,2015-05-22,457ae1c4-aaf1-4d3e-a32b-43089fa78a29,6ff92148-a609-45f0-a044-aa20e03c9ae5,2015-05-22,53.080654363,-6.53461137,38.8,37.056287648000016,tC/acre,0.2,1.1800000000000002,Grassland without tree/shrub cover
32243528,2015-06-13,d5b2bfc1-07e0-4039-8efb-777fc04f4983,a2904e05-43c3-4a96-9167-a3b1e6e6d81e,2015-06-13,53.707883068,-6.784322729,53.1,50.71363077600001,tC/acre,0.2,1.1800000000000002,Grassland without tree/shrub cover
32243654,2015-10-09,85526cb8-e19f-45aa-a793-47e3648a2e77,918177ca-fd41-4375-a357-a136286a434d,2015-10-09,54.803770518,-7.243592788,174.9,55.420412236200015,tC/acre,0.2,0.3915,Grassland without tree/shrub cover
32262092,2015-08-13,5acd4d1e-952b-4837-ad5d-08bb9a979799,5ae0a36e-e871-4f09-8a2d-e4cb5f51aac8,2015-08-13,41.075149514,-3.046116213,17.0,17.522499114000002,tC/acre,0.2,1.2735,Grassland without tree/shrub cover
32262242,2015-04-26,5ebf313f-ac78-4fee-8bb5-dddaa6428123,a39001c2-b7db-4b23-a5f9-d4e2a86e87db,2015-04-26,42.407431082,-3.336502693,54.5,42.236066105000006,tC/acre,0.2,0.9575,Grassland without tree/shrub cover
32262314,2015-05-09,881bd9d7-2dbe-4621-af4f-8370c2277fc5,2e8cc510-28ed-46c3-b796-9e93b3cdbb6a,2015-05-09,43.04587637,-3.482133651,35.2,30.412962272,tC/acre,0.2,1.0675,Grassland without tree/shrub cover
32282118,2015-05-28,92667436-c1dd-4f35-905f-cac39671a262,985ac46c-03d3-416c-97b7-d140ff7d3c27,2015-05-28,41.309410421,-3.071706029,16.9,16.140496424000002,tC/acre,0.2,1.1800000000000002,Grassland without tree/shrub cover
32282230,2015-05-17,c0fe28da-8f87-47f1-9b04-488e0695499b,1b4128c4-5e40-4a53-99c2-381dff011868,2015-05-17,42.304135309,-3.288737453,14.3,9.577501219,tC/acre,0.2,0.8274999999999999,Grassland without tree/shrub cover
32283558,2015-09-20,5199d04f-5285-4012-a491-4f85769dafb7,61bc7288-0c03-4b39-b82e-b51013858dce,2015-09-20,53.977330254,-6.831529754,66.9,63.89344442400002,tC/acre,0.2,1.1800000000000002,Grassland without tree/shrub cover
32283648,2015-10-08,639df145-cfaf-4f46-95f6-91b8af2ba64c,18a35135-26f9-42d6-94b9-56ae3b1b8338,2015-10-08,54.760134957,-7.160489135,38.0,36.29224048000001,tC/acre,0.2,1.1800000000000002,Grassland without tree/shrub cover
32302008,2015-06-02,37843c3c-a870-449c-a5a5-c91bcd1b635f,2866b6d5-0240-4d34-a87f-7cc6f61959a8,2015-06-02,40.333875958,-2.844413274,37.9,41.9329967596,tC/acre,0.2,1.367,Grassland without tree/shrub cover
32341732,2015-07-04,e0c64ad2-ff94-4e2c-9055-862cb3be6019,f9687292-931d-49f6-a2b7-93b589fd648a,2015-07-04,37.876862157,-2.32458574,36.7,41.615237312400005,tC/acre,0.2,1.4009999999999998,Grassland without tree/shrub cover
32342062,2015-07-04,28b8b462-bf7b-4c85-9a89-3ac597d51245,030a61ac-d930-40e5-8dfc-1fdd59fca1d3,2015-07-04,40.820657007,-2.896649767,28.0,26.74165088000001,tC/acre,0.2,1.1800000000000002,Grassland without tree/shrub cover
32361730,2015-05-30,e381aee2-ef8b-41a9-a628-be82765e426f,4ef7f63c-4997-45c4-9dfa-9774b5c215ce,2015-05-30,37.861884286,-2.298966599,11.1,10.9739916678,tC/acre,0.2,1.2215,Grassland without tree/shrub cover
32363494,2015-05-31,32d2882c-4779-405e-acb9-da60c5a57066,a39cc86a-ccc5-40fc-9c93-45b7c5626684,2015-05-31,53.436269473,-6.488874153,68.1,65.039515176,tC/acre,0.2,1.1800000000000002,Grassland without tree/shrub cover
32363508,2015-05-31,1523362d-ecbc-4fae-8944-38802eeb6c11,c62b46c2-7060-4bc5-beec-38c3b7ae5f67,2015-05-31,53.558293656,-6.537172565,34.0,32.47200464000001,tC/acre,0.2,1.1800000000000002,Grassland without tree/shrub cover
32382250,2015-06-06,857fbcdf-f67f-4eb7-9324-cf2cb74eb1b7,953a96a9-fd38-4fc2-a2d2-70db56f8eb24,2015-06-06,42.497448087,-3.208656607,31.3,29.893345448000005,tC/acre,0.2,1.1800000000000002,Grassland without tree/shrub cover
32383504,2015-05-31,6fe70d74-5b3d-4d10-b246-7bddc50602f6,f5051c20-4d04-4d2a-b762-595c938e8f70,2015-05-31,53.527498366,-6.493861452,55.6,38.3409228864,tC/acre,0.2,0.852,Grassland without tree/shrub cover
32383518,2015-06-12,c21685bf-6cb0-42be-9fcb-29aa3a58e7c6,9481c7a4-10f2-4189-9a84-49148f210495,2015-06-12,53.649516853,-6.542321802,51.5,49.18553644000002,tC/acre,0.2,1.1800000000000002,Grassland without tree/shrub cover
32402314,2015-05-29,e12dce37-e5c0-4f66-b21f-af36fcec224f,5d75a34c-fd9e-45d5-a52f-b02108731684,2015-05-29,43.068323527,-3.312794436,52.2,49.85407771200001,tC/acre,0.2,1.1800000000000002,Grassland without tree/shrub cover
32403658,2015-07-31,57ec7ac6-61c1-4104-bc74-757ba3fac686,2588b864-c5e5-404c-99c1-7ebf3748727b,2015-07-31,54.872419302,-7.015799432,38.1,36.38774637600001,tC/acre,0.2,1.1800000000000002,Grassland without tree/shrub cover
32422190,2015-05-21,eccbf51c-2ecd-4ec6-bba4-fdc02f9c935f,3db7d989-6b94-4540-bb22-78a8c06c99df,2015-05-21,41.971000547,-3.043720684,23.3,21.225092733800004,tC/acre,0.2,1.1255000000000002,Grassland without tree/shrub cover
32422330,2015-06-22,1adb2c32-be7d-4396-ab16-f00e949f8608,6d28896f-d6af-42cd-bf89-d85c68c71cbf,2015-06-22,43.213364592,-3.321083828,34.3,32.758522328000005,tC/acre,0.2,1.1800000000000002,Grassland without tree/shrub cover
32463554,2015-09-13,6e11e5be-7b4a-4c17-95e6-e4ea00e28ff1,3ca18569-31ea-4d7f-bbec-c06ad3607468,2015-09-13,53.979540879,-6.549403062,39.7,37.91584071200001,tC/acre,0.2,1.1800000000000002,Grassland without tree/shrub cover
32463558,2015-09-18,496a6870-0cd5-4bbf-bc29-cecfa12b3c19,2dc00e79-e31c-44da-ae37-eec5bf618d28,2015-09-18,54.014394208,-6.563472053,53.4,51.00014846400001,tC/acre,0.2,1.1800000000000002,Grassland without tree/shrub cover
32463644,2015-07-31,8a0e998b-1656-4c72-8ef2-25c57681963c,044a0e63-d558-4de7-aca6-fcc3ab85a6c8,2015-07-31,54.763207267,-6.87295248,39.8,25.625445954800004,tC/acre,0.2,0.7955000000000001,Grassland without tree/shrub cover
32541766,2015-08-14,b48989f8-bd49-41c6-961b-5a909d549b29,8faafa91-df05-468e-823d-2266f86b4f51,2015-08-14,38.209892419,-2.155547872,16.9,16.140496424000002,tC/acre,0.2,1.1800000000000002,Grassland without tree/shrub cover
32543634,2015-07-27,d8f29859-1b56-4278-9c27-2c7fa8aab932,0637475f-cd75-464f-8027-eefdc415f957,2015-07-27,54.692775129,-6.715203723,35.3,29.8850898536,tC/acre,0.2,1.0459999999999998,Grassland without tree/shrub cover
32583640,2015-07-25,0355e30a-c930-4710-a99e-bdb3d9daf5d2,02eb582a-52a6-44a3-a847-04a713447649,2015-07-25,54.753273262,-6.676412628,54.3,51.85970152800001,tC/acre,0.2,1.1800000000000002,Grassland without tree/shrub cover
32603626,2015-07-18,3330b359-1887-4aef-a023-6638631250ea,21b989af-11b1-4c81-91fb-1091058c2ec9,2015-07-18,54.635456842,-6.595467877,49.2,46.98890083200001,tC/acre,0.2,1.1800000000000002,Grassland without tree/shrub cover
32622920,2015-08-09,6679f216-2ff9-400f-b0cd-b814245c8c2e,a0140414-78c8-41c5-b257-292139e78f44,2015-08-09,48.457446063,-4.417338858,52.3,49.949583608000005,tC/acre,0.2,1.1800000000000002,Grassland without tree/shrub cover
32682156,2015-05-09,4b5b9b1e-ee56-4547-892b-efc7de825bd5,f6d857e7-ab2b-409d-9b60-e8533d672f1e,2015-05-09,41.708675404,-2.67080459,16.3,13.2059563636,tC/acre,0.2,1.001,Grassland without tree/shrub cover
32682930,2015-06-06,3c2e7c45-24bb-4c34-bf8e-102e645f408d,1c85c63a-9e4a-436b-951a-ac4f603cd070,2015-06-06,48.55592991,-4.363105188,27.9,24.523485976800004,tC/acre,0.2,1.086,Temporary grassland
32701818,2015-08-27,27419548-41cc-479d-9ac9-2f6c8d46dfdf,756df492-e442-47e8-9a26-24aa6dcd912d,2015-08-27,38.69778196,-2.059507094,32.0,22.662416,tC/acre,0.2,0.875,Grassland without tree/shrub cover
32702214,2015-07-25,577d95c4-d083-472a-a29c-0b06631165f6,bdca9042-b522-47dc-bbc5-7554c5e1265c,2015-07-25,42.227374776,-2.755928946,63.2,60.35972627200002,tC/acre,0.2,1.1800000000000002,Grassland without tree/shrub cover
32742870,2015-06-18,9ad10936-9542-4552-a469-c9244b1185fe,0bbd2160-f7fc-4902-868a-d9e55b6e96b6,2015-06-18,48.038009538,-4.131857139,29.4,28.078733424000003,tC/acre,0.2,1.1800000000000002,Grassland without tree/shrub cover
32783608,2015-06-18,caefb332-0a0e-4f89-94ab-5bcaee871112,b923c188-5150-409c-868d-738be97def7f,2015-06-18,54.515103629,-6.259447941,52.7,50.33160719200002,tC/acre,0.2,1.1800000000000002,Grassland without tree/shrub cover
32802920,2015-06-29,ae7164c5-cb04-4c49-a057-a543f5f988ba,a7698af4-3b77-49a7-b09d-ff35a794c253,2015-06-29,48.488697151,-4.177689764,47.3,37.4984880402,tC/acre,0.2,0.9795,Grassland without tree/shrub cover
32821946,2015-07-29,b82bb41a-c622-4830-b39b-256783a71a27,bd35209b-cea9-476e-8107-7d327c9a5226,2015-07-29,39.858330996,-2.134905799,62.2,47.7754485416,tC/acre,0.2,0.949,Grassland without tree/shrub cover
32822294,2015-07-06,0480ad00-13d3-4e9b-a216-27f8a6dcd635,d0726a60-c9e6-4289-b57c-e6a5bf4c2b3b,2015-07-06,42.95639373,-2.765173617,36.5,34.85965204000001,tC/acre,0.2,1.1800000000000002,Grassland without tree/shrub cover
32903296,2015-06-11,a01d8e50-a74e-4f44-af58-d469469fe73a,f981c5c1-ed03-4f39-a846-d09ef8cd12f3,2015-06-11,51.809992733,-5.07286877,39.4,37.629323024,tC/acre,0.2,1.1800000000000002,Grassland without tree/shrub cover
32942170,2015-07-24,bb076bd1-fc1a-475a-8d06-6c9d1fb0ec44,112553d3-e23d-4ad0-a87a-94ba988b7158,2015-07-24,41.87210182,-2.388087782,30.4,29.033792384000005,tC/acre,0.2,1.1800000000000002,Grassland without tree/shrub cover
33002856,2015-07-13,4f7ff62f-c670-436b-bd2a-e8396946eaf9,f56aea33-0418-4877-9502-a194571084c1,2015-07-13,47.958572469,-3.754300508,21.9,22.014756525600003,tC/acre,0.2,1.242,Temporary grassland
33002892,2015-08-03,a3a6720c-9653-499f-b083-7a3007c195e4,666aaf06-d51d-4d14-8645-29f8116fa76a,2015-08-03,48.276015171,-3.841951404,37.4,35.71920510400001,tC/acre,0.2,1.1800000000000002,Grassland without tree/shrub cover
33003590,2015-06-27,53b763f9-650d-42f1-81d2-95d169962ab0,3759e3c3-e17f-4f1c-b6f4-fe4f1905afc8,2015-06-27,54.401656053,-5.865234196,65.9,51.25744782280001,tC/acre,0.2,0.961,Grassland without tree/shrub cover
33022872,2015-07-24,01bef248-36b5-4995-b299-4647e6b16d6f,5b1bc6cd-098f-4a50-a57d-5410b0bbd1d5,2015-07-24,48.103020115,-3.766619764,52.6,50.23610129600001,tC/acre,0.2,1.1800000000000002,Grassland without tree/shrub cover
33023682,2015-06-28,2663ef98-b8a8-4b9f-81cd-43a4c4d1268d,267f82e1-37ea-471c-8cd5-df176f4435eb,2015-06-28,55.208730165,-6.156597229,99.9,45.683788482,tC/acre,0.2,0.565,Grassland without tree/shrub cover
33062008,2015-06-15,9b43097c-8bfc-4104-b009-e46520009f96,09c1116a-b3ea-45fa-bc87-c87afd81c47c,2015-06-15,40.445973174,-1.962112895,52.0,36.258246856,tC/acre,0.2,0.8614999999999999,Grassland without tree/shrub cover
33082864,2015-08-08,c3bbb4de-db99-4f3c-a577-b4bcd2f38cfa,da5570ac-adba-4dbf-9d32-7907e87b48e2,2015-08-08,48.04244428,-3.667921422,137.3,66.39824842100002,tC/acre,0.2,0.5975,Grassland without tree/shrub cover
33102276,2015-06-02,4c12fa67-0266-4735-aea3-45d567d2712f,b872d8ff-878f-4299-b71a-2f58d9745e44,2015-06-02,42.838607035,-2.392585141,26.2,25.022544752000005,tC/acre,0.2,1.1800000000000002,Grassland without tree/shrub cover
33102888,2015-08-02,b005ba08-e424-46a7-824d-3b989fed9cb1,0daddbf1-7405-45e1-856f-4d3f8a33089b,2015-08-02,48.257461003,-3.699436722,37.9,36.196734584,tC/acre,0.2,1.1800000000000002,Temporary grassland
33122854,2015-07-11,5345b3a0-ffe7-4613-b2bd-2729fcfb4ca7,37f75e31-7288-4924-aa0e-c0d36214124c,2015-07-11,47.960829117,-3.591110056,48.7,46.51137135200001,tC/acre,0.2,1.1800000000000002,Temporary grassland
33122920,2015-07-04,5db9c9de-7174-42fd-a191-6dc7bd48b47e,c9e12bce-8207-48d2-a8db-a4b412df598c,2015-07-04,48.542977149,-3.750986252,46.6,44.50574753600001,tC/acre,0.2,1.1800000000000002,Temporary grassland
33142142,2015-05-06,95de077a-0873-42a2-9b22-57057717717b,e0a3ebcf-a30e-49ff-bfcf-ae046b6f65df,2015-05-06,41.652034228,-2.100421118,13.8,13.179813648000003,tC/acre,0.2,1.1800000000000002,Grassland without tree/shrub cover
33142852,2015-07-11,94f3704d-6cd3-4eb3-bee7-a259e3c8e849,5a9af44f-16a2-4d1b-9aa3-deeb35bf196d,2015-07-11,47.946473371,-3.559942128,31.8,26.6903366952,tC/acre,0.2,1.037,Grassland without tree/shrub cover
33142924,2015-07-04,b9188f7e-200f-49ad-8b4c-51220a4258cd,97a73a83-9ab6-4bbe-84c6-9e3faa4ecc2a,2015-07-04,48.581584153,-3.734112692,34.4,32.85402822400001,tC/acre,0.2,1.1800000000000002,Grassland without tree/shrub cover
33201980,2015-08-11,35fc1011-c97d-41ac-a0ba-c19363ee17db,9c78ad0f-24b5-4a65-a893-7bf2347d005b,2015-08-11,40.215789621,-1.752716875,67.3,64.275468008,tC/acre,0.2,1.1800000000000002,Grassland without tree/shrub cover
33221806,2015-06-08,b8eca763-0941-4b32-ba37-4bb8d4ec0124,ebfa83ce-d4e4-4f59-94b1-c890955e12bd,2015-06-08,38.662833877,-1.451562407,12.9,14.4032198946,tC/acre,0.2,1.3795,Grassland without tree/shrub cover
33222318,2015-07-05,22880394-428d-4621-9137-713aca3fa7bc,bb2460fc-5f18-4f3f-bc34-e5f87626a104,2015-07-05,43.229703863,-2.326248299,17.0,12.782411996,tC/acre,0.2,0.929,Grassland without tree/shrub cover
33222864,2015-08-08,8aae639f-a57b-4854-87ee-e861b19c3034,a86fcb84-bdae-4f1c-a069-4fbc76c2895c,2015-08-08,48.065503899,-3.482762129,56.6,54.05633713600002,tC/acre,0.2,1.1800000000000002,Grassland without tree/shrub cover
33282856,2015-08-08,1d0ec8a4-f0c6-47ed-9b2b-bdc046c96855,7f79c0d3-5355-48e1-96a9-311bf5755303,2015-08-08,48.00466205,-3.384494609,26.7,19.816583110800003,tC/acre,0.2,0.917,Grassland without tree/shrub cover
33283306,2015-06-15,37dd836c-4af8-44b7-8b85-9f76068b07fa,ac8e2c51-80d9-4ef2-962e-515ac6ce2096,2015-06-15,51.966783456,-4.559979439,51.8,49.47205412800001,tC/acre,0.2,1.1800000000000002,Grassland without tree/shrub cover
33322870,2015-08-20,641930a7-6649-44b1-b455-1385d157fc00,87ef3562-a85c-4bff-af23-ff5f308ce19a,2015-08-20,48.134760057,-3.364554142,47.2,51.38217204800001,tC/acre,0.2,1.345,Grassland without tree/shrub cover
33322888,2015-07-09,edaa8e8f-378d-46f0-9076-ce1f0933ece2,0cd7dbb8-7704-4497-9d77-0cf12b92f72d,2015-07-09,48.293662671,-3.407204421,29.4,28.078733424000003,tC/acre,0.2,1.1800000000000002,Grassland without tree/shrub cover
33363162,2015-06-18,33032d77-b7af-43df-88aa-cc28b20c9f2f,8588ca34-d759-4953-af6a-788df9009d96,2015-06-18,50.715089108,-4.045355469,50.1,26.4180234858,tC/acre,0.2,0.6515,Grassland without tree/shrub cover
33402822,2015-08-08,34a928db-8a4b-4719-b15f-cf3f526b720a,e7694c0f-bab5-4552-a41f-00d4a52f84f1,2015-08-08,47.723650891,-3.147265238,29.8,28.46075700800001,tC/acre,0.2,1.1800000000000002,Grassland without tree/shrub cover
33422034,2015-07-31,bce97093-21a5-471b-8436-e2ece916e833,5aee94c3-3adc-4493-beb5-6130490e1eb4,2015-07-31,40.728464322,-1.586041865,24.4,23.303438624000005,tC/acre,0.2,1.1800000000000002,Grassland without tree/shrub cover
33422880,2015-07-05,3dd6d347-5283-4e07-8d33-6c97169b295e,a742e65e-5b84-4108-9cf7-0f02b3c187e4,2015-07-05,48.239217702,-3.255426908,29.6,29.1921055472,tC/acre,0.2,1.2185,Grassland without tree/shrub cover
33422902,2015-08-28,186c50a1-8d21-45a6-bbb2-70f87c5f06da,1fd0807f-c7ac-464f-bb44-9b5bd23bbfde,2015-08-28,48.433475646,-3.307343087,32.5,29.184942605,tC/acre,0.2,1.1095,Grassland without tree/shrub cover
33442270,2015-05-20,4c8628b5-d56e-486f-8133-7ddef40a8ddd,2233d4c2-a3f0-4c70-aacc-964f718b0a01,2015-05-20,42.834803745,-1.970923869,66.8,38.0084328688,tC/acre,0.2,0.7030000000000001,Grassland without tree/shrub cover
33442936,2015-07-20,1e3aa8cc-31cf-47c9-a309-2c9ef87c7c26,afcf4356-434b-4828-80a7-d509bd9e1317,2015-07-20,48.736843734,-3.361769001,17.1,16.331508216000007,tC/acre,0.2,1.1800000000000002,Grassland without tree/shrub cover
33443404,2015-06-19,95b34526-0aed-4594-ad9d-194142bcc88e,dd08072b-9174-4235-af64-621c623e11ea,2015-06-19,52.85571537,-4.61744961,30.7,29.32031007200001,tC/acre,0.2,1.1800000000000002,Grassland without tree/shrub cover
33502852,2015-08-10,aeb1d549-59cf-4c72-965d-4c6f202c970a,76acd0b6-b209-4298-936a-89267367dbd1,2015-08-10,48.004658226,-3.084297008,67.3,70.5668379698,tC/acre,0.2,1.2955,Grassland without tree/shrub cover
33542036,2015-07-21,270c9c60-16f9-4634-8089-7acf03df743d,c8d5728f-ffab-4ec2-bc22-363558e16136,2015-07-21,40.762777099,-1.44906654,19.7,18.814661512,tC/acre,0.2,1.1800000000000002,Grassland without tree/shrub cover
33542240,2015-05-20,3526842c-8e38-41f2-8f52-4cd3ad8cf9fa,8d6d9459-113d-4463-ab36-81b0f329c4ab,2015-05-20,42.581951094,-1.796579227,19.8,29.6953730568,tC/acre,0.2,1.853,Grassland without tree/shrub cover
33582814,2015-08-18,cec662e6-10c7-44b8-9cd4-ce03435b734d,cb947748-b1f5-4891-8af0-5d1577bf3267,2015-08-18,47.681345635,-2.892391283,44.4,49.3043522496,tC/acre,0.2,1.372,Grassland without tree/shrub cover
33622860,2015-08-10,727f192c-f6e0-4790-9715-b67634f3c3eb,7ec2a01b-8c79-41ca-b355-bb263af8ea79,2015-08-10,48.094316564,-2.943766893,26.0,24.831532960000004,tC/acre,0.2,1.1800000000000002,Grassland without tree/shrub cover
33622878,2015-07-12,cce92139-089d-4659-a7a7-3efa9556be3a,a40474b2-2e15-4173-83a9-8df730a65705,2015-07-12,48.253412358,-2.985032592,24.0,22.921415040000007,tC/acre,0.2,1.1800000000000002,Grassland without tree/shrub cover
33642286,2015-06-22,8c9257b9-51bf-4218-b271-b72d275a0318,0e637eeb-c924-4b77-bae5-55e559f86a07,2015-06-22,43.005624588,-1.757746856,48.4,46.224853664000015,tC/acre,0.2,1.1800000000000002,Grassland without tree/shrub cover
33702110,2015-07-12,d485ebae-ecbc-4c03-b7c5-64088a7d3755,33bdba08-9e22-4b21-988a-1094246a998b,2015-07-12,41.44515636,-1.382837992,12.6,12.033742896000003,tC/acre,0.2,1.1800000000000002,Grassland without tree/shrub cover
33722284,2015-05-20,180c19d8-f142-47f9-ba15-ed7cf44ddbc8,48852b2a-5b4e-4623-96b5-d8f4b3e7fb32,2015-05-20,42.999032826,-1.657235301,31.9,19.8935139194,tC/acre,0.2,0.7705,Grassland without tree/shrub cover
33722838,2015-08-10,28c3a7ca-a5ab-43c6-b77e-8d251658a326,6cff0b00-3819-4a74-9cb5-a70e31dfbd6f,2015-08-10,47.915383927,-2.76169861,25.4,27.414158074800003,tC/acre,0.2,1.3335,Temporary grassland
33722870,2015-07-08,87533104-e57a-4139-bccd-cffc54b2ed18,c9636fa6-6a2f-4bee-897b-98dba63177b0,2015-07-08,48.198371104,-2.833866898,30.5,29.129298280000004,tC/acre,0.2,1.1800000000000002,Temporary grassland
33722896,2015-07-11,8ce1a18e-0e38-4f9f-8404-6fecc45cb724,c23243fb-9316-4f87-a539-d8b79b1116ce,2015-07-11,48.42822104,-2.893263201,26.9,25.691086024000004,tC/acre,0.2,1.1800000000000002,Temporary grassland
33782872,2015-07-06,241eeca9-acf9-4b68-a713-ff4b035d6c26,daca5114-9b22-4aab-a449-0c92f546258b,2015-07-06,48.225379827,-2.758678284,48.9,39.6970256724,tC/acre,0.2,1.003,Grassland without tree/shrub cover
33783304,2015-07-09,5c13ee25-5afa-420d-9105-3a444377cfb1,05c14130-6d40-434f-be93-ef7c6867f2e3,2015-07-09,52.036349496,-3.837975242,30.9,29.511321864000006,tC/acre,0.2,1.1800000000000002,Grassland without tree/shrub cover
33803256,2015-04-12,a1d0989f-c7df-4160-a2df-b8561d95d3fb,12370a30-ab38-4d68-aad9-4c0499492fd8,2015-04-12,51.617190209,-3.678545639,43.2,36.188640864,tC/acre,0.2,1.035,Grassland without tree/shrub cover
33842164,2015-09-26,65aefe11-5a91-4321-ac2f-86d5493a80c8,9cc1de93-bdbb-4b2b-a94c-12dd6e36e55a,2015-09-26,41.94595055,-1.306519253,26.4,24.3161248704,tC/acre,0.2,1.138,Grassland without tree/shrub cover
33842210,2015-09-21,d47b17a9-fc33-4402-abe0-2cd8af4604ee,c006acd0-5d0a-4d84-a82a-91049e3ff53e,2015-09-21,42.356209257,-1.384038504,33.6,32.08998105600001,tC/acre,0.2,1.1800000000000002,Grassland without tree/shrub cover
33863294,2015-06-25,88edbca1-41bc-42f7-b484-ae529c3567e5,373a804e-e734-461e-9dd6-0242c227a5fc,2015-06-25,51.961851283,-3.695822833,213.9,61.28613346320001,tC/acre,0.2,0.354,Grassland without tree/shrub cover
33902770,2015-06-06,c172e6e6-9b74-47ad-8812-d00c91c3c7ee,8de7ce10-c03c-4245-82dd-1a6113be6253,2015-06-06,47.340930711,-2.376416412,20.4,25.435486346400005,tC/acre,0.2,1.5405000000000002,Grassland without tree/shrub cover
33902834,2015-05-07,f5581387-4afd-490b-b6e0-675c702665c0,43cdd480-40b2-4a87-a09c-d4e61d642974,2015-05-07,47.907595573,-2.514986469,26.1,24.927038856000006,tC/acre,0.2,1.1800000000000002,Temporary grassland
33903184,2015-06-04,117af3aa-f00a-4c46-8335-d31284dd225b,82efd276-e94e-442b-aeec-e23690b3812d,2015-06-04,50.999352961,-3.347570213,49.0,46.79788904000001,tC/acre,0.2,1.1800000000000002,Grassland without tree/shrub cover
33903796,2015-10-15,87520303-7930-4b95-bf8e-3ff12abac81b,bcf9ae63-ec85-4ce4-8a4c-d18381266237,2015-10-15,56.376225234,-5.188102205,36.1,34.47762845600001,tC/acre,0.2,1.1800000000000002,Grassland without tree/shrub cover
33923286,2015-04-16,1087d662-31ee-4192-b2fa-90d47b43357c,cb195df7-bd2b-40ce-b3c0-5e140a2189f6,2015-04-16,51.901454827,-3.58818524,28.0,26.74165088000001,tC/acre,0.2,1.1800000000000002,Grassland without tree/shrub cover
33943296,2015-07-04,c72faed5-7508-4d61-ba8f-41d5daf325e1,3c5c18d7-b493-4a38-bd43-c39a1756cb5b,2015-07-04,51.992861408,-3.586557051,48.6,41.63660473320001,tC/acre,0.2,1.0585,Grassland without tree/shrub cover
33981990,2015-07-02,d14d19c7-6602-4d41-8d0b-e6dd62712349,366d65f8-4aca-4c61-a266-c6100b6db3f9,2015-07-02,40.410072048,-0.862775694,18.3,23.7206294214,tC/acre,0.2,1.6015,Grassland without tree/shrub cover
33982792,2015-08-13,712da39c-dd23-4933-a483-b91f38ffb8d5,717ee7c5-11b7-46c7-b558-e70707d46afa,2015-08-13,47.547765763,-2.318599707,25.6,24.44950937600001,tC/acre,0.2,1.1800000000000002,Grassland without tree/shrub cover
33983238,2015-04-24,7da78f53-37aa-40f1-831a-ee17a525a4ea,6366a2b1-9d8d-4cef-a418-c9d26c773870,2015-04-24,51.488469919,-3.374958265,32.4,30.94391030400001,tC/acre,0.2,1.1800000000000002,Grassland without tree/shrub cover
33983292,2015-07-04,3ed797e0-8666-455a-861f-b4f59a6c4c8d,f7695185-ba36-4704-8f5d-40092ed83efb,2015-07-04,51.96428635,-3.518399276,22.0,18.68759010800001,tC/acre,0.2,1.0495,Grassland without tree/shrub cover
33983296,2015-07-09,19ff6832-b507-416d-944d-8b48f13eae1d,3c6d4aca-e38d-40ab-9ebf-ae0b23fd7f76,2015-07-09,51.999520772,-3.529173547,21.6,20.629273536000007,tC/acre,0.2,1.1800000000000002,Grassland without tree/shrub cover
34003176,2015-04-17,88af8ece-94e2-4a63-a7f5-d4dddc854134,86d12658-7f5f-44c1-b2fa-6fd54e90ae90,2015-04-17,50.94504632,-3.186693641,34.6,27.8502477084,tC/acre,0.2,0.9945,Grassland without tree/shrub cover
34003734,2015-07-02,b553c731-f73f-43d0-a3cb-702f461f885b,790d74e5-094a-426c-bc31-9b73e4169d0c,2015-07-02,55.851788868,-4.817761869,45.5,25.612779283,tC/acre,0.2,0.6955,Grassland without tree/shrub cover
34022030,2015-06-17,d93f9000-6367-469f-beba-2bb14796aa3a,aea0138b-b4be-4a15-8d53-08d5dfd7e958,2015-06-17,40.772973487,-0.877950102,64.2,60.24957074280001,tC/acre,0.2,1.1595,Grassland without tree/shrub cover
34062794,2015-08-13,babda545-5075-44e8-918f-da016b43ee26,34cfe5f5-e85c-41aa-827b-fdabc2705d7e,2015-08-13,47.577381945,-2.217787574,34.5,32.94953412,tC/acre,0.2,1.1800000000000002,Grassland without tree/shrub cover
34082784,2015-05-07,704d6213-c243-46bc-9999-ba34d9ef7492,b877d779-1e9d-4f90-91d0-dc3c3adf87ba,2015-05-07,47.491733876,-2.170370839,39.0,44.617845558000006,tC/acre,0.2,1.4135,Grassland without tree/shrub cover
34122804,2015-08-13,cf5e1c21-2ec6-4ef7-ada3-326833d564ed,abcdaa77-5c54-47cc-bfc8-d7739988f8ea,2015-08-13,47.674851231,-2.160084041,27.4,26.168615504,tC/acre,0.2,1.1800000000000002,Grassland without tree/shrub cover
34122822,2015-08-09,d3da3fd6-668a-4367-8db5-66f1cd33fc13,b0fca88a-e778-4bf3-ad2b-e0b6c47cf17e,2015-08-09,47.834323775,-2.198376793,26.9,25.691086024000004,tC/acre,0.2,1.1800000000000002,Grassland without tree/shrub cover
34123260,2015-05-10,1db63b5f-70dc-4dc0-a0b3-2e7f14459977,cc002e9c-2488-47c7-8550-f208b84e43fe,2015-05-10,51.705257758,-3.233331968,46.5,44.41024164000001,tC/acre,0.2,1.1800000000000002,Grassland without tree/shrub cover
34123300,2015-07-11,71bf8430-1113-42ea-96ff-fbef4c75b995,27435de0-7f68-46f2-be63-b3407eef4837,2015-07-11,52.057863094,-3.338852794,24.9,23.0655237246,tC/acre,0.2,1.1445,Grassland without tree/shrub cover
34123728,2015-05-29,cd71393b-dea1-437e-a91f-7500b22e0fc9,0125bc95-3b24-44f9-aafd-399d53a16667,2015-05-29,55.821118517,-4.609918801,72.3,69.05076280800002,tC/acre,0.2,1.1800000000000002,Grassland without tree/shrub cover
34143322,2015-07-05,2e13e7b3-7f14-4866-acbf-b39378e992f7,95913b7f-dcc6-4271-aabe-bfaa54917e5f,2015-07-05,52.255021451,-3.368899204,58.1,45.096508158800006,tC/acre,0.2,0.959,Grassland without tree/shrub cover
34162018,2015-05-29,df0b5ee1-6ea7-44bd-8f5b-b377fa9e50e4,a4e1a7b0-966e-4264-9732-75f4588e2df5,2015-05-29,40.683636863,-0.695698774,12.7,15.6549541612,tC/acre,0.2,1.523,Grassland without tree/shrub cover
34182744,2015-06-04,acb7f3dc-ef7e-452b-a50a-8ff40a811bb9,4fdea902-eaef-4b06-9d31-023b00b7ac0f,2015-06-04,47.151763365,-1.956380575,46.7,41.93651752780001,tC/acre,0.2,1.1095000000000002,Grassland without tree/shrub cover
34202782,2015-06-12,dd80eb76-a64a-4a05-a69b-172d32ad1838,c9ae2906-98ed-465a-8c24-15aa532e51c0,2015-06-12,47.491594089,-2.008733689,17.8,17.000049488000005,tC/acre,0.2,1.1800000000000002,Grassland without tree/shrub cover
34203250,2015-05-14,a9345762-6c9d-4e83-a2a4-27361cf73107,9f13830b-4f8b-4fe1-8016-c33ef17f9183,2015-05-14,51.629989073,-3.093330577,52.3,49.949583608000005,tC/acre,0.2,1.1800000000000002,Grassland without tree/shrub cover
34203268,2015-05-11,f34c3da5-82b8-4a60-b78a-32fb44c87498,89e539a0-6ead-4236-9ae4-7934b99469fc,2015-05-11,51.788749225,-3.139953757,16.0,15.280943360000004,tC/acre,0.2,1.1800000000000002,Grassland without tree/shrub cover
34203340,2015-07-05,4f8095f4-7c0a-44cd-8b75-c942f92fc729,8faf1320-f9d2-4e29-bbeb-2558f4270fd1,2015-07-05,52.423488528,-3.330554275,56.2,53.67431355200002,tC/acre,0.2,1.1800000000000002,Grassland without tree/shrub cover
34222730,2015-05-29,1856912f-6f7c-4c7f-992f-8cb15cbd01de,a4cfb3ab-87f3-4798-9b58-da0c5e3426c3,2015-05-29,47.03336468,-1.875707733,13.1,12.6279028812,tC/acre,0.2,1.191,Temporary grassland
34223366,2015-06-25,3345d5bf-a6ec-4d45-a8c8-ea8583ba504b,5469e4e3-3dc2-48f7-8fe6-12dd50560d77,2015-06-25,52.655876068,-3.371916308,44.1,42.11810013600001,tC/acre,0.2,1.1800000000000002,Grassland without tree/shrub cover
34223734,2015-05-29,df0b3292-d8fc-4b31-a4d2-75f6316c4d70,2f6556f1-25be-4375-8453-ecb75337b762,2015-05-29,55.891831817,-4.473030905,47.6,45.46080649600001,tC/acre,0.2,1.1800000000000002,Grassland without tree/shrub cover
34242272,2015-07-22,b5ece183-eef7-4c02-a341-5df02f5ef6ce,7a288c98-4e88-4892-bd67-533151813eee,2015-07-22,42.962659974,-1.006249017,39.7,21.4802877254,tC/acre,0.2,0.6685,Grassland without tree/shrub cover
34262712,2015-06-02,7ed5069f-c98f-4c2b-8c88-351825067f08,45be1086-ace0-4f33-9770-fee9c4f4e1c6,2015-06-02,46.87939736,-1.787404478,11.3,10.792166248000004,tC/acre,0.2,1.1800000000000002,Temporary grassland
34262726,2015-05-29,d7a0a475-494f-4ab0-b8b8-9c8c67ccbeb1,370be576-55b6-405d-9549-db9dd13a9e47,2015-05-29,47.003616038,-1.815574438,21.9,20.915791224000003,tC/acre,0.2,1.1800000000000002,Grassland without tree/shrub cover
34262824,2015-09-04,6f0d678d-7e78-482d-aeb7-b4c547c4fb54,167f1e7d-8d05-431b-a58e-e6456bfc63cd,2015-09-04,47.872615467,-2.017658404,22.9,24.512033363000004,tC/acre,0.2,1.3225,Grassland without tree/shrub cover
34302768,2015-06-12,c7507966-a322-4a34-b37d-ab6af89e2481,c7b6f61a-faa2-4cda-8f2b-59715dd7a9cc,2015-06-12,47.381914556,-1.848731466,23.9,22.825909144,tC/acre,0.2,1.1800000000000002,Temporary grassland
34303224,2015-05-16,ce259b7c-168f-4901-9f24-7e3cba1eb623,d3f3f761-760f-4c8a-a6bc-1f9368675b8f,2015-05-16,51.416500907,-2.884874063,56.5,53.96083124000001,tC/acre,0.2,1.1800000000000002,Grassland without tree/shrub cover
34303314,2015-07-16,7f066b27-9f92-4539-9822-936a04675b20,577a3373-449f-47ac-9437-43f3edd864ea,2015-07-16,52.210542192,-3.116728849,26.8,25.59558012800001,tC/acre,0.2,1.1800000000000002,Grassland without tree/shrub cover
34303750,2015-06-01,4a8e6288-352c-47b7-a538-8fe28bc08ca3,0699ba73-f655-4ea5-8966-7a227a05668f,2015-06-01,56.046615698,-4.39990362,62.7,59.882196792000016,tC/acre,0.2,1.1800000000000002,Grassland without tree/shrub cover
34402298,2015-07-13,75ea49e5-8e36-4bc6-b0fa-21b6a873b791,2a632bcc-a97f-4314-bea7-8afd3d96dd2b,2015-07-13,43.215501386,-0.855190638,19.5,20.422883676000005,tC/acre,0.2,1.294,Temporary grassland
34403276,2015-07-25,be8d2619-d001-40b5-80c0-55c40df4a4b8,83024a32-3c34-48e1-97d5-48c45b787c33,2015-07-25,51.891267413,-2.874314396,14.0,16.333936332,tC/acre,0.2,1.4415,Grassland without tree/shrub cover
34403672,2015-06-15,99724883-684a-4a43-b969-d5fa3d705270,bbf8cc07-2fa2-40a3-9493-7bebf0511a9d,2015-06-15,55.379135021,-3.993681752,49.4,42.28199796600001,tC/acre,0.2,1.0575,Grassland without tree/shrub cover
34403708,2015-06-01,2537a140-be0e-49e1-81a2-8c7a9a26c414,7e0842b7-bd3d-49ae-9b9c-f1d8eac6c29d,2015-06-01,55.695496975,-4.107173243,48.0,45.84283008000001,tC/acre,0.2,1.1800000000000002,Temporary grassland
34442320,2015-05-14,5a2267a7-bb2b-454d-9707-e14e77ea9518,ce9cf44f-0135-4deb-89aa-88388c6157c7,2015-05-14,43.416910502,-0.843039395,23.0,22.496899426,tC/acre,0.2,1.2085,Grassland without tree/shrub cover
34442834,2015-08-17,05767d9f-c314-4bb1-a9cb-ee36ac3181a6,eef368e7-8574-410b-87f4-6c2ec0e424a1,2015-08-17,47.987284441,-1.800330028,36.4,34.76414614400001,tC/acre,0.2,1.1800000000000002,Grassland without tree/shrub cover
34443266,2015-05-17,4b8896d2-1fc5-4873-893d-baa6fb5191d9,468bf95c-0937-41a9-979f-ae8b4cedb603,2015-05-17,51.809302653,-2.791564372,27.2,26.913237744,tC/acre,0.2,1.2225,Grassland without tree/shrub cover
34443626,2015-08-23,7f43260e-34a8-4bb5-ab62-f2996c16972f,01876720-c037-4fcb-b9e7-4ea841a738dd,2015-08-23,54.981570451,-3.790321425,46.6,44.50574753600001,tC/acre,0.2,1.1800000000000002,Grassland without tree/shrub cover
34443796,2015-06-04,0364e705-4b80-4719-ace9-1b422cf54a99,4f4603ae-733e-4ba8-996e-a7d1743dcb91,2015-06-04,56.475457494,-4.330261739,60.8,58.06758476800001,tC/acre,0.2,1.1800000000000002,Grassland without tree/shrub cover
34462160,2015-08-25,cfa75bd7-1a71-4859-8196-006d59c867b8,9a03c9b9-9520-4d6d-803e-b1eb4b72c162,2015-08-25,41.99121404,-0.560499058,23.4,22.348379664000003,tC/acre,0.2,1.1800000000000002,Temporary grassland
34483296,2015-07-24,7e4d9e77-2c03-403f-bd30-5b07d905319d,f057b8ab-b7f2-4daf-8651-72db065b2ba7,2015-07-24,52.08041134,-2.810581784,44.0,45.92214853600001,tC/acre,0.2,1.2895,Grassland without tree/shrub cover
34503646,2015-06-22,4d9aad7d-76da-4cfb-9c9f-017d7b8f6ea1,96ff39ff-4cbd-44fb-a15d-2277971b57fd,2015-06-22,55.16773848,-3.758777165,59.8,57.11252580800001,tC/acre,0.2,1.1800000000000002,Temporary grassland
34503730,2015-05-02,8afc8555-2b67-4f6f-872b-939416a0654a,1809f592-454a-4818-a995-93e1cd6165ff,2015-05-02,55.90629901,-4.020590928,56.7,41.715275691600006,tC/acre,0.2,0.909,Grassland without tree/shrub cover
34503808,2015-06-04,1983aa80-3b4f-48d5-a3e7-155a6f8c3015,5ccd8578-7764-4c2a-bafb-9a0eb2d9bb2e,2015-06-04,56.591512309,-4.274450961,58.8,56.157466848000006,tC/acre,0.2,1.1800000000000002,Grassland without tree/shrub cover
34523404,2015-08-10,c1f38055-1d50-44f1-9d1e-95bd20e170af,f3e3d818-7a29-425a-9337-3dab9b9b7dd0,2015-08-10,53.039621371,-3.035776597,46.0,43.93271216000001,tC/acre,0.2,1.1800000000000002,Grassland without tree/shrub cover
34523724,2015-05-02,f917de33-e37c-43e8-9c1b-bf2ea387a364,b08d4e46-fb8d-484d-85c8-98b1a53a2cfd,2015-05-02,55.857044167,-3.970122374,58.3,42.8688331346,tC/acre,0.2,0.9085,Grassland without tree/shrub cover
34541988,2015-08-25,78fd606a-3cac-4068-863a-f98110f5d436,a034e387-18e0-46f5-bc0f-43dd630846b8,2015-08-25,40.462381182,-0.207477913,29.8,28.46075700800001,tC/acre,0.2,1.1800000000000002,Grassland without tree/shrub cover
34542712,2015-06-03,f35b9fa2-83ee-45a6-848a-f173d6670d74,09832d07-c5ae-4101-9af2-3f58701552c6,2015-06-03,46.918731116,-1.423817819,13.4,14.2727895968,tC/acre,0.2,1.3159999999999998,Temporary grassland
34563412,2015-08-10,aa48cd6c-c471-4950-a67d-9ddffd861119,afea5aae-56e7-4dc4-a1c8-bdf1af9e7657,2015-08-10,53.11659199,-2.998424023,80.3,76.691234488,tC/acre,0.2,1.1800000000000002,Grassland without tree/shrub cover
34582304,2015-07-17,62a4f0af-80ea-4e45-9db6-acfa72596a00,ee72fd1a-44c0-4c66-b427-3549e12eacc7,2015-07-17,43.292222607,-0.645705246,15.9,15.185437464000003,tC/acre,0.2,1.1800000000000002,Grassland without tree/shrub cover
34582352,2015-05-14,73d8fc96-78d9-4cdb-9a14-d8a0840588fd,9bb7af52-9144-4ffb-abe5-cb9373ad1d9d,2015-05-14,43.720389185,-0.724875434,20.9,19.3094710842,tC/acre,0.2,1.1415,Grassland without tree/shrub cover
34582676,2015-05-30,cee042a2-8acc-4347-a274-bd222cd12572,704a7ab6-9cfc-4ab1-9bae-248b519fc5e1,2015-05-30,46.604430694,-1.302601537,15.7,20.941367379200003,tC/acre,0.2,1.648,Temporary grassland
34603244,2015-04-12,b15ada13-73bb-4157-873c-7191aabff979,4c9173ea-bde7-4b60-bad9-b19ba4ec38bb,2015-04-12,51.639849921,-2.507954229,59.8,57.11252580800001,tC/acre,0.2,1.1800000000000002,Grassland without tree/shrub cover
34622302,2015-07-17,250d0913-7f5b-41d4-a479-bb2bf64408b0,8ea4a658-3875-49b1-8504-2191eea2ab22,2015-07-17,43.279468744,-0.593662811,9.9,9.455083704000002,tC/acre,0.2,1.1800000000000002,Grassland without tree/shrub cover
34623626,2015-08-28,cda53db2-9109-4704-8d60-d9c49a4d0de3,40cbce76-564a-4d32-9154-dabf9a8549fb,2015-08-28,55.012040854,-3.513616013,513.8,70.27955137839996,tC/acre,0.2,0.1689999999999999,Grassland without tree/shrub cover
34623756,2015-07-17,7e08bf8c-157e-44df-bc3f-a1fc5cde152e,90dbef01-fb79-4959-b044-3b916346eaa0,2015-07-17,56.155689319,-3.914391592,61.3,58.545114248,tC/acre,0.2,1.1800000000000002,Grassland without tree/shrub cover
34623778,2015-05-22,f33c1223-2a48-4cdd-82d3-85bc2f9330fb,0f2e7b0b-42fd-4bea-9401-11dd16cbf867,2015-05-22,56.34907806,-3.98500947,33.5,31.994475160000007,tC/acre,0.2,1.1800000000000002,Grassland without tree/shrub cover
34662840,2015-09-04,8bfa86a7-4974-41fb-9205-4c4f2dfd003a,22e229f1-8dd6-4ec7-b8a4-be86a8dd2dfe,2015-09-04,48.071656042,-1.520780614,35.7,34.09560487200001,tC/acre,0.2,1.1800000000000002,Grassland without tree/shrub cover
34662858,2015-07-27,29f1e34f-c2af-45fa-b817-0d24c6c40f3c,f6a1e32f-db98-405a-ac63-a2e664fc8b39,2015-07-27,48.231348853,-1.557509539,30.9,32.2748820894,tC/acre,0.2,1.2905,Grassland without tree/shrub cover
34682866,2015-07-21,43a5c580-9b5f-4618-9766-91e484b62d2c,ce5a9b32-6e2b-4fd3-b647-e2a4cf1ffd1a,2015-07-21,48.30512429,-1.547247367,34.2,32.66301643200001,tC/acre,0.2,1.1800000000000002,Grassland without tree/shrub cover
34683322,2015-08-02,f8c09964-81b9-4558-ba5d-51428ffaa954,ec7ea5c5-9012-452e-9d8a-2724d5d03fbf,2015-08-02,52.34119417,-2.58806012,24.3,23.207932728000003,tC/acre,0.2,1.1800000000000002,Grassland without tree/shrub cover
34703724,2015-05-09,0b205174-d916-49fe-880f-722d108a5208,92234034-8bc2-491d-b8b2-3fe1ce1f7947,2015-05-09,55.887997441,-3.687489375,88.7,59.945732494,tC/acre,0.2,0.835,Grassland without tree/shrub cover
34703728,2015-06-20,e194434a-dec6-4b78-9f4f-ff38244eba87,26f7550d-3582-42aa-b1e3-242470e2a2ab,2015-06-20,55.923188013,-3.69994204,55.4,52.91026638400002,tC/acre,0.2,1.1800000000000002,Grassland without tree/shrub cover
34743694,2015-05-30,6fa580cb-4f34-461b-b9e4-20a78184a76b,f68466bc-cdd4-4ba2-b311-b0610ced39ee,2015-05-30,55.630765077,-3.53247296,76.9,73.44403402400002,tC/acre,0.2,1.1800000000000002,Grassland without tree/shrub cover
34762586,2015-05-28,fa5d8277-7d13-4267-88fb-e51ea29ef007,151242e0-b264-4019-9ad7-f608c9b5a113,2015-05-28,45.828283326,-0.904801466,35.9,34.286616664,tC/acre,0.2,1.1800000000000002,Grassland without tree/shrub cover
34762834,2015-09-04,234c77d5-80cf-4c96-bc67-83ba4b53bbf3,00495e78-c56b-4f94-8d2e-97f9f2f76e1b,2015-09-04,48.032315072,-1.375893394,21.5,25.702012546,tC/acre,0.2,1.477,Temporary grassland
34762852,2015-07-17,6dbad2ce-510c-47c8-9005-13a11e6474a6,87ee1b76-3414-4183-b5cd-69ac1771b8d8,2015-07-17,48.192068175,-1.412119452,32.2,30.75289851200001,tC/acre,0.2,1.1800000000000002,Grassland without tree/shrub cover
34763312,2015-08-09,e0c0d89e-9767-46ec-83bd-355ab5e2d892,400c4074-786a-4ce4-a566-e96f4fd326bf,2015-08-09,52.265176424,-2.447049108,19.9,18.4338924546,tC/acre,0.2,1.1445,Grassland without tree/shrub cover
34763716,2015-06-29,b5d1edea-73d8-430c-bf13-a96ef6f64259,6dc1788f-1efb-4548-8976-b6fe975ffb96,2015-06-29,55.827770408,-3.568522159,33.8,25.64697525,tC/acre,0.2,0.9375,Grassland without tree/shrub cover
34763752,2015-05-25,cd4b9ad5-d267-4264-953d-1a6287bc7403,19b8b4a5-dd59-4b28-a7f6-de7e3b65edfb,2015-05-25,56.144553907,-3.680351714,37.7,36.005722792000014,tC/acre,0.2,1.1800000000000002,Grassland without tree/shrub cover
34782740,2015-05-11,c5179c14-98dc-4fbc-a91b-6e886e65c7f0,e3b94530-35c4-472b-91c5-53bafd0240b8,2015-05-11,47.200287007,-1.165189988,16.0,15.559367328000002,tC/acre,0.2,1.2015,Temporary grassland
34783388,2015-08-08,06508657-52af-413f-be72-475764264299,eaebf718-3144-4514-83be-ef9afc3dac63,2015-08-08,52.939524055,-2.611552796,31.5,30.084357240000006,tC/acre,0.2,1.1800000000000002,Grassland without tree/shrub cover
34783712,2015-05-23,2c2e8364-b4fb-4428-b55f-845956aec998,76764986-7509-4c8a-a70f-8b7e0bfc1b78,2015-05-23,55.795932533,-3.524865357,42.0,40.112476320000006,tC/acre,0.2,1.1800000000000002,Grassland without tree/shrub cover
34803004,2015-08-07,e202cdb6-35fc-40b8-9e5f-39d38015de58,e9f36224-82a3-43dd-8f3e-24d14fa748fa,2015-08-07,49.545671741,-1.675313983,28.0,24.656708608,tC/acre,0.2,1.088,Grassland without tree/shrub cover
34842720,2015-07-31,c3e77c94-334b-4e81-92a2-993bfc01860f,3103f371-c67d-4cf5-a13e-b6e4fce1eced,2015-07-31,47.030627112,-1.048813597,20.0,19.1011792,tC/acre,0.2,1.1800000000000002,Grassland without tree/shrub cover
34842922,2015-07-13,3d45c3ab-d2e8-4b7b-abd4-b7731734b08b,5dd0b447-d459-4077-8fc5-b42f060244e7,2015-07-13,48.824259764,-1.447977219,31.4,29.98885134400001,tC/acre,0.2,1.1800000000000002,Grassland without tree/shrub cover
34862944,2015-05-15,ae21396c-406c-43f2-b795-55a332e7b9a4,e0fcfcae-41c6-412a-b100-f889227d4d62,2015-05-15,49.022187394,-1.466599188,42.7,37.757001457,tC/acre,0.2,1.0924999999999998,Grassland without tree/shrub cover
34882720,2015-07-29,8388c4fd-cec9-4db3-b55b-d86886743d81,ec88480e-b58b-4ee8-a8fc-2a4388556d37,2015-07-29,47.035967404,-0.996691669,15.2,13.8402612,tC/acre,0.2,1.125,Grassland without tree/shrub cover
34882738,2015-07-18,0f4be287-2375-49dc-8aec-aef349477fd4,0c8ec3d2-9c0a-452f-ac47-79535e0bfde0,2015-07-18,47.195962031,-1.030679988,20.2,19.292190992,tC/acre,0.2,1.1800000000000002,Grassland without tree/shrub cover
34883746,2015-06-12,d92dc569-70a5-44d8-ab73-2d337d22f5ec,41034337-4ec2-41e5-9cb2-073703b5b266,2015-06-12,56.112028508,-3.471930614,39.2,37.43831123200002,tC/acre,0.2,1.1800000000000002,Grassland without tree/shrub cover
34902924,2015-07-13,e5dd3254-95bb-4472-b683-044bc0724fb9,64116169-ba25-4f33-be6a-4a121d765076,2015-07-13,48.850336637,-1.371186153,31.2,29.797839552000006,tC/acre,0.2,1.1800000000000002,Grassland without tree/shrub cover
34902946,2015-07-11,2cf31d25-b334-4631-b63c-5840111ec499,aeab1077-82bd-4c92-9f8f-d83b0501dab5,2015-07-11,49.045501795,-1.41660602,33.6,27.888369129600004,tC/acre,0.2,1.0255,Grassland without tree/shrub cover
34902982,2015-05-15,16c9e2a6-99b7-4d32-a254-0e87dcf2a1eb,9e2f7666-29f0-41e4-a6ef-c8548489eaa3,2015-05-15,49.364774418,-1.491915522,27.3,22.2394786614,tC/acre,0.2,1.0065,Grassland without tree/shrub cover
34903806,2015-06-13,104039f7-1c9a-4371-b274-af8cf9a9b418,794716d5-549e-4ddc-8147-0e134398f97f,2015-06-13,56.643498646,-3.628065614,35.1,33.52256949600001,tC/acre,0.2,1.1800000000000002,Grassland without tree/shrub cover
34942996,2015-08-16,43f1848d-ed83-4234-b3b7-f136b826b124,bcdf1395-55b4-4dba-83fc-f9e97346c860,2015-08-16,49.494514678,-1.466890134,22.3,21.297814808000005,tC/acre,0.2,1.1800000000000002,Grassland without tree/shrub cover
34943222,2015-04-18,16ff7323-fd1b-42ee-a7ef-9ca8b18a7453,20b926b9-dd85-4a51-868a-afdd37c9e2c2,2015-04-18,51.496390573,-1.970447645,96.0,46.58097734400001,tC/acre,0.2,0.5995,Grassland without tree/shrub cover
34962146,2015-05-11,cb90148c-febb-4d33-989b-d8dab9a06def,aea1bc82-a347-4af4-95d2-a872452e3797,2015-05-11,41.927273775,0.0575931810001,15.1,14.421390296000004,tC/acre,0.2,1.1800000000000002,Temporary grassland
34982780,2015-06-05,c51fcb41-103a-4c3f-884f-933def9f0cf1,927c44c1-6d8c-4077-a82e-f2abfadc3d68,2015-06-05,47.582569081,-0.979384021,29.1,32.2554571614,tC/acre,0.2,1.3695,Temporary grassland
34982910,2015-07-15,e816b911-f394-4cd6-afc8-d77af7c4dddb,b4adbdbe-4405-44ea-993d-15123543cb6d,2015-07-15,48.737110857,-1.23483881,22.0,21.011297120000005,tC/acre,0.2,1.1800000000000002,Grassland without tree/shrub cover
34983220,2015-10-11,204658c8-80ee-4c8f-b9ef-bdeb037ca388,06be391f-8af7-4ed9-9910-1bb43dc1d174,2015-10-11,51.484552209,-1.908819448,80.3,76.691234488,tC/acre,0.2,1.1800000000000002,Grassland without tree/shrub cover
34983670,2015-06-08,53070d41-b982-4cc8-abae-4842ecf6b3e0,1198ee7a-ac7c-47b5-8a5b-db2391704c2e,2015-06-08,55.459056318,-3.086508246,66.0,63.033891360000005,tC/acre,0.2,1.1800000000000002,Grassland without tree/shrub cover
35002236,2015-06-19,e9f15c3d-7a9b-4bf1-83a7-8a86cd787161,71e67b56-e5a0-4a69-8d0b-48c363c1d233,2015-06-19,42.736938159,-0.0285765049999,92.2,64.6990933128,tC/acre,0.2,0.867,Grassland without tree/shrub cover
35022336,2015-06-05,740ac88c-1c67-4389-b5cd-72a3dbe7bdd1,ab7e458f-1178-4fe5-9471-f159f138a460,2015-06-05,43.632754295,-0.158629487,15.9,15.185437464000003,tC/acre,0.2,1.1800000000000002,Grassland without tree/shrub cover
35023008,2015-08-08,11aa9d0d-87b8-4b07-ae83-37a38f6f0fd9,958910f3-5301-469a-b462-21174f16fce4,2015-08-08,49.612079967,-1.382753586,28.1,26.83715677600001,tC/acre,0.2,1.1800000000000002,Grassland without tree/shrub cover
35023494,2015-07-19,6f99ca99-64d6-4f7b-8a96-6a60aaf3e1ca,abc432a4-c0d9-4f70-ac81-e6b4bc3571b0,2015-07-19,53.91271538,-2.533734248,61.4,56.20554354480001,tC/acre,0.2,1.131,Grassland without tree/shrub cover
35023710,2015-05-14,1b1bcc9a-1422-40bb-b013-59a2cf968c0f,d8467f21-be6f-4876-9755-d3db7134685e,2015-05-14,55.818114494,-3.142152883,36.7,35.05066383200001,tC/acre,0.2,1.1800000000000002,Grassland without tree/shrub cover
35023768,2015-06-26,640b89dc-726d-4251-96d3-b20a60534c97,13a4a660-489a-42d2-9e83-ea6038d177b4,2015-06-26,56.329109876,-3.317693699,35.1,33.52256949600001,tC/acre,0.2,1.1800000000000002,Grassland without tree/shrub cover
35042884,2015-07-27,75b05813-577a-42de-a31d-c28162fc939a,91d81218-b398-42fa-acfb-02028306ed3b,2015-07-27,48.514450354,-1.102128648,19.0,19.74543931200001,tC/acre,0.2,1.284,Temporary grassland
35062752,2015-07-21,37edad0d-9352-4b91-9069-e4c68f01b5ff,a5ae1464-011a-4740-b237-6f03cec39775,2015-07-21,47.344253225,-0.821388759,17.3,16.522520008000008,tC/acre,0.2,1.1800000000000002,Temporary grassland
35062918,2015-07-06,e972b8d0-43ad-4674-ba11-01a651e7e0ef,dc95e21d-edad-4f08-a4ce-975bb1ddadc4,2015-07-06,48.819018132,-1.143179431,26.1,24.927038856000006,tC/acre,0.2,1.1800000000000002,Grassland without tree/shrub cover
35062950,2015-05-15,ec5f4e6d-9639-4ecc-8582-0faf9231df0a,b28f2677-5fa1-48e7-b621-4376d8cc34c4,2015-05-15,49.103043074,-1.20801144,33.2,29.585136590400005,tC/acre,0.2,1.101,Grassland without tree/shrub cover
35082276,2015-07-26,b9207dd0-bb79-4354-8f70-c196c6b16001,f3358a1a-53f5-4db1-a4d1-6be90c2f4fd2,2015-07-26,43.104037891,0.00767338400004,28.5,29.041481418,tC/acre,0.2,1.259,Temporary grassland
35082784,2015-06-05,da1d0506-3375-448f-a474-673b390a6ad6,8bbc4096-4503-4a63-9621-33017a34d31c,2015-06-05,47.63136618,-0.855225934,24.9,25.2622402698,tC/acre,0.2,1.2534999999999998,Grassland without tree/shrub cover
35082924,2015-07-26,69e609a8-5983-41f2-a776-ec51a55d60b9,9e64b1ab-0116-4ad5-bdc0-e84341f449be,2015-07-26,48.874992787,-1.128261506,23.3,24.4498735934,tC/acre,0.2,1.2965,Grassland without tree/shrub cover
35083522,2015-07-23,d88f31e3-79c8-44d1-b5db-7ad54b5fa9db,4bb3eca5-66ef-4e8e-a9fe-15fe4d051c9c,2015-07-23,54.169247795,-2.518183683,19.6,18.71915561600001,tC/acre,0.2,1.1800000000000002,Grassland without tree/shrub cover
35103682,2015-05-25,568cf510-014a-4b0a-89e6-94d491da0101,7e68f196-de24-4075-9040-57cc60ca5d57,2015-05-25,55.584252301,-2.934404397,69.5,66.37659772,tC/acre,0.2,1.1800000000000002,Grassland without tree/shrub cover
35122964,2015-07-06,32261a1b-5bb3-43a0-a62b-28fabe253b8e,975b6613-2251-4a92-ad2a-10f30a8ab284,2015-07-06,49.235465977,-1.155089697,26.3,25.118050648000004,tC/acre,0.2,1.1800000000000002,Temporary grassland
35123644,2015-10-23,2120e0a7-acb2-475e-8fac-6bb1ababcc7d,7a8e8db2-7ef4-4633-b037-f4c2b9efbdcc,2015-10-23,55.252285855,-2.793970443,45.1,43.07315909600001,tC/acre,0.2,1.1800000000000002,Grassland without tree/shrub cover
35142278,2015-06-21,a68f27d1-7b28-4464-ac2e-ecdd52cba1f4,38277c15-20cf-439f-b549-329034774e4b,2015-06-21,43.129072653,0.0776669690001,38.6,36.86527585600001,tC/acre,0.2,1.1800000000000002,Grassland without tree/shrub cover
35162460,2015-08-07,fe5cd08c-50fb-4402-b1ed-f8fae5b291b5,77cf0833-b99a-46b1-aa4f-eac0a7ae09a5,2015-08-07,44.756515401,-0.183685414,38.4,36.67426406400001,tC/acre,0.2,1.1800000000000002,Grassland without tree/shrub cover
35162766,2015-06-05,b59a60d3-ba9d-4d1a-9c27-ad688f8db054,92b073ca-c17b-4ed5-87c6-0808b5b2c392,2015-06-05,47.481799259,-0.716170337,27.8,23.0518048692,tC/acre,0.2,1.0245,Grassland without tree/shrub cover
35162802,2015-07-13,b7a532a1-0ca1-4cf5-adb7-29f7b300ba15,57e14dbf-b3f6-40e6-b72c-ec5212c9283d,2015-07-13,47.801878509,-0.783580518,29.8,34.5749959076,tC/acre,0.2,1.4335,Grassland without tree/shrub cover
35163414,2015-08-21,8c878d9d-221e-4301-952a-0f6d02b6204b,15c4740e-bf96-4da5-992f-fb6db8e1dcd5,2015-08-21,53.227184502,-2.117988681,64.8,61.88782060800002,tC/acre,0.2,1.1800000000000002,Grassland without tree/shrub cover
35163706,2015-06-08,4fb04f53-8a98-4fed-a49f-e0aac1aabb59,60d308f7-ba1a-4b42-bc33-0feba1a88b7e,2015-06-08,55.805536496,-2.910435428,67.8,64.752997488,tC/acre,0.2,1.1800000000000002,Grassland without tree/shrub cover
35163756,2015-07-19,d77917d4-5b3a-4790-aae2-cc567801e5f9,548a79e5-a87b-4bdb-93eb-b51b31e84c34,2015-07-19,56.246375446,-3.058730953,82.9,79.17438778400002,tC/acre,0.2,1.1800000000000002,Grassland without tree/shrub cover
35183700,2015-05-14,b43b2edd-cffe-4010-bdd9-2c4c0c031e1a,617bb84d-58dd-4da5-a4f1-951400b6c297,2015-05-14,55.755825925,-2.861525433,36.5,30.41356930100001,tC/acre,0.2,1.0295,Grassland without tree/shrub cover
35202904,2015-07-07,9105b9c5-7530-4030-8f13-cf5f578b8ff9,1f08c361-6b50-4bd0-9ace-2ce5ecb31c16,2015-07-07,48.71351035,-0.926690477,27.7,25.2444745544,tC/acre,0.2,1.126,Grassland without tree/shrub cover
35202922,2015-07-23,58a777d7-65f8-403c-9791-b10502eab4f5,add9b544-505e-4428-af17-25cf1664b230,2015-07-23,48.873375608,-0.962224482,21.9,16.094524094400004,tC/acre,0.2,0.908,Temporary grassland
35242882,2015-08-14,ea88c936-e8a3-4d41-ac34-d309a281f3e3,5be95548-9768-4520-9abf-163fffb9fde6,2015-08-14,48.523366741,-0.829996617,23.2,22.157367872000005,tC/acre,0.2,1.1800000000000002,Grassland without tree/shrub cover
35262010,2015-05-10,26973bf0-00dd-46ff-99de-51fb6dc019e3,636588e2-c91a-41d8-badb-b5360f4dcb9d,2015-05-10,40.74360632,0.603471582,26.4,22.713568310400003,tC/acre,0.2,1.063,Grassland without tree/shrub cover
35262906,2015-07-16,97e54b46-c293-4e58-855e-f1ab55a3ddbf,34f3fb8e-8482-4116-9cd0-1732cbbb321e,2015-07-16,48.739228755,-0.849806213,52.1,49.758571816000014,tC/acre,0.2,1.1800000000000002,Grassland without tree/shrub cover
35263590,2015-10-23,b7f53bef-d415-4a34-996f-24e70ff587bf,5d728121-0de9-49b5-b921-b5a237097da8,2015-10-23,54.797546643,-2.427856394,54.0,51.573183840000006,tC/acre,0.2,1.1800000000000002,Grassland without tree/shrub cover
35263882,2015-06-05,f3fc9f49-dbbd-48eb-8e6d-11e53d46ab0c,b505395f-0d5e-4210-8bee-829f821e359a,2015-06-05,57.373122683,-3.287489711,35.3,33.71358128800001,tC/acre,0.2,1.1800000000000002,Grassland without tree/shrub cover
35282242,2015-06-15,69d58b78-2f39-4576-9f68-01b4123bf435,250e79ca-e8f1-43c6-89bf-6939f7a1cc04,2015-06-15,42.823661108,0.301432416,48.2,46.03384187200001,tC/acre,0.2,1.1800000000000002,Grassland without tree/shrub cover
35282326,2015-06-01,5aae5c9a-1865-400b-9f16-04c92a532b63,affaceaf-8dd1-4c8c-95de-6c2b4eb9829d,2015-06-01,43.574606534,0.175925248,29.0,27.696709840000008,tC/acre,0.2,1.1800000000000002,Grassland without tree/shrub cover
35282704,2015-07-10,83167b88-117e-4880-a3b4-83e08fe9cd55,16c77501-1529-4caf-abf2-f17b48464986,2015-07-10,46.945586363,-0.44633653,14.0,13.767417720000005,tC/acre,0.2,1.215,Temporary grassland
35302672,2015-06-20,96119baf-5d07-4407-a4c6-a890f916e14d,a138be58-eabb-47ef-9cae-604d36eb3e34,2015-06-20,46.663222603,-0.363791701,33.2,31.707957472000007,tC/acre,0.2,1.1800000000000002,Grassland without tree/shrub cover
35302784,2015-07-03,3a7cf1a9-a18c-43af-9835-9e40ed89675f,d0ba3a05-a256-43e5-aad7-87fe614633a6,2015-07-03,47.659959441,-0.565051051,44.3,39.9605976642,tC/acre,0.2,1.1145,Grassland without tree/shrub cover
35302888,2015-08-14,37e7bb5d-1248-4864-99f3-a77906ceb0a8,3b28c640-ca4a-4dec-8515-4b19ea91f5e6,2015-08-14,48.584561457,-0.761054688,45.9,43.83720626400001,tC/acre,0.2,1.1800000000000002,Grassland without tree/shrub cover
35303378,2015-09-04,18168682-d066-458a-8586-14bc4a56e72b,6699e5f9-0062-42a8-a598-a772501c7fcb,2015-09-04,52.929436611,-1.82248738,34.4,32.85402822400001,tC/acre,0.2,1.1800000000000002,Grassland without tree/shrub cover
35303396,2015-09-03,398a9ba8-7d73-4703-bcae-67b629cf299a,a3f973d1-e085-4b28-93ad-e145c4e50b65,2015-09-03,53.088700153,-1.866445674,73.8,70.483351248,tC/acre,0.2,1.1800000000000002,Grassland without tree/shrub cover
35322282,2015-05-16,daa09b06-1e5e-48ef-a2e4-abecddf72bfd,16d177ec-7d5a-4c9d-997b-ee87a4888d86,2015-05-16,43.186009564,0.290959575,36.0,35.095988664,tC/acre,0.2,1.2045,Grassland without tree/shrub cover
35322542,2015-06-28,a3270849-21e8-4bf2-88cb-3608a4d777dd,3f2f9876-e395-4c6e-bccc-a38fa592fa80,2015-06-28,45.507374101,-0.116714544,14.7,14.039366712,tC/acre,0.2,1.1800000000000002,Temporary grassland
35322812,2015-05-05,7144ff20-e976-422c-a4be-3291e2858a70,3d6df339-e162-48e4-b170-941cfe2ae8b9,2015-05-05,47.911554103,-0.590413094,33.0,29.941098396000005,tC/acre,0.2,1.121,Grassland without tree/shrub cover
35323658,2015-06-19,02d8e571-648d-4365-bc1f-74756d7da73c,9bf9db16-bbad-4b0a-89fa-f8648a5e2be8,2015-06-19,55.407288629,-2.522816511,26.9,22.6865352856,tC/acre,0.2,1.042,Grassland without tree/shrub cover
35323808,2015-06-27,9f8491e9-c509-4f12-95cf-25f6dfbb9810,5fc6ef35-dbf1-44ac-a676-379e5d8733c3,2015-06-27,56.730768718,-2.960128347,87.8,83.85417668800002,tC/acre,0.2,1.1800000000000002,Grassland without tree/shrub cover
35323916,2015-05-29,df0a1402-df67-4928-a366-f0b16c44783d,27487117-2d42-48ee-804c-4020ce3370af,2015-05-29,57.682612024,-3.297971242,39.8,24.916759831600004,tC/acre,0.2,0.7735000000000001,Grassland without tree/shrub cover
35342964,2015-08-01,8589b7fe-e239-4256-af5b-b2bacb83b46f,c49285b7-c6c7-41ef-91e2-22892c9e1f75,2015-08-01,49.264984532,-0.855740284,22.8,15.399597295200005,tC/acre,0.2,0.8345,Grassland without tree/shrub cover
35343680,2015-06-04,a0be3164-cd2b-49c4-9a53-1defb888357d,dc6a92d4-14a7-4d5a-986c-1f2f557418ba,2015-06-04,55.604629919,-2.55349014,16.9,16.140496424000002,tC/acre,0.2,1.1800000000000002,Temporary grassland
35362710,2015-07-13,75d6b2a2-e896-4322-9bdb-8c581f0d15b3,def346e9-78a0-4dcf-a3d3-d82e958aa3cc,2015-07-13,47.009074272,-0.352757804,32.4,26.643231244800003,tC/acre,0.2,1.016,Grassland without tree/shrub cover
35382238,2015-05-17,a7bde445-d680-4055-94f3-b73eb1d68aa0,1c6513c6-fd87-4ba0-8ecb-a4b1c0747208,2015-05-17,42.799420402,0.428423075,79.7,55.8307638402,tC/acre,0.2,0.8654999999999999,Grassland without tree/shrub cover
35382252,2015-06-14,b770df5e-65ac-499b-8527-3b74e2cdf276,fb8326c5-9d50-4fea-8937-66c3d032fb0c,2015-06-14,42.92466089,0.408084095,51.1,48.80351285600002,tC/acre,0.2,1.1800000000000002,Grassland without tree/shrub cover
35382378,2015-05-28,fbf87166-c1b0-49b6-8ccb-e44cd756723d,79ae3146-b0ce-4c59-ad96-92efa8adec6d,2015-05-28,44.050955819,0.219728922,26.7,25.00303888680001,tC/acre,0.2,1.157,Grassland without tree/shrub cover
35382688,2015-07-05,300dff64-d6d7-4d0f-9bef-986b39e8c829,ec581ab3-81e6-4764-95a2-8a9fc7e1250f,2015-07-05,46.815694529,-0.288026538,31.5,30.084357240000006,tC/acre,0.2,1.1800000000000002,Grassland without tree/shrub cover
35382858,2015-08-12,594422a5-9645-46e8-9cb5-4a2fba1b6698,af3c1620-aac8-4bee-b76d-7197a29f4634,2015-08-12,48.328300611,-0.596652957,15.5,15.744308829999998,tC/acre,0.2,1.255,Grassland without tree/shrub cover
35382886,2015-08-15,75e590da-550e-460c-83bc-3b1e6e17f238,8b1c4894-4fbe-4821-bcc7-80dcb8cdef3d,2015-08-15,48.577208607,-0.649756793,33.3,31.803463368000006,tC/acre,0.2,1.1800000000000002,Grassland without tree/shrub cover
35382904,2015-07-16,646ac094-b4aa-4ea4-85b4-e84be207d972,5ee069da-0569-4b12-aff9-6b62541ea61e,2015-07-16,48.737187726,-0.684249804,31.1,29.702333656000008,tC/acre,0.2,1.1800000000000002,Temporary grassland
35382936,2015-07-26,97d80ac1-c4d7-4cb4-8506-8456ac600ab0,2ab11d1b-0ea3-4be0-bd3d-53410c0fe195,2015-07-26,49.021531458,-0.746267861,20.6,19.674214576000004,tC/acre,0.2,1.1800000000000002,Temporary grassland
35402488,2015-07-18,75cff1bb-b68b-46d6-8389-16cc296054c3,2bc2c2a5-a138-4f73-8dc8-6d8add184dca,2015-07-18,45.035384133,0.0722719660001,13.0,14.851571514000003,tC/acre,0.2,1.4115000000000002,Grassland without tree/shrub cover
35402632,2015-06-05,24452268-7dce-4ad8-a035-e6e311719751,fe7933d7-9d64-4fa6-9e10-8df66dbdcd7c,2015-06-05,46.319352636,-0.165532387,36.1,34.47762845600001,tC/acre,0.2,1.1800000000000002,Grassland without tree/shrub cover
35402926,2015-07-23,2b3e667e-dd8a-4d1c-b2ad-51dbfa584aee,7e17935c-73b5-485a-9781-5807586687c1,2015-07-23,48.935292857,-0.699736371,37.4,35.71920510400001,tC/acre,0.2,1.1800000000000002,Grassland without tree/shrub cover
35403496,2015-06-19,cd25619a-d1f2-42fa-a1ac-9bb0f11e9293,8a4c8d21-01d3-4d52-b61c-c0d4f75e6de1,2015-06-19,53.987960425,-1.967460256,73.8,70.483351248,tC/acre,0.2,1.1800000000000002,Grassland without tree/shrub cover
35403654,2015-06-19,db8f1c17-2e73-4109-ac22-5561737dafb1,ce7853d3-a9d8-47d4-8fcd-d193a62f820c,2015-06-19,55.384347547,-2.387157845,65.2,52.533584655200016,tC/acre,0.2,0.9955,Grassland without tree/shrub cover
35403664,2015-06-18,47ae410f-2cb0-4a6c-82a9-fab98b0c11c0,243e5811-9cd4-4b06-afe8-de508a0d035f,2015-06-18,55.472666053,-2.414906562,53.0,50.61812488000001,tC/acre,0.2,1.1800000000000002,Grassland without tree/shrub cover
35422756,2015-06-03,34cdf9cb-ce37-4aca-aa6f-631a2d45ab0e,3ef6a6fa-ed18-482c-a0a2-a5a5fbf48b00,2015-06-03,47.42606217,-0.35615022,28.5,27.219180360000006,tC/acre,0.2,1.1800000000000002,Grassland without tree/shrub cover
35423508,2015-07-12,32cb2b38-967a-49f4-82f2-c108d91368df,b125e66f-30f7-4cbe-aeb6-5e5f5197fb49,2015-07-12,54.097043689,-1.967949308,71.3,53.92833495419999,tC/acre,0.2,0.9345,Grassland without tree/shrub cover
35442676,2015-07-25,d5f3936b-c57e-415a-8362-678874554193,0249a94b-2f07-4351-b062-50abdb139cff,2015-07-25,46.716259327,-0.189289121,34.2,32.66301643200001,tC/acre,0.2,1.1800000000000002,Grassland without tree/shrub cover
35443698,2015-05-22,81ec5979-d545-4ccb-96a0-8e2b4d975578,72260494-7861-4e86-b458-d725fcc62121,2015-05-22,55.779105153,-2.447512665,88.7,84.71372975200002,tC/acre,0.2,1.1800000000000002,Grassland without tree/shrub cover
35443846,2015-07-19,7c3b4122-862c-4217-b964-cae9f87298a6,94409535-bfb9-48c3-9dc1-0098dc0588cf,2015-07-19,57.08523967,-2.881980584,49.0,46.79788904000001,tC/acre,0.2,1.1800000000000002,Grassland without tree/shrub cover
35482240,2015-05-17,f7e78e77-912e-4256-8478-2d362b057b06,b2d52855-c0fc-499a-9e15-7ec05ab4c537,2015-05-17,42.828709017,0.546721742,29.7,28.9301522994,tC/acre,0.2,1.2035,Grassland without tree/shrub cover
35483636,2015-06-12,8010c044-4689-40c4-bd4d-70e205e938b2,ce7462d5-f3a7-4692-8b6b-49f2729e2093,2015-06-12,55.237553096,-2.21351029,48.3,27.169403982,tC/acre,0.2,0.6950000000000001,Grassland without tree/shrub cover
35483702,2015-05-17,5b962d33-4850-4df1-994f-d21b4fe1b4e3,291d6946-d224-47a7-bcfe-39806f767249,2015-05-17,55.820612778,-2.395880269,42.4,37.4230950384,tC/acre,0.2,1.0905,Grassland without tree/shrub cover
35502722,2015-07-27,e187717f-e168-4ccf-80d4-75dde2a8d731,ae63ebe6-6a26-4d7f-aa3a-629ae79e2333,2015-07-27,47.133343195,-0.191099266,14.5,13.848354920000004,tC/acre,0.2,1.1800000000000002,Grassland without tree/shrub cover
35503478,2015-06-14,587ebcab-4904-4f35-b493-24287348992c,25e434d0-ed7e-4d23-90a9-5bf0cce414a9,2015-06-14,53.843413358,-1.771670407,65.6,62.651867776,tC/acre,0.2,1.1800000000000002,Grassland without tree/shrub cover
35503514,2015-07-12,b4da5294-e057-4211-aba7-3a6dd3973ffd,a9399a0b-e36c-41f6-b13d-3ee25dde3d36,2015-07-12,54.161909055,-1.862347989,41.1,24.3833836836,tC/acre,0.2,0.733,Grassland without tree/shrub cover
35503892,2015-05-23,96f9d19b-c0d1-44ef-a7cf-78e2aa546712,5e20a5a3-c7cd-45c5-b632-5384e2a1428f,2015-05-23,57.500612433,-2.92593789,24.7,27.9081178064,tC/acre,0.2,1.396,Grassland without tree/shrub cover
35522766,2015-06-08,4acace8f-1166-460f-a197-147d1fb31b39,1fcb107d-5817-4b6d-8f7e-2e46ec00615f,2015-06-08,47.527565403,-0.242450148,8.5,10.384849789000002,tC/acre,0.2,1.5095,Temporary grassland
35523608,2015-09-13,ffaf269f-6dd4-4870-9fbb-cbc576c0a166,1907dd4e-aa95-4658-979c-a75ee5b3b618,2015-09-13,54.996112166,-2.076348829,29.0,24.011639124,tC/acre,0.2,1.023,Grassland without tree/shrub cover
35523634,2015-06-12,8d6bed58-5322-4a32-90f8-05642bde6ea7,1147283c-b5f9-438a-b300-f468b83aa70e,2015-06-12,55.225929597,-2.146048971,37.9,31.5034291676,tC/acre,0.2,1.027,Grassland without tree/shrub cover
35524004,2015-06-20,7fdaafac-5ce9-4677-b536-c3dc4bb6038d,4922b32c-af71-4622-b84d-1e3f489aa785,2015-06-20,58.491198025,-3.252241421,54.1,51.668689736000005,tC/acre,0.2,1.1800000000000002,Grassland without tree/shrub cover
35542332,2015-06-25,490fca52-1f97-4e9d-96c6-9de7e38c34ac,7b001c08-bd7f-4454-bd16-a271bbdbec14,2015-06-25,43.658409896,0.486230267,31.0,29.60682776000001,tC/acre,0.2,1.1800000000000002,Grassland without tree/shrub cover
35542512,2015-06-15,286373bb-9aa7-4331-a82f-60f21726f713,dd6f66ef-ac3b-4f3a-8870-2f90d0c0c9e3,2015-06-15,45.266180706,0.210514103,60.7,57.97207887200002,tC/acre,0.2,1.1800000000000002,Grassland without tree/shrub cover
35542908,2015-08-02,6cd9ac57-67f4-4f6c-8d1a-6b9c4abc5674,7f7f2546-eaa7-43c2-885a-2dbd67b51278,2015-08-02,48.793355911,-0.476125812,21.8,20.820285328000004,tC/acre,0.2,1.1800000000000002,Grassland without tree/shrub cover
35562198,2015-07-15,f103a00c-dcd3-4fe1-9599-22e4ee5c7ae5,d1d59814-195c-4ed6-883c-ef3f7d3b9f42,2015-07-15,42.461741696,0.702752371,24.1,23.016920936000005,tC/acre,0.2,1.1800000000000002,Grassland without tree/shrub cover
35562300,2015-05-29,77c62d55-8120-4ea3-b7cd-2cfb8e78207c,1a813e4b-c727-48d8-b045-73c21cc08aba,2015-05-29,43.374534092,0.557603999,8.6,10.9316210436,tC/acre,0.2,1.5705,Temporary grassland
35563894,2015-05-22,36e6ca5e-0529-4c96-9449-cee7241e4902,9ce164ec-3ba8-4ed3-9691-26bd9dd32d47,2015-05-22,57.527923756,-2.833630152,37.8,36.101228688000006,tC/acre,0.2,1.1800000000000002,Grassland without tree/shrub cover
35563912,2015-05-21,f85d8a37-0a9a-4b50-ad34-093d59bc85d9,482be344-d26e-499b-85b6-483028de1b87,2015-05-21,57.686697935,-2.889611003,35.4,31.688856292800004,tC/acre,0.2,1.106,Grassland without tree/shrub cover
35582326,2015-06-26,22cf354c-441e-4654-bfb2-4dc22485c9b9,c64dedd6-50cf-40e7-b539-e01b318a9d2c,2015-06-26,43.609317255,0.544197796,20.5,24.846708685000003,tC/acre,0.2,1.4975,Grassland without tree/shrub cover
35583622,2015-10-04,e64085bb-8906-4d55-acc8-a606b5a36a5c,1db25c66-ee7e-4115-a21f-c840fcb70310,2015-10-04,55.128856317,-2.020913798,67.3,64.275468008,tC/acre,0.2,1.1800000000000002,Grassland without tree/shrub cover
35583996,2015-06-18,b7d15aa2-838f-41f9-8eb9-db4430695176,b57f00e0-ea94-4bcf-861b-54aba13c29eb,2015-06-18,58.430627385,-3.124912407,64.2,61.31478523200002,tC/acre,0.2,1.1800000000000002,Grassland without tree/shrub cover
35603400,2015-10-23,90f40626-e53c-493b-9eab-ba29ed95a906,03b13c9e-69f7-4ede-9f85-d875c39ed37c,2015-10-23,53.167228147,-1.432914582,61.8,39.890303706000005,tC/acre,0.2,0.7975,Grassland without tree/shrub cover
35622928,2015-07-21,6db4b462-d8e8-4950-99f6-deaa739a6a20,b0d27901-e0ff-4939-8708-ca7fc6821629,2015-07-21,48.981355279,-0.405745327,37.8,36.101228688000006,tC/acre,0.2,1.1800000000000002,Grassland without tree/shrub cover
35643196,2015-04-25,486d4a59-8bf5-48c1-8bec-84f18e7f3e23,075cdad3-f485-407f-9c89-ac45a9598dbf,2015-04-25,51.36430514,-0.916031272,27.4,26.168615504,tC/acre,0.2,1.1800000000000002,Grassland without tree/shrub cover
35662888,2015-08-08,de53fa10-22e1-41a9-9914-9d9434d3d167,58e796a5-8756-48ce-93b5-4c5287d0a052,2015-08-08,48.630650609,-0.277081724,51.1,48.80351285600002,tC/acre,0.2,1.1800000000000002,Grassland without tree/shrub cover
35663500,2015-06-27,720e7e7c-19fa-4e39-bfa1-9d5d2ac7ec04,0045b764-8daf-4429-8b0d-283eea8c4487,2015-06-27,54.061238135,-1.585432856,33.4,31.439407842400005,tC/acre,0.2,1.163,Grassland without tree/shrub cover
35663630,2015-06-12,a940803d-da1a-4c19-b3ac-5e8240d00b86,f49a2aad-966e-40a2-bfb1-e912506341a7,2015-06-12,55.211489233,-1.91819354,36.0,34.382122560000006,tC/acre,0.2,1.1800000000000002,Grassland without tree/shrub cover
35682398,2015-06-13,33d49725-aa22-4394-a045-397b4b533ecd,191981fc-ccba-4f53-90dc-5908606c311d,2015-06-13,44.264309982,0.561378402,13.5,16.264127997000003,tC/acre,0.2,1.4885000000000002,Grassland without tree/shrub cover
35702222,2015-07-07,47302394-ebb9-46cc-86b1-e3664e1e43cd,e1cc4462-8a2f-4896-91d3-3956f487a597,2015-07-07,42.692109979,0.838476836,37.3,34.3859266084,tC/acre,0.2,1.1389999999999998,Grassland without tree/shrub cover
35703180,2015-05-16,ca6507fc-26f0-4e55-9f3e-b6fe2f1ef4ae,c8ceb135-b124-462d-a450-323e8946d982,2015-05-16,51.230314151,-0.796915342,42.8,40.876523488,tC/acre,0.2,1.1800000000000002,Grassland without tree/shrub cover
35742184,2015-08-12,2fcdbc84-b171-4ab0-b18e-b89602050c3e,c5aeff7a-d4c1-4a3a-9127-888bb55f1d25,2015-08-12,42.356123152,0.938745119,29.2,27.88772163200001,tC/acre,0.2,1.1800000000000002,Grassland without tree/shrub cover
35743146,2015-08-21,30617a50-868b-4583-b281-5b72bad2abc1,13f12360-9719-4a08-b2a8-86f04efa6750,2015-08-21,50.933754596,-0.669633514,54.5,44.79449099700001,tC/acre,0.2,1.0155,Grassland without tree/shrub cover
35743470,2015-07-11,969e3069-5f43-4c27-a9e2-49ad51caaed3,cf2cab9f-f3da-4c0d-a6e5-45f1e0a98002,2015-07-11,53.806964507,-1.391675756,37.6,33.84081456640001,tC/acre,0.2,1.112,Grassland without tree/shrub cover
35762800,2015-06-22,73da8b12-603e-4a05-85b3-786ee6c01a72,9ebc528b-15be-4353-b13e-f0a55f18bb7f,2015-06-22,47.859745949,0.0146797200001,46.8,44.696759328000006,tC/acre,0.2,1.1800000000000002,Grassland without tree/shrub cover
35782360,2015-05-23,dcc9cb9b-2820-490a-aa22-b59a9a6673a6,7d53f292-1da3-455c-97e3-b2d623d77c88,2015-05-23,43.935829926,0.741055954,26.5,29.652354935,tC/acre,0.2,1.3824999999999998,Grassland without tree/shrub cover
35782882,2015-08-06,ff3a0fd9-42b7-4f68-a2b5-6727722a7d09,ae389f5c-6c9a-401a-b06d-6520b1c43fc8,2015-08-06,48.592152208,-0.104692054,31.9,30.46638082400001,tC/acre,0.2,1.1800000000000002,Grassland without tree/shrub cover
35783904,2015-08-10,d3a7b26e-1e0c-4d92-b717-7cc311ca3ff6,68dba497-a7f7-44c0-985e-ef6bc3f1dd70,2015-08-10,57.651073187,-2.502120104,52.7,50.33160719200002,tC/acre,0.2,1.1800000000000002,Grassland without tree/shrub cover
35822566,2015-07-09,4f48d1b6-c252-4183-af8d-16e364516d90,cdd25dc4-8263-4b8d-a5cc-4f209663ac45,2015-07-09,45.780725529,0.480750396,39.9,36.3145386786,tC/acre,0.2,1.1245,Grassland without tree/shrub cover
35822836,2015-10-16,75db96dc-c758-4d72-8bff-014a302d3ce1,b8f6f964-33ad-4565-a449-5260763dce5e,2015-10-16,48.187573507,0.0311794400001,42.1,40.20798221600001,tC/acre,0.2,1.1800000000000002,Grassland without tree/shrub cover
35823214,2015-05-18,6eb591a5-6d9f-407d-9454-063de37ff291,45ac9ec1-300b-4aa2-b2d9-7a0d6177d172,2015-05-18,51.547928075,-0.697598491,78.6,75.067634256,tC/acre,0.2,1.1800000000000002,Grassland without tree/shrub cover
35842502,2015-05-24,38117b7b-7c7d-46ff-bc5c-84634dd59386,d5eed27d-9cdf-4de9-a65b-bda08c89769f,2015-05-24,45.211600748,0.605120702,18.2,14.0897905876,tC/acre,0.2,0.9565,Grassland without tree/shrub cover
35842892,2015-08-08,c0a145c0-2059-4526-8a81-1606cc46c190,03e573f2-359c-4986-bfb2-25154ea14f61,2015-08-08,48.688505312,-0.0420134209999,46.7,44.601253432000014,tC/acre,0.2,1.1800000000000002,Grassland without tree/shrub cover
35843162,2015-08-16,341cd26e-ac19-4d62-9cb0-00cd5dc60543,a3fb6c3b-371a-4044-9c58-681f880a25e0,2015-08-16,51.088846701,-0.561241932,41.3,39.443935048,tC/acre,0.2,1.1800000000000002,Grassland without tree/shrub cover
35843846,2015-07-10,348a45b5-b65a-4252-8b85-74aed3437e2f,e2d6d9b8-287c-4856-a73b-ef1de2ac481d,2015-07-10,57.148020825,-2.231602112,55.4,52.91026638400002,tC/acre,0.2,1.1800000000000002,Grassland without tree/shrub cover
35883900,2015-08-09,5992cfee-fbc2-4491-9cc9-39670c5e46d2,7a5def2e-7f69-41ce-9c7e-68e7ac0862c3,2015-08-09,57.631289846,-2.325169624,30.3,22.488481957200005,tC/acre,0.2,0.917,Grassland without tree/shrub cover
35902584,2015-06-22,90471b4f-de41-4be7-ba73-0da9e34e78f8,9ee06ae0-e801-4b24-9e4e-9181f47f23d7,2015-06-22,45.95054538,0.554777867,17.1,16.331508216000007,tC/acre,0.2,1.1800000000000002,Grassland without tree/shrub cover
35922558,2015-07-09,50cb5347-9a8c-4592-8b34-48b3f454f9d8,29187fae-bdc4-4b7e-9bf1-f848f9af735f,2015-07-09,45.72072173,0.620746523,22.0,24.403375172000004,tC/acre,0.2,1.3705,Grassland without tree/shrub cover
35922760,2015-07-04,68e383ea-8420-44d4-8e24-c1e0da1385a5,15d96e0a-e1be-43ee-aba8-af7a23cdd5e4,2015-07-04,47.522534783,0.294900671,21.5,20.533767640000004,tC/acre,0.2,1.1800000000000002,Grassland without tree/shrub cover
35923246,2015-06-12,4f501609-af10-49b4-9ea7-2593d2c30a1c,8c1eed1b-c33a-494c-92b3-dc8eb47371f4,2015-06-12,51.845089825,-0.62168737,26.9,25.691086024000004,tC/acre,0.2,1.1800000000000002,Grassland without tree/shrub cover
35923894,2015-08-23,b7c7fb95-e8f3-4813-8c29-c0850461561d,cf1de24f-2fe3-4473-8780-19e3cf4b2ab7,2015-08-23,57.584428571,-2.241410995,50.1,47.84845389600002,tC/acre,0.2,1.1800000000000002,Grassland without tree/shrub cover
35942416,2015-07-11,5ee5d8cb-d366-4140-95e1-56fc57ea22a7,3d06850f-16f5-4f5e-90b0-73a8ad801e2a,2015-07-11,44.454266971,0.858479739,32.8,31.325933888,tC/acre,0.2,1.1800000000000002,Grassland without tree/shrub cover
35942898,2015-07-19,5d541a08-4503-4ff3-8bee-9d1a61eab148,4db11af9-b7c0-4fe4-9d02-d423a07226c6,2015-07-19,48.754064025,0.0820575650001,37.0,35.33718152000001,tC/acre,0.2,1.1800000000000002,Grassland without tree/shrub cover
35962540,2015-07-03,5de70e58-d830-4f25-84f6-86c14c035095,7e5cc40e-46a9-4814-a827-1256aaadeee4,2015-07-03,45.564504171,0.69928261,43.1,15.244278808400002,tC/acre,0.2,0.437,Grassland without tree/shrub cover
35962590,2015-05-31,2f6496bd-bf98-4382-b07b-88be4028a4c6,af7e3d7e-4535-47ff-a9c2-5b1ec7d68565,2015-05-31,46.010923993,0.622261711,19.1,18.241626136000004,tC/acre,0.2,1.1800000000000002,Temporary grassland
35982366,2015-05-31,df5c8c2b-0552-489d-87c5-9268baf6e751,6b95bebd-0543-49b7-8b9d-9513f4eff039,2015-05-31,44.011462069,0.979755488,24.7,23.589956312000005,tC/acre,0.2,1.1800000000000002,Grassland without tree/shrub cover
35982532,2015-06-21,b9936a75-43f1-405a-9975-a6e90d5037c4,161f2517-5fcb-4311-ab80-33d2796f6335,2015-06-21,45.49529617,0.73685053,13.9,13.275319544000002,tC/acre,0.2,1.1800000000000002,Temporary grassland
36002386,2015-05-25,f133b3aa-d679-4804-8272-0a7eb1e18fc5,443bc948-0c1d-4e28-a025-3612efb651e5,2015-05-25,44.192539175,0.976196797,11.1,10.601154456,tC/acre,0.2,1.1800000000000002,Temporary grassland
36002398,2015-06-01,7691b389-5671-4cb1-bc6c-e9254f30bbe7,8d921814-4c72-4759-94cd-962993ac22b5,2015-06-01,44.29986907,0.959099565,26.0,24.831532960000004,tC/acre,0.2,1.1800000000000002,Grassland without tree/shrub cover
36002584,2015-06-23,c7096fb5-5245-43a2-bbd3-31fa2321cde9,58f3fc51-f021-4d5c-805b-034a35376241,2015-06-23,45.961879974,0.682809743,23.0,21.966356080000004,tC/acre,0.2,1.1800000000000002,Grassland without tree/shrub cover
36022744,2015-06-14,e62b6f62-0c05-493a-b29d-bf5a23fdaf64,48e04686-18cc-47b4-b26f-0a9ee5d7d0f5,2015-06-14,47.391596543,0.453225121,19.0,18.146120240000005,tC/acre,0.2,1.1800000000000002,Grassland without tree/shrub cover
36023158,2015-06-07,507db573-60de-414a-b6a7-7cd4d791b64a,81b44e76-ba45-47fe-b3ca-01bd0e161791,2015-06-07,51.076337334,-0.298473294,44.5,42.50012372000001,tC/acre,0.2,1.1800000000000002,Grassland without tree/shrub cover
36042956,2015-07-27,efb82c9b-b29d-4242-943e-c9d80521d056,9f582a99-945a-403f-9d96-85464100f758,2015-07-27,49.28239798,0.113370469,53.6,34.3154303072,tC/acre,0.2,0.7909999999999999,Grassland without tree/shrub cover
36043406,2015-09-03,ac8ac91f-684b-433c-abe5-f03137f31e6f,cbbb9f0d-857e-49ef-9041-1a68babe03b5,2015-09-03,53.280781332,-0.794681496,30.6,28.4570338968,tC/acre,0.2,1.149,Grassland without tree/shrub cover
36062262,2015-06-28,43a74248-918b-44d5-8250-b7702c796a6d,21f6be4c-e559-45b1-b3e6-fb1e727376d5,2015-06-28,43.089036668,1.221113239,44.6,46.5844576436,tC/acre,0.2,1.2905,Grassland without tree/shrub cover
36062860,2015-09-07,39ac62ba-9c5f-477e-bdce-10646d04caf3,874b49f6-6dda-40d3-8b39-9bb08a4ee006,2015-09-07,48.430002636,0.310324131,25.4,23.1997580708,tC/acre,0.2,1.1285,Grassland without tree/shrub cover
36062928,2015-07-31,0f351e6c-8b7f-4ee0-adfa-9dfef7379db4,56be4d2a-b05e-4e25-ac0c-5e624dca755e,2015-07-31,49.035556676,0.190905804,36.4,34.76414614400001,tC/acre,0.2,1.1800000000000002,Grassland without tree/shrub cover
36083178,2015-06-04,794b3217-17ec-4f3c-be69-5d31a71d5537,b77f220f-1b53-4850-af42-fc10cb86f937,2015-06-04,51.261626353,-0.253343128,28.2,27.297851318400006,tC/acre,0.2,1.1960000000000002,Grassland without tree/shrub cover
36122898,2015-08-10,b9de19a8-9964-4b81-b41d-b407ffac8cc5,63325b36-75a2-4ede-ad56-e10b174cce48,2015-08-10,48.775541834,0.325068394,33.0,29.006273736000004,tC/acre,0.2,1.086,Grassland without tree/shrub cover
36122992,2015-07-03,aa5023de-20e5-4bba-a229-39e1f990ece5,3b946834-15b9-448e-9d94-a8df4aa4548b,2015-07-03,49.612431859,0.157469607,16.3,15.567461048000002,tC/acre,0.2,1.1800000000000002,Grassland without tree/shrub cover
36142824,2015-08-23,487a1646-5c2d-4fa7-b83e-639cc7c963ea,225299e2-5df3-43fb-bc1f-993f7b35ee20,2015-08-23,48.118591678,0.478741244,45.4,47.6221534848,tC/acre,0.2,1.2959999999999998,Grassland without tree/shrub cover
36142896,2015-08-10,9012b0d3-fe4a-45a3-b2f5-71e2a46051f0,d6e42363-1d77-4976-b138-21cc2ec14046,2015-08-10,48.760081699,0.355560416,46.9,44.79226522400001,tC/acre,0.2,1.1800000000000002,Grassland without tree/shrub cover
36143134,2015-06-14,e807813d-7498-4ecf-9569-5836c1f1f10e,71bc9957-c246-4692-954e-f0263ae808d4,2015-06-14,50.878006283,-0.0817573709999,72.9,69.62379818400001,tC/acre,0.2,1.1800000000000002,Grassland without tree/shrub cover
36162564,2015-07-16,9d1c0de8-7247-4227-9672-bfb583bf5307,d2f125d8-8d95-45d9-afd7-781b84366c2d,2015-07-16,45.801057561,0.917862899,26.4,25.213556544000003,tC/acre,0.2,1.1800000000000002,Grassland without tree/shrub cover
36163144,2015-06-14,c6b76d93-b528-4064-912c-1cb7ab122cb7,a3227ded-2df5-4c30-9dd0-1c02ffcf7039,2015-06-14,50.969385987,-0.0729739349999,30.7,29.32031007200001,tC/acre,0.2,1.1800000000000002,Grassland without tree/shrub cover
36182452,2015-07-20,d03bc7ce-e22a-4138-8ba8-c5d6bd6a7d9c,6dda6060-7564-4a30-b2fd-1d83f17649e4,2015-07-20,44.802220433,1.10689278,38.8,37.056287648000016,tC/acre,0.2,1.1800000000000002,Grassland without tree/shrub cover
36182542,2015-08-08,8fb11cf3-6d01-4d8c-b993-e5df6df9799b,39916ee1-7a38-4e0f-a5bb-2568ae5d3509,2015-08-08,45.606700142,0.976135522,45.2,43.16866499200001,tC/acre,0.2,1.1800000000000002,Grassland without tree/shrub cover
36183136,2015-06-15,3cfbfaa2-c5f0-4bdd-a784-158345156daf,bf797a5d-8397-4084-81f6-2fea2583bef3,2015-06-15,50.900719753,-0.0292346269999,58.3,55.67993736800001,tC/acre,0.2,1.1800000000000002,Grassland without tree/shrub cover
36183172,2015-06-01,133b662c-8d8a-4feb-a2e1-18a05d54a9cb,ba2d1bc8-e6f7-4bed-8217-ceea573c50e4,2015-06-01,51.220786237,-0.0994157359999,41.3,39.443935048,tC/acre,0.2,1.1800000000000002,Grassland without tree/shrub cover
36202438,2015-07-23,20fe6a12-b45c-4ed7-ab61-2a95435a440f,115cea6b-c638-4fe2-ac79-91bb29f753df,2015-07-23,44.679151365,1.151834032,25.6,24.44950937600001,tC/acre,0.2,1.1800000000000002,Grassland without tree/shrub cover
36202514,2015-05-25,0e526850-d56e-4da5-a60d-de14a91998e1,6ff066fe-6e0b-4f3e-a041-711925c29269,2015-05-25,45.358654389,1.042692523,35.8,33.5971126572,tC/acre,0.2,1.1595,Grassland without tree/shrub cover
36202856,2015-07-23,fdf78553-d97a-4ba2-a5c2-b9caac3b2493,d9a14c63-c16d-438a-b1a9-f1db1797f53c,2015-07-23,48.410706037,0.504948077,51.0,48.708006960000006,tC/acre,0.2,1.1800000000000002,Grassland without tree/shrub cover
36202996,2015-06-13,8838df42-c52c-4389-98ba-660ed7e69c15,f43dbf00-b1f1-4ff6-a1b4-0a23974d3af8,2015-06-13,49.657600565,0.26013699,28.1,26.83715677600001,tC/acre,0.2,1.1800000000000002,Grassland without tree/shrub cover
36203536,2015-08-21,e4e8bb58-a8ce-49ee-8768-d70fad2dd358,1c50df6f-7572-4726-b089-2fe4cd90d287,2015-08-21,54.455263873,-0.852576481,42.5,31.784038440000003,tC/acre,0.2,0.924,Grassland without tree/shrub cover
36222614,2015-06-19,34fa6db5-b81d-4da9-bf11-12afdc7395e8,375181ed-14de-4d6a-acb8-8008c1c12070,2015-06-19,46.254208172,0.919382842,25.6,24.44950937600001,tC/acre,0.2,1.1800000000000002,Grassland without tree/shrub cover
36242590,2015-07-10,cbd6e00c-2974-45b0-ba2a-d6faa4321e91,8f2ed420-ea4b-4a27-ac18-12a372a55eb3,2015-07-10,46.04205005,0.981299183,35.7,34.09560487200001,tC/acre,0.2,1.1800000000000002,Grassland without tree/shrub cover
36243140,2015-06-11,07a67c23-7afe-4190-ab43-0ed839213de9,a08269ed-2503-47fd-a4ea-6b0864b18d9b,2015-06-11,50.94363935,0.0477218350001,20.2,23.7146805372,tC/acre,0.2,1.4505,Grassland without tree/shrub cover
36243486,2015-08-17,962dd727-ca49-45dc-9265-82761f3715c7,c3d4c59b-02e7-4f0d-a2db-59316fff6a7e,2015-08-17,54.017070628,-0.676139071,52.3,49.949583608000005,tC/acre,0.2,1.1800000000000002,Grassland without tree/shrub cover
36282504,2015-04-30,b123b0e1-832a-45aa-b8e0-4b1304511df2,a84a56ae-cecb-4e8a-bde8-4a2b031d3e86,2015-04-30,45.277853666,1.158484004,24.1,21.1248520116,tC/acre,0.2,1.083,Grassland without tree/shrub cover
36282598,2015-06-22,029cf63f-c60f-412c-8f42-2ee6dfe3f06c,9e8c0b28-73aa-4f2d-9fba-1b202b42f403,2015-06-22,46.117860166,1.020675664,16.0,15.280943360000004,tC/acre,0.2,1.1800000000000002,Grassland without tree/shrub cover
36282894,2015-07-26,a711d969-9764-4ae2-a089-bc1d24bb0dc2,95cf8338-346d-409a-99fe-67d0a0a2e450,2015-07-26,48.758547087,0.548059212,33.2,31.707957472000007,tC/acre,0.2,1.1800000000000002,Grassland without tree/shrub cover
36282966,2015-07-23,e2b797dc-7255-464d-b9f3-0d0c6b931ab0,d87316f3-0f35-4c6e-81f4-954701d29cb2,2015-07-23,49.399925967,0.42333275,40.7,38.870899672000014,tC/acre,0.2,1.1800000000000002,Grassland without tree/shrub cover
36302530,2015-08-14,b39c4da1-d30d-4166-bca8-ba7639f547a3,af49bb9b-53a8-4c8f-8b38-c2cdc20cc3c8,2015-08-14,45.512407906,1.146333235,11.5,11.802262504000002,tC/acre,0.2,1.268,Grassland without tree/shrub cover
36302560,2015-07-18,d13d14aa-c323-4369-a6b6-8b5717c6f08e,21c23886-3ff1-46e0-ab2c-655d4defd4f8,2015-07-18,45.780521491,1.102590153,22.4,21.393320704,tC/acre,0.2,1.1800000000000002,Grassland without tree/shrub cover
36302578,2015-07-11,d9bbeaa1-d0b4-4790-b633-d722691fe1ca,55f2c3b3-3660-427f-af31-bff5143ad6f6,2015-07-11,45.941354809,1.076074601,39.7,37.91584071200001,tC/acre,0.2,1.1800000000000002,Grassland without tree/shrub cover
36303142,2015-05-17,c2f09e19-5703-4061-806f-ad2586e318ad,3a7babda-c041-4710-b6a5-b9feb57de3de,2015-05-17,50.96871962,0.128629936,23.2,25.2931987488,tC/acre,0.2,1.347,Grassland without tree/shrub cover
36303160,2015-05-24,5c4b41f7-49a6-44ca-8f00-6246be33b31a,13eb89c3-547a-45ed-b158-85120adeb78a,2015-05-24,51.128814624,0.094162752,29.7,29.7354369708,tC/acre,0.2,1.237,Grassland without tree/shrub cover
36322428,2015-06-14,30548c8e-6588-417a-a84c-720fd007c02b,dfc10b81-b9f0-4e6b-9e96-e2f728db9dfc,2015-06-14,44.602360163,1.31599236,20.2,19.292190992,tC/acre,0.2,1.1800000000000002,Grassland without tree/shrub cover
36322504,2015-06-25,60bb2157-8733-4f48-9b37-5f10500ab368,3298ef43-1b13-4075-a151-7f6fed07f900,2015-06-25,45.282107111,1.209109799,23.6,25.882097816000005,tC/acre,0.2,1.355,Temporary grassland
36322774,2015-10-23,143d7f31-7ff8-4412-b911-538a0101a37c,274bc2a6-4dc2-4087-9185-b2ba842b2b9f,2015-10-23,47.69325944,0.800052699,14.0,13.370825440000004,tC/acre,0.2,1.1800000000000002,Grassland without tree/shrub cover
36382514,2015-06-25,30304afa-06a8-4b4b-96d4-c0188ad9c129,2a796303-3034-41c2-9577-0e2dd60b7bb8,2015-06-25,45.377858168,1.270862583,33.2,26.85771482480001,tC/acre,0.2,0.9995,Grassland without tree/shrub cover
36382568,2015-07-17,7956807a-f021-4a2a-9414-1d0c911648e4,fbbdfb2f-cf06-4f66-b6c5-e47e8337a752,2015-07-17,45.86056721,1.193138142,79.7,54.12132970760001,tC/acre,0.2,0.839,Grassland without tree/shrub cover
36402614,2015-06-15,67981c7f-0239-47e4-8a5e-bb5b7bbe011c,bfd325cc-7eb5-434e-a4d1-b6199acf49fb,2015-06-15,46.273724452,1.151273136,41.6,39.73045273600001,tC/acre,0.2,1.1800000000000002,Grassland without tree/shrub cover
36462594,2015-06-27,0feaa6e9-13fd-4e5b-aaf8-c592b726e3d8,55e94045-542f-48db-bce8-0c4750277ebd,2015-06-27,46.101404396,1.25784011,19.4,18.528143824000008,tC/acre,0.2,1.1800000000000002,Grassland without tree/shrub cover
36462652,2015-04-30,332de140-6f68-4300-afee-e391c8dd0a3d,aacb95ad-b909-4ee3-b2d2-7000d0024de9,2015-04-30,46.619589887,1.172354431,19.4,20.6949945424,tC/acre,0.2,1.318,Grassland without tree/shrub cover
36482614,2015-06-15,42cafeb1-6daf-4405-8b5b-127f3f13958b,3379c4a3-400b-417d-a992-73a9d6da7531,2015-06-15,46.282237091,1.254383947,45.8,43.741700368,tC/acre,0.2,1.1800000000000002,Grassland without tree/shrub cover
36483340,2015-10-11,8d20bdf4-cb29-4a45-9c1e-2c83180f5123,a329a43a-7d82-42dd-9b8d-2fe617813b84,2015-10-11,52.75118064,-0.00321975599991,24.8,23.685462208000008,tC/acre,0.2,1.1800000000000002,Grassland without tree/shrub cover
36502504,2015-07-10,0e974d15-8186-4303-b084-18eee1559601,22af047f-f51e-44c7-99ee-1f676216b51f,2015-07-10,45.30094672,1.437011752,35.1,33.52256949600001,tC/acre,0.2,1.1800000000000002,Grassland without tree/shrub cover
36502698,2015-06-07,af11999f-5cd0-4f0c-b82c-ffed26c9d9dc,1d01f03c-aa11-44c2-9a46-4001f321d6b1,2015-06-07,47.034684522,1.155294101,9.4,9.300898338,tC/acre,0.2,1.2225,Grassland without tree/shrub cover
36503184,2015-05-14,68eb4179-62f8-432b-8696-8312c4571edf,df5a9a6a-11c6-4389-aada-2b55fd90aad1,2015-05-14,51.366332305,0.332668426,26.8,25.59558012800001,tC/acre,0.2,1.1800000000000002,Grassland without tree/shrub cover
36542470,2015-06-21,677fc943-5810-4cda-b7ff-13b13e778454,a22d0c88-153e-4226-84f0-8074f6d4d684,2015-06-21,45.000883816,1.534419479,31.0,24.011639124,tC/acre,0.2,0.957,Grassland without tree/shrub cover
36542974,2015-06-27,223bece7-df08-4fa4-b575-e71d782ac3c9,830ca600-06e4-43b3-ba04-ca1bd6e86c04,2015-06-27,49.501046383,0.765575747,39.0,37.24729944,tC/acre,0.2,1.1800000000000002,Grassland without tree/shrub cover
36562280,2015-05-19,6dd533ba-b130-40e5-b070-a0595eff4e60,8f321194-fce8-4d3b-9255-4a67d70a41f4,2015-05-19,43.301221139,1.808253021,10.9,12.999445097800002,tC/acre,0.2,1.4735,Grassland without tree/shrub cover
36582596,2015-05-07,a882dacc-c7bb-4e64-9f1e-51e4ac7b8a13,3e3dd2c4-fdb7-43f5-9498-64a9e33255f8,2015-05-07,46.131853603,1.409184494,59.8,45.6658204236,tC/acre,0.2,0.9435,Grassland without tree/shrub cover
36602258,2015-05-19,b8a9f132-5e9f-4a1b-8401-44b826ce2c59,94fe3110-291f-42ed-b2d8-7e6173fb9c80,2015-05-19,43.107883286,1.884593534,33.5,31.669107616000005,tC/acre,0.2,1.168,Grassland without tree/shrub cover
36602384,2015-05-23,8e2207a0-92ac-4afc-a425-4f2b53debb14,d2aa2ec9-9cb3-4b8a-b89b-ce47083d2843,2015-05-23,44.237054117,1.72431494,28.1,25.893307618200005,tC/acre,0.2,1.1385,Grassland without tree/shrub cover
36602546,2015-07-31,bf0144c5-7c58-437b-b5d3-06c2f2d1fd65,48f83053-4d5e-4a2a-bbf9-097d1d9cb18c,2015-07-31,45.686875593,1.505517326,34.6,27.724228488,tC/acre,0.2,0.99,Grassland without tree/shrub cover
36602618,2015-06-14,81b3262a-4232-47bd-8bf3-6cc51da33014,4c9a2a01-c57a-40d1-97cf-1788ce093dc1,2015-06-14,46.330570234,1.403345654,33.5,26.612353703000004,tC/acre,0.2,0.9815,Grassland without tree/shrub cover
36643156,2015-05-08,42f3d10f-b05b-4130-ac9f-73db5a964411,72bb4c0b-8b52-4a81-98a2-1bc85350ebf1,2015-05-08,51.133525465,0.583825266,34.3,33.07777911339999,tC/acre,0.2,1.1915,Grassland without tree/shrub cover
36663142,2015-05-08,47484dec-ec86-412d-a1e5-3e20502b0e81,0d085519-e764-44f5-806c-f76dbbe4feae,2015-05-08,51.011181313,0.637641766,66.2,63.22490315200002,tC/acre,0.2,1.1800000000000002,Grassland without tree/shrub cover
36702348,2015-07-03,60c5d059-0146-4fd4-8fc9-026178f74d95,5fd77d08-8761-4064-ba7d-e8c47b45c2b6,2015-07-03,43.924390791,1.894624814,16.0,15.280943360000004,tC/acre,0.2,1.1800000000000002,Grassland without tree/shrub cover
36702442,2015-06-19,76d3e43a-a6f0-4018-9e99-1f249b8837e4,fc8f509c-a5d3-4b7e-93c6-5f10ab0e8363,2015-06-19,44.766358629,1.773163261,80.9,58.21011517720001,tC/acre,0.2,0.889,Grassland without tree/shrub cover
36702532,2015-07-10,3788c8ad-a8e0-4613-9ec8-d235fd6c7282,cacb72e7-345f-44a7-92cf-d07a71af545e,2015-07-10,45.571820767,1.65230356,37.8,36.101228688000006,tC/acre,0.2,1.1800000000000002,Grassland without tree/shrub cover
36703150,2015-06-12,cac51a59-dde3-40ef-b236-f89c9aeabbca,210db478-145b-485f-892f-808d32254551,2015-06-12,51.087000383,0.679819296,28.0,26.0617784,tC/acre,0.2,1.15,Grassland without tree/shrub cover
36722152,2015-08-23,6841c58f-9fd3-4ed6-b103-0cc4c00a1e49,ff35d3ad-76e0-45cc-8508-b8e2e76560ba,2015-08-23,42.168201888,2.157328875,35.3,33.71358128800001,tC/acre,0.2,1.1800000000000002,Grassland without tree/shrub cover
36722386,2015-05-23,90d17969-9dac-44cc-ac9d-49c612e63298,07afd517-c036-4f66-a25a-abd44c7fd943,2015-05-23,44.26680876,1.870976416,53.6,51.19116025600002,tC/acre,0.2,1.1800000000000002,Grassland without tree/shrub cover
36742492,2015-05-09,00203409-167f-45a2-be76-388750967d55,4e28f85f-a2ba-4cf0-9e5a-c9808e116373,2015-05-09,45.217906403,1.757186689,27.6,28.62700201680001,tC/acre,0.2,1.2815,Grassland without tree/shrub cover
36782572,2015-05-24,a4e831c9-1f0b-4096-8402-c4d5333a3318,a4123a62-7ee4-4f12-b925-e2e517f78992,2015-05-24,45.937673849,1.699605162,84.8,61.9085405312,tC/acre,0.2,0.902,Grassland without tree/shrub cover
36782654,2015-08-13,e9f9a982-9d34-4675-a539-d2faf52e5d74,f1573cd2-3858-41aa-8486-2770f664a420,2015-08-13,46.670868027,1.58479706,9.7,9.264071912000004,tC/acre,0.2,1.1800000000000002,Grassland without tree/shrub cover
36822426,2015-06-04,f7af92e3-f478-45e9-b5cc-3635f0cab3fa,4e111b55-0137-459f-a865-ffdc9b193ca9,2015-06-04,44.634846145,1.944425364,20.0,16.1065028,tC/acre,0.2,0.995,Temporary grassland
36822720,2015-09-07,ce4b9bb9-f61a-43a5-91a3-47feed008997,c9da285e-5cdf-479f-800a-a1775f2d4811,2015-09-07,47.264761114,1.541913974,17.0,16.236002320000004,tC/acre,0.2,1.1800000000000002,Grassland without tree/shrub cover
36842170,2015-05-24,f7a59a52-e1ed-42a0-9dd7-e78f3cd88003,c40f23c0-3a08-4cd9-9663-02addc644163,2015-05-24,42.340999207,2.280800881,45.9,43.83720626400001,tC/acre,0.2,1.1800000000000002,Grassland without tree/shrub cover
36842746,2015-09-05,9154a95e-3257-4e3d-9604-2faa637b2dc5,033f84b8-89d2-4c12-b6ce-050292dae90a,2015-09-05,47.499093554,1.530177975,18.2,17.382073072000004,tC/acre,0.2,1.1800000000000002,Grassland without tree/shrub cover
36862148,2015-07-16,f2078d96-51e3-4a40-8944-7dc1c41a1dff,586ad04b-d472-40b4-a41a-421fc13e68cc,2015-07-16,42.145271127,2.330093508,30.9,29.511321864000006,tC/acre,0.2,1.1800000000000002,Grassland without tree/shrub cover
36862396,2015-08-13,aab37de4-84d3-4675-8f27-258031fb72c9,287c2f53-c428-41b1-8ec1-23ab2d49c1e6,2015-08-13,44.369956119,2.032607937,47.4,40.05225904320001,tC/acre,0.2,1.044,Grassland without tree/shrub cover
36882370,2015-07-03,34936c3d-9d6b-4108-b16b-85476a9637e1,54b634c2-47b5-48ed-8026-d0e20a1fc7a7,2015-07-03,44.138877786,2.090067383,33.2,31.707957472000007,tC/acre,0.2,1.1800000000000002,Grassland without tree/shrub cover
36882384,2015-08-20,45c3bead-d8de-4162-bd09-d5a35251716a,8336641d-6057-4762-8211-99244680cbc1,2015-08-20,44.264342475,2.072597021,24.2,22.671723778,tC/acre,0.2,1.1575,Grassland without tree/shrub cover
36882640,2015-07-12,3854b0ee-25ca-4729-9c78-484b62fa4b4f,f93c139a-27f2-44ad-8037-15af9aabfa21,2015-07-12,46.555809453,1.734304269,33.9,20.070685450200003,tC/acre,0.2,0.7315,Grassland without tree/shrub cover
36922448,2015-08-20,e14f4c43-26db-43fb-8d06-d42206560282,ff000e54-b0a4-43cc-96b1-69245811d723,2015-08-20,44.841538387,2.041701621,21.1,20.151744056000005,tC/acre,0.2,1.1800000000000002,Temporary grassland
36942362,2015-07-03,1ec4ec7c-428e-4048-967d-c9f4c78639f6,44c32dd6-f63e-4c0f-8bf7-3149691445ad,2015-07-03,44.072849071,2.174422183,15.7,14.994425672000006,tC/acre,0.2,1.1800000000000002,Grassland without tree/shrub cover
36962384,2015-08-19,87413603-1f58-43c6-b32b-50329c398d4a,4bb5104b-f09f-4773-b232-ba4afd749367,2015-08-19,44.271924471,2.172160465,46.4,39.319939257600005,tC/acre,0.2,1.047,Grassland without tree/shrub cover
36982170,2015-07-13,5509a241-3011-41ca-822b-d32a6f39598f,d226cff1-659a-42f6-9423-284f972e5d0b,2015-07-13,42.353793158,2.44949953,59.8,57.11252580800001,tC/acre,0.2,1.1800000000000002,Grassland without tree/shrub cover
36982404,2015-08-08,b9cc8965-e4f9-4aac-8ffd-d52dc6ea0627,18fd17dc-a78d-45f0-b883-a8f6a79dd7a1,2015-08-08,44.453046844,2.172307568,27.1,25.3227812954,tC/acre,0.2,1.1545,Grassland without tree/shrub cover
37002426,2015-06-06,ff2aeede-5774-4b51-8f21-9b54b860f7d7,3623b214-79b9-4c44-870f-dcdeb8608d30,2015-06-06,44.652064418,2.169905551,18.0,18.545950008,tC/acre,0.2,1.273,Grassland without tree/shrub cover
37002606,2015-09-10,75eeaf02-2448-42b2-9b02-696fd1f5891a,85c85b71-b12a-47c9-8499-87ea2974a20f,2015-09-10,46.26358017,1.936118555,23.0,18.643479334,tC/acre,0.2,1.0015,Grassland without tree/shrub cover
37022386,2015-05-28,dab01f94-c671-42b9-bad6-cecc5ba4fefa,294a4da2-967d-443f-bb6f-82904fdb3841,2015-05-28,44.295475327,2.244398493,19.5,19.917835548000006,tC/acre,0.2,1.262,Grassland without tree/shrub cover
37022614,2015-09-10,f7dc7348-dd77-4b3d-aef1-85ca1790f0db,7df930a8-8842-4cae-8d73-80bfcd14e1f2,2015-09-10,46.337097733,1.951133438,33.8,32.280992848000004,tC/acre,0.2,1.1800000000000002,Grassland without tree/shrub cover
37042554,2015-09-18,b58be59c-8a34-4de1-8edc-12c0bc985b2a,0d884bf6-d1f8-4cd8-a085-f99cf0d11049,2015-09-18,45.802134767,2.056660948,45.6,45.8020377312,tC/acre,0.2,1.241,Temporary grassland
37062618,2015-09-14,34d1fe30-502e-41cc-8cc8-6b1b7492b3dd,7d74870b-46ac-49ad-a3bc-559d8e6a39d9,2015-09-14,46.37676716,1.99742524,45.0,42.97765320000001,tC/acre,0.2,1.1800000000000002,Grassland without tree/shrub cover
37082380,2015-05-28,9fe45c1f-55d0-4e35-8181-a1bee4a9f35f,a73033d1-3a2e-483a-97d5-b446ae69b12d,2015-05-28,44.247259359,2.326397519,18.8,18.5409319016,tC/acre,0.2,1.2185,Grassland without tree/shrub cover
37102474,2015-07-18,8fafa15c-8f0a-4233-a40d-251047c534ea,68a3e8ed-a917-4681-8f22-cd6da6d423f3,2015-07-18,45.091484448,2.235565997,24.4,23.303438624000005,tC/acre,0.2,1.1800000000000002,Grassland without tree/shrub cover
37102564,2015-09-18,dd8a3896-cc16-4738-b542-98d579eaee86,7eee2a97-6823-40f6-82ea-21cbdac3d5cb,2015-09-18,45.897379484,2.120389607,48.8,37.0682663536,tC/acre,0.2,0.9385,Grassland without tree/shrub cover
37122992,2015-07-30,155088d3-cc38-4638-ba7d-3c1c541c9ea0,6e15105c-039d-432c-b236-d3f9677bbc3a,2015-07-30,49.724272217,1.533718711,54.6,44.655724167600006,tC/acre,0.2,1.0105,Grassland without tree/shrub cover
37182570,2015-09-19,f5782985-462e-4766-b328-d642dd4c838a,c026e339-ba72-4927-be4b-be1d44dbb88c,2015-09-19,45.958662223,2.21516839,21.7,20.724779432,tC/acre,0.2,1.1800000000000002,Grassland without tree/shrub cover
37202494,2015-07-19,0508b5d1-39c8-47d2-b9d3-619aa839f067,b55ef303-6fe0-4177-a79c-137e7c41f6cb,2015-07-19,45.279947192,2.337062332,72.8,69.52829228800002,tC/acre,0.2,1.1800000000000002,Grassland without tree/shrub cover
37202566,2015-09-20,e1d25111-173e-4636-9198-cc5d7c16895d,ebebe1c3-2497-44e1-afd7-fe33bf4cda16,2015-09-20,45.924731116,2.245969526,23.3,16.2464836874,tC/acre,0.2,0.8614999999999999,Grassland without tree/shrub cover
37202638,2015-07-11,01a532ad-2967-45ef-bd7a-908c29a5d152,44cf31af-76f4-4777-a55d-61d4720b6211,2015-07-11,46.569138319,2.152022607,22.2,20.4296824008,tC/acre,0.2,1.137,Grassland without tree/shrub cover
37222482,2015-06-05,7321ddca-aa0c-4301-8efb-89354a171fe6,6e06a99f-eb43-454b-affc-0c1311b8808f,2015-06-05,45.174287445,2.377274148,30.4,22.611911187200004,tC/acre,0.2,0.919,Grassland without tree/shrub cover
37223008,2015-05-07,9361839b-aa59-4663-b6c5-88957292865f,7507dd1e-f6e5-4e61-a9ec-15d7c31742da,2015-05-07,49.877340441,1.646791868,38.3,30.1154775934,tC/acre,0.2,0.9715,Grassland without tree/shrub cover
37242384,2015-07-30,0fb3c880-27d2-40ed-a107-f873082dec94,41afbdc4-f389-4113-967f-3c96ff7c1db0,2015-07-30,44.297709318,2.520816483,15.0,14.325884400000003,tC/acre,0.2,1.1800000000000002,Temporary grassland
37242430,2015-07-03,4755d5d5-7182-483b-8d42-63db9dff1139,e5fd11ae-e93d-46e0-a439-21baaea0a709,2015-07-03,44.71011947,2.465919313,60.8,58.06758476800001,tC/acre,0.2,1.1800000000000002,Grassland without tree/shrub cover
37242460,2015-07-17,dff00a29-e8e4-4330-8057-21d6c7a13b1c,13b6137b-7369-4a8f-a660-074560908a21,2015-07-17,44.978993249,2.429543319,33.0,23.530872156,tC/acre,0.2,0.881,Grassland without tree/shrub cover
37242582,2015-09-25,306af26d-3726-40cf-bbdd-2fb82e505986,f7f35e14-48e5-478a-ae1d-a0acef4112da,2015-09-25,46.07171285,2.276764508,24.7,23.589956312000005,tC/acre,0.2,1.1800000000000002,Grassland without tree/shrub cover
37242654,2015-10-08,63045b89-55af-4830-8093-3542cec95b72,2caa8b8d-1de8-4ca4-9ad6-73b23a1be42c,2015-10-08,46.716090993,2.18278006,31.4,29.98885134400001,tC/acre,0.2,1.1800000000000002,Grassland without tree/shrub cover
37242694,2015-06-27,ef9fe5c9-65b8-4349-8e2e-5ce6b6b6ca2c,142cab64-bfa1-4bed-8d20-614dc4ced081,2015-06-27,47.073923934,2.129282279,12.1,11.556213416000004,tC/acre,0.2,1.1800000000000002,Grassland without tree/shrub cover
37262116,2015-06-25,ee0c645a-277f-496c-80d6-f99ac9bc78f9,3a19dace-82b7-4f4b-9eb6-f483d93c363e,2015-06-25,41.893172912,2.844749984,31.9,36.8307561402,tC/acre,0.2,1.4265,Temporary grassland
37262440,2015-05-31,81569f36-49a1-437b-a631-6cb742bf33cb,af7d26b1-1221-4ab7-b87e-a4c949a762da,2015-05-31,44.801567384,2.478978761,33.7,34.42210553680001,tC/acre,0.2,1.262,Grassland without tree/shrub cover
37262444,2015-07-03,2284497f-616a-49fd-9a9b-8b4a2abbd9b4,e43284c2-8f35-424f-ab95-2b6459931039,2015-07-03,44.837419491,2.474150625,41.5,39.63494684000001,tC/acre,0.2,1.1800000000000002,Grassland without tree/shrub cover
37262452,2015-07-10,f5dcfb87-f834-49fd-831d-f4e92cd834d8,196bee6b-b145-4e21-8650-0ef46c4a5278,2015-07-10,44.909119991,2.464469991,16.3,15.567461048000002,tC/acre,0.2,1.1800000000000002,Grassland without tree/shrub cover
37262560,2015-10-12,7c45f1a5-aadc-40a5-89f7-d22019f4794a,3ebd09ad-c1cc-4a0e-a8ce-0b082fbbb6ea,2015-10-12,45.876603066,2.330526084,25.2,24.067485792000006,tC/acre,0.2,1.1800000000000002,Grassland without tree/shrub cover
37282370,2015-07-23,d6453a23-e069-41e8-9ed3-e20c937e8d8d,b927ace8-2d15-484b-a281-13473385367d,2015-07-23,44.175738552,2.587039522,46.6,44.50574753600001,tC/acre,0.2,1.1800000000000002,Grassland without tree/shrub cover
37282474,2015-07-18,9190ebb5-4073-4cc9-814b-2245ca48b767,101ae199-ee48-485c-857a-f1492819305f,2015-07-18,45.108092002,2.462950617,85.7,50.28830579000001,tC/acre,0.2,0.7250000000000001,Grassland without tree/shrub cover
37302458,2015-07-11,6fd8dbea-b935-4270-b70b-2de96b76d837,b0817f25-60a1-4254-9126-e0e6883a7e91,2015-07-11,44.966517229,2.507603449,77.0,41.69317983600001,tC/acre,0.2,0.669,Grassland without tree/shrub cover
37302488,2015-06-13,d6ff488f-25bb-471d-9af0-3dc7364e0a3a,567f0e1b-0b8e-48ae-870e-7adacaa44ede,2015-06-13,45.235356982,2.471157587,50.0,47.75294800000001,tC/acre,0.2,1.1800000000000002,Grassland without tree/shrub cover
37302542,2015-10-11,0a0d2a6a-3011-4b7a-9aa3-41c6e4a9a789,5ebb588b-ee4e-48d8-8a94-7ff8f86e55c0,2015-10-11,45.719098754,2.404376638,82.0,78.31483472000001,tC/acre,0.2,1.1800000000000002,Grassland without tree/shrub cover
37322306,2015-06-24,1b03155e-827f-4a4f-9d14-96b3fc2ada9f,5a3f0e41-0bc0-4b4d-8ed1-969769d7c8c4,2015-06-24,43.605067078,2.710019902,22.8,21.775344288000003,tC/acre,0.2,1.1800000000000002,Grassland without tree/shrub cover
37322374,2015-07-24,26c0cce3-0002-46fe-8c56-cdd04cc160d5,7d2609f4-f329-41b5-b234-feff7f7953a5,2015-07-24,44.215171669,2.632124987,20.0,19.1011792,tC/acre,0.2,1.1800000000000002,Temporary grassland
37323104,2015-06-22,2f89aaf7-5151-4177-8e5e-b6aff3997927,88e24694-339e-436a-b0ce-90a46365fbe6,2015-06-22,50.744218914,1.634518252,49.8,47.561936208000006,tC/acre,0.2,1.1800000000000002,Grassland without tree/shrub cover
37362444,2015-07-02,c53dd919-0f97-4c71-95c0-46e3efbad4bd,b64a0e30-225b-4fe9-91a9-11c3d86fa820,2015-07-02,44.846413415,2.599921335,22.8,21.775344288000003,tC/acre,0.2,1.1800000000000002,Grassland without tree/shrub cover
37362486,2015-06-05,88522760-7715-4f60-8fce-15de99cf5291,93fd9bb7-9a49-4a6d-b828-0fae42ac01b5,2015-06-05,45.222856911,2.549572962,93.9,62.85202547160001,tC/acre,0.2,0.827,Grassland without tree/shrub cover
37362504,2015-06-10,fcd15f63-9a83-479e-a96e-7c2224e1b4c1,36ffe6c0-8ed7-498a-800d-e08d6008cb3f,2015-06-10,45.384149233,2.527720192,43.6,41.64057065600001,tC/acre,0.2,1.1800000000000002,Grassland without tree/shrub cover
37362534,2015-05-23,298b6322-d8cc-4611-85ce-95d329f15826,954ca4a1-7ac5-4e16-a75e-c5600f96773d,2015-05-23,45.652916563,2.490925814,29.8,27.5924627264,tC/acre,0.2,1.144,Grassland without tree/shrub cover
37362588,2015-10-09,3dee6f1d-b2e7-49b1-9511-fe62b0517633,d16e4d33-492e-47ab-9b87-10ae1f9b4d30,2015-10-09,46.136533465,2.423496551,19.3,19.7916544532,tC/acre,0.2,1.267,Grassland without tree/shrub cover
37382484,2015-06-05,e2bc6ffe-f586-4541-b26b-aba7f8627cc2,602f9ff9-94bf-42cb-ac4f-2be00b70432c,2015-06-05,45.20672802,2.577309426,139.1,60.17595835939999,tC/acre,0.2,0.5345,Grassland without tree/shrub cover
37382614,2015-07-07,8876ccbf-5eb6-47c0-880c-6c38bcfe8eb6,de522d41-f46d-4c32-b997-0692f1955c1a,2015-07-07,46.371151213,2.416326326,38.1,27.3833210016,tC/acre,0.2,0.888,Grassland without tree/shrub cover
37382632,2015-07-10,20bb327e-a605-4d73-9ca6-ec83a1ae5cdf,ecc35916-fb88-4458-858c-bb3f17580ae8,2015-07-10,46.532284711,2.393319337,17.7,16.904543592000007,tC/acre,0.2,1.1800000000000002,Grassland without tree/shrub cover
37402320,2015-06-27,074218fa-7949-4561-a913-c25cb0d6934f,d2c4dbfe-9059-41c4-8bb0-1e93a0c7340f,2015-06-27,43.737682886,2.79287141,63.3,60.455232168,tC/acre,0.2,1.1800000000000002,Grassland without tree/shrub cover
37402630,2015-07-06,be6e47be-45b9-4cce-add9-f61bd0b63fe8,59983582-540f-4886-8eed-7252bd84428a,2015-07-06,46.516220427,2.421812545,52.3,49.949583608000005,tC/acre,0.2,1.1800000000000002,Grassland without tree/shrub cover
37422586,2015-10-10,de8e5d7f-9d4c-4b8e-a8c9-d7624b477b6d,49258892-56ee-4ea0-b998-d59bb89c3755,2015-10-10,46.124093795,2.503244494,23.2,24.185330355200005,tC/acre,0.2,1.288,Temporary grassland
37423108,2015-05-25,5a6b66e2-d305-48c8-8ce5-0453f58b4aa6,42ea0b16-8a2e-4c2a-af1b-f8974f9e715f,2015-05-25,50.790086277,1.769126719,21.5,20.533767640000004,tC/acre,0.2,1.1800000000000002,Grassland without tree/shrub cover
37442606,2015-07-15,10fadab6-2854-4c11-955f-f05e125f99e0,72f2c19f-49db-45f0-8333-88ae965053ca,2015-07-15,46.304999908,2.503975558,27.5,20.644044575,tC/acre,0.2,0.9275,Grassland without tree/shrub cover
37442620,2015-07-08,8847a989-9a0e-4390-a1d6-7902205e218d,f447c0f0-832e-4c7b-a6bf-2d60b79f6326,2015-07-08,46.430350455,2.486337561,19.2,18.337132032000007,tC/acre,0.2,1.1800000000000002,Grassland without tree/shrub cover
37462438,2015-08-15,3e45eaed-be4b-4405-a4d8-4274dc529a05,7ae4c513-f648-40cb-b991-5fadc6356987,2015-08-15,44.801457829,2.732729248,65.3,62.36535008800001,tC/acre,0.2,1.1800000000000002,Grassland without tree/shrub cover
37462484,2015-06-02,80bfb6de-217e-425d-b5a9-5052082d53ef,bee61d20-4f6a-43ca-a59b-eb0c71474189,2015-06-02,45.213843016,2.678598662,137.6,65.3182628928,tC/acre,0.2,0.5865,Grassland without tree/shrub cover
37462568,2015-10-13,68c7fcde-f87a-44c3-afd3-b46f9085492c,34b877c5-52d8-4ae0-b4d8-eccccbe372af,2015-10-13,45.966492059,2.576986739,56.7,54.151843032,tC/acre,0.2,1.1800000000000002,Grassland without tree/shrub cover
37482560,2015-10-08,8dcdf4af-5a74-4361-9340-a47567636468,4e0ce418-bbee-49a8-b3eb-93e32bc2f912,2015-10-08,45.896622091,2.612459809,38.2,36.48325227200001,tC/acre,0.2,1.1800000000000002,Grassland without tree/shrub cover
37482588,2015-07-14,32ba64b5-e3f1-49d6-93fc-e4f4187fed6e,477fe99e-b3e7-48f5-96aa-db216a723c19,2015-07-14,46.147418523,2.578006443,26.0,24.831532960000004,tC/acre,0.2,1.1800000000000002,Grassland without tree/shrub cover
37502424,2015-08-10,9f68fdaa-3c70-4560-baad-4ecc025c9b47,c14ac5a3-eb8b-4077-8f13-15a03f841ca2,2015-08-10,44.679399392,2.799171292,75.4,72.01144558400003,tC/acre,0.2,1.1800000000000002,Grassland without tree/shrub cover
37502442,2015-08-12,4ad7ca61-b84e-432c-8ae8-599771ee88c9,02ae475a-e6c0-4973-9a68-c32dc683db64,2015-08-12,44.840817277,2.77838045,89.2,85.19125923200002,tC/acre,0.2,1.1800000000000002,Grassland without tree/shrub cover
37502514,2015-05-25,c88b11d3-4445-48d8-8b7b-c237f366a4ae,b19ec41d-5060-42df-8384-67c6dcb99e1b,2015-05-25,45.486245878,2.693622446,206.3,77.97659816120003,tC/acre,0.2,0.467,Grassland without tree/shrub cover
37502546,2015-10-11,e524041e-82c1-49df-a93c-060446e41e0f,30986b87-98a5-4869-bc32-2b6016926867,2015-10-11,45.772981245,2.655113303,38.8,37.056287648000016,tC/acre,0.2,1.1800000000000002,Grassland without tree/shrub cover
37502622,2015-07-17,864b645d-310d-4ff2-bbeb-28115decfb9e,d0260caa-0ae2-4c4e-a408-adbd3f2868ee,2015-07-17,46.453688068,2.561509456,47.1,44.98327701600002,tC/acre,0.2,1.1800000000000002,Grassland without tree/shrub cover
37542450,2015-06-23,3d92c426-cc57-4ae5-80fa-8056608f26e2,b4c4e503-afe7-4902-89b6-2d10509f3473,2015-06-23,44.916025159,2.819475572,31.5,30.084357240000006,tC/acre,0.2,1.1800000000000002,Grassland without tree/shrub cover
37542526,2015-10-11,4f760c99-e6c1-47f0-b31c-5d5f5bfae5ee,60847980-87ee-46d9-a4e8-bdfb425bedde,2015-10-11,45.597304625,2.730244854,44.7,33.917745375,tC/acre,0.2,0.9375,Grassland without tree/shrub cover
37562412,2015-08-09,3cb866d9-463a-400a-b7de-72df603d1c2f,47f8ed17-a9a4-4b05-9335-4451dba65b4a,2015-08-09,44.576939953,2.888075058,62.2,59.404667312000015,tC/acre,0.2,1.1800000000000002,Grassland without tree/shrub cover
37562422,2015-05-29,d81c2623-b7c9-4057-bcdd-7c894d27805d,19eb3873-8712-4faf-b994-ac85fe696c26,2015-05-29,44.666638321,2.876719794,102.5,58.9020473,tC/acre,0.2,0.71,Grassland without tree/shrub cover
37562430,2015-05-30,2d5ae8e3-743b-4131-83f1-768fcf7043cb,d2f7203b-9886-484c-a6d9-fb4722117003,2015-05-30,44.738391522,2.867601292,136.8,72.246163464,tC/acre,0.2,0.6525000000000001,Grassland without tree/shrub cover
37562458,2015-06-29,444c24e2-270b-4aa4-a33e-14521094819b,4ff04f5d-a58d-467b-aa4c-21396386988d,2015-06-29,44.989489626,2.835444345,42.2,40.30348811200001,tC/acre,0.2,1.1800000000000002,Grassland without tree/shrub cover
37562584,2015-10-10,e111fb55-fd77-4d7c-b7b2-742ef48a220e,f418a208-dda1-42cd-b9b4-45d0e64c1bc7,2015-10-10,46.118720874,2.685923903,29.9,28.556262904000004,tC/acre,0.2,1.1800000000000002,Grassland without tree/shrub cover
37562596,2015-07-27,2e39f1ce-3fed-4faa-ae9b-06b1c1097864,71210ccb-36f4-4d8c-8ce9-e58509f4d18f,2015-07-27,46.226208105,2.671259236,24.6,21.2346028548,tC/acre,0.2,1.0665,Grassland without tree/shrub cover
37582396,2015-07-18,f784fce2-a255-4466-af93-6fcd24f8cb13,1ea807b9-6893-4256-9d30-3f9ccc8b2a00,2015-07-18,44.435111631,2.931128507,41.6,39.73045273600001,tC/acre,0.2,1.1800000000000002,Grassland without tree/shrub cover
37582414,2015-05-29,d4d990a3-412f-4680-8f4d-48825e76fcf2,4cbf7ae1-88a1-42f9-ae32-bf4a91cd60c9,2015-05-29,44.596590925,2.910861743,86.7,56.488904682000005,tC/acre,0.2,0.805,Grassland without tree/shrub cover
37582662,2015-05-01,af073f27-8352-4e64-9fce-e959925234cd,380d2b41-357f-4e5b-b3bd-83869ce46be3,2015-05-01,46.819006429,2.615309344,21.6,23.0068847232,tC/acre,0.2,1.3159999999999998,Grassland without tree/shrub cover
37602384,2015-07-21,cba6c1dd-869d-43aa-a871-627abbc400d9,526ea34d-f546-4a04-9cc6-16d5a9bbdb3e,2015-07-21,44.329140189,2.969493455,49.0,46.79788904000001,tC/acre,0.2,1.1800000000000002,Grassland without tree/shrub cover
37622444,2015-06-23,08435af9-a11f-413a-bccc-8eec51c7c9f9,10f82f37-8f10-492f-8923-9bb55e1b293b,2015-06-23,44.869090386,2.927092112,39.1,37.342805336000005,tC/acre,0.2,1.1800000000000002,Grassland without tree/shrub cover
37622620,2015-07-26,e559ecab-2d55-4055-925b-f06eb761ad7f,c10fd40a-89fd-4551-ad19-ea1b59732101,2015-07-26,46.446469923,2.719403982,29.8,28.46075700800001,tC/acre,0.2,1.1800000000000002,Grassland without tree/shrub cover
37623100,2015-06-21,cad14bb4-619b-437f-a5ca-bfe107963db2,08e4aecf-468c-45c5-9259-41dc1c352d57,2015-06-21,50.738501222,2.063570469,31.2,28.1690593392,tC/acre,0.2,1.1155,Grassland without tree/shrub cover
37642442,2015-06-23,87c7fdee-b4e8-4e1d-9d1a-89e56afe6400,01ab10c7-a8ef-4faf-812b-7ae8fe584c75,2015-06-23,44.852854168,2.954532975,35.1,33.52256949600001,tC/acre,0.2,1.1800000000000002,Grassland without tree/shrub cover
37642496,2015-05-24,c70619e5-1c56-47f1-9c2c-90b9c0219fc8,872bc94b-809d-4bca-aee1-3956bb1524ec,2015-05-24,45.337083443,2.892727251,154.3,66.81406328600002,tC/acre,0.2,0.535,Grassland without tree/shrub cover
37642574,2015-10-09,0d915c0b-77bb-4095-b3d2-346decb7c990,c9ca3316-ecb4-4ab0-a7fa-936a616f500a,2015-10-09,46.036154856,2.800912784,34.2,32.78757878280001,tC/acre,0.2,1.1845,Grassland without tree/shrub cover
37662452,2015-06-23,cc8e7268-d61e-45bc-afee-40be1c74d38b,5137fcc0-35b2-4ecf-94e8-12212ed63b3a,2015-06-23,44.944241019,2.968403459,36.5,34.85965204000001,tC/acre,0.2,1.1800000000000002,Grassland without tree/shrub cover
37662458,2015-06-29,5fb48739-22b3-497d-80ea-df1fcb53e12d,6aef30cc-1b51-4aea-b3a7-7725240018b8,2015-06-29,44.998052345,2.961600786,47.9,45.74732418400001,tC/acre,0.2,1.1800000000000002,Grassland without tree/shrub cover
37662516,2015-05-24,d17143ce-0b72-4c73-8290-40b6adf2726f,5503c2c4-1095-465f-b283-4e488a90eac7,2015-05-24,45.518092678,2.894944689,130.0,63.86754452,tC/acre,0.2,0.607,Grassland without tree/shrub cover
37662638,2015-07-22,593ee4f6-2d9a-499d-a617-693cae556bea,806b5d24-4c3b-4915-a50c-55e51def0565,2015-07-22,46.611197308,2.749229832,18.7,17.859602552000005,tC/acre,0.2,1.1800000000000002,Grassland without tree/shrub cover
37682496,2015-09-25,9f452d55-bb7c-4421-8379-2faa2109c57b,a217b914-ec86-423a-959d-16de68d1d13b,2015-09-25,45.340502415,2.943503738,100.3,58.449608352,tC/acre,0.2,0.72,Grassland without tree/shrub cover
37682550,2015-09-27,071c2a58-d80c-4a77-b85f-ef0dfe8781ae,133e8529-63aa-490e-8a66-054e0e537fc3,2015-09-27,45.824555692,2.880711098,40.4,36.3281765968,tC/acre,0.2,1.111,Grassland without tree/shrub cover
37702434,2015-06-23,8a3e214e-7106-4656-800b-f6c90037b80f,ad701220-d80e-4dd0-92f6-84c63cd5e41b,2015-06-23,44.786158559,3.038989599,53.4,51.00014846400001,tC/acre,0.2,1.1800000000000002,Grassland without tree/shrub cover
37702494,2015-09-25,0906867d-a702-4827-8bb7-7168f8eb8569,fc71fd30-4965-4311-a8eb-8b8f58861ba4,2015-09-25,45.324270203,2.971184028,58.2,55.58443147200002,tC/acre,0.2,1.1800000000000002,Grassland without tree/shrub cover
37702506,2015-09-26,e8aabb47-947b-45d1-8658-985af6c96627,254fe836-f345-4689-bdaa-258fe485c078,2015-09-26,45.43186109,2.957415263,80.7,77.07325807200003,tC/acre,0.2,1.1800000000000002,Grassland without tree/shrub cover
37722426,2015-05-30,4618e1f2-c65e-4b4d-a113-b793f3acd599,9c412e22-51b0-45aa-8c1d-207fd3b30bc6,2015-05-30,44.716062473,3.073012376,411.0,58.047755154,tC/acre,0.2,0.1745,Grassland without tree/shrub cover
37722444,2015-06-24,7b9b961e-8ce7-4426-a7ae-7ff9bfb7d205,a5502d39-10e6-419d-ba0a-eed7cb99a6b6,2015-06-24,44.877540099,3.052989606,36.4,34.76414614400001,tC/acre,0.2,1.1800000000000002,Grassland without tree/shrub cover
37722454,2015-06-24,8a9ccd24-c8d6-46c7-91da-95e3529604c6,75cdab35-c2e6-4e3e-8ee8-ea78bbe145af,2015-06-24,44.967239489,3.041800223,43.8,41.831582448000006,tC/acre,0.2,1.1800000000000002,Grassland without tree/shrub cover
37722468,2015-06-11,e44ea95f-fdd9-4a6b-a812-782df9fd9fb0,dc0b1eb0-1282-4e13-a8b7-904162225b8d,2015-06-11,45.09280626,3.026055687,58.9,56.25297274400001,tC/acre,0.2,1.1800000000000002,Grassland without tree/shrub cover
37722516,2015-09-26,40fc0d61-d765-45df-a5fe-562ea291c1ad,2c4ccbd9-bd87-4e2f-8284-31e383712bdf,2015-09-26,45.5232129,2.97136113,44.3,42.30911192800001,tC/acre,0.2,1.1800000000000002,Grassland without tree/shrub cover
37722594,2015-10-10,166b572f-2a53-4de5-a68c-de2ab90ab1d3,6180a053-5c04-4818-a6f3-ea5ec9e7f32b,2015-10-10,46.222277261,2.88006029,39.3,37.533817128,tC/acre,0.2,1.1800000000000002,Grassland without tree/shrub cover
37722612,2015-07-28,f7be6843-e9b7-41ac-9b80-6fa16ed282a8,96ef8850-7e15-4f13-898e-243ddf317e13,2015-07-28,46.38354073,2.85855255,24.3,23.207932728000003,tC/acre,0.2,1.1800000000000002,Grassland without tree/shrub cover
37722648,2015-07-25,7b380f7a-7a7b-4176-a97c-c52400fee49f,7f52208f-2214-4be4-9f9c-a5eddb915aff,2015-07-25,46.706003075,2.815030654,40.2,32.53675440000001,tC/acre,0.2,1.0,Grassland without tree/shrub cover
37722688,2015-10-05,6566227c-a075-463b-9873-31f9f987be53,8a7f55de-76da-499c-9332-a4d1cd2542a3,2015-10-05,47.064195621,2.765865705,33.6,32.08998105600001,tC/acre,0.2,1.1800000000000002,Grassland without tree/shrub cover
37742430,2015-06-18,a11297fc-72ab-4e02-af3b-e5347d2da950,575a716d-4d37-4967-8ddc-3ffaef6c5345,2015-06-18,44.753615937,3.093703855,60.7,57.97207887200002,tC/acre,0.2,1.1800000000000002,Grassland without tree/shrub cover
37742434,2015-05-30,eac107c4-0b71-46a1-ac90-4ac07595adf9,0dec425d-8522-4703-8a0a-d1348146eedf,2015-05-30,44.789501981,3.089275834,39.8,32.986117734400004,tC/acre,0.2,1.024,Grassland without tree/shrub cover
37742466,2015-06-11,d0153763-1704-4294-a2c3-3112000e7c18,e27d5544-b0a1-49a2-8be2-48750c1f19e2,2015-06-11,45.076547673,3.053582304,45.0,42.97765320000001,tC/acre,0.2,1.1800000000000002,Grassland without tree/shrub cover
37742488,2015-05-22,74c1216b-941b-4282-b7ec-f39f53919a56,1737ce1d-ff61-4d23-a0f5-15d3b403e79a,2015-05-22,45.273848107,3.028762041,69.2,66.09008003200003,tC/acre,0.2,1.1800000000000002,Grassland without tree/shrub cover
37762468,2015-06-11,4fe0ca9c-d2d1-492b-a2ff-e554e2331823,63affd10-58e9-4e02-bb94-6ded935da407,2015-06-11,45.09615872,3.076616564,79.3,75.73617552800002,tC/acre,0.2,1.1800000000000002,Grassland without tree/shrub cover
37782456,2015-06-24,45b44289-30a6-4865-9421-17acdaa4dc61,5ef71088-9d93-478d-ac04-f4f058a48056,2015-06-24,44.990186835,3.115255407,41.8,33.84866547480001,tC/acre,0.2,1.0005000000000002,Grassland without tree/shrub cover
37782538,2015-09-26,1b829120-de02-4dda-9b27-35909f65df4e,c18c9648-6c2b-41c7-a3f3-583f34ba9c45,2015-09-26,45.725513864,3.022619162,48.0,45.84283008000001,tC/acre,0.2,1.1800000000000002,Grassland without tree/shrub cover
37782618,2015-07-21,b547d186-dbf8-4d14-a094-efc7c4bda6d2,ffe3b64f-aa80-4165-ae03-aefe6b5557c8,2015-07-21,46.442455263,2.929059965,30.6,29.224804176000006,tC/acre,0.2,1.1800000000000002,Grassland without tree/shrub cover
37783054,2015-07-30,f2404842-248d-4051-84dd-55603469ec40,b4ff2329-3d8d-4375-a541-65139e1cda32,2015-07-30,50.342925761,2.356537607,17.8,11.107659453600002,tC/acre,0.2,0.771,Grassland without tree/shrub cover
37802422,2015-06-18,e68b6f7b-1bca-4d27-802f-f52c36866f5f,f8957010-d9c1-4fb5-bd5c-29914b8cbc1a,2015-06-18,44.686799062,3.17783438,64.0,61.123773440000015,tC/acre,0.2,1.1800000000000002,Grassland without tree/shrub cover
37802434,2015-05-30,4cf07f6b-9cfd-48ea-9512-ec2452df738d,f6a96671-068c-4663-945b-bd4cf4c27ca0,2015-05-30,44.794471796,3.164715233,77.4,41.78447699760001,tC/acre,0.2,0.667,Grassland without tree/shrub cover
37802452,2015-06-29,2bbae882-df07-4924-9b5a-3beaefd8cb33,6711ac81-17a6-4e8d-a194-227e4f4b927b,2015-06-29,44.955960914,3.14491212,40.3,34.1833407968,tC/acre,0.2,1.048,Grassland without tree/shrub cover
37802632,2015-07-19,aa5e86a5-c3ed-41cd-aaa1-46031c4cb548,a383104a-e901-4649-8606-2b1fdc6454c3,2015-07-19,46.569589708,2.938320288,20.8,13.678386800000004,tC/acre,0.2,0.8125,Grassland without tree/shrub cover
37822406,2015-05-23,94c2eb22-2932-4d09-8228-b8ee249deada,b8e772b8-f231-49bd-80a1-d5125f25055e,2015-05-23,44.544854726,3.220262784,65.5,54.021129454,tC/acre,0.2,1.019,Grassland without tree/shrub cover
37822466,2015-06-11,6a18ae1b-1e3c-4b27-ad12-906997cb6a20,4aa0c072-4678-49cc-bf9c-687c90097add,2015-06-11,45.083201462,3.154682754,37.6,35.91021689600001,tC/acre,0.2,1.1800000000000002,Grassland without tree/shrub cover
37822478,2015-05-23,aff073cc-b375-4e45-85bd-88a1646c6f8a,8e4a4beb-fd00-4e91-93cb-533b2db7370c,2015-05-23,45.190839172,3.141366781,40.2,30.03142431120001,tC/acre,0.2,0.923,Grassland without tree/shrub cover
37842408,2015-05-24,af7db71b-ee74-4216-9681-4116caff1096,e8976e67-c42e-4868-ac83-07a9568a0171,2015-05-24,44.564434555,3.243150911,35.0,33.42706360000001,tC/acre,0.2,1.1800000000000002,Grassland without tree/shrub cover
37842498,2015-07-13,470b8fb4-a1ec-4592-b241-cd4e22de5747,6cb1b154-3b6e-439e-bf06-735fc1f082fe,2015-07-13,45.371870528,3.144430931,26.4,25.213556544000003,tC/acre,0.2,1.1800000000000002,Grassland without tree/shrub cover
37862420,2015-05-29,5ab0f6b5-5e10-4783-90e9-26dd9307a74f,7adb8e28-128f-4984-82be-4b1743b5625b,2015-05-29,44.673755278,3.255299361,20.9,24.2996541502,tC/acre,0.2,1.4365,Grassland without tree/shrub cover
37862460,2015-06-25,409f17ee-2a65-4866-b388-b4a09b6bc454,ec1557bc-766d-4caf-b3cd-555aee7c04fc,2015-06-25,45.032665434,3.21182554,36.3,34.668640248,tC/acre,0.2,1.1800000000000002,Grassland without tree/shrub cover
37862536,2015-09-26,dba7fcca-8985-4989-b28c-a0cb12f3f1c9,4bc53ae4-246a-4590-85eb-ef9168d370d9,2015-09-26,45.714277503,3.127172854,74.7,59.6741072508,tC/acre,0.2,0.987,Grassland without tree/shrub cover
37862654,2015-07-20,986118b3-a5a5-4dc6-854e-560e0885cf6d,baabf50b-ebde-4e6f-98c5-402cfa19d8cb,2015-07-20,46.771786499,2.990153883,26.9,25.691086024000004,tC/acre,0.2,1.1800000000000002,Grassland without tree/shrub cover
37882398,2015-06-12,9c92d40b-249b-4529-9f7f-690b7431293a,9d8c47b7-7445-4473-9f38-88e2a9831236,2015-06-12,44.477919796,3.30391189,45.8,43.741700368,tC/acre,0.2,1.1800000000000002,Grassland without tree/shrub cover
37882494,2015-07-23,72ff460e-e7a9-46e0-9da1-7928d28fd1b8,fc2919da-d204-46b1-8e37-92ea01454b70,2015-07-23,45.339292423,3.199686598,41.3,39.443935048,tC/acre,0.2,1.1800000000000002,Grassland without tree/shrub cover
37882620,2015-07-18,bc0d5cab-5d31-4939-93fb-328d0cb18e12,30aa6452-4ac8-4834-bcb8-bb5d58a3c565,2015-07-18,46.468859609,3.056275528,38.4,36.67426406400001,tC/acre,0.2,1.1800000000000002,Grassland without tree/shrub cover
37902480,2015-05-23,6d2bcac5-691c-4bba-8d68-db86445d0e08,b7140612-868c-4b32-84c1-6cd05039090a,2015-05-23,45.215351478,3.240489229,34.5,32.94953412,tC/acre,0.2,1.1800000000000002,Grassland without tree/shrub cover
37902580,2015-07-29,d79c5315-3db9-41c4-943a-92bd8395789f,e2fc271e-8acf-4a3f-b176-be09556834e0,2015-07-29,46.112048776,3.128399388,18.7,17.859602552000005,tC/acre,0.2,1.1800000000000002,Grassland without tree/shrub cover
37902630,2015-07-19,c29df2df-5022-4934-83a0-54576a6f6fb0,de20e2c4-0247-4fce-a5c8-21017f27f396,2015-07-19,46.56014406,3.070523636,39.3,37.533817128,tC/acre,0.2,1.1800000000000002,Grassland without tree/shrub cover
37922448,2015-06-07,e64d67a7-a542-41e6-b57e-3ba074dd5ae3,13056cc0-6f5c-457d-8800-e06acb8edb65,2015-06-07,44.929878353,3.300575265,59.8,42.2777892316,tC/acre,0.2,0.8734999999999999,Grassland without tree/shrub cover
37922466,2015-06-25,43abfec2-70be-4dae-9594-dc5d6088ab31,f71563c2-38d8-4c90-a49f-8722bc95eea0,2015-06-25,45.091381897,3.281088651,51.0,48.708006960000006,tC/acre,0.2,1.1800000000000002,Grassland without tree/shrub cover
37942418,2015-06-20,a138a83c-fc09-4bd4-b8f5-44df4f14106c,0e482166-e0d2-4e43-a3d8-ea0a069c47b7,2015-06-20,44.662256817,3.357820332,22.7,23.6457220428,tC/acre,0.2,1.287,Temporary grassland
37962654,2015-10-02,01f9564d-c1d8-4efc-8b08-758e15144502,30488ca8-0102-4803-be1d-c0b893d2e4db,2015-10-02,46.78020324,3.120516143,15.0,14.325884400000003,tC/acre,0.2,1.1800000000000002,Grassland without tree/shrub cover
37963036,2015-07-12,842e17ba-2508-4b32-95b1-2d1094f528d6,a11610ce-56b3-423b-b404-d4b656ca5aba,2015-07-12,50.198611808,2.63344855,28.0,19.240391184,tC/acre,0.2,0.849,Grassland without tree/shrub cover
37982422,2015-06-20,70944411-5ee0-4569-8126-0bc894b41a07,bf66c7c8-129b-4b47-a8c0-4f3e7f3c2ce8,2015-06-20,44.701349745,3.403795196,78.8,75.258646048,tC/acre,0.2,1.1800000000000002,Grassland without tree/shrub cover
37982642,2015-10-02,46e742c4-2991-4ef8-bfd2-c556f84147b5,2641ee83-555f-4df6-8625-640d510de89b,2015-10-02,46.674342594,3.160535626,17.1,15.376530193200002,tC/acre,0.2,1.111,Grassland without tree/shrub cover
38002496,2015-07-31,0cc4bf09-8298-485d-abc3-84081b2e1d19,460208e8-cc87-43fc-ad0c-90eb58d0064b,2015-07-31,45.366974031,3.349915465,37.0,35.33718152000001,tC/acre,0.2,1.1800000000000002,Grassland without tree/shrub cover
38022434,2015-06-19,95038fa6-e39a-4ba3-9501-d8871c9f4312,49cbbff9-23cf-4b8a-b490-b0c866edd72e,2015-06-19,44.812228952,3.441427573,61.4,58.64062014400002,tC/acre,0.2,1.1800000000000002,Grassland without tree/shrub cover
38022606,2015-08-03,d3cba903-ffa9-4d21-b5b8-65bba0227602,a4f9abc9-c346-4460-9fef-58ccb795a633,2015-08-03,46.354991373,3.253672616,28.7,25.5751030164,tC/acre,0.2,1.101,Grassland without tree/shrub cover
38082616,2015-08-03,e364b606-6801-44d0-bd2a-d3261ffc5511,3ebc3b2a-339f-40f9-81a4-b436ade394f3,2015-08-03,46.449507079,3.320079174,36.9,35.241675624,tC/acre,0.2,1.1800000000000002,Grassland without tree/shrub cover
38082624,2015-08-03,f41e876b-e63d-4902-aee6-3dc0c46f406c,e58c1c74-b03c-4cff-bc38-05a64ccce83e,2015-08-03,46.521217466,3.311068911,33.0,26.17509048,tC/acre,0.2,0.98,Grassland without tree/shrub cover
38102458,2015-07-20,9664320e-4833-4d42-97f7-e7243c36005e,8c64f8f7-ed94-4bd4-b1ec-39466ca7b5f1,2015-07-20,45.033925588,3.517091265,26.4,25.213556544000003,tC/acre,0.2,1.1800000000000002,Grassland without tree/shrub cover
38102502,2015-08-01,11cd4248-3ab0-4c9a-8075-f74fa9ca281d,a2206527-5a3e-41f7-8536-dfefed819adf,2015-08-01,45.42875816,3.470598977,62.1,59.30916141600001,tC/acre,0.2,1.1800000000000002,Grassland without tree/shrub cover
38122428,2015-06-19,1b42e6ba-bf9a-4108-9a8f-11d7af5afe40,754452bf-e94e-48ea-bb0b-a79143f3a7db,2015-06-19,44.766195012,3.573443452,85.6,81.75304697600001,tC/acre,0.2,1.1800000000000002,Grassland without tree/shrub cover
38122896,2015-10-08,0b9db08b-29cc-437a-9839-14681fa0aa55,74961c10-429c-43a2-a207-d97df611928d,2015-10-08,48.960507792,3.039405305,17.6,16.809037696000004,tC/acre,0.2,1.1800000000000002,Grassland without tree/shrub cover
38142406,2015-06-28,51b10bc7-89f3-4525-b578-0251d15e3a9a,6e2382d6-3bf2-4691-87d4-1b4c39f7df5d,2015-06-28,44.570213172,3.621052013,78.4,74.87662246400004,tC/acre,0.2,1.1800000000000002,Temporary grassland
38142430,2015-06-19,8cc75f9d-4e5f-4ca5-809f-790c845d5a7b,f6e704c0-0907-4ab1-8a84-509b657e1ac7,2015-06-19,44.785696376,3.596536909,61.2,58.44960835200001,tC/acre,0.2,1.1800000000000002,Grassland without tree/shrub cover
38142586,2015-08-07,571e65ab-cb3e-4667-ad19-0826107f6100,4ed56455-dbc3-4dcc-844a-f1ed52a5e782,2015-08-07,46.185353682,3.430973237,29.6,28.269745216000008,tC/acre,0.2,1.1800000000000002,Grassland without tree/shrub cover
38142600,2015-08-06,101d6acf-017d-4313-a7ee-fcf587cfa309,b43cd728-cfa5-4a5c-be4a-8a3847ea4875,2015-08-06,46.310884162,3.415567444,23.2,22.157367872000005,tC/acre,0.2,1.1800000000000002,Grassland without tree/shrub cover
38162422,2015-05-29,6b594c4e-73d9-40e2-b422-6661f857af7e,ed9d18b5-780c-4efd-aadf-9262d9021473,2015-05-29,44.715411559,3.629859256,132.4,30.648003900800003,tC/acre,0.2,0.286,Grassland without tree/shrub cover
38162462,2015-07-20,6ab92bc5-270f-4e12-87ac-d33aa6490d6d,be745f8e-f40e-41f9-84c7-15b2a6fbb93e,2015-07-20,45.074492561,3.588746417,33.9,32.376498744,tC/acre,0.2,1.1800000000000002,Grassland without tree/shrub cover
38182406,2015-06-28,5f10887b-66a1-4702-beb5-abe8f8592371,9ad9d590-5af8-4c27-9ea3-84a12ef18455,2015-06-28,44.573274625,3.671173096,54.3,59.4628611588,tC/acre,0.2,1.3530000000000002,Temporary grassland
38182646,2015-10-03,b5893f0c-5230-4be3-b678-5d86ef959917,2287ec83-6405-4fe9-a54c-5f83fbdb75ef,2015-10-03,46.726457558,3.416397132,11.8,11.269695728000002,tC/acre,0.2,1.1800000000000002,Grassland without tree/shrub cover
38222464,2015-07-23,1d36e40b-8fed-4569-a282-794a6438049a,1c32d4af-318f-4beb-83e6-f4a49bbdccc8,2015-07-23,45.097058072,3.662554187,33.5,31.994475160000007,tC/acre,0.2,1.1800000000000002,Grassland without tree/shrub cover
38222618,2015-08-05,dc8681b3-7f9e-4747-81b1-01138d2357fe,a320ec6e-a580-40f7-a0d8-ade32735bc65,2015-08-05,46.478610256,3.499365917,13.5,12.89329596,tC/acre,0.2,1.1800000000000002,Grassland without tree/shrub cover
38242692,2015-10-03,da1840bd-45df-4ad3-9fe3-5a565fdfda85,033c112f-f571-4cdf-b6dd-24b0df2e2df2,2015-10-03,47.14352661,3.443267805,32.0,30.561886720000008,tC/acre,0.2,1.1800000000000002,Grassland without tree/shrub cover
38262468,2015-07-23,b60f63b3-a270-449c-ac71-b347019cd58f,07f5e53e-195d-4915-b3a6-699821e8ba9d,2015-07-23,45.136010947,3.709076069,38.2,36.48325227200001,tC/acre,0.2,1.1800000000000002,Grassland without tree/shrub cover
38262598,2015-08-06,fc7ca004-756b-4cd5-bf2a-7fd5550bf5c8,c074d8c9-0a9b-4518-9bc2-acde099f9a8d,2015-08-06,46.302400117,3.572882416,14.1,13.466331336,tC/acre,0.2,1.1800000000000002,Grassland without tree/shrub cover
38262652,2015-08-08,0750f6e3-858f-4e4b-bc8c-06aa97dac938,0d1ad333-ddd3-4f4d-9ebb-11da0433cff9,2015-08-08,46.78657886,3.514029951,40.9,39.06191146400001,tC/acre,0.2,1.1800000000000002,Grassland without tree/shrub cover
38282854,2015-07-06,b50af99b-4239-4dd4-a82c-6b6b993de9bb,3ce14a91-ba93-4a44-a0aa-d222107e41f8,2015-07-06,48.597879181,3.308045954,21.1,20.151744056000005,tC/acre,0.2,1.1800000000000002,Grassland without tree/shrub cover
38282962,2015-09-28,a05f45ea-5ca5-4f9f-bb80-86b99aefd3d2,ab3dff2a-ec38-4fe4-99b6-0f20a3aad152,2015-09-28,49.564565813,3.17501899,15.7,14.994425672000006,tC/acre,0.2,1.1800000000000002,Grassland without tree/shrub cover
38302518,2015-08-15,c380bbd9-0d49-4c50-850f-9977fd96854b,497f7f20-2f93-466a-b6fb-090e923d31b5,2015-08-15,45.587808041,3.708627784,27.9,26.646144984000006,tC/acre,0.2,1.1800000000000002,Grassland without tree/shrub cover
38302644,2015-05-24,5a169f46-41db-434f-b668-224e5b7d7bc3,318475f0-0882-4101-9c48-9e2cabdd156d,2015-05-24,46.717987351,3.574947509,20.4,26.5334804016,tC/acre,0.2,1.607,Grassland without tree/shrub cover
38342452,2015-07-27,dc699f36-e119-4fb5-9ac8-a16d31ab0c14,88320c10-867a-4ec2-be0c-63b7e1da6981,2015-07-27,44.998381369,3.8263328,49.5,47.27541852000002,tC/acre,0.2,1.1800000000000002,Grassland without tree/shrub cover
38342614,2015-08-05,006558ee-2970-4240-a02f-6a917261e680,acf07f0d-8810-4fbc-bf5d-5949c551357d,2015-08-05,46.452072516,3.659295899,13.0,12.415766480000002,tC/acre,0.2,1.1800000000000002,Grassland without tree/shrub cover
38362592,2015-07-26,58fa9bdd-5689-4d50-b2d4-d602f38f6428,6c987df4-8630-468a-8d95-b610d6c8e0cf,2015-07-26,46.256284008,3.708503042,20.1,19.196685096000003,tC/acre,0.2,1.1800000000000002,Grassland without tree/shrub cover
38382422,2015-07-04,7cc05f52-3ecd-4056-9e4b-c98e244390a8,79b4ecac-1663-46e8-b6bf-8ab75178a8f3,2015-07-04,44.731933811,3.90629498,41.2,39.34842915200001,tC/acre,0.2,1.1800000000000002,Grassland without tree/shrub cover
38382614,2015-08-01,d675a911-1c28-4ae7-8d77-93e5be152d19,7712a297-9a98-4464-9339-da41e739f6ab,2015-08-01,46.455131458,3.711157816,15.9,15.185437464000003,tC/acre,0.2,1.1800000000000002,Grassland without tree/shrub cover
38402492,2015-08-03,5fda1085-4477-407f-b623-3df50bf0e5c0,bae14e4a-32e7-4d9f-8502-e88a631ace84,2015-08-03,45.361953573,3.862413365,52.9,50.522618984000005,tC/acre,0.2,1.1800000000000002,Grassland without tree/shrub cover
38402982,2015-10-02,cbb7853f-3a32-4719-89c7-c6061eb89b56,479225a8-9515-477f-ac48-fc13dc03c6e6,2015-10-02,49.753450843,3.31555156,31.1,29.702333656000008,tC/acre,0.2,1.1800000000000002,Grassland without tree/shrub cover
38422434,2015-07-24,8ba2b4f7-7522-4437-b526-6b4278cb240d,99b6b7a7-32a1-41b4-aac6-1d28c5ffc4b1,2015-07-24,44.842638878,3.944931762,21.9,21.545037485400005,tC/acre,0.2,1.2155,Temporary grassland
38422440,2015-07-18,b455bcfc-ba8a-4578-b85a-4fc8fed89f39,64207a29-b63f-4bf6-b280-6568e283a55b,2015-07-18,44.896524874,3.939089805,55.2,52.71925459200001,tC/acre,0.2,1.1800000000000002,Grassland without tree/shrub cover
38422548,2015-05-31,ca6bb1f1-5099-411d-adc5-9546e7232ad2,2c63c1a9-07ad-43cc-9722-8530d9f53607,2015-05-31,45.866052277,3.831355864,26.2,24.3439672672,tC/acre,0.2,1.148,Temporary grassland
38422584,2015-06-06,0ee7a185-f6ad-42d1-88ab-7487c8904a5e,47b0ef7e-da9c-4ae3-9051-8dc023f88a73,2015-06-06,46.189057169,3.794325849,26.7,25.500074232000006,tC/acre,0.2,1.1800000000000002,Grassland without tree/shrub cover
38442450,2015-07-21,ab461632-b402-4334-b07e-31f6a363407e,f910c066-146d-49fe-8bcb-017d0d1d86aa,2015-07-21,44.987790526,3.954572463,28.2,22.6416960768,tC/acre,0.2,0.992,Grassland without tree/shrub cover
38462430,2015-05-28,492cbc70-bc07-41d2-9ee5-bd7f9159e11c,ba016337-978a-4b31-8506-4bf7e51e8f7e,2015-05-28,44.809619075,3.999163252,46.6,35.7554649696,tC/acre,0.2,0.948,Grassland without tree/shrub cover
38462488,2015-07-30,52880888-d607-4aad-a04e-0908c7f46087,48537c26-450c-4a3e-905e-e548bbd04cdc,2015-07-30,45.330460312,3.942631581,24.0,25.446655680000003,tC/acre,0.2,1.31,Temporary grassland
38462556,2015-06-11,59c299b8-4095-486a-8365-647389759192,0c90bf06-4d10-40e2-bc2e-f03efb73a8cc,2015-06-11,45.940813694,3.874554657,50.6,39.86893628520001,tC/acre,0.2,0.9735,Temporary grassland
38482522,2015-05-30,d9d5d973-e722-4eb8-857b-c3279bdddb06,405a3a85-6ae4-4082-bffc-220c32af5980,2015-05-30,45.637143867,3.934389092,33.4,31.898969264000005,tC/acre,0.2,1.1800000000000002,Grassland without tree/shrub cover
38502676,2015-08-06,29babfe2-fdf6-45a8-9ee1-24ea89efd4d9,0849d3ad-2097-487c-9f9e-634c80948804,2015-08-06,47.020213348,3.801863661,66.4,51.00144345920001,tC/acre,0.2,0.949,Grassland without tree/shrub cover
38522458,2015-08-01,cc715114-407c-41d9-be9b-cda97be6c859,ac43cf9f-eaa0-45d0-924f-2cfb4b7da526,2015-08-01,45.065424078,4.047908841,27.7,26.45513319200001,tC/acre,0.2,1.1800000000000002,Grassland without tree/shrub cover
38522602,2015-07-27,64703a49-96b3-481f-affa-11fa6a8c0e5c,0d99d5a2-5571-469c-a6eb-71b0a475ef9c,2015-07-27,46.357986475,3.9050272,22.3,21.6948927112,tC/acre,0.2,1.202,Grassland without tree/shrub cover
38522650,2015-08-07,1013cf54-c017-4855-a085-b19ebeb30757,5dbb262d-a476-428a-a77b-405c28086867,2015-08-07,46.788549653,3.855396341,26.4,24.1772366352,tC/acre,0.2,1.1315,Grassland without tree/shrub cover
38523118,2015-05-09,70bbe411-472a-46fb-8fac-b03f6f7be13c,da352110-94c5-4f1d-905e-7d1af8f882e6,2015-05-09,50.980138653,3.311100805,39.8,23.628239607600005,tC/acre,0.2,0.7335,Grassland without tree/shrub cover
38542564,2015-06-18,4e630482-103d-458d-98f4-a654b56fe448,ece71c31-8a30-4d44-89a3-b7cf77091fde,2015-06-18,46.018485546,3.969321158,51.6,36.1672734432,tC/acre,0.2,0.866,Grassland without tree/shrub cover
38543096,2015-07-31,e00024bd-c3fd-4692-89c9-0a61f35bfa39,678bdd17-1376-4f1e-9b87-5607f49e3484,2015-07-31,50.784953344,3.367677968,22.1,21.106803016000008,tC/acre,0.2,1.1800000000000002,Grassland without tree/shrub cover
38562650,2015-08-07,55be76be-6263-4b43-8839-59631efc6021,be0434a0-ea31-4b94-874c-3d1d8ada1880,2015-08-07,46.791516557,3.907595381,21.6,19.5541037712,tC/acre,0.2,1.1185,Grassland without tree/shrub cover
38583130,2015-10-03,0001e1e5-e2f0-4481-b703-cf89f6086590,71d6f889-43a9-458b-837a-6358e140afe3,2015-10-03,51.092393948,3.380869524,45.5,43.45518268000001,tC/acre,0.2,1.1800000000000002,Grassland without tree/shrub cover
38622498,2015-06-14,d434169d-0dd0-4962-9277-23f7b7de7c74,c50a9972-d0c4-4abb-97cc-01f107d41dcb,2015-06-14,45.431763136,4.136375445,33.5,26.354771064,tC/acre,0.2,0.972,Grassland without tree/shrub cover
38622634,2015-06-21,9361b657-22fc-4fa9-9202-3db463374470,179fefa3-0244-4ed5-80a3-00f0343f6b31,2015-06-21,46.652390931,4.002212984,24.7,25.8789817338,tC/acre,0.2,1.2945,Grassland without tree/shrub cover
38642470,2015-08-06,a36e08db-1f82-4bd4-9f71-caf84e4124f3,b98b733e-6555-4b22-96cb-5dcf0ed510bc,2015-08-06,45.181715616,4.188385361,33.3,31.803463368000006,tC/acre,0.2,1.1800000000000002,Grassland without tree/shrub cover
38662548,2015-05-28,4e4304dc-c9e4-49f0-8ef9-b031c0661e7b,8185fdb8-861f-4a03-a33a-7158dc1190db,2015-05-28,45.883505794,4.13929656,23.8,22.730403248000005,tC/acre,0.2,1.1800000000000002,Grassland without tree/shrub cover
38663098,2015-07-10,5a6c9cef-4ace-42cb-9919-2a0444598df7,2be7be91-1f26-4c08-a1b9-1f75f2886f55,2015-07-10,50.812491962,3.534795882,74.5,71.15189252000002,tC/acre,0.2,1.1800000000000002,Grassland without tree/shrub cover
38682466,2015-08-08,13afec45-333e-429f-a26a-767a0eae269a,bcfdbcca-26c1-4945-a46b-a6683c5c9a19,2015-08-08,45.148579384,4.242813132,39.5,37.72482892000001,tC/acre,0.2,1.1800000000000002,Grassland without tree/shrub cover
38682502,2015-06-20,cf6592ef-9b06-4c7c-acae-6a12b6e962c9,d7ffbe4e-be58-4a8e-b13b-46678583ccc4,2015-06-20,45.471904914,4.208971143,24.6,23.494450416000006,tC/acre,0.2,1.1800000000000002,Grassland without tree/shrub cover
38722460,2015-08-02,f0bb6f7b-de1a-40ca-b511-dc4527732d95,010de42e-b93b-4e25-b0de-2a4743e4a373,2015-08-02,45.097446881,4.299019788,32.9,31.421439784000004,tC/acre,0.2,1.1800000000000002,Grassland without tree/shrub cover
38722484,2015-05-14,7c25a0ff-fe83-4473-bc02-eb75d471d998,d5f46014-aa29-473d-bc81-c311517d848c,2015-05-14,45.313028839,4.276768678,48.2,41.02083451560001,tC/acre,0.2,1.0515,Grassland without tree/shrub cover
38722618,2015-07-01,63533d9b-601a-430f-98e7-60b3a531a63f,4285a67e-4af0-4406-8f0e-db9e67c12d6d,2015-07-01,46.516014185,4.148251056,41.7,39.82595863200001,tC/acre,0.2,1.1800000000000002,Grassland without tree/shrub cover
38722676,2015-05-25,9f3cdfe4-c71f-4a65-b71e-39b05d9021be,f38edefd-be77-478f-a9a7-da876868f1e8,2015-05-25,47.036370647,4.090271178,44.3,42.30911192800001,tC/acre,0.2,1.1800000000000002,Grassland without tree/shrub cover
38722694,2015-08-04,5d151726-5c0d-42a7-9bbd-95c1f00cddb4,1b2f43c8-84a4-4d28-a2ac-503a4cf7c8b9,2015-08-04,47.197821258,4.071975791,28.2,26.932662672000003,tC/acre,0.2,1.1800000000000002,Grassland without tree/shrub cover
38723036,2015-07-15,15d213ef-8df3-4054-9d9e-689acdf3e820,dbfd996c-946c-40ab-af3f-61d51a258369,2015-07-15,50.262241875,3.694674387,29.3,27.342933338800005,tC/acre,0.2,1.153,Grassland without tree/shrub cover
38762486,2015-08-07,23888899-75c0-4b57-b220-59ff5c48b3ac,51a87335-9e45-4dd6-b5ac-1ba3b75df7fc,2015-08-07,45.333744774,4.325737033,57.1,54.53386661600001,tC/acre,0.2,1.1800000000000002,Grassland without tree/shrub cover
38762586,2015-07-31,b22c3e7b-a864-4e34-a5bf-cae280d5cc08,42bfdee4-6e28-43c1-a3ac-31a520a33d6c,2015-07-31,46.231641169,4.231289012,37.1,35.43268741600001,tC/acre,0.2,1.1800000000000002,Grassland without tree/shrub cover
38762644,2015-06-19,ba9b96f3-18f3-444b-baa3-6b1b5b1a0f7f,02604099-7599-4f76-8d4f-a92fd1af1069,2015-06-19,46.752138935,4.174613991,30.3,25.848266066400008,tC/acre,0.2,1.054,Grassland without tree/shrub cover
38782548,2015-06-01,ad56bc49-6910-4e6d-a584-728aa663f9ff,e655c01a-4abb-42b9-b270-2edf750191cd,2015-06-01,45.891898125,4.293332754,33.7,32.185486952000005,tC/acre,0.2,1.1800000000000002,Grassland without tree/shrub cover
38782566,2015-05-16,393a94c1-4f0e-4997-8ef0-bde8a63a4196,0d72b2b3-424e-4fc9-9f2a-0d328b2c5656,2015-05-16,46.053500163,4.276256008,36.9,35.092346490000004,tC/acre,0.2,1.1749999999999998,Grassland without tree/shrub cover
38782602,2015-08-03,45ceedf7-a994-41bf-ab03-6acf666b56f7,4aa9b6dc-cbc9-4700-a31f-e7f819d38d7c,2015-08-03,46.376644507,4.24170234,69.4,66.28109182400003,tC/acre,0.2,1.1800000000000002,Grassland without tree/shrub cover
38802318,2015-05-01,d5b62f2e-d2e4-4734-83fc-571da01950ce,fa2e4323-5898-4a4d-b67f-f14a89de2a22,2015-05-01,43.826418431,4.525188452,11.1,12.8741138436,tC/acre,0.2,1.433,Grassland without tree/shrub cover
38803134,2015-09-26,1897ad0d-f3cb-445b-aef9-a0faae43d67f,ca86a071-2cec-4d42-9983-760e9d0bb2a8,2015-09-26,51.14565749,3.689017398,14.5,13.848354920000004,tC/acre,0.2,1.1800000000000002,Temporary grassland
38842414,2015-06-19,f6c37844-8d06-407f-8fa1-bea398070138,742c3b4b-441d-49d6-afd9-658e805cb264,2015-06-19,44.692214117,4.491809712,54.3,51.85970152800001,tC/acre,0.2,1.1800000000000002,Grassland without tree/shrub cover
38842486,2015-06-12,652a76b1-8f69-47f8-9bf1-aa7d726bf1d1,d3d8c3e2-0044-4e26-8b4e-db817b343d46,2015-06-12,45.339176267,4.427416341,60.9,17.3996364444,tC/acre,0.2,0.353,Grassland without tree/shrub cover
38842590,2015-07-30,c39ed95c-63c6-49b6-80c3-a0725114902d,cbd321d8-6f8c-4fc6-9602-7c0669372b9d,2015-07-30,46.273084322,4.33084932,39.0,37.24729944,tC/acre,0.2,1.1800000000000002,Grassland without tree/shrub cover
38862448,2015-07-02,c087ad36-ac52-4e16-b7b0-c35e704aa2b8,ec3287fa-0cd9-41ab-bd68-7f0845fee028,2015-07-02,44.999100402,4.486913558,20.6,17.590081676,tC/acre,0.2,1.055,Grassland without tree/shrub cover
38863036,2015-07-20,a961982a-772d-43af-8df8-aac89c3de99e,c0ae5d8d-21d9-4a37-b0dc-384cc9df9d2c,2015-07-20,50.272888333,3.890437646,25.6,22.481116672,tC/acre,0.2,1.085,Grassland without tree/shrub cover
38882614,2015-07-29,a11edde1-2f43-421d-aab9-1535d8b3e093,d0a847f7-e64b-4e94-9fda-893252499ac2,2015-07-29,46.491252468,4.359869495,19.8,20.4646472712,tC/acre,0.2,1.277,Grassland without tree/shrub cover
38882650,2015-06-09,62726ff1-56db-4d6e-a691-ba4ea2f417c9,b00aa8e8-c491-45da-9475-7568d03864bc,2015-06-09,46.814342368,4.32537424,43.9,27.643453162400004,tC/acre,0.2,0.778,Grassland without tree/shrub cover
38903014,2015-07-18,4ed83899-d149-4c1e-aaf0-7600a3690fa7,90f9c418-2efb-448a-bf74-e242f0d89066,2015-07-18,50.078839045,3.971451772,68.5,49.759178845,tC/acre,0.2,0.8975,Grassland without tree/shrub cover
38903114,2015-07-19,9b57c85d-f6e9-48a2-b9f9-25316a243209,ee3fa326-f807-4959-a8ca-242bf6ea2f23,2015-07-19,50.974279122,3.855379254,15.5,14.803413880000004,tC/acre,0.2,1.1800000000000002,Grassland without tree/shrub cover
38922722,2015-07-30,73b26b43-91ba-4dd8-98ee-bd23a91c1847,e099b452-3272-4e3e-9997-9add0877a034,2015-07-30,47.463081228,4.307618078,25.6,24.44950937600001,tC/acre,0.2,1.1800000000000002,Grassland without tree/shrub cover
38922812,2015-07-16,5ef78710-687b-44f6-82c5-3e7c580e7f82,f46ceff3-53b3-4433-a31f-bf653296bc9b,2015-07-16,48.270193126,4.216912542,28.8,20.8507177152,tC/acre,0.2,0.8945,Grassland without tree/shrub cover
38942522,2015-06-14,c2835c38-5ef2-4e34-a28a-95bb8560f1af,db9d0baa-9f75-4192-b666-3aa740e1fa55,2015-06-14,45.669226211,4.522343535,67.4,64.37097390400001,tC/acre,0.2,1.1800000000000002,Grassland without tree/shrub cover
38942568,2015-06-13,4c3bf107-586c-4b41-a4a4-4c0124aecfd7,ea4fafe4-6c6e-4a2a-817a-81efb33ccc9d,2015-06-13,46.082339087,4.480474568,35.1,25.0282912932,tC/acre,0.2,0.881,Grassland without tree/shrub cover
38942636,2015-07-01,c66fcd89-984e-486e-b19e-2cfa9936259e,05061d47-fd74-4874-a2ed-7c8d31446c25,2015-07-01,46.692793733,4.417038467,28.0,26.74165088000001,tC/acre,0.2,1.1800000000000002,Grassland without tree/shrub cover
38943000,2015-09-19,bc4a1c6d-570d-4ba1-b10a-a51227d5a473,45ce72b6-01ec-43e6-8f93-6360e6413b54,2015-09-19,49.956376605,4.042849192,72.1,63.607736108000005,tC/acre,0.2,1.09,Grassland without tree/shrub cover
38943054,2015-06-18,e378d966-daab-45bd-8821-14c676835090,166d3335-1c01-4660-a035-aae2fdbd9582,2015-06-18,50.440025198,3.981823767,27.5,26.264121400000004,tC/acre,0.2,1.1800000000000002,Grassland without tree/shrub cover
38962578,2015-06-19,cf41b4c4-2e50-4138-968f-600eb2ffb94a,f0de4c5d-eac1-41c4-b0db-8ecaaffd428c,2015-06-19,46.173464181,4.497075835,36.3,33.90475495439999,tC/acre,0.2,1.154,Grassland without tree/shrub cover
38982480,2015-06-25,a9e00ccc-96b0-4e5d-86f0-f9010b5aa322,91d8b2fb-d27b-4fa7-9106-3b29400b69f7,2015-06-25,45.294534697,4.610667061,37.5,31.35304785,tC/acre,0.2,1.033,Grassland without tree/shrub cover
38982634,2015-07-01,138312b3-c885-4635-b1ba-a93e77edcdbe,aba7774d-e664-4c09-811b-6d182f11f4b8,2015-07-01,46.67753615,4.471042994,19.9,19.005673304,tC/acre,0.2,1.1800000000000002,Grassland without tree/shrub cover
38983092,2015-07-17,bdfe0244-650e-4f46-a9b6-48d86b0910cf,17859805-f8f1-42b5-96ea-b21938fd25ea,2015-07-17,50.783265443,3.994491023,13.3,12.702284168000004,tC/acre,0.2,1.1800000000000002,Grassland without tree/shrub cover
39002440,2015-06-28,f96321cf-fd16-49b4-a97a-0960bb0a3ee7,1fa1b917-03ec-4564-bac6-ba82680472fc,2015-06-28,44.9363578,4.670697537,42.4,40.494499904,tC/acre,0.2,1.1800000000000002,Grassland without tree/shrub cover
39002614,2015-07-29,518b46d5-b099-42c3-9f14-1bcfc0c2279d,6daa3f8c-b882-4bbe-a7f6-a298ab4b997b,2015-07-29,46.499337997,4.515675409,24.5,21.158198138,tC/acre,0.2,1.067,Grassland without tree/shrub cover
39002980,2015-09-21,ef045a6a-279c-4af9-82a1-7937aae4e699,87728667-1432-48b9-9b7b-b4b1647e4a13,2015-09-21,49.781543665,4.148135877,30.6,25.980355576800005,tC/acre,0.2,1.049,Grassland without tree/shrub cover
39022590,2015-05-25,a0ad4b83-d53e-4c92-99f2-809bfbdd8bfe,137603de-14cb-4552-995e-4e3c6d0ac06f,2015-05-25,46.285184429,4.563621186,12.5,13.622742475000004,tC/acre,0.2,1.3465,Temporary grassland
39062686,2015-09-06,8df67705-0b9f-45ac-8ea7-3a39c920cc45,8f329810-884b-43b2-bf7f-41a5da2fac84,2015-09-06,47.149573198,4.526910561,47.9,28.2237728864,tC/acre,0.2,0.728,Grassland without tree/shrub cover
39082600,2015-07-20,02262f76-1b5d-4508-b7fb-aafd3f914310,771a5487-431b-4a50-95b9-fcccbdaa2b55,2015-07-20,46.378899974,4.632233742,20.2,19.292190992,tC/acre,0.2,1.1800000000000002,Grassland without tree/shrub cover
39082636,2015-06-27,33cb3a17-5f86-419f-a926-65eae71f6138,94859419-b6d1-4ee1-9923-54ac7e5174eb,2015-06-27,46.702112905,4.599512118,38.3,36.578758168,tC/acre,0.2,1.1800000000000002,Grassland without tree/shrub cover
39082654,2015-06-13,93a647e1-8d7e-42eb-8726-0553b0aa4118,c49600df-0a00-40ad-a8cc-13765ac42b02,2015-06-13,46.863691724,4.582957702,21.2,23.5931938,tC/acre,0.2,1.375,Grassland without tree/shrub cover
39082982,2015-09-24,43025134-7150-4d8d-a013-98670610acbc,939c3010-2db8-4607-930c-faa53662cc9c,2015-09-24,49.805137453,4.256781538,32.1,30.65739261600001,tC/acre,0.2,1.1800000000000002,Grassland without tree/shrub cover
39122978,2015-09-22,6524d643-cf91-4d27-9eba-084b8ee7a8d4,73f85f8e-eb17-4bff-9b5a-788e4f00b763,2015-09-22,49.772090228,4.316442061,34.1,32.56751053600001,tC/acre,0.2,1.1800000000000002,Grassland without tree/shrub cover
39162684,2015-08-23,09d86e77-b306-4141-9577-705ca2e383c4,7b028d78-16f9-4edc-a5f5-2f293e78c312,2015-08-23,47.13818549,4.660222107,42.8,40.876523488,tC/acre,0.2,1.1800000000000002,Grassland without tree/shrub cover
39202282,2015-05-03,87348f0a-a35f-43bf-ae66-56ef0fb5c044,c8630c4e-4a02-4738-8398-1297bbad37a3,2015-05-03,43.527550614,5.048250167,46.3,38.317086881,tC/acre,0.2,1.0225,Grassland without tree/shrub cover
39242836,2015-07-12,5f1624da-707c-4b04-b3ed-3d5b3e7de0af,672bb426-caa0-4181-9380-d8f291f61be9,2015-07-12,48.507160172,4.623900324,63.3,60.455232168,tC/acre,0.2,1.1800000000000002,Grassland without tree/shrub cover
39242962,2015-09-20,77f9bf7b-d345-4feb-bcd9-dec18d4288ac,9908ed0d-e8fc-4744-82ec-f28ca861be8f,2015-09-20,49.636900324,4.499006741,54.5,39.6996966,tC/acre,0.2,0.8999999999999999,Grassland without tree/shrub cover
39262942,2015-08-30,213c33fe-1cbd-4ad2-b642-d3f4864e8efb,96bb852c-241e-4df9-9cfd-2044237c1c43,2015-08-30,49.458957631,4.54683683,73.0,69.71930408000001,tC/acre,0.2,1.1800000000000002,Grassland without tree/shrub cover
39262964,2015-09-20,2291c38a-78f3-48cb-8adb-d239d602ffdb,8738a60c-01ea-4690-8794-6af1060a0ce0,2015-09-20,49.656169952,4.524595518,36.3,20.8893247596,tC/acre,0.2,0.711,Grassland without tree/shrub cover
39342306,2015-08-24,d3075680-ca0d-405f-b139-d1dd39010139,acafbdc7-8dea-47d2-a516-6ff1865c9ac6,2015-08-24,43.751786037,5.202894047,31.9,30.46638082400001,tC/acre,0.2,1.1800000000000002,Grassland without tree/shrub cover
39342594,2015-05-22,8b024821-b6b4-4fe0-8d3d-120d08e0bc24,98d03c94-29c1-498e-b4f9-3dacdcf2c2f3,2015-05-22,46.341376395,4.974293761,57.6,55.01139609600002,tC/acre,0.2,1.1800000000000002,Grassland without tree/shrub cover
39342598,2015-05-21,513a3cf9-a507-45f8-99b4-284ae7692a36,59532c13-f00d-4199-baee-d0b9b77d0bf2,2015-05-21,46.377306715,4.970916878,38.8,37.056287648000016,tC/acre,0.2,1.1800000000000002,Grassland without tree/shrub cover
39362394,2015-07-09,ce016652-ad4a-4474-ab17-6c9554daba2d,257e6fcf-2bb9-44cc-85df-33677497d418,2015-07-09,44.544794839,5.161041903,21.2,20.247249952,tC/acre,0.2,1.1800000000000002,Grassland without tree/shrub cover
39382558,2015-05-30,685c03e9-b1d3-4a5f-b8a6-cfe679debd5b,8fbd7472-3055-4cc3-b938-181ad24601dc,2015-05-30,46.020367012,5.055925423,9.6,10.6565155008,tC/acre,0.2,1.3715000000000002,Temporary grassland
39382810,2015-07-13,9829088e-ed71-437a-b7db-f87b71a88e3d,955e37c3-5370-4f7b-96b2-5f79802d696f,2015-07-13,48.282915032,4.836940947,49.8,47.561936208000006,tC/acre,0.2,1.1800000000000002,Grassland without tree/shrub cover
39382972,2015-09-13,6f315fbf-b536-445e-b57f-9cf75cb32baf,cee79e27-5988-46f5-80c5-edb74410790e,2015-09-13,49.735806258,4.682506383,56.2,53.67431355200002,tC/acre,0.2,1.1800000000000002,Grassland without tree/shrub cover
39402960,2015-09-13,7b45d3e9-d5ef-4ec5-b702-70eb191462e8,96786bb1-db47-4803-874d-cd4bc9d3ba36,2015-09-13,49.629516153,4.721964748,54.2,51.76419563200002,tC/acre,0.2,1.1800000000000002,Grassland without tree/shrub cover
39442388,2015-07-09,66ec4437-94ff-43b0-8cd3-7bb7be6fcb17,05ff4745-ea78-4475-bb99-158156cb53ab,2015-07-09,44.495432152,5.265882472,66.5,63.511420840000014,tC/acre,0.2,1.1800000000000002,Grassland without tree/shrub cover
39442442,2015-05-22,618e54d1-efd2-495f-934a-c4b39c25a89b,a299a06e-d953-407e-b31a-8ea093044ed7,2015-05-22,44.98115285,5.224763075,36.2,38.8508272464,tC/acre,0.2,1.326,Grassland without tree/shrub cover
39442970,2015-09-13,7971f3ab-87ae-4e52-b682-27d34eea38bb,c821944c-41b1-4e28-b3c5-7c450e7c3a13,2015-09-13,49.721746783,4.767499573,19.0,18.146120240000005,tC/acre,0.2,1.1800000000000002,Grassland without tree/shrub cover
39462794,2015-09-18,cdd19110-293a-4ea3-9202-246a5a046db8,18442792-fa8d-41b6-beff-43d79b7b4569,2015-09-18,48.144318914,4.958823484,51.5,49.18553644000002,tC/acre,0.2,1.1800000000000002,Grassland without tree/shrub cover
39482622,2015-05-16,153a5cca-f5dc-48c1-a53b-97819609af6a,5707343e-3b38-425f-9726-9a91f7c68e26,2015-05-16,46.60128209,5.132734481,23.7,19.7767620084,tC/acre,0.2,1.031,Grassland without tree/shrub cover
39522304,2015-05-03,5c5d6816-2a50-4133-aea2-1507bd7b526d,03af23d8-d6c1-445f-b728-7831f155d07e,2015-05-03,43.743919823,5.426959898,13.1,15.6072821504,tC/acre,0.2,1.472,Grassland without tree/shrub cover
39542764,2015-09-25,08ce5441-ce9d-456a-87a4-e4af1eec78a3,22392223-261e-4ea5-9a55-17d8afbe3f0f,2015-09-25,47.87991286,5.092132514,43.8,41.831582448000006,tC/acre,0.2,1.1800000000000002,Grassland without tree/shrub cover
39562320,2015-08-23,6f87b53a-78bd-41bd-be7e-49a75754179a,b7181f14-c08c-42c3-a712-f743bf44ae2d,2015-08-23,43.890156235,5.465127082,44.6,42.59562961600001,tC/acre,0.2,1.1800000000000002,Grassland without tree/shrub cover
39563112,2015-08-16,1a747e04-c143-4085-9531-4c29ead9c89e,28c47792-2b73-49e3-8f53-915b606b5f38,2015-08-16,51.002357978,4.795165913,27.9,26.646144984000006,tC/acre,0.2,1.1800000000000002,Grassland without tree/shrub cover
39582456,2015-07-23,21487034-278b-430d-a3d9-a10582cb043c,549e70f5-a9bc-46b4-88a7-e491b30b86e3,2015-07-23,45.114985594,5.391284692,43.7,41.73607655200001,tC/acre,0.2,1.1800000000000002,Grassland without tree/shrub cover
39582636,2015-07-12,13eb8a42-de0d-47d1-af43-8f8a9225f38e,b2c4da5e-7a58-4154-8994-d9c7fb30e9df,2015-07-12,46.732871147,5.251657038,23.4,22.348379664000003,tC/acre,0.2,1.1800000000000002,Grassland without tree/shrub cover
39622388,2015-05-21,1a0e69cb-4ae7-42e5-aa0e-4695f9f71148,37006070-c1f1-4b38-b754-8660efb65a84,2015-05-21,44.505453531,5.491435906,35.2,33.0340325568,tC/acre,0.2,1.1595,Grassland without tree/shrub cover
39642470,2015-06-22,58d90462-f2bb-4188-9ba6-ab393a23b910,042a3988-be69-4042-becf-bcedb037fa1c,2015-06-22,45.24420887,5.456993131,39.2,18.592246086400003,tC/acre,0.2,0.586,Grassland without tree/shrub cover
39642578,2015-06-26,91862ad0-6cc1-4bf4-8934-6f1bf929ca3a,928b7600-5537-462d-a8ca-b772e3632a78,2015-06-26,46.215144613,5.375382067,43.8,41.831582448000006,tC/acre,0.2,1.1800000000000002,Grassland without tree/shrub cover
39662942,2015-06-01,060ed227-4584-409a-b554-90fe62190a19,8b6544c9-3719-44c5-a5b1-f19611464e6e,2015-06-01,49.484274019,5.097498945,33.4,31.898969264000005,tC/acre,0.2,1.1800000000000002,Grassland without tree/shrub cover
39662968,2015-09-12,5abfcbb8-1657-4cd1-aabb-ff26b769b7f8,f5344a48-b20f-46a5-b446-48ff8bc3a04e,2015-09-12,49.717481516,5.073824571,34.5,32.94953412,tC/acre,0.2,1.1800000000000002,Grassland without tree/shrub cover
39663018,2015-06-05,16b44da5-9285-418d-8ef0-8f8431195e3e,4e460536-0eeb-4df0-88ac-8742d6e5666c,2015-06-05,50.165888036,5.027481981,19.3,18.8309703578,tC/acre,0.2,1.2055,Grassland without tree/shrub cover
39682512,2015-07-04,a08a9593-67c4-4971-850a-9c584dd15d59,99efa6bc-c417-4f62-8075-be35a2f96150,2015-07-04,45.624076414,5.47684639,30.9,29.511321864000006,tC/acre,0.2,1.1800000000000002,Grassland without tree/shrub cover
39702634,2015-05-22,8cfd7f70-3a6a-4a81-b605-0e653bf8188a,81f848be-a66a-4020-838d-e6e50a77475c,2015-05-22,46.721696642,5.409829764,32.6,31.134922096000004,tC/acre,0.2,1.1800000000000002,Temporary grassland
39702750,2015-10-08,2c63f629-ea3a-4b1b-801d-9ae43cc90957,561c7f52-6dad-4c3a-9412-97ac1c7218d8,2015-10-08,47.763560652,5.317096535,39.2,37.43831123200002,tC/acre,0.2,1.1800000000000002,Grassland without tree/shrub cover
39722556,2015-06-18,cdff7e8e-ae14-4c5a-8675-026b7c0039e5,2eb7eec1-203c-4660-b87f-adc36ea241cc,2015-06-18,46.021827111,5.495346792,50.9,48.61250106400001,tC/acre,0.2,1.1800000000000002,Grassland without tree/shrub cover
39722592,2015-06-06,8ed12fe4-eb4d-464f-8ef6-ee745f30252e,fee74685-6c3e-466b-9394-e8ab13859d12,2015-06-06,46.345397884,5.468171923,34.5,32.94953412,tC/acre,0.2,1.1800000000000002,Grassland without tree/shrub cover
39722602,2015-06-06,3be9917a-6dcd-4fc8-a344-9d0d9e4db46f,0c7695a3-f1c9-4509-8e84-d91e6e60c67e,2015-06-06,46.435265805,5.460547858,55.1,52.623748696000014,tC/acre,0.2,1.1800000000000002,Grassland without tree/shrub cover
39742788,2015-05-23,e71bdcde-af62-40b4-8503-cbe8288846b0,cadbd692-559a-4cf6-b45c-e565035f9fa0,2015-05-23,48.10700067,5.339261598,31.4,25.033066588,tC/acre,0.2,0.985,Grassland without tree/shrub cover
39743134,2015-08-31,842b5a8d-1418-43da-bb58-5ef642e61986,13792c5c-21a8-44fd-a351-989a549f6ad4,2015-08-31,51.210812269,5.029903618,15.3,14.612402088000003,tC/acre,0.2,1.1800000000000002,Temporary grassland
39762892,2015-06-19,283198b5-c487-4666-bcca-5fca0388f603,b8f1a616-1414-42d7-a437-7228120b7ffb,2015-06-19,49.041571778,5.278731421,39.0,37.24729944,tC/acre,0.2,1.1800000000000002,Grassland without tree/shrub cover
39782516,2015-06-14,e83082c3-c821-42e0-9c11-42563a5d992e,9c1a88fd-5d76-4cfd-9368-159d096ed598,2015-06-14,45.665434418,5.601828146,23.6,22.539391456000004,tC/acre,0.2,1.1800000000000002,Grassland without tree/shrub cover
39782614,2015-05-16,40b78f22-b611-4cd9-9d75-7e530c88884e,78d7f459-27fe-412e-9623-8271b634bebd,2015-05-16,46.546378893,5.529388996,36.1,28.429434311600005,tC/acre,0.2,0.973,Grassland without tree/shrub cover
39783128,2015-09-12,dcff4a2b-9301-493c-bbd2-33b386cdea90,59e8be33-f54b-42d9-9aea-cdc08ea416c2,2015-09-12,51.159449958,5.092775544,20.1,19.196685096000003,tC/acre,0.2,1.1800000000000002,Temporary grassland
39783196,2015-06-14,7d5ebb4c-6e25-4109-ae8b-e93d4fd1d0f5,5842ce95-0c71-4e2c-b7ea-df02e4fef396,2015-06-14,51.769033094,5.02674845,81.5,67.64589535900002,tC/acre,0.2,1.0255,Grassland without tree/shrub cover
39802484,2015-07-16,d00b14a0-938a-407a-8ce3-17d9d4c4e661,4fd81ff8-036c-4d9c-9628-b89774efb52c,2015-07-16,45.378712348,5.65028992,32.4,29.5802803584,tC/acre,0.2,1.128,Grassland without tree/shrub cover
39802646,2015-05-23,556e7dad-61a5-4ac6-b3ca-c46896d4e570,daec1648-af4d-4d2f-ad61-47393b6bc585,2015-05-23,46.835006676,5.531214456,57.1,54.53386661600001,tC/acre,0.2,1.1800000000000002,Grassland without tree/shrub cover
39803204,2015-05-14,ab9e1507-1be0-4ed3-ac0d-c2de7245d0f0,8687cb75-03c0-493a-8dca-2c7babc4aef6,2015-05-14,51.841964234,5.047798058,77.0,65.78049524200001,tC/acre,0.2,1.0555,Grassland without tree/shrub cover
39822452,2015-07-09,b3484911-e8c2-4276-a644-a3bd61282f7e,6485a626-8c12-4080-ab02-01e902620418,2015-07-09,45.091909363,5.698178841,24.2,23.112426832000008,tC/acre,0.2,1.1800000000000002,Grassland without tree/shrub cover
39842492,2015-07-16,48ae0151-b3fe-4de3-91e4-9a39f51fcbe2,903ba28f-bc60-4511-9684-162a0d0807b5,2015-07-16,45.452755888,5.695593487,29.5,27.326624493000008,tC/acre,0.2,1.1445,Grassland without tree/shrub cover
39842528,2015-07-09,4b130fbf-df62-4cbc-a023-7b0426811436,5ca4a5d0-8cad-4a6c-8dac-629a03fcb1df,2015-07-09,45.77650383,5.670058009,20.3,19.387696888,tC/acre,0.2,1.1800000000000002,Grassland without tree/shrub cover
39882450,2015-07-10,bc6baadd-574a-4acb-bf79-d803f5b5fe0c,61f37789-071e-48e6-8987-7035ccbe1329,2015-07-10,45.077002789,5.775543434,39.0,38.257395696,tC/acre,0.2,1.212,Grassland without tree/shrub cover
39882486,2015-07-16,db553c74-26a5-4b40-a892-763436374b98,e5ad0ad3-9360-440d-a8cc-9aceb6707ef1,2015-07-16,45.400855674,5.750756363,43.3,41.35405296800001,tC/acre,0.2,1.1800000000000002,Grassland without tree/shrub cover
39882558,2015-06-18,b3904ecc-ba9c-4015-8138-dc8aba1d674f,e7e0ccdd-6c27-4281-9ae0-f75bf8783227,2015-06-18,46.048329886,5.70002492,82.5,78.79236420000001,tC/acre,0.2,1.1800000000000002,Grassland without tree/shrub cover
39882756,2015-10-01,a9e7bc78-226f-4a4b-bba7-0997ff28666d,ac9d990e-2f5a-415b-8b29-74877552318a,2015-10-01,47.827433266,5.552043419,85.7,48.65827105060001,tC/acre,0.2,0.7015,Grassland without tree/shrub cover
39883120,2015-09-16,e7392bf9-769c-4807-82eb-93754436244f,695f204d-fc18-4204-9190-b562b007a0ba,2015-09-16,51.093658435,5.242872444,41.4,39.539440944000006,tC/acre,0.2,1.1800000000000002,Grassland without tree/shrub cover
39902632,2015-06-07,977cdfff-9e8c-437a-886e-76fea1708f06,1b3615c2-a6dc-4437-99ae-33c448fb2648,2015-06-07,46.714537353,5.67231306,43.3,41.35405296800001,tC/acre,0.2,1.1800000000000002,Grassland without tree/shrub cover
39903190,2015-07-12,31749e12-2e00-4f1e-af29-c7ffb23ac9fe,c1eea6aa-0eb5-4fbe-97cd-47a80947f04c,2015-07-12,51.722461865,5.205977711,33.8,32.280992848000004,tC/acre,0.2,1.1800000000000002,Grassland without tree/shrub cover
39922770,2015-09-28,b6ed4e0b-f2cd-4b08-9786-0d69aa1046e8,aeb1442a-49cd-4ce2-8bb7-63c2f60d41c5,2015-09-28,47.955312495,5.594528974,46.9,44.79226522400001,tC/acre,0.2,1.1800000000000002,Grassland without tree/shrub cover
39962440,2015-05-22,8fff7062-8c40-4f53-93e1-738d40b61d17,e087cb80-b737-4cde-a306-5a7f40a3974c,2015-05-22,44.991051397,5.883508224,33.0,29.820906654000005,tC/acre,0.2,1.1165,Grassland without tree/shrub cover
39962570,2015-06-27,017887a2-b355-4a6f-a691-d3a7114ac777,6efab604-6f6a-40d4-8f25-c42c812e7f0c,2015-06-27,46.16033562,5.794731377,73.0,69.71930408000001,tC/acre,0.2,1.1800000000000002,Grassland without tree/shrub cover
39982762,2015-10-01,290d6929-4fb4-468d-9b67-05308889bece,2435b6eb-eede-4285-901f-6c749bd3ca43,2015-10-01,47.886651181,5.680793273,76.2,72.00456592200001,tC/acre,0.2,1.1675,Grassland without tree/shrub cover
39982790,2015-09-16,ba875214-1dd9-42ec-83d2-7e1397676cda,bde1f7bf-cae4-49d6-b2b8-e653a4ab2aee,2015-09-16,48.138108829,5.659398132,80.6,76.97775217600001,tC/acre,0.2,1.1800000000000002,Grassland without tree/shrub cover
39982916,2015-06-05,28240a6e-0d23-47ec-97de-56aec2031fb3,a8cb71c9-091a-42fd-91eb-f1facb21243e,2015-06-05,49.269257095,5.559689849,65.8,32.9925117732,tC/acre,0.2,0.6194999999999999,Grassland without tree/shrub cover
40002632,2015-06-12,0cd52451-518b-43d4-afaf-01755abf4afa,a6ea3874-8302-44f6-bc36-920d462ebb08,2015-06-12,46.719705334,5.802811322,59.6,34.6594134072,tC/acre,0.2,0.7184999999999999,Grassland without tree/shrub cover
40002938,2015-06-14,916eb3ba-6842-424b-bcd4-4d5e7d650fcb,70efef20-a954-4f16-bdc2-132492d4ffce,2015-06-14,49.467781708,5.569227822,18.2,19.4296223576,tC/acre,0.2,1.319,Temporary grassland
40022388,2015-06-17,9121197e-f54d-488d-9a8d-2832c2f69875,176d587f-9160-4bb2-beb6-182fc80d1342,2015-06-17,44.525973646,5.992911405,23.5,17.736375665000004,tC/acre,0.2,0.9325,Grassland without tree/shrub cover
40022690,2015-07-19,0c53ae6a-076d-4f19-a1ba-6ea8e1045477,cb5ad85d-50eb-48f3-83c6-fa89654379c4,2015-07-19,47.241938436,5.787318259,32.3,30.848404408000007,tC/acre,0.2,1.1800000000000002,Grassland without tree/shrub cover
40023184,2015-07-11,67cae01f-f354-4fde-8779-736fdf507805,90ecd46c-c2e9-49e6-838f-067ca00858ed,2015-07-11,51.675614769,5.384830969,40.1,38.29786429600001,tC/acre,0.2,1.1800000000000002,Grassland without tree/shrub cover
40043010,2015-07-18,81cea4a5-5819-47ee-bca9-3cc4b94c73d7,6d533540-cebd-4e3e-b312-587b3b399cc2,2015-07-18,50.116024902,5.565194023,32.0,30.561886720000008,tC/acre,0.2,1.1800000000000002,Temporary grassland
40062390,2015-06-17,4431a9d4-2398-44e7-8a9a-ffe71fc25bf2,a44609ec-c186-4a8c-9404-2dfbed6b2e3f,2015-06-17,44.545897914,6.041816115,20.5,19.57870868,tC/acre,0.2,1.1800000000000002,Temporary grassland
40062886,2015-05-27,1ed96644-6546-4fdb-80f7-f73c37a956a9,e83e688c-166a-4f02-a175-594bd5b39f2d,2015-05-27,49.004253535,5.693102198,33.9,32.376498744,tC/acre,0.2,1.1800000000000002,Grassland without tree/shrub cover
40082416,2015-06-18,6543a349-264f-4f27-ae31-7c6a43b92626,b98d6312-9ce4-41d8-97c1-89672ab90dda,2015-06-18,44.780895839,6.050529925,26.8,25.59558012800001,tC/acre,0.2,1.1800000000000002,Grassland without tree/shrub cover
40082614,2015-06-20,7b2167be-e87c-4c25-b9aa-111522a2b766,e472ae1f-bf2c-4a13-8631-90263404e4c6,2015-06-20,46.561922822,5.919684673,60.3,57.59005528800001,tC/acre,0.2,1.1800000000000002,Grassland without tree/shrub cover
40082884,2015-05-27,fcbb844d-ab9f-4aff-a19f-aa3db504f91a,373b9925-225e-417d-ba94-80beb21c0fcd,2015-05-27,48.987347436,5.72194857,45.9,35.571292371,tC/acre,0.2,0.9575,Grassland without tree/shrub cover
40102530,2015-06-29,c91b5917-bfe5-423f-a47c-5cf1ee109b1c,0ec90d3c-493a-46d9-8040-fa3f7adaa425,2015-06-29,45.80758126,6.002219737,20.4,21.448034251200003,tC/acre,0.2,1.299,Grassland without tree/shrub cover
40102644,2015-07-11,8a4a5897-03cf-41fd-8e45-72dca968933c,61365fc6-24cf-41fd-baf7-3dc53fa5fe76,2015-07-11,46.832576992,5.925025169,36.2,34.57313435200001,tC/acre,0.2,1.1800000000000002,Grassland without tree/shrub cover
40102680,2015-07-18,9538b9f2-b77a-4f0c-86ed-5d0ca8db2d69,a99a1833-1222-4654-b69d-35e4b2e79abf,2015-07-18,47.156118503,5.899839703,39.9,36.37912656420001,tC/acre,0.2,1.1265,Grassland without tree/shrub cover
40142552,2015-07-05,e47fc715-8caf-4a1a-b377-b8e46d597786,88b9be7d-7df8-4067-91eb-6203e61bd510,2015-07-05,46.007372209,6.039138674,30.2,28.842780592000008,tC/acre,0.2,1.1800000000000002,Grassland without tree/shrub cover
40142776,2015-06-28,a28d0bdf-3332-43e5-bbb1-ea54d3177e9f,7542aba6-d5d3-47dc-b1b7-482ffa41ac36,2015-06-28,48.020608028,5.884208323,24.1,22.500015508200008,tC/acre,0.2,1.1535000000000002,Grassland without tree/shrub cover
40162496,2015-06-06,45faa994-7f65-412c-9148-22dc433e2b7c,9a79404a-0e67-4db8-8e43-a4a1bda10bdf,2015-06-06,45.504595282,6.101092775,20.6,19.674214576000004,tC/acre,0.2,1.1800000000000002,Grassland without tree/shrub cover
40162726,2015-07-27,4552da1a-cac3-42d3-afef-1398717183ee,b763dc14-a3ef-4c5b-9c57-c00456027ff0,2015-07-27,47.572425551,5.946663272,31.4,20.7634674136,tC/acre,0.2,0.817,Grassland without tree/shrub cover
40162784,2015-06-29,33320222-e433-4d19-ab44-369f8d1af998,8226afa7-23df-43bf-b222-68467dedebbd,2015-06-29,48.093465337,5.905187527,31.9,30.46638082400001,tC/acre,0.2,1.1800000000000002,Grassland without tree/shrub cover
40163006,2015-09-12,069a27cd-91a6-40a6-9060-f40d3b71a7ad,3647444c-5018-4e93-8e18-65899922a8e8,2015-09-12,50.086526152,5.73593503,27.4,26.168615504,tC/acre,0.2,1.1800000000000002,Grassland without tree/shrub cover
40182638,2015-07-09,73bf51f4-108b-4b37-966e-db784c0b64dd,69bc3625-ed58-4996-a505-000394997d51,2015-07-09,46.782545739,6.033722852,54.6,52.14621921600002,tC/acre,0.2,1.1800000000000002,Grassland without tree/shrub cover
40202392,2015-06-14,b9951817-7fe7-46eb-81f9-e5f2bda68bdc,fe6bb00d-510e-40eb-9ad2-ebf98ae6aabf,2015-06-14,44.570434524,6.216267631,49.9,47.65744210400001,tC/acre,0.2,1.1800000000000002,Grassland without tree/shrub cover
40202554,2015-07-05,e43544fd-8e9c-463d-98bb-c3303ae0e827,b6fec0cf-b8e1-44fe-8303-8d5e2f488c0d,2015-07-05,46.028207669,6.115134717,25.7,24.545015272000004,tC/acre,0.2,1.1800000000000002,Grassland without tree/shrub cover
40203238,2015-06-24,9b4ea5af-51c5-47c5-b28f-8affe3b24ec4,351cbf54-6bc7-45b9-a228-17c9f0162381,2015-06-24,52.169865777,5.597478389,9.8,9.359577808000004,tC/acre,0.2,1.1800000000000002,Grassland without tree/shrub cover
40222800,2015-07-04,10e07d39-dd98-45b8-a0bb-4716998ffc80,dc6238c7-4958-409f-9bb0-598053c25424,2015-07-04,48.240145776,5.974193502,53.0,50.61812488000001,tC/acre,0.2,1.1800000000000002,Grassland without tree/shrub cover
40243138,2015-05-29,6226ee77-eab7-4b3c-b665-288bc7755eed,5eff4d61-b679-471c-bfb3-4220ff93e1e7,2015-05-29,51.275048175,5.741121701,19.7,18.814661512,tC/acre,0.2,1.1800000000000002,Grassland without tree/shrub cover
40243210,2015-07-17,cfdc17b7-e46b-4ce8-9c84-033ba78cbf6c,3c71a7e5-e6e0-4f3b-99a4-0a71c72947ac,2015-07-17,51.920892296,5.680151171,49.9,47.65744210400001,tC/acre,0.2,1.1800000000000002,Grassland without tree/shrub cover
40262560,2015-07-05,27f999a2-8c12-47d9-89d6-1aad84a6cd90,361aaa7f-ee36-4277-bf16-4b7fdd8379de,2015-07-05,46.084965822,6.188650434,32.7,31.23042799200001,tC/acre,0.2,1.1800000000000002,Grassland without tree/shrub cover
40263330,2015-09-04,c50b4bab-999a-4747-b37f-bb761d532b8f,e2710334-e658-4d39-bec4-4c2ef6cc6bbd,2015-09-04,52.998152286,5.603342987,43.6,41.64057065600001,tC/acre,0.2,1.1800000000000002,Grassland without tree/shrub cover
40282972,2015-08-21,f451e7fc-947e-4fe8-946b-6da63d3dfda7,7c87a9f0-716a-4d21-8f39-7a76739d9cb7,2015-08-21,49.787499104,5.929382498,25.9,24.736027064000005,tC/acre,0.2,1.1800000000000002,Grassland without tree/shrub cover
40283004,2015-09-11,7be48fd4-0a0d-460c-aab5-379c6a7877ae,08a8754d-98ee-4ff9-8a9e-51f7a3550b20,2015-09-11,50.074720645,5.904920076,24.2,24.992759862400007,tC/acre,0.2,1.276,Temporary grassland
40302366,2015-06-12,effe6365-1f5d-451d-8078-ddd2667732f7,4ccf6617-0450-4152-ba26-da1eef73c2cb,2015-06-12,44.340783536,6.356879559,60.5,57.781067080000014,tC/acre,0.2,1.1800000000000002,Grassland without tree/shrub cover
40302370,2015-06-12,78fa139c-e952-457c-baea-d81a87f590da,c25ac54b-e09c-4710-9af9-4512a1b8f1a9,2015-06-12,44.37680717,6.354570114,46.4,44.31473574400001,tC/acre,0.2,1.1800000000000002,Grassland without tree/shrub cover
40303258,2015-06-11,88c614f6-84d6-4a54-8d93-55cc29085b8e,4fcf48e0-e64f-40fd-a5da-1d2c52b97256,2015-06-11,52.354588606,5.726218546,26.0,24.831532960000004,tC/acre,0.2,1.1800000000000002,Grassland without tree/shrub cover
40322650,2015-08-05,53792b31-3122-4ce4-957a-5178c01e3521,d099b468-b41d-4a5c-93f7-cf717b1a64d5,2015-08-05,46.89700743,6.20895501,64.7,61.79231471200002,tC/acre,0.2,1.1800000000000002,Grassland without tree/shrub cover
40342820,2015-05-22,1a3a8b2e-f849-4d3c-b418-6a649fdaf65d,77f5cf82-eaaf-4d35-958d-dc36cdd27145,2015-05-22,48.425568942,6.121696389,70.4,67.23615078400002,tC/acre,0.2,1.1800000000000002,Grassland without tree/shrub cover
40363052,2015-07-11,55b6fd79-5f96-49bf-85ab-bd3e1042eaaf,f51e9fcb-1cb5-4b63-a7c8-26fc4661a3e7,2015-07-11,50.509492563,5.980151995,69.9,66.75862130400002,tC/acre,0.2,1.1800000000000002,Grassland without tree/shrub cover
40382762,2015-07-30,d0ee4d10-90d4-46ae-b60e-7a2d4e8602a7,e97a50ec-3d0a-411d-8a8d-2f9abccb8c3c,2015-07-30,47.906373116,6.214792798,39.0,37.24729944,tC/acre,0.2,1.1800000000000002,Grassland without tree/shrub cover
40382968,2015-07-06,c0489c84-d098-4cad-bed6-b99281920c31,5791e8a9-67c2-4673-8a6e-0fb85a43beb7,2015-07-06,49.756486687,6.070996623,88.0,84.04518848000002,tC/acre,0.2,1.1800000000000002,Grassland without tree/shrub cover
40382996,2015-08-29,188927ec-b816-4c7a-95ac-975f18b5a8d8,5deb407c-fecd-43ef-98da-c17a1f171892,2015-08-29,50.007840518,6.050375657,34.3,32.758522328000005,tC/acre,0.2,1.1800000000000002,Temporary grassland
40383036,2015-07-10,6f01f590-e57b-4825-8052-57f9e8f85e47,3aa75621-2854-4acb-a6db-25f46c27baca,2015-07-10,50.366874877,6.020442814,59.8,57.11252580800001,tC/acre,0.2,1.1800000000000002,Grassland without tree/shrub cover
40383310,2015-08-23,2b4a52f8-a5a9-458a-b0d4-96e714eb23e5,b41b86cb-5ba0-4804-831e-393dfa2248ec,2015-08-23,52.825164717,5.799159338,75.2,71.82043379200002,tC/acre,0.2,1.1800000000000002,Grassland without tree/shrub cover
40402524,2015-05-29,b3d9db97-6098-46f0-a45a-43cc101b88f7,0707d6f1-6fef-4d56-8110-8ad01f4fd3ee,2015-05-29,45.767404232,6.390884454,37.4,35.71920510400001,tC/acre,0.2,1.1800000000000002,Grassland without tree/shrub cover
40442638,2015-08-07,6eeefd77-18ec-46b0-b481-f7379f6986d2,657bcf27-1107-4f22-831b-413f75c32226,2015-08-07,46.794516598,6.373566883,46.7,44.601253432000014,tC/acre,0.2,1.1800000000000002,Grassland without tree/shrub cover
40442880,2015-05-23,3fff8453-1b0f-47f8-9c9a-250b92ac0ae2,b91fe4ca-9f1e-4e8e-921d-7f5ffe20a6f0,2015-05-23,48.969145775,6.215918187,32.3,28.861558022400004,tC/acre,0.2,1.104,Grassland without tree/shrub cover
40462680,2015-08-01,748569d7-cf41-4012-bd63-6a83d3510837,6ef43a7a-5317-4d16-9aac-ff1a8893f0ea,2015-08-01,47.173003979,6.373746927,56.0,39.11533001600001,tC/acre,0.2,0.863,Grassland without tree/shrub cover
40462792,2015-06-29,1b25fd94-4f8b-4757-b715-97cc764d10e0,3cd3c1b3-3e0a-43ee-b3b2-16c3b795d00c,2015-06-29,48.179566493,6.302089471,46.4,44.31473574400001,tC/acre,0.2,1.1800000000000002,Grassland without tree/shrub cover
40482780,2015-07-23,8f21a4b6-5bfb-4bec-8074-3e4af544c878,65616529-e668-4716-b794-f68d96db0d60,2015-07-23,48.07264206,6.336737472,30.6,29.224804176000006,tC/acre,0.2,1.1800000000000002,Grassland without tree/shrub cover
40502692,2015-07-27,add14e35-7ed8-4cdc-bd65-9be7d4a52c89,5cb103a8-2733-4a90-be56-de22f2bfd27e,2015-07-27,47.282629794,6.41902067,35.1,33.52256949600001,tC/acre,0.2,1.1800000000000002,Grassland without tree/shrub cover
40522492,2015-05-18,9a582aac-479c-4e45-9196-b6549f0278b5,cff2f63a-5785-4e2b-be83-2700d3502ca0,2015-05-18,45.484556144,6.562942661,22.1,17.7619113516,tC/acre,0.2,0.993,Grassland without tree/shrub cover
40522906,2015-06-26,5208705f-de11-405b-b208-8756e306b09f,13ec55e4-218e-4ede-b09b-aeabfe7a7857,2015-06-26,49.206303161,6.307570453,23.2,15.472602649600002,tC/acre,0.2,0.8240000000000001,Grassland without tree/shrub cover
40562312,2015-05-23,1ce15aa1-b7b5-4891-b89e-54a5f5fd65c6,21ed048f-3495-4a6f-b7c5-97357b367fee,2015-05-23,43.865153891,6.710065175,65.7,62.74737367200001,tC/acre,0.2,1.1800000000000002,Grassland without tree/shrub cover
40562532,2015-05-18,04a24758-a948-40ef-bc4e-20e196533a70,5a032d22-a958-4360-935a-3f6ceac14a82,2015-05-18,45.846175593,6.591627118,38.7,29.725238883600003,tC/acre,0.2,0.949,Grassland without tree/shrub cover
40563284,2015-05-26,8af4028a-4473-433d-8476-aa9ad9fdad43,efbed20b-e8b2-46da-a0b0-d4455ac08a20,2015-05-26,52.600956048,6.086738866,55.1,43.12471609240001,tC/acre,0.2,0.967,Grassland without tree/shrub cover
40582782,2015-06-22,ca51b3f9-14ed-4b73-b673-d81fc7df7db6,50aa6844-43a2-45b4-8978-3e76cf80a65e,2015-06-22,48.094992911,6.469489449,29.2,29.707513636799995,tC/acre,0.2,1.257,Grassland without tree/shrub cover
40602678,2015-05-25,7e108acd-c4c9-40f1-a65f-1775e9cced63,d6ed158d-dd9c-4bbe-870d-e2ab185e5cfb,2015-05-25,47.161029627,6.559300807,42.4,40.494499904,tC/acre,0.2,1.1800000000000002,Grassland without tree/shrub cover
40602864,2015-07-16,70d962af-14fb-4f6e-a228-81ea535cba21,6ae148fe-d17d-4640-983b-d33c909badac,2015-07-16,48.832598204,6.444510733,51.4,49.09003054400001,tC/acre,0.2,1.1800000000000002,Grassland without tree/shrub cover
40622664,2015-07-31,0d57187d-be76-4147-8552-8e3e001e8ffb,a4bf6659-9cc5-4fe1-b2fc-2ae12ad3c017,2015-07-31,47.035980892,6.593831182,59.0,38.512752562,tC/acre,0.2,0.8065,Grassland without tree/shrub cover
40622800,2015-07-24,f1e58645-f136-4354-87c7-b4f65bac4e3a,e3c1f2ee-bf07-4d9d-ae38-d49eb6c89a3e,2015-07-24,48.25845076,6.511995358,32.7,31.23042799200001,tC/acre,0.2,1.1800000000000002,Grassland without tree/shrub cover
40623226,2015-07-16,2299dc9a-04e3-4191-a6fb-34bf228c0726,5f28140b-e33c-43c6-b451-ae25fb1f8654,2015-07-16,52.083402493,6.219800114,45.8,37.421395357200005,tC/acre,0.2,1.0095,Grassland without tree/shrub cover
40623316,2015-08-07,0909ac04-60f2-4ece-b6cb-876524034911,831c7e89-a79c-4eac-b31c-cc5df5d4dbdc,2015-08-07,52.89092851,6.150015955,40.7,38.870899672000014,tC/acre,0.2,1.1800000000000002,Grassland without tree/shrub cover
40642558,2015-06-27,1c89b9eb-1271-4d5c-8c47-8147f75c90bd,ecf87a33-dd5f-4f8f-85e2-f3a73cddbf5f,2015-06-27,46.083373589,6.680102034,37.9,36.196734584,tC/acre,0.2,1.1800000000000002,Grassland without tree/shrub cover
40662730,2015-08-04,b2d4cd6b-d603-41e6-936c-5bdb9f735560,0a21fe70-ab06-414c-8d96-96eff893daf2,2015-08-04,47.631003228,6.607878421,24.7,23.589956312000005,tC/acre,0.2,1.1800000000000002,Grassland without tree/shrub cover
40663302,2015-07-18,76c7135d-83dc-4845-b2e6-2499c245f19b,d8cb43f5-83e4-4faa-9575-9614948c9e91,2015-07-18,52.767204431,6.220266266,30.8,29.41581596800001,tC/acre,0.2,1.1800000000000002,Grassland without tree/shrub cover
40682920,2015-06-25,a761caba-9bae-4ca6-b3b6-66660572303b,d55990c7-c413-4d96-8cea-3fd17fbc9bf8,2015-06-25,49.339056063,6.517959871,24.6,19.9503723024,tC/acre,0.2,1.002,Temporary grassland
40702664,2015-05-25,4af05dd5-7e9c-417c-a32f-f95844e49a04,3aa91232-110e-440d-b5b2-6f1332c5b700,2015-05-25,47.039237255,6.698917032,57.3,50.3654389416,tC/acre,0.2,1.086,Grassland without tree/shrub cover
40702780,2015-07-23,68f532f6-e8ec-4663-87f3-743b773cb2f5,e4de8127-0caf-47d3-b739-37f4b252f6e1,2015-07-23,48.082059206,6.631566337,36.6,34.95515793600001,tC/acre,0.2,1.1800000000000002,Grassland without tree/shrub cover
40723226,2015-05-24,d95de74a-3b00-4a97-b746-ee54868aa2c6,740e1f91-d204-4e03-a89f-0fc9a625a0ce,2015-05-24,52.087973241,6.365525391,26.7,27.390969567000003,tC/acre,0.2,1.2675,Grassland without tree/shrub cover
40742708,2015-07-23,791cd257-6d8b-4998-a87b-bae850b90708,7f5b34f4-4206-4861-b395-616b3ba403d0,2015-07-23,47.436465124,6.726724404,40.4,38.584381984,tC/acre,0.2,1.1800000000000002,Grassland without tree/shrub cover
40743266,2015-07-13,2dd13d08-0330-4944-ad96-bc9cba35b730,1231225e-02e9-4517-b646-6f0c98c513f9,2015-07-13,52.447833255,6.365454898,26.7,26.3968988766,tC/acre,0.2,1.2215,Grassland without tree/shrub cover
40743284,2015-05-29,20b6a0bc-ede8-4c23-b7e8-f03844641f73,c0c4e575-77e6-41bc-afc7-921d1f94729c,2015-05-29,52.609360183,6.352115882,33.6,32.08998105600001,tC/acre,0.2,1.1800000000000002,Grassland without tree/shrub cover
40782846,2015-05-28,a40581cc-5515-48a0-8641-e9cdd670935b,6c60d70a-3422-4ee0-93e6-18f50be6bbc3,2015-05-28,48.678408106,6.700153528,13.1,15.501254418400002,tC/acre,0.2,1.462,Temporary grassland
40783020,2015-07-11,99efb58d-f2e3-4940-b710-880da875d28c,8f340977-cebf-423b-b45b-4e501cfbe2d0,2015-07-11,50.241344465,6.592470268,27.0,25.786591920000003,tC/acre,0.2,1.1800000000000002,Grassland without tree/shrub cover
40803286,2015-05-24,3feb7878-a740-4b9f-ae13-dc303611da93,a266142f-12c4-4924-863a-8a352d49a3b3,2015-05-24,52.629978964,6.439141755,34.4,33.828512112,tC/acre,0.2,1.215,Grassland without tree/shrub cover
40822860,2015-05-22,f6f85e91-d501-4d8a-8db9-0052f73a43b8,52bc1b47-8a64-46dd-92f0-cdaef13eea74,2015-05-22,48.805801353,6.746197623,32.0,24.41065952,tC/acre,0.2,0.9425,Grassland without tree/shrub cover
40822936,2015-05-16,818bcdad-e735-429b-8a8d-8a17b857989e,d76f56cf-a90f-4aa2-95b7-066c6e80e476,2015-05-16,49.48857498,6.700690639,67.0,63.988950320000015,tC/acre,0.2,1.1800000000000002,Grassland without tree/shrub cover
40823260,2015-05-30,ae348cab-d626-4b79-bd23-9bc88bc9bec4,b13bbbf7-f609-4488-a865-baa5d2fe2d91,2015-05-30,52.397516039,6.487277459,62.0,59.21365552000002,tC/acre,0.2,1.1800000000000002,Grassland without tree/shrub cover
40842690,2015-07-25,30457e61-bfb6-4c1b-8334-b0703eade154,4eb3887d-d790-4c53-8a20-b34755d60898,2015-07-25,47.27850735,6.868871277,57.0,54.43836072000001,tC/acre,0.2,1.1800000000000002,Grassland without tree/shrub cover
40862692,2015-07-25,93e220ca-8407-4b09-bada-62c3bdd42f11,eaa3716c-306e-42ea-ba59-324d4933dd4e,2015-07-25,47.297249711,6.894194474,47.4,45.26979470400001,tC/acre,0.2,1.1800000000000002,Grassland without tree/shrub cover
40862974,2015-07-17,0697a29f-8719-48be-8f23-1af876965b46,f04b749b-699f-457c-80ab-7adc786e9522,2015-07-17,49.831503029,6.732872478,21.2,20.247249952,tC/acre,0.2,1.1800000000000002,Grassland without tree/shrub cover
40882942,2015-05-16,2a83270d-5db5-47bd-841c-3709cf807052,ed657b25-f5df-4fea-a203-64dbeee9d5df,2015-05-16,49.544863191,6.779852384,37.4,35.71920510400001,tC/acre,0.2,1.1800000000000002,Grassland without tree/shrub cover
40883024,2015-05-25,61cccec7-b7cf-4bf0-b3c8-48f0bf3caefc,b42f61ab-29b4-408e-aae6-ec8ebc1e89d6,2015-05-25,50.28135716,6.73005161,41.8,29.2137157796,tC/acre,0.2,0.8634999999999999,Grassland without tree/shrub cover
40923018,2015-05-24,1c70f1eb-6117-4331-b16f-1ce5de63f56d,e1dfafde-397d-4452-beda-618a26cf135b,2015-05-24,50.229061591,6.789768107,27.1,25.88209781600001,tC/acre,0.2,1.1800000000000002,Grassland without tree/shrub cover
40942872,2015-06-05,ed356b83-41f0-49fb-bbac-7d0faf67718b,dddb8ad3-1afa-41b4-8ed9-2fe3cdfdefb8,2015-06-05,48.918277902,6.902666485,29.9,28.556262904000004,tC/acre,0.2,1.1800000000000002,Grassland without tree/shrub cover
40943358,2015-06-27,aeb0125b-a9c9-411f-9c69-0522faad11d3,0510bd33-f62a-4b75-9c1e-53bef60f7493,2015-06-27,53.282167209,6.595484407,20.5,19.57870868,tC/acre,0.2,1.1800000000000002,Grassland without tree/shrub cover
40963290,2015-06-02,b2548965-04c1-4a37-a9d3-54f1c7d92773,32ad894e-472b-4b09-bb20-2c403697c776,2015-06-02,52.672685868,6.672511019,59.5,56.82600812,tC/acre,0.2,1.1800000000000002,Grassland without tree/shrub cover
40982506,2015-06-06,d67e93ff-619f-4cc2-ad91-c0adcfe34a17,659c0298-61e2-4f59-b3ce-d4778c352396,2015-06-06,45.628070903,7.143592603,23.1,22.061861976000007,tC/acre,0.2,1.1800000000000002,Grassland without tree/shrub cover
40982812,2015-07-24,f929c136-c815-488e-92bd-359501df64cd,1699c095-4769-4e84-8f16-7ac11906128d,2015-07-24,48.380547993,6.989870231,20.4,20.886653832,tC/acre,0.2,1.265,Grassland without tree/shrub cover
41002860,2015-05-31,bcfba535-56ce-41f8-8e89-51b254ca3691,f044490f-8f27-434c-92c9-272b82da0ff7,2015-05-31,48.812679401,6.991000252,17.7,16.904543592000007,tC/acre,0.2,1.1800000000000002,Grassland without tree/shrub cover
41022528,2015-06-05,571e7b30-2c5f-469b-bcc5-be06aab9edc5,39b401b2-581e-4bc6-916e-967e0f114a10,2015-06-05,45.827489761,7.184592289,37.2,35.528193312000006,tC/acre,0.2,1.1800000000000002,Grassland without tree/shrub cover
41043298,2015-06-05,a00ab95d-124f-4bd7-b50c-7ee05a8610cd,2e79177d-a31a-4c2f-9ed1-982e1d6b7f72,2015-06-05,52.747727374,6.785414648,14.4,13.752849024000003,tC/acre,0.2,1.1800000000000002,Grassland without tree/shrub cover
41043334,2015-06-23,479104bf-514c-4104-a8f6-ff4c6813fff5,ec19db47-f3e8-4b9d-bde8-4eba7ed287a8,2015-06-23,53.070868951,6.761474266,91.4,87.29238894400004,tC/acre,0.2,1.1800000000000002,Grassland without tree/shrub cover
41062402,2015-05-28,d10dd916-1d1d-4551-b771-6180d19c8b91,94c6f3c4-cf24-4e14-9f4f-83b97cf3a641,2015-05-28,44.69415082,7.292045345,24.7,23.589956312000005,tC/acre,0.2,1.1800000000000002,Grassland without tree/shrub cover
41062784,2015-08-13,a5ea8c65-9f31-4ddc-9e33-bdace5234d1e,10ab92fd-b061-4431-b407-97cc760e1a82,2015-08-13,48.131726628,7.112170959,43.8,41.7784067076,tC/acre,0.2,1.1785,Grassland without tree/shrub cover
41062870,2015-05-22,dfd287c7-4aec-41a3-894a-6fe475f94a61,64cbf9f7-5c89-47fc-8619-ae5de5cf644f,2015-05-22,48.904721783,7.067307164,51.8,44.965066146000005,tC/acre,0.2,1.0725,Grassland without tree/shrub cover
41063212,2015-05-17,e93b00a6-eec4-43ee-b2dc-dd4d28c0406f,972c7cb1-0d5c-4dd9-907f-ca7e2862235f,2015-05-17,51.97648288,6.869975888,17.8,19.125055674,tC/acre,0.2,1.3275,Grassland without tree/shrub cover
41102442,2015-05-10,f92db9be-6a6a-4539-8952-6c5754180269,ddac03db-b18b-4a11-bdeb-13a4785af456,2015-05-10,45.055772009,7.325236962,32.1,30.65739261600001,tC/acre,0.2,1.1800000000000002,Grassland without tree/shrub cover
41122362,2015-06-16,d2f88c44-7fab-40ad-8faf-4adda36a3537,ca0c7d1f-20e5-4dce-ab2a-6e28c73a0cff,2015-06-16,44.335653568,7.384268609,20.4,12.5650146768,tC/acre,0.2,0.761,Grassland without tree/shrub cover
41122412,2015-05-28,0f82887c-b2fc-40f5-8fae-84b0ec2a706f,5cd76683-fe88-4a8b-b3c5-ef23efd621b7,2015-05-28,44.786174426,7.363341271,15.8,9.533511850800004,tC/acre,0.2,0.7455,Grassland without tree/shrub cover
41122890,2015-06-08,2188511a-4543-4033-ad21-05ba149809d0,bb0cfc7a-b048-45c2-89bd-5c84b17e4301,2015-06-08,49.08657636,7.138684645,52.1,49.758571816000014,tC/acre,0.2,1.1800000000000002,Grassland without tree/shrub cover
41122926,2015-06-02,1e789246-4122-4909-88e9-ea7b6ee68cb6,f6cf7c7b-b993-4874-b9c7-fe022b8afea2,2015-06-02,49.410068385,7.119738239,30.6,29.224804176000006,tC/acre,0.2,1.1800000000000002,Grassland without tree/shrub cover
41242460,2015-06-28,cafae785-5733-424f-acc5-a482bbacce1b,2672cc0c-c21c-40cd-8e4d-7d34441c1738,2015-06-28,45.222273131,7.495294982,32.2,23.924712571200004,tC/acre,0.2,0.918,Grassland without tree/shrub cover
41242466,2015-06-28,c7d38ab7-b747-41a7-997a-cf3c23790627,f8e77638-b19d-4baf-96bf-3eb24834b524,2015-06-28,45.276312824,7.492850338,44.6,42.59562961600001,tC/acre,0.2,1.1800000000000002,Grassland without tree/shrub cover
41242892,2015-06-08,1bdd5d07-f0f2-4184-bc72-6f11bbbf264d,92486d2d-9624-4363-8487-12db20520f06,2015-06-08,49.108624333,7.30185019,67.2,58.22427918720001,tC/acre,0.2,1.0705,Grassland without tree/shrub cover
41263244,2015-08-21,7589b988-4144-4c5b-9d4a-1131fd42eb4c,645625c3-1e75-416e-bb77-2673ac8609ff,2015-08-21,52.271176686,7.142544955,16.3,17.9553512596,tC/acre,0.2,1.361,Temporary grassland
41342398,2015-05-24,2c545755-0f5e-4727-825a-936d0308f3d1,5a3f99ab-1e95-4b5b-bb42-4aaf16b9387b,2015-05-24,44.666654522,7.646001153,18.2,17.382073072000004,tC/acre,0.2,1.1800000000000002,Temporary grassland
41342836,2015-07-19,bb7f2331-6249-4ebe-acbe-6b6d4ae0d296,b1425b93-883b-4e41-bd94-e87cfb79df49,2015-07-19,48.608457621,7.464561685,12.1,13.2064015182,tC/acre,0.2,1.3485,Grassland without tree/shrub cover
41382456,2015-05-09,8749b7a9-4b14-46ed-b885-32c51ff14fb0,357025f0-edf2-489a-a720-51b6c0ffea27,2015-05-09,45.190326335,7.67470223,27.9,26.646144984000006,tC/acre,0.2,1.1800000000000002,Grassland without tree/shrub cover
41402848,2015-07-06,55e18155-45f7-4fde-b17f-e16496c527da,2ed9770a-4c78-4270-8194-398255c1f44a,2015-07-06,48.718163869,7.540549622,11.1,10.601154456,tC/acre,0.2,1.1800000000000002,Grassland without tree/shrub cover
41403376,2015-09-18,ddd44f2a-9407-4a7a-a878-29a72f39cec4,6d927853-b1c9-4cfd-a541-bb645bb8abcf,2015-09-18,53.46121102,7.274454427,62.7,62.57182088520002,tC/acre,0.2,1.233,Grassland without tree/shrub cover
41422376,2015-06-15,f787a5cb-8cf1-458d-9ecd-a299bede8ed0,31af903d-d630-400d-9ab3-1dc44ea050d7,2015-06-15,44.470611538,7.754542797,20.4,19.483202784000003,tC/acre,0.2,1.1800000000000002,Temporary grassland
41423356,2015-06-11,9b158d52-768e-4a59-a18b-a49ccd72426f,80a81866-67ef-4f59-a99c-147a8299e032,2015-06-11,53.282302724,7.315805436,84.9,81.08450570400002,tC/acre,0.2,1.1800000000000002,Grassland without tree/shrub cover
41442372,2015-06-15,f9150f77-7c27-4262-9154-812b97aebc77,1ea380f8-0230-4c34-8207-0658efda51a9,2015-06-15,44.435097937,7.781029739,17.3,16.522520008000008,tC/acre,0.2,1.1800000000000002,Grassland without tree/shrub cover
41462518,2015-06-06,e5e9f009-6964-4833-b132-c9ba29f82328,0e438be7-a478-4823-938d-8d4305d5773e,2015-06-06,45.750924613,7.753623569,49.1,29.3679820828,tC/acre,0.2,0.739,Grassland without tree/shrub cover
41462942,2015-06-07,dbff20fc-2823-469a-a79f-20026f8d4ab1,18eb3807-be08-4335-871c-1a0214611604,2015-06-07,49.564866439,7.580825792,26.7,25.500074232000006,tC/acre,0.2,1.1800000000000002,Grassland without tree/shrub cover
41482350,2015-06-15,e6c74aaa-5d7f-4ebc-93f1-589281d112f9,b632fc73-216d-4e34-888a-80943e73dcce,2015-06-15,44.237848898,7.838694334,20.1,19.196685096000003,tC/acre,0.2,1.1800000000000002,Grassland without tree/shrub cover
41483196,2015-08-27,7d4a1137-ec07-4011-91ae-fd3808c8ffa5,2a36d78d-797b-4c36-92b9-7163aa55c48b,2015-08-27,51.847405182,7.488947567,14.2,13.561837232000002,tC/acre,0.2,1.1800000000000002,Temporary grassland
41502390,2015-05-24,c124b95e-7ba8-4f45-aec2-2db6ce51a7b8,5a4da3da-bcf1-445c-afae-41438fac816a,2015-05-24,44.598905182,7.850062046,16.9,16.140496424000002,tC/acre,0.2,1.1800000000000002,Temporary grassland
41502436,2015-05-09,1786ea56-51fb-4177-9fbc-c33591dfcfd1,e0740599-a268-4388-a854-200776d7def7,2015-05-09,45.013405795,7.834128771,24.5,23.398944520000004,tC/acre,0.2,1.1800000000000002,Grassland without tree/shrub cover
41502948,2015-06-08,856ccde4-6153-4017-931b-5bc0f532db95,1ee56087-209c-4b22-b28a-5d12ab4c2d12,2015-06-08,49.61996044,7.633456633,21.7,20.724779432,tC/acre,0.2,1.1800000000000002,Grassland without tree/shrub cover
41522376,2015-06-15,f78d3d24-1b9c-4758-869c-9f22a753a6af,b95b6066-49c3-4e24-bdf9-45dedf9e11ab,2015-06-15,44.473241715,7.879928344,21.0,20.056238160000003,tC/acre,0.2,1.1800000000000002,Temporary grassland
41522386,2015-05-24,17b7d6a9-896b-44f1-bda0-a62138c15bba,103f222c-3aa1-4772-9429-1b7afbc005fc,2015-05-24,44.563370603,7.876550856,19.0,18.146120240000005,tC/acre,0.2,1.1800000000000002,Grassland without tree/shrub cover
41522818,2015-07-14,c80adc33-6106-4970-be6e-d0e03bef21a2,33b5ce0a-4a49-4c65-91a4-9faf9507b0cb,2015-07-14,48.451912377,7.715852291,48.8,46.60687724800001,tC/acre,0.2,1.1800000000000002,Grassland without tree/shrub cover
41543076,2015-05-24,e719b431-7b9a-48d0-9603-8a8d6d7b2c52,fa5cf2a6-3550-4b2d-8fec-c023212a0802,2015-05-24,50.771278305,7.632228983,24.3,22.234379617800005,tC/acre,0.2,1.1305,Grassland without tree/shrub cover
41562438,2015-05-09,f8f54333-8c15-4abe-9891-a0f00e6ceb81,285e2413-f4a8-46d4-9c69-0a3478eaa548,2015-05-09,45.032966116,7.909414277,9.6,9.168566016000003,tC/acre,0.2,1.1800000000000002,Grassland without tree/shrub cover
41602856,2015-07-13,8a45108d-c424-49af-9ab4-6b6a2efecc92,098cec83-fd99-43da-956a-db8f11d45683,2015-07-13,48.795760811,7.808997373,29.7,28.36525111200001,tC/acre,0.2,1.1800000000000002,Grassland without tree/shrub cover
41603342,2015-06-07,38644c14-53c4-4560-afc3-54a92cddc535,00607f05-cc83-432c-a587-0baf558cc962,2015-06-07,53.162257083,7.592558458,128.7,78.5412970056,tC/acre,0.2,0.754,Grassland without tree/shrub cover
41622458,2015-06-01,d1ef0c11-5a4e-4e55-89b6-21d6aab68cf0,1b4f3a2b-5b98-4ba2-b286-e008f68ade8e,2015-06-01,45.21464082,7.978865124,12.0,11.460707520000003,tC/acre,0.2,1.1800000000000002,Grassland without tree/shrub cover
41643360,2015-08-23,2905105b-4daf-45ab-aa79-3a9dc716a41e,397237fa-08ae-4a6e-92e1-64703b8bdbbe,2015-08-23,53.325087286,7.643506571,41.5,39.63494684000001,tC/acre,0.2,1.1800000000000002,Temporary grassland
41663232,2015-07-16,af7410e9-5911-4672-bd53-350db3aa1493,6703268c-ee08-4c8c-80fe-5ebdcd5851ed,2015-07-16,52.176049852,7.733779992,22.7,14.4960953316,tC/acre,0.2,0.789,Grassland without tree/shrub cover
41682724,2015-09-11,42a5b865-ba7c-492a-838b-8b3846dcda76,885c0535-3000-4694-98e9-1ac7359a554d,2015-09-11,47.610692997,7.966051056,31.4,29.98885134400001,tC/acre,0.2,1.1800000000000002,Grassland without tree/shrub cover
41702722,2015-09-12,b712d48a-71cf-47a4-b93f-d9102df8bca2,f22f8b70-a65d-40ca-8895-19d9c518b570,2015-09-12,47.593191815,7.993326851,23.2,22.157367872000005,tC/acre,0.2,1.1800000000000002,Grassland without tree/shrub cover
41722446,2015-05-16,0f9f7004-90ce-49dd-b812-d6dbae736590,dab5d2a6-06e3-495a-b0db-1280a1b7a36e,2015-05-16,45.10888907,8.109614764,14.4,13.752849024000003,tC/acre,0.2,1.1800000000000002,Grassland without tree/shrub cover
41723044,2015-06-07,d7f59b87-8c55-446e-bbe6-712355262f6b,e554d16e-442c-47bc-b751-53c8567e27e4,2015-06-07,50.48869064,7.90020559,29.4,28.078733424000003,tC/acre,0.2,1.1800000000000002,Grassland without tree/shrub cover
41743032,2015-05-29,7aaf7487-fd1c-47ce-9c0e-222e272c1410,ae4a723d-e5e7-4a1f-b55e-692e9ce492cb,2015-05-29,50.381367736,7.933101778,24.8,23.685462208000008,tC/acre,0.2,1.1800000000000002,Grassland without tree/shrub cover
41743302,2015-09-07,b88740a1-06e0-4312-ac17-35bcc236ef9d,b0b8d6ec-5eac-4ad0-a642-2409634d7243,2015-09-07,52.806981491,7.819872541,56.0,53.48330176000002,tC/acre,0.2,1.1800000000000002,Grassland without tree/shrub cover
41763118,2015-05-31,53104506-e691-4479-8c79-877614d81a4c,14f97062-d9e9-4ffd-83d0-b3cd29137f9a,2015-05-31,51.154624408,7.927211251,31.9,28.8914238492,tC/acre,0.2,1.119,Grassland without tree/shrub cover
41763334,2015-06-05,59f59163-2232-473a-aba6-3bd339a5d479,024efb21-fb59-4617-a7af-1b8effea0900,2015-06-05,53.094934192,7.835266057,32.6,34.631004450000006,tC/acre,0.2,1.3125,Grassland without tree/shrub cover
41782772,2015-09-08,9242737e-169b-4785-b2c8-aea4c329bf22,2c8576bc-2e2b-4703-937b-483b9e068f7a,2015-09-08,48.044877839,8.082848902,46.2,44.12372395200001,tC/acre,0.2,1.1800000000000002,Grassland without tree/shrub cover
41783068,2015-05-24,18c9c53c-f2aa-4b4c-ba5f-eb424b3752f7,999e2d20-79f3-4b1a-a532-b86056907102,2015-05-24,50.705869676,7.975449471,56.7,44.2393022736,tC/acre,0.2,0.964,Grassland without tree/shrub cover
41783392,2015-09-12,e5a64390-5981-4f85-ad9c-1c6213338a8f,51dee4dc-e38e-439a-9872-465566ca3445,2015-09-12,53.616398883,7.839043743,44.1,42.11810013600001,tC/acre,0.2,1.1800000000000002,Grassland without tree/shrub cover
41823184,2015-06-12,ce693de5-bc91-44e7-8f09-876e4545fbd3,22de3ea2-1a23-4aca-b67f-610c03633f44,2015-06-12,51.749087718,7.986996131,29.8,28.46075700800001,tC/acre,0.2,1.1800000000000002,Temporary grassland
41861958,2015-04-24,89e73ad6-d8e9-49fe-a24d-cfaf97ef317d,57b614b6-0395-47d0-bd3a-f7def36ab9e4,2015-04-24,40.706978961,8.409768137,13.7,13.084307752,tC/acre,0.2,1.1800000000000002,Grassland without tree/shrub cover
41863092,2015-07-02,042e678e-547f-47a5-8d39-e5989501fdcd,569b3db6-29c5-487d-ab8c-e8e9e5f0a4c8,2015-07-02,50.923464484,8.079807728,29.5,28.174239320000005,tC/acre,0.2,1.1800000000000002,Grassland without tree/shrub cover
41902738,2015-08-23,7caf723f-c225-4108-bf7e-6e6c0d6537c5,3dda91c4-e148-43f2-b743-8b96437cd833,2015-08-23,47.741699652,8.25414483,30.4,29.033792384000005,tC/acre,0.2,1.1800000000000002,Grassland without tree/shrub cover
41903350,2015-07-03,35609dec-ae2c-4ddc-b0fc-695250777db0,aacf3b8a-6b36-4741-bd05-c66a6e575192,2015-07-03,53.24222227,8.037657717,29.3,26.382492055,tC/acre,0.2,1.1124999999999998,Grassland without tree/shrub cover
41942506,2015-06-14,3689717e-be82-49cc-ab6a-6ee8d88fe804,ae013642-fe2a-411d-9fb1-602b2d958f62,2015-06-14,45.654090321,8.372791037,19.9,19.005673304,tC/acre,0.2,1.1800000000000002,Grassland without tree/shrub cover
41981944,2015-04-22,b735ee5c-1e2f-4722-9d0e-07beff72ecfd,997843b2-0b28-4641-969d-f75af8aa8d15,2015-04-22,40.582513798,8.553984545,26.5,17.630550276,tC/acre,0.2,0.8220000000000001,Grassland without tree/shrub cover
41982398,2015-07-03,28d8fc50-be0c-4402-aad4-277257621cdf,d436b603-c449-473d-8608-421c839d12b8,2015-07-03,44.681711618,8.451399497,37.9,36.196734584,tC/acre,0.2,1.1800000000000002,Grassland without tree/shrub cover
41982722,2015-09-13,c34ba8a9-79b9-4c32-8681-d87b26e07389,8ab796c6-5a74-40ee-86f8-8a387c331dcb,2015-09-13,47.599390623,8.36530609,40.2,31.170210715200003,tC/acre,0.2,0.958,Grassland without tree/shrub cover
42003148,2015-07-19,4d07ee2c-60f8-4ff7-9935-3690bd955ea4,0495509e-873e-495b-8562-bf6e89e2306b,2015-07-19,51.429801842,8.259985642,37.8,36.101228688000006,tC/acre,0.2,1.1800000000000002,Grassland without tree/shrub cover
42003608,2015-08-07,8100add8-7159-4114-8156-33279772febe,c4b2f5a9-a529-4f8f-96ce-fae090cba63a,2015-08-07,55.562118786,8.083091135,18.0,17.191061280000003,tC/acre,0.2,1.1800000000000002,Grassland without tree/shrub cover
42061926,2015-05-24,5f65cdcd-bf46-4f05-9d4c-99f35e63513f,638a6c41-d1f4-4673-9f72-00ab1564cbd8,2015-05-24,40.420996723,8.651472305,34.1,32.56751053600001,tC/acre,0.2,1.1800000000000002,Grassland without tree/shrub cover
42063100,2015-07-04,7b064377-ec7e-4d79-8b30-0b44c2dd402e,252d478f-697d-41f5-9828-1ea108be284f,2015-07-04,50.999725648,8.361652136,33.5,31.994475160000007,tC/acre,0.2,1.1800000000000002,Grassland without tree/shrub cover
42081806,2015-07-02,2cce6127-c5e5-4280-a349-f068f7761be7,3dc22c31-83e7-4dbb-8edf-3592d1fc0791,2015-07-02,39.334905827,8.696954311,20.9,19.960732264000004,tC/acre,0.2,1.1800000000000002,Grassland without tree/shrub cover
42081910,2015-07-10,39b71e78-eb7f-4fe8-a35c-3d9acb399891,e97373fe-0d7b-4a8c-99f5-ebdaa7c77abf,2015-07-10,40.2765342,8.677918567,76.9,47.1162150476,tC/acre,0.2,0.757,Grassland without tree/shrub cover
42083350,2015-06-20,e8fc0147-be1d-4f0f-b72a-ebcea8686481,9d74bb33-8785-4875-9b5a-ac87f3d88eb2,2015-06-20,53.246294588,8.307193759,84.4,80.60697622400002,tC/acre,0.2,1.1800000000000002,Grassland without tree/shrub cover
42083674,2015-08-03,722d5240-3223-4a76-b08d-7a5097ded315,5541b015-dcab-4ea0-9b45-785f38bc6231,2015-08-03,56.156915277,8.182631977,41.0,39.15741736,tC/acre,0.2,1.1800000000000002,Grassland without tree/shrub cover
42101830,2015-04-15,d834df40-ec56-4ab2-ac24-e3ec1a3191f6,034bf6e1-d4af-4074-91ae-2db482fba9b4,2015-04-15,39.55259938,8.715764981,28.0,31.580076696000003,tC/acre,0.2,1.3935,Grassland without tree/shrub cover
42101926,2015-05-24,7a1f62c7-722d-4a8e-8dc0-5ee74f5ef2f7,ea9d4e16-c6e7-4a5f-89eb-0a96f8ab2e68,2015-05-24,40.421628539,8.69837001,17.4,16.618025904,tC/acre,0.2,1.1800000000000002,Grassland without tree/shrub cover
42143366,2015-08-24,f0f57d9d-3d6f-4831-920b-b697efa5c407,e832d664-a32b-41e4-a718-45e9643a44e1,2015-08-24,53.391256523,8.391680622,39.4,37.629323024,tC/acre,0.2,1.1800000000000002,Grassland without tree/shrub cover
42161822,2015-04-15,91a7784f-e6ce-4ab4-9ebc-f3a3e53b3bef,035ecda8-9ad1-4099-bb37-d9ed9d73a58c,2015-04-15,39.481033665,8.786517178,14.6,11.1609970684,tC/acre,0.2,0.9445,Grassland without tree/shrub cover
42163298,2015-07-17,f19e3258-c163-4522-aad0-e2a3c0896a6a,f188aa95-3028-42c1-8eb5-19a026eba668,2015-07-17,52.78074741,8.443831956,84.7,80.89349391200003,tC/acre,0.2,1.1800000000000002,Grassland without tree/shrub cover
42182100,2015-07-03,bbf9d0cd-f814-43d1-8ff0-21c2df694429,f222f89c-8dd3-41e9-8497-87111b9c09df,2015-07-03,41.996000828,8.761312631,25.8,24.640521168000006,tC/acre,0.2,1.1800000000000002,Grassland without tree/shrub cover
42182510,2015-06-19,5f5f5786-869f-4efa-aca9-2da1649428cc,e097b41d-3149-41cc-97a2-b7120ca764d1,2015-06-19,45.694399185,8.679363518,42.9,36.78802129860001,tC/acre,0.2,1.0595,Grassland without tree/shrub cover
42183342,2015-06-30,c13fa3f6-0844-4a26-8313-950ad26f7f71,a4d30360-439b-438d-936b-cbec9a03876c,2015-06-30,53.176426522,8.459523641,37.4,35.71920510400001,tC/acre,0.2,1.1800000000000002,Grassland without tree/shrub cover
42223056,2015-05-23,a8397582-accd-4402-b868-2b617853e9aa,5b30f1d1-8450-4789-ad51-0c12e7a039d5,2015-05-23,50.607269112,8.601438468,23.1,23.5856261718,tC/acre,0.2,1.2614999999999998,Grassland without tree/shrub cover
42223066,2015-07-06,707a835b-ee47-49a9-a78e-64e304eedda7,ae133201-2bb3-49a1-b290-9239185f7c60,2015-07-06,50.697148521,8.598756275,23.0,21.966356080000004,tC/acre,0.2,1.1800000000000002,Grassland without tree/shrub cover
42242404,2015-06-20,92e4f6a6-d73f-49aa-86d2-f8d4ee668e0b,6242a248-ef4d-4240-ae2f-83e203ae7704,2015-06-20,44.740139687,8.777515772,24.6,16.605399700800003,tC/acre,0.2,0.8340000000000001,Grassland without tree/shrub cover
42261960,2015-06-12,4fa5e1e5-d81e-4699-ba28-b4a453c6c9aa,1c76a1d3-9ce1-437d-abe6-094311d17f3d,2015-06-12,40.731534624,8.880560262,36.1,34.47762845600001,tC/acre,0.2,1.1800000000000002,Grassland without tree/shrub cover
42263098,2015-09-16,aeed8f57-45fa-4e66-b2ec-69fbea3814bf,8ed5fdbc-2cbb-4195-a579-1dcbd9fd83a3,2015-09-16,50.985427606,8.647040629,29.9,28.556262904000004,tC/acre,0.2,1.1800000000000002,Grassland without tree/shrub cover
42283198,2015-07-04,48ec3716-fab4-490b-8b67-fc22299f84ac,e3f62670-3523-4afd-ae81-686390b51b66,2015-07-04,51.884409345,8.649239383,21.6,20.629273536000007,tC/acre,0.2,1.1800000000000002,Grassland without tree/shrub cover
42303596,2015-07-25,2d690119-7efc-4a24-b743-d56f2dc5c30b,69979b03-f3fc-4d92-a80a-5ebf341ce461,2015-07-25,55.460587936,8.562108389,32.9,31.421439784000004,tC/acre,0.2,1.1800000000000002,Grassland without tree/shrub cover
42321952,2015-04-22,12219c0a-7704-466a-b51d-75c6c0541956,fa4f5a3d-7946-43d3-b87f-d4ddcdfecc10,2015-04-22,40.659941308,8.952452423,11.5,10.331633580000002,tC/acre,0.2,1.11,Grassland without tree/shrub cover
42323666,2015-08-02,dd140f77-c666-4c3d-b293-799a32ff5d91,944e9563-3e64-4854-934d-149bb6eedb00,2015-08-02,56.089905485,8.571143694,53.1,50.71363077600001,tC/acre,0.2,1.1800000000000002,Grassland without tree/shrub cover
42361906,2015-04-28,7bc5984e-eed0-44c9-a4d1-415ee70e276d,cba55db8-6182-4e77-8d4e-47a5e1901182,2015-04-28,40.244197582,9.006040165,10.2,9.8530519164,tC/acre,0.2,1.1935,Grassland without tree/shrub cover
42361916,2015-06-05,f7b370a6-4b9e-4d2e-b952-bb47e74b4716,e60d9c2e-4249-407c-8d26-8b49ccbf2a36,2015-06-05,40.334698238,9.004634573,13.5,12.89329596,tC/acre,0.2,1.1800000000000002,Grassland without tree/shrub cover
42363374,2015-09-16,080fc797-11d1-4bb5-b021-3f1e852a5083,d265e174-0be1-421a-9dcf-6a5f233be239,2015-09-16,53.467064612,8.720144844,30.2,28.842780592000008,tC/acre,0.2,1.1800000000000002,Grassland without tree/shrub cover
42363576,2015-07-12,a1958828-92ea-4d1b-ba19-06bf9fe7a4cf,89ec46e5-ca09-4c7a-836c-f61377cb6d88,2015-07-12,55.281929997,8.66290019,44.8,42.786641408,tC/acre,0.2,1.1800000000000002,Grassland without tree/shrub cover
42381944,2015-06-14,f48a3eb9-a79a-4eb9-a205-6b0bda262362,63c47500-938e-4fec-ab8b-9389c0ed9935,2015-06-14,40.588290099,9.02418106,15.3,14.612402088000003,tC/acre,0.2,1.1800000000000002,Grassland without tree/shrub cover
42403002,2015-08-11,ddf8a3bd-4e25-4894-8302-b06e39050803,a029e89e-d222-4fa6-ae06-bacc669e2c85,2015-08-11,50.1246571,8.867354054,34.9,38.5431444806,tC/acre,0.2,1.3645,Grassland without tree/shrub cover
42403530,2015-05-16,712d168c-7d65-49fa-ae41-896e7b283aa6,081cb107-2a88-438e-92b7-aba64f3a40c7,2015-05-16,54.869277203,8.738746942,23.6,22.539391456000004,tC/acre,0.2,1.1800000000000002,Grassland without tree/shrub cover
42422520,2015-07-03,23a2e0e5-42d5-4f80-a257-1c47d036fb6c,aef03b47-78c0-45b8-868b-eafd9062fd52,2015-07-03,45.787870983,8.985374387,48.1,45.93833597600002,tC/acre,0.2,1.1800000000000002,Grassland without tree/shrub cover
42443310,2015-09-08,91ace651-a03c-49e0-891d-14091cd28784,0291f155-88be-4b59-92c9-ff070bf4a1b9,2015-09-08,52.893237415,8.855914872,39.6,37.820334816000006,tC/acre,0.2,1.1800000000000002,Grassland without tree/shrub cover
42463356,2015-05-21,5676aa96-1d3d-4f2a-ac68-2cab00a6c08e,6b64ffa7-56bd-4d9d-91b6-7b69e2468666,2015-05-21,53.306829044,8.874941422,44.7,34.9669342986,tC/acre,0.2,0.9665,Grassland without tree/shrub cover
42502766,2015-09-12,dba9a79e-638e-48c5-a616-84667d748359,38ffdc55-0e72-4532-acf7-4f5e59fea8f8,2015-09-12,48.003470652,9.04899325,50.8,48.51699516800001,tC/acre,0.2,1.1800000000000002,Grassland without tree/shrub cover
42502820,2015-09-24,38d2fc05-fd3c-456b-8845-47f1a270b272,e52378dd-ee6d-4787-b3b0-f7daff7ec6b5,2015-09-24,48.489283235,9.03981867,26.7,22.906846344,tC/acre,0.2,1.06,Grassland without tree/shrub cover
42543054,2015-05-23,76952ad2-25a1-4e99-b18c-551a5c705d8f,92a5baf7-4484-4b6f-a4e0-2085636f62ad,2015-05-23,50.593896235,9.053803998,27.0,19.361796984000005,tC/acre,0.2,0.886,Grassland without tree/shrub cover
42562962,2015-05-16,9eceece5-455d-4345-99bb-44efcf876231,76170372-29c5-41a7-80c6-12897d4c76e7,2015-05-16,49.767024715,9.097850758,11.2,14.3317118784,tC/acre,0.2,1.581,Grassland without tree/shrub cover
42582462,2015-05-23,4448ebb1-7c37-4b2c-9546-9ff0f794e070,6298daed-eee3-44bf-bc76-7b03eecbd7b2,2015-05-23,45.267046721,9.198509722,22.4,21.393320704,tC/acre,0.2,1.1800000000000002,Grassland without tree/shrub cover
42583038,2015-05-22,a075d643-2f9d-4acf-92d4-8486178cf1b7,d1ee6e3c-428d-4a0f-81bf-7abf2a167ac6,2015-05-22,50.450516834,9.113000293,15.2,12.9421820288,tC/acre,0.2,1.052,Grassland without tree/shrub cover
42583062,2015-07-03,ff6915c0-5bcc-4447-9e64-907e5d7b250c,9b5067e9-b014-4c9e-b3da-71b5680066d2,2015-07-03,50.666259833,9.108924216,33.0,31.516945680000003,tC/acre,0.2,1.1800000000000002,Grassland without tree/shrub cover
42583080,2015-09-15,d31407db-36a9-4fd1-97ab-947252ba3efc,dea786ec-53c4-4316-b4df-65d1b8e4d557,2015-09-15,50.828059112,9.105836397,22.1,20.9100446828,tC/acre,0.2,1.169,Grassland without tree/shrub cover
42622490,2015-07-10,99f5bce7-ad33-48c3-98a7-589f56b8e665,603d231e-79b4-4bce-8562-b572b31dc782,2015-07-10,45.519730268,9.245955152,31.4,29.98885134400001,tC/acre,0.2,1.1800000000000002,Grassland without tree/shrub cover
42623368,2015-09-13,e0b7c443-1f96-48c9-bec5-8c9c15b5f20f,e155007a-19ec-467c-bc80-091e46dd7346,2015-09-13,53.416644786,9.11270304,60.9,57.86734613520001,tC/acre,0.2,1.174,Grassland without tree/shrub cover
42641970,2015-06-18,3310175f-9033-4c50-81c4-d57310ce6ac9,90816b7d-5841-464d-9277-b2a509190ce0,2015-06-18,40.826054228,9.327347828,24.1,23.016920936000005,tC/acre,0.2,1.1800000000000002,Grassland without tree/shrub cover
42683042,2015-05-22,e6eb06ac-f43c-476a-9e57-410332f82938,52fee44e-6ba0-46c8-a6cd-b566c278540e,2015-05-22,50.487477528,9.253215375,33.7,23.6208743224,tC/acre,0.2,0.866,Grassland without tree/shrub cover
42723126,2015-09-17,193eec18-4242-434f-a1cc-074947d8891a,fc6faa25-f8ed-4b44-bce2-43d6f4f77cef,2015-09-17,51.242898335,9.298293903,34.1,32.56751053600001,tC/acre,0.2,1.1800000000000002,Grassland without tree/shrub cover
42723522,2015-05-16,edfe9a10-e5bf-46b3-aee0-40f693b03a77,dcc50530-012a-493c-955a-2991b29ae530,2015-05-16,54.801423414,9.238314898,31.6,29.604399644,tC/acre,0.2,1.1575,Temporary grassland
42723778,2015-05-23,0697cf3b-c641-46ec-ba9f-e00c7bd550a6,31b0d463-4350-41d0-8fb2-66e23ec0df73,2015-05-23,57.102088296,9.19235457,15.3,19.417158028800003,tC/acre,0.2,1.568,Temporary grassland
42762490,2015-07-06,b0e4f516-a798-47a2-9def-52e85ac1a6ed,9abc1428-cc0d-415b-9ac5-d5b603d447b4,2015-07-06,45.520854818,9.424873963,17.6,16.809037696000004,tC/acre,0.2,1.1800000000000002,Grassland without tree/shrub cover
42763074,2015-09-10,3ec097a3-f553-477a-89a2-2ed5028b5b72,7550ed4a-4332-4562-a889-7de20fe4bdb1,2015-09-10,50.775818955,9.362034855,18.6,17.086652292,tC/acre,0.2,1.135,Grassland without tree/shrub cover
42763462,2015-07-30,73716e2a-fbe3-480a-be59-2cb1264204c4,c2969b83-62cf-46ea-b720-88d0b439b807,2015-07-30,54.262646604,9.309568687,21.0,20.056238160000003,tC/acre,0.2,1.1800000000000002,Grassland without tree/shrub cover
42782830,2015-09-17,390fac9a-b420-4633-8949-585b9e18f47a,d504581e-47e8-4baf-9cfd-eec14f408441,2015-09-17,48.581874384,9.417419086,38.7,36.96078175200001,tC/acre,0.2,1.1800000000000002,Grassland without tree/shrub cover
42843466,2015-07-16,9bc6e420-48f4-44c4-9485-c4a8554ff935,ddb25ea5-4e1c-45b3-be4f-5cc4380b5b89,2015-07-16,54.299214778,9.431816334,25.7,24.545015272000004,tC/acre,0.2,1.1800000000000002,Grassland without tree/shrub cover
42862532,2015-07-31,7de10876-7384-4a0a-b545-4e911fea20ff,06b734c0-2b21-4074-bdd4-efd930355263,2015-07-31,45.899872092,9.54956944,71.8,68.573233328,tC/acre,0.2,1.1800000000000002,Grassland without tree/shrub cover
42882682,2015-07-24,b327a3c4-f37c-4257-b313-d344df4f72b2,e132d729-d0b7-432d-87f3-cc75b9c3c99b,2015-07-24,47.250709202,9.564397972,63.3,60.455232168,tC/acre,0.2,1.1800000000000002,Grassland without tree/shrub cover
42883028,2015-08-24,25b490ee-0fd6-4b99-8bcb-700270e667d7,4e0c761c-d7b0-4a06-a4a6-8d9d15adf97f,2015-08-24,50.363101947,9.536248684,53.4,51.00014846400001,tC/acre,0.2,1.1800000000000002,Grassland without tree/shrub cover
42903450,2015-07-16,c3f951c7-414a-475f-9109-075c3c212037,fbb8b678-eaea-408d-976c-b4a29f9cbef3,2015-07-16,54.155830667,9.525589937,89.5,46.25216996900001,tC/acre,0.2,0.6385000000000001,Grassland without tree/shrub cover
42923790,2015-08-22,1ac591c6-7694-4483-9bbc-16f62504abd7,a3b29e0a-1537-491b-87ab-4101497fda33,2015-08-22,57.211574551,9.520620813,44.0,42.02259424000001,tC/acre,0.2,1.1800000000000002,Grassland without tree/shrub cover
42942690,2015-07-25,517c2830-35f7-4f22-b45f-6081148ea0f7,2ddb05da-18af-4c67-8a09-9e9f49b3efc4,2015-07-25,47.323009026,9.643104368,48.9,46.70238314400001,tC/acre,0.2,1.1800000000000002,Grassland without tree/shrub cover
42942810,2015-09-18,ba0af127-3870-4833-b090-6db93cc51bda,6d94b773-4a2e-480d-9e69-dc3a8933aa8c,2015-09-18,48.402873693,9.635497544,34.8,24.9129557832,tC/acre,0.2,0.8845000000000001,Grassland without tree/shrub cover
42942840,2015-09-26,ab648349-021b-4731-b86f-9cf9072a40a0,bc63b84b-311c-48c2-b05f-1515953c5531,2015-09-26,48.672757691,9.633530647,54.5,38.244041058,tC/acre,0.2,0.867,Grassland without tree/shrub cover
42962764,2015-09-16,7ca86eaa-e5bc-4e7a-b1ae-a0dc79e6d4bb,7fb480e5-493a-4f97-85f7-d8d66f4d013a,2015-09-16,47.989074924,9.665242261,55.9,53.387795864000005,tC/acre,0.2,1.1800000000000002,Grassland without tree/shrub cover
42963078,2015-07-23,efa9effb-a146-428b-8709-13ef2ba6300b,72969ef7-3fc7-47c1-9ae1-bb927f735a37,2015-07-23,50.812995218,9.645296268,32.9,31.421439784000004,tC/acre,0.2,1.1800000000000002,Grassland without tree/shrub cover
42982676,2015-07-24,ddd82b81-e3a0-4839-8d0f-6d6abc6d7511,cffe9026-faa6-4167-9e08-9316fd6d84a9,2015-07-24,47.197147834,9.696710862,51.7,49.37654823200002,tC/acre,0.2,1.1800000000000002,Grassland without tree/shrub cover
43022722,2015-09-18,48fb6194-fb1d-4eb0-b551-f5faa05992d2,9305568f-693e-458d-a83d-36f413b24027,2015-09-18,47.611324892,9.747450877,51.1,44.7296602998,tC/acre,0.2,1.0815,Grassland without tree/shrub cover
43022764,2015-05-28,13c91c3b-df66-4caf-a7c9-6e68699e84b1,91a2d925-a17e-46ad-9c32-dd6d147491a6,2015-05-28,47.989290112,9.745583466,19.7,17.403561898599996,tC/acre,0.2,1.0915,Grassland without tree/shrub cover
43022782,2015-09-10,5287be71-dcc5-43aa-b20e-1d26bbc7c7a4,fb5c36b8-e86b-44d2-b867-d2aa65f4b48f,2015-09-10,48.151254772,9.744772308,16.6,15.853978736000004,tC/acre,0.2,1.1800000000000002,Grassland without tree/shrub cover
43023484,2015-07-09,9374488e-32f2-4812-8926-dfdf38a31e32,bef76050-2652-4ddb-bb7d-e04524bf4411,2015-07-09,54.461924598,9.707085963,30.2,28.842780592000008,tC/acre,0.2,1.1800000000000002,Grassland without tree/shrub cover
43042730,2015-09-18,eb79abca-5bd2-4ca4-9c09-2561be222a2b,6960e313-0843-4d8e-8f66-068251465d74,2015-09-18,47.683381831,9.773719,33.7,32.185486952000005,tC/acre,0.2,1.1800000000000002,Grassland without tree/shrub cover
43083518,2015-08-11,755b6f43-0284-42ad-a47d-3a32107f9de2,3ba358bf-cdb8-4010-bcc7-4a32394d48db,2015-08-11,54.767637623,9.798091128,32.0,30.561886720000008,tC/acre,0.2,1.1800000000000002,Grassland without tree/shrub cover
43103646,2015-08-27,94cc41e0-50f3-466b-a5f0-01b35546f26f,0262cd61-7556-4652-9b57-0668c2512116,2015-08-27,55.917984284,9.824185623,12.9,12.320260584000003,tC/acre,0.2,1.1800000000000002,Grassland without tree/shrub cover
43122702,2015-07-04,a51fcf35-771a-48f2-9587-fdbb5fd5c4dd,b77c3d20-e308-403b-9dfd-e22fe4337f12,2015-07-04,47.431542454,9.880786578,28.8,27.50569804800001,tC/acre,0.2,1.1800000000000002,Grassland without tree/shrub cover
43122714,2015-06-01,fc90e7b3-7e98-45d3-88a4-aab684fd0ea3,884b64ae-bb1c-4700-a8ed-de7d133f602e,2015-06-01,47.539549629,9.880537765,42.7,32.002730754400005,tC/acre,0.2,0.926,Grassland without tree/shrub cover
43123092,2015-09-19,9fc821b8-f427-4835-95b1-8b72c2220058,81b44f84-67eb-443e-86e4-49c51a5784a6,2015-09-19,50.939319676,9.871960406,25.2,24.7711538088,tC/acre,0.2,1.2145,Grassland without tree/shrub cover
43123128,2015-09-29,ce4f4ecc-723f-46e7-9e3d-c2a871909729,13a57ced-6d67-4818-9cc0-44fb7034a7b9,2015-09-29,51.262918535,9.871061336,12.4,13.578995918400002,tC/acre,0.2,1.353,Grassland without tree/shrub cover
43162536,2015-07-26,24daf558-1164-4486-b838-964ce87079ab,b6e9fe6e-4c01-45a0-9dc2-57c06eddaa11,2015-07-26,45.936840439,9.935609413,61.5,58.73612604000001,tC/acre,0.2,1.1800000000000002,Grassland without tree/shrub cover
43162706,2015-07-03,7e356b5c-5ece-40cd-89d5-878d005c89b6,1a31d720-c833-41f9-b166-ca25ccd9ac7a,2015-07-03,47.467590609,9.933724292,37.0,35.33718152000001,tC/acre,0.2,1.1800000000000002,Grassland without tree/shrub cover
43162972,2015-05-21,4df7e831-6583-42ad-a493-cf97ab37544a,61338c57-77d6-42db-a134-cd2299526d0b,2015-05-21,49.860512679,9.930471134,15.8,15.089931568000004,tC/acre,0.2,1.1800000000000002,Grassland without tree/shrub cover
43163688,2015-08-31,6fd694c5-3461-4b14-86f1-00ae939871aa,78a6a848-be71-442e-99e1-f49f1d079be1,2015-08-31,56.295562031,9.919308425,17.9,17.095555384000004,tC/acre,0.2,1.1800000000000002,Grassland without tree/shrub cover
43182690,2015-07-09,912abb26-8893-46fc-8b91-c1ad27217932,914aea92-131d-4378-aca3-39cc28746e1e,2015-07-09,47.323587214,9.960344663,55.0,38.41684198000001,tC/acre,0.2,0.863,Grassland without tree/shrub cover
43182730,2015-09-09,5d402779-2522-4e7a-9228-13b40be75399,c9a2b934-56f6-47ed-a5e5-b854fe35f096,2015-09-09,47.683608496,9.960067952,26.4,25.213556544000003,tC/acre,0.2,1.1800000000000002,Grassland without tree/shrub cover
43182744,2015-07-23,1323aeab-29ef-43e1-8855-e59a87145318,d71e191d-9012-4257-838d-849c5c4b1691,2015-07-23,47.809600913,9.959969931,58.9,56.25297274400001,tC/acre,0.2,1.1800000000000002,Grassland without tree/shrub cover
43202722,2015-07-13,ae9863ab-2683-4da5-855c-b0d6305b6ef0,490d5ffa-fa10-4779-bece-025861830b06,2015-07-13,47.611615848,9.986707895,36.2,34.57313435200001,tC/acre,0.2,1.1800000000000002,Grassland without tree/shrub cover
43202746,2015-05-29,b646ac40-c301-4618-b2c4-85ccc31baaf5,15f634a5-4292-49a6-8fcd-047aa4029e74,2015-05-29,47.827605707,9.986651958,33.3,25.0923935556,tC/acre,0.2,0.931,Grassland without tree/shrub cover
43203034,2015-08-26,47d6e756-3272-425d-9adb-e9e730f93284,261e4b56-1c1d-4bbb-8740-d8c88971d180,2015-08-26,50.417982298,9.985930727,36.6,34.95515793600001,tC/acre,0.2,1.1800000000000002,Grassland without tree/shrub cover
43203502,2015-08-18,9aabd09d-6c33-413f-ac43-3518f30b27c7,185410a8-03df-47b4-a04b-7f627ba61129,2015-08-18,54.624020357,9.984522829,19.6,18.71915561600001,tC/acre,0.2,1.1800000000000002,Grassland without tree/shrub cover
43222730,2015-09-10,c17910c4-82a7-4a40-aaee-7b1c9ec5ae9b,c2176dc6-789a-4825-b010-61c3ec9c733e,2015-09-10,47.683614972,10.013310684,37.9,36.196734584,tC/acre,0.2,1.1800000000000002,Grassland without tree/shrub cover
43223636,2015-06-30,b8c2c7cb-a8e1-45b2-93cf-2cf036f2128a,c1009270-dedc-4109-ab8e-d25e67416a92,2015-06-30,55.8282308,10.015946734,11.2,10.696660352,tC/acre,0.2,1.1800000000000002,Grassland without tree/shrub cover
43242350,2015-07-12,4cbb180a-656f-4a8b-87da-dfe9623df74c,1272475a-0b55-4444-b66e-d7c56bc24cfe,2015-07-12,44.260359085,10.037488148,42.3,40.39899400800001,tC/acre,0.2,1.1800000000000002,Grassland without tree/shrub cover
43262410,2015-07-18,e7b14e2a-9d1d-400a-af1b-f4db020e4d2b,f636b34d-c7f7-4d14-8fab-8f96583bcf25,2015-07-18,44.801363411,10.063080119,12.8,10.7588201216,tC/acre,0.2,1.0385,Grassland without tree/shrub cover
43262834,2015-05-28,eac2be72-ab98-4342-afcf-0b5ac4a4aa96,8bca7db0-2a35-4ca4-a483-81323a4c7269,2015-05-28,48.619365475,10.067791929,50.3,36.3960019704,tC/acre,0.2,0.894,Grassland without tree/shrub cover
43283052,2015-05-22,9bc75e1d-0ba2-4886-ba66-86ef58989c3d,ce67a9eb-79fe-461e-b16a-5a4743cc1161,2015-05-22,50.579764242,10.098823456,43.4,26.907086516800003,tC/acre,0.2,0.766,Grassland without tree/shrub cover
43302778,2015-08-07,7a7fc60b-0e64-4463-a412-53cbd372ad1e,9052a528-a2bb-438d-a043-b8bbfb51532b,2015-08-07,48.115492539,10.120812004,58.2,55.58443147200002,tC/acre,0.2,1.1800000000000002,Grassland without tree/shrub cover
43342544,2015-07-24,7c607398-6ed9-4ff7-9627-52bddff21ac8,08e337de-d6cd-48e8-89a7-e3280d6fd3a2,2015-07-24,46.008793735,10.167637917,52.6,50.23610129600001,tC/acre,0.2,1.1800000000000002,Grassland without tree/shrub cover
43342756,2015-08-04,71d999d7-1ae5-43e2-b989-9f7b75dcc3ce,dc241b00-744a-4edc-956a-1124212146c4,2015-08-04,47.917458197,10.173829564,44.8,42.786641408,tC/acre,0.2,1.1800000000000002,Grassland without tree/shrub cover
43343566,2015-08-26,40e17e53-f87c-410e-9a0e-d863f861bb8c,ba402cf2-efc3-4c9d-9ba5-9e8f424794c9,2015-08-26,55.198983374,10.204063589,12.0,11.460707520000003,tC/acre,0.2,1.1800000000000002,Temporary grassland
43362748,2015-08-04,9da0554d-602d-4ac5-a6bd-cd958800e10d,a4910bf1-f5d3-4742-bed9-0d8640b3358d,2015-08-04,47.845421861,10.200290521,39.2,37.43831123200002,tC/acre,0.2,1.1800000000000002,Grassland without tree/shrub cover
43363356,2015-05-22,286ce7e4-80d7-4eed-b5c3-dce649130b10,fe0930cb-4712-429b-a8ec-3d883cd41824,2015-05-22,53.31184447,10.225027923,44.1,37.74567024900001,tC/acre,0.2,1.0575,Grassland without tree/shrub cover
43382746,2015-08-04,89c1fe09-5dbf-46a2-87d1-dae55054aaf9,d6bccd22-e707-404b-8c4c-f2ae3e137f4d,2015-08-04,47.827371811,10.226916079,36.0,34.382122560000006,tC/acre,0.2,1.1800000000000002,Grassland without tree/shrub cover
43383736,2015-05-18,11328973-2309-47ae-97cc-8042605381d8,bd4e6c7e-91b9-480d-be2c-35b65ffc4080,2015-05-18,56.726732264,10.277440661,9.9,9.455083704000002,tC/acre,0.2,1.1800000000000002,Temporary grassland
43402550,2015-07-24,a8d20403-1fa8-42c7-a75d-68d0a1bba3e3,b629fe2c-a303-49a5-865e-1c3b5da1322b,2015-07-24,46.06269076,10.245253594,44.2,30.873171191200004,tC/acre,0.2,0.863,Grassland without tree/shrub cover
43403168,2015-05-26,52fbf2a7-c841-4aa4-918a-3ffd2b925582,8e0ac03a-20dd-4dce-b8c2-9c0ac4065681,2015-05-26,51.622198335,10.274351011,29.1,30.83051728680001,tC/acre,0.2,1.3090000000000002,Grassland without tree/shrub cover
43423808,2015-07-20,e56ab9f3-ddac-4405-97d8-43c5a37715d9,cf4f8718-7200-4c10-a5bc-c4edb175eaaa,2015-07-20,57.373806718,10.348642303,57.3,54.72487840800001,tC/acre,0.2,1.1800000000000002,Grassland without tree/shrub cover
43443464,2015-07-25,a45df88d-e794-4bbf-93f8-dbe9024ff6fe,01dfec61-6cc0-458c-bb94-f12c9ca28f49,2015-07-25,54.282044227,10.353046953,17.4,16.618025904,tC/acre,0.2,1.1800000000000002,Grassland without tree/shrub cover
43502746,2015-08-06,41de5139-7711-4585-82e4-96ce790ae958,a9c426c0-91a1-47c0-a5ce-2f7faeaf3131,2015-08-06,47.826923514,10.387090079,29.0,27.696709840000008,tC/acre,0.2,1.1800000000000002,Grassland without tree/shrub cover
43502764,2015-08-27,477e8075-7e0e-40a8-82c1-80d6a3655ead,7c04cdd0-1cff-4faf-842a-16a0cc416ce7,2015-08-27,47.988898861,10.388318163,41.6,39.73045273600001,tC/acre,0.2,1.1800000000000002,Grassland without tree/shrub cover
43542718,2015-06-26,26704252-980e-40a3-b6e2-788ee91db9f9,5d50499d-301a-432c-b2ad-9ba40a27fcf3,2015-06-26,47.574736714,10.438329194,57.4,44.87838240480001,tC/acre,0.2,0.966,Grassland without tree/shrub cover
43542748,2015-08-06,4d4e8ffc-5886-4a88-a06e-66a06d2ee657,208b8942-d48b-43eb-a793-01ca6d80c022,2015-08-06,47.844719895,10.44063548,34.3,32.758522328000005,tC/acre,0.2,1.1800000000000002,Grassland without tree/shrub cover
43562476,2015-07-12,df201081-c278-4dbb-9eea-2d83947ec4a6,7821a6d3-438a-4a86-996c-08003e652f70,2015-07-12,45.395319058,10.446299879,34.8,30.9264278688,tC/acre,0.2,1.098,Grassland without tree/shrub cover
43583302,2015-08-16,33e2f089-a1f5-4f9e-b057-10d2c6879c98,d280b253-54b8-40d9-b0db-0bd0f03fc6dc,2015-08-16,52.825537376,10.548883237,29.0,27.696709840000008,tC/acre,0.2,1.1800000000000002,Temporary grassland
43602314,2015-07-11,240ed896-a08c-4194-9884-9a39d682f48e,3e3929a7-5e1c-41bd-86f1-9936c2aae5ca,2015-07-11,43.934514699,10.484588638,27.4,26.168615504,tC/acre,0.2,1.1800000000000002,Grassland without tree/shrub cover
43602380,2015-07-14,b20c5745-2645-4e04-8a4e-05d946c75710,3bed61de-d9bc-4dc2-9def-1cdac9903aa6,2015-07-14,44.529749859,10.489664794,24.4,22.1086436776,tC/acre,0.2,1.1195,Grassland without tree/shrub cover
43622366,2015-07-14,aaf9ed4a-9981-4cd3-88d3-357c8e33aa81,5c28dfb4-700a-4717-b7c1-824f68e005ea,2015-07-14,44.403389179,10.513630845,21.9,18.0177133722,tC/acre,0.2,1.0165,Grassland without tree/shrub cover
43622622,2015-06-28,6b7d9c56-2982-47b7-8e04-5e61ccdec2ad,95effd60-68cc-4479-9e5c-2953da372455,2015-06-28,46.710071883,10.535670934,39.2,37.43831123200002,tC/acre,0.2,1.1800000000000002,Grassland without tree/shrub cover
43622816,2015-07-23,97348ee3-b07a-46fa-a5c0-bc2e7e989f5e,1b85fdd8-6ec0-44ed-8b7c-2d5900b40661,2015-07-23,48.456068665,10.55409257,21.3,19.437675609000003,tC/acre,0.2,1.1275,Grassland without tree/shrub cover
43622838,2015-06-15,1fb2a6cb-aa4c-44d3-a03e-3695f1bcab57,2ebf049f-73ec-4c2d-a312-f12d81317482,2015-06-15,48.653978503,10.556284769,32.5,31.03941620000001,tC/acre,0.2,1.1800000000000002,Grassland without tree/shrub cover
43642800,2015-07-21,da98a762-2c71-4b28-a1d9-6eb62ffce296,f53ddedd-e833-48c1-ae68-4038ac3980ec,2015-07-21,48.311985814,10.579462785,42.6,40.68551169600001,tC/acre,0.2,1.1800000000000002,Grassland without tree/shrub cover
43662306,2015-07-11,fd5f1bcc-d5a4-47e5-a053-631afeafc00d,6aa0b8ce-7535-4969-9dfd-a46515176dc4,2015-07-11,43.861970478,10.558439484,20.9,19.960732264000004,tC/acre,0.2,1.1800000000000002,Grassland without tree/shrub cover
43662342,2015-07-12,27dcbf30-6e37-493a-85bc-ded48f84281b,5569afb5-13ca-4784-84ed-984d025bfa94,2015-07-12,44.186692518,10.561603652,43.2,41.25854707200001,tC/acre,0.2,1.1800000000000002,Grassland without tree/shrub cover
43662756,2015-09-03,2be88961-d754-4f93-a2b4-abdd2bc0cacd,5a2ffa80-3735-46f0-a602-b2f41dd0ec40,2015-09-03,47.91594783,10.601706924,69.5,66.37659772,tC/acre,0.2,1.1800000000000002,Grassland without tree/shrub cover
43662760,2015-07-03,2ebb7f59-191f-4709-b453-8266edecf0e3,ee0a7c34-109b-4ad0-b860-a10f1002e1d0,2015-07-03,47.951941111,10.602130951,33.2,31.707957472000007,tC/acre,0.2,1.1800000000000002,Grassland without tree/shrub cover
43682776,2015-08-25,093882e7-0cc6-4848-af1a-208c86d5b0d1,a4c6c612-e0eb-4760-9465-9b541e2a8e4a,2015-08-25,48.095757888,10.63067067,50.4,48.13497158400001,tC/acre,0.2,1.1800000000000002,Grassland without tree/shrub cover
43682854,2015-05-19,47a62df4-170d-4b7f-8443-99f7c4859d6b,5f23e129-3850-44d1-986e-09542d38d86d,2015-05-19,48.797464343,10.639532397,43.9,37.52119092480001,tC/acre,0.2,1.056,Grassland without tree/shrub cover
43723032,2015-08-28,bf9c202a-2e24-44f1-b03d-ce1080b1e49b,7b91f217-3f22-49b3-ad86-cadfe6ccfb1d,2015-08-28,50.397758966,10.717239281,23.8,22.730403248000005,tC/acre,0.2,1.1800000000000002,Grassland without tree/shrub cover
43742362,2015-07-13,5261e3b4-528e-49ab-8b84-f9cfcb0c454d,76540777-0dec-4b1c-bf39-122b7e73d973,2015-07-13,44.366467913,10.663534831,29.7,22.764315934800003,tC/acre,0.2,0.947,Grassland without tree/shrub cover
43742782,2015-08-30,39632011-ac47-40ce-b3d7-b54c3b7eeb46,d3dc03da-13a1-40f7-9fab-dbfc981f0f93,2015-08-30,48.149252081,10.711933855,53.8,51.38217204800001,tC/acre,0.2,1.1800000000000002,Grassland without tree/shrub cover
43742902,2015-06-29,be77bacb-7023-4888-b279-eb5681851c62,c6950f18-d6e5-4c14-a51d-5fd04cbc8e8b,2015-06-29,49.228680543,10.727499052,9.9,9.455083704000002,tC/acre,0.2,1.1800000000000002,Grassland without tree/shrub cover
43762406,2015-07-02,d010a984-53c7-485d-8714-76c698033bf4,15aa0a73-bf75-45f8-a7f9-e0e85b088094,2015-07-02,44.763021352,10.693419306,63.9,61.028267544000016,tC/acre,0.2,1.1800000000000002,Grassland without tree/shrub cover
43762910,2015-06-29,891d6b37-c9e3-41b3-85f3-ae210bdf030b,8392968b-3800-455e-9d51-603934aaccd4,2015-06-29,49.300444621,10.756058893,28.1,26.83715677600001,tC/acre,0.2,1.1800000000000002,Grassland without tree/shrub cover
43782612,2015-07-14,513d85ad-74e9-49a0-b6d6-e2f4749da38e,c6969b0b-52c5-41b7-8ab0-bf06d60a22c2,2015-07-14,46.618789317,10.743441325,33.0,22.30224546,tC/acre,0.2,0.835,Grassland without tree/shrub cover
43802266,2015-05-23,d9de58d0-fb0a-47bb-9006-19900465f82f,1d01ceb5-88d2-4318-aa4d-f2299ab56265,2015-05-23,43.49999276,10.727630672,13.8,16.016824382400003,tC/acre,0.2,1.4340000000000002,Grassland without tree/shrub cover
43802352,2015-07-06,adf8e1d8-011e-43e4-b620-8f160f42faa6,f61f3e1a-b31a-4373-aaea-9b5e0bcacf73,2015-07-06,44.275782883,10.737479758,22.5,18.465822180000004,tC/acre,0.2,1.014,Grassland without tree/shrub cover
43802684,2015-06-25,c5c75dc5-d05a-46b7-b140-6f1b4a6a8549,0cea9816-98a6-4aa7-9904-cc0ec12e9ef5,2015-06-25,47.26679362,10.779055097,146.5,84.95755306700002,tC/acre,0.2,0.7165,Grassland without tree/shrub cover
43802766,2015-06-04,40f975c4-f9da-4766-9ac4-fb698848fc70,329dfc80-9158-4549-aab8-e656bef82b6a,2015-06-04,48.004742663,10.790285194,116.5,62.32690491800001,tC/acre,0.2,0.661,Grassland without tree/shrub cover
43803090,2015-07-04,30a76898-ddae-4209-938e-38976eb2dbde,fe310586-75ba-47e8-b53f-b74e7c249af5,2015-07-04,50.918371078,10.839013362,54.3,53.4858108132,tC/acre,0.2,1.217,Grassland without tree/shrub cover
43822458,2015-07-27,3cdf85db-315d-409d-81ee-2aacd9661f79,957661b6-4336-466f-a671-3e1d1016b8de,2015-07-27,45.231189833,10.775543152,46.2,41.00140958760001,tC/acre,0.2,1.0965,Grassland without tree/shrub cover
43822560,2015-07-03,c65f6a0c-82bf-4bc8-bccc-d65554c74ca1,40889731-1f44-4bde-8637-9ffd4c79fcd9,2015-07-03,46.150134768,10.788684014,28.2,26.932662672000003,tC/acre,0.2,1.1800000000000002,Grassland without tree/shrub cover
43862296,2015-07-16,e00ea00f-447d-4271-9980-639d6754b06c,a46c3347-3848-4af0-aa36-ec9b6ab1597d,2015-07-16,43.770116223,10.805363672,16.0,16.601838464,tC/acre,0.2,1.282,Temporary grassland
43862362,2015-07-13,fcb851b6-6a20-4038-8fff-e1485bceda17,ecff852e-b842-44b2-87f1-a21f457d5347,2015-07-13,44.365400089,10.813759974,23.6,22.539391456000004,tC/acre,0.2,1.1800000000000002,Grassland without tree/shrub cover
43882346,2015-07-10,e7bcbe17-4587-4cbd-a4e3-4e5918691aae,89c3487f-2b24-4ed4-8d6f-134d0b716a96,2015-07-10,44.220915093,10.836677004,22.2,21.202308912,tC/acre,0.2,1.1800000000000002,Grassland without tree/shrub cover
43882738,2015-09-18,f26777bf-6b9c-4f17-a7af-eeb32dc43609,6fc556b0-964e-4155-8531-47533d343b35,2015-09-18,47.751972721,10.893026662,53.2,50.809136672000015,tC/acre,0.2,1.1800000000000002,Grassland without tree/shrub cover
43882878,2015-06-07,f461cd73-c64b-4da2-acba-f52dce942b36,1cceff02-97f6-438f-aef2-526f3ed5d54e,2015-06-07,49.011430377,10.915630552,40.4,38.584381984,tC/acre,0.2,1.1800000000000002,Grassland without tree/shrub cover
43903000,2015-08-18,384995e9-d2d9-468d-984b-56bf0af98854,c17b6317-fd6e-49d4-990a-22eae3696aba,2015-08-18,50.108218834,10.964502152,29.5,28.174239320000005,tC/acre,0.2,1.1800000000000002,Grassland without tree/shrub cover
43903090,2015-07-04,44285bc2-acf8-47bd-81e6-1e2c79c4283a,dd061a38-1883-4374-9763-5fb4962c41bb,2015-07-04,50.917252938,10.981204552,24.7,23.589956312000005,tC/acre,0.2,1.1800000000000002,Temporary grassland
43942996,2015-05-29,175eac2b-ca03-4bf6-aabc-2b9809127f22,ee7c8858-d7f5-4506-9349-8f6102516c02,2015-05-29,50.071771409,11.019640968,50.2,40.69142011160001,tC/acre,0.2,1.0015,Grassland without tree/shrub cover
43982510,2015-07-06,e6f203fc-9309-4047-ab91-31a413cb7077,8264fab8-170a-46e0-9797-f91c0832399d,2015-07-06,45.698027308,10.987311409,61.1,58.354102456000014,tC/acre,0.2,1.1800000000000002,Grassland without tree/shrub cover
43982888,2015-05-05,3914ba82-f354-46f9-a3ba-3d185eb2fa87,a10eccda-700b-4419-8411-7185276135a8,2015-05-05,49.100162162,11.054195848,42.2,40.30348811200001,tC/acre,0.2,1.1800000000000002,Grassland without tree/shrub cover
44042800,2015-08-20,ca9ecdeb-ced1-4240-8411-d1879e9683b9,6655c50d-9bef-4932-a937-2d0d6672af3c,2015-08-20,48.30784757,11.118442196,39.7,37.91584071200001,tC/acre,0.2,1.1800000000000002,Grassland without tree/shrub cover
44042830,2015-08-12,c30c8e76-896d-4983-b230-4ad014285ab7,c0622fbd-0692-4238-b52e-4c6ed6dcdfe8,2015-08-12,48.577710453,11.124459738,53.2,50.809136672000015,tC/acre,0.2,1.1800000000000002,Grassland without tree/shrub cover
44062500,2015-06-05,ab3d4bf4-2ff6-4e02-a155-acf803d0aae5,1451ac1a-6377-4931-9725-7ca5d3a7ceb9,2015-06-05,45.606933259,11.088085439,75.3,37.481612634,tC/acre,0.2,0.615,Grassland without tree/shrub cover
44062504,2015-06-05,43aabe1f-70f1-4ce3-ae50-af413d2d51dd,c1f67b44-73a6-4246-89b7-a4881934c093,2015-06-05,45.642969614,11.088801202,79.4,41.57889650960001,tC/acre,0.2,0.647,Grassland without tree/shrub cover
44062508,2015-05-24,c05059d7-c226-4c34-867b-64272d07cc03,c8325018-ede4-4770-abb7-0f16ceec9230,2015-05-24,45.67900513,11.089518192,33.5,18.789975666000004,tC/acre,0.2,0.6930000000000001,Grassland without tree/shrub cover
44102336,2015-05-19,802b0b2e-1ee1-4f47-8c87-5f1f2e0e7cad,c101a589-82b5-4849-bb2b-30f3041d8f2f,2015-05-19,44.128152713,11.109626349,11.2,10.696660352,tC/acre,0.2,1.1800000000000002,Grassland without tree/shrub cover
44122502,2015-06-05,0dabf360-aaae-4ade-8de4-c2f97404a956,a44f3e19-aa0e-47a0-a66c-670eabb1d1cd,2015-06-05,45.624134129,11.165263978,78.4,44.38660797760001,tC/acre,0.2,0.6995,Grassland without tree/shrub cover
44122636,2015-05-05,79cc7599-2a32-48b3-91a3-ec930f722d94,0e08fd34-424d-42d1-b5cb-36210f0210a4,2015-05-05,46.830880784,11.19169091,29.5,28.174239320000005,tC/acre,0.2,1.1800000000000002,Grassland without tree/shrub cover
44163400,2015-07-02,7cf17795-03f7-40d6-93a2-dc2dbf73fac9,175504a5-275c-4743-95a3-430f443d5471,2015-07-02,53.698970818,11.438253753,12.3,11.085199380600002,tC/acre,0.2,1.1135000000000002,Grassland without tree/shrub cover
44202504,2015-07-17,ead5d2bc-5e12-4e81-b371-3fb2631f06dc,0c5348ed-25ee-4e6e-8dc9-d91d696b8f42,2015-07-17,45.640974884,11.268105338,29.4,28.078733424000003,tC/acre,0.2,1.1800000000000002,Grassland without tree/shrub cover
44222668,2015-07-16,d402a0a8-afc4-4f59-bf1c-c21229d418e3,b2eeeb20-7d8c-402d-b8aa-2f1000ef2519,2015-07-16,47.117399189,11.329884001,64.7,61.79231471200002,tC/acre,0.2,1.1800000000000002,Grassland without tree/shrub cover
44223286,2015-06-17,19bac144-e8c6-48b7-8f7d-6388a6e5f1af,3727cbc1-a36e-4c0e-ae66-723989d36522,2015-06-17,52.673689883,11.493225172,17.2,19.092923605600003,tC/acre,0.2,1.3715000000000002,Grassland without tree/shrub cover
44242544,2015-07-11,7d4e0558-5fad-475a-b988-9a7861eb9669,feeea114-67b5-4505-aa09-167fbbe32789,2015-07-11,46.000647049,11.328087626,89.6,85.573282816,tC/acre,0.2,1.1800000000000002,Grassland without tree/shrub cover
44242606,2015-05-11,efcfd2da-3415-4cea-96fa-bcd38f9825b7,01788802-8c75-42e9-8c23-3d82225e404d,2015-05-11,46.558950381,11.341960186,31.1,26.127985029600005,tC/acre,0.2,1.038,Grassland without tree/shrub cover
44243278,2015-07-09,eb59dc27-7f94-432c-bd81-03015c21366d,490bf842-7cfd-4931-a9b1-50c567a0275a,2015-07-09,52.601442356,11.520299233,63.9,61.028267544000016,tC/acre,0.2,1.1800000000000002,Grassland without tree/shrub cover
44262496,2015-06-05,9fc8e6fc-9e1c-4b1e-a8cb-1260f6de4c8a,fb1273ef-5228-45b6-ac43-617f7d08055d,2015-06-05,45.567958019,11.343179573,23.7,16.4582558712,tC/acre,0.2,0.858,Grassland without tree/shrub cover
44262538,2015-06-04,968061b9-487f-4cad-a626-c4937e75f76e,b84fde8b-820f-4307-a3e4-c3e787d2d3ba,2015-06-04,45.946283391,11.352522329,67.7,34.1643610234,tC/acre,0.2,0.6234999999999999,Grassland without tree/shrub cover
44262982,2015-07-11,c6d4f399-a2f7-4d4d-b263-9d328828d6fd,ce72d92c-3d52-446b-9c8f-df208cfaa6c2,2015-07-11,49.941045733,11.462666372,35.0,33.42706360000001,tC/acre,0.2,1.1800000000000002,Grassland without tree/shrub cover
44283316,2015-06-13,95e5e83a-b155-4c20-81ed-d0e63e11c190,8187d8a6-2489-481e-9c85-a2559a75a832,2015-06-13,52.942070348,11.591686386,26.2,25.022544752000005,tC/acre,0.2,1.1800000000000002,Grassland without tree/shrub cover
44302680,2015-06-22,6cfa7e71-8871-49b0-a1cd-50f5ecf5fb99,1358ac92-5996-427d-af1c-29ec7bd58483,2015-06-22,47.22405776,11.438166102,46.9,44.79226522400001,tC/acre,0.2,1.1800000000000002,Grassland without tree/shrub cover
44302682,2015-06-22,99f13be0-e8f8-4e7e-b04f-62354fc78438,2c37eb4d-384b-43a5-9b21-bad656074a22,2015-06-22,47.242057416,11.438662141,34.2,32.66301643200001,tC/acre,0.2,1.1800000000000002,Grassland without tree/shrub cover
44322650,2015-05-12,03597c68-b7cc-4b26-a671-c755a962e5bd,e72df01a-ba07-459c-ad9e-b0eda853a6c4,2015-05-12,46.953691554,11.45702478,34.6,24.2096924524,tC/acre,0.2,0.8645,Grassland without tree/shrub cover
44322920,2015-05-30,8fe0e2a7-8d9e-400f-b354-bbcaced928fe,8f6cafd0-46f4-483e-84f4-863e6be4bd11,2015-05-30,49.382547605,11.528523538,12.4,12.354577956800002,tC/acre,0.2,1.231,Grassland without tree/shrub cover
44342838,2015-08-13,afb18557-f1ba-4b7c-8898-990ad2aff3d5,86f7ddac-a7b0-432f-8be0-cf508fbddce1,2015-08-13,48.644803076,11.533003707,36.5,34.85965204000001,tC/acre,0.2,1.1800000000000002,Grassland without tree/shrub cover
44362656,2015-05-13,205ea082-15e5-4b42-9b20-26d81e18354b,2624cb78-9627-427e-a515-af68d0837ab1,2015-05-13,47.006976524,11.511068357,33.6,32.08998105600001,tC/acre,0.2,1.1800000000000002,Grassland without tree/shrub cover
44382228,2015-06-25,4915c57b-f921-4f38-9ee4-67a2e9400ac2,0993f818-3934-45f5-b5ed-4671f52d0776,2015-06-25,43.14953567,11.434407962,10.8,10.314636768000003,tC/acre,0.2,1.1800000000000002,Grassland without tree/shrub cover
44382670,2015-06-20,cbc195d2-f9e7-4fc0-8784-75cbcc6469f4,1f8340a7-144c-4e16-a575-d0eb202cf4e7,2015-06-20,47.132611033,11.541038624,34.3,32.758522328000005,tC/acre,0.2,1.1800000000000002,Grassland without tree/shrub cover
44402962,2015-07-10,8fccbf29-e2c7-4c3e-9dbb-b1c37c02ae12,a430a1c1-5870-4255-a056-b075f50cbc6b,2015-07-10,49.758584973,11.65145058,38.4,32.6960388096,tC/acre,0.2,1.052,Grassland without tree/shrub cover
44423832,2015-05-21,d62d5703-588f-44cb-bfb6-38db1ff0fef0,397594e2-3a6d-47c2-9ba7-c2dc64da264c,2015-05-21,57.574673558,12.020023908,34.1,32.56751053600001,tC/acre,0.2,1.1800000000000002,Temporary grassland
44442154,2015-06-14,3eff1a51-37b1-4ee0-9957-95c536ec2383,a7cdd9ea-28db-4681-90d3-413bcc3e2370,2015-06-14,42.480465056,11.491125846,20.2,19.292190992,tC/acre,0.2,1.1800000000000002,Temporary grassland
44482636,2015-07-20,a0d6b110-3810-43de-9c6e-703b603903bc,0354eb6a-0d11-4b77-b31e-0ed5d9df7b6f,2015-07-20,46.824646736,11.663010365,29.2,20.1595140272,tC/acre,0.2,0.853,Grassland without tree/shrub cover
44483006,2015-07-08,9420c940-6839-45f3-9357-974b781de606,bd15125a-2375-4c69-bec1-fe21856ae11c,2015-07-08,50.152412209,11.777029611,43.4,34.037815711200004,tC/acre,0.2,0.969,Grassland without tree/shrub cover
44503370,2015-06-04,831e7215-1601-412e-a69b-b946ec42c436,b3226ee1-a994-4318-9a57-fe48f75bd153,2015-06-04,53.422353532,11.940492826,10.3,9.837107288000002,tC/acre,0.2,1.1800000000000002,Grassland without tree/shrub cover
44522536,2015-05-28,2352a7bf-8118-46e0-b64f-fef514042677,b20d51ec-bb6a-402c-aef0-1de558e48176,2015-05-28,45.923489767,11.686783221,60.4,57.685561184000015,tC/acre,0.2,1.1800000000000002,Grassland without tree/shrub cover
44523310,2015-06-11,f0424e31-4fe3-4e45-9860-ca17c2cef27e,7424252e-e1b0-4a02-9bea-de606c315141,2015-06-11,52.88292058,11.946146522,43.3,41.35405296800001,tC/acre,0.2,1.1800000000000002,Grassland without tree/shrub cover
44543646,2015-08-23,e2fb26b6-89f8-4f01-9dd0-7e6bb7c238cd,0032d1a4-5afc-41f9-b933-a5202372ea40,2015-08-23,55.900445919,12.125166083,21.9,20.915791224000003,tC/acre,0.2,1.1800000000000002,Grassland without tree/shrub cover
44562976,2015-07-13,aadbfcad-3f22-452b-bd26-2584b218fcec,ef7021e5-6095-4005-8aa4-7bbbceccd1d9,2015-07-13,49.880974104,11.878313586,48.4,44.55997546000001,tC/acre,0.2,1.1375,Grassland without tree/shrub cover
44563260,2015-07-06,3df4d957-1d76-406b-94d0-a2399cf965ce,bd68fd79-7456-423a-a856-9420dde2e876,2015-07-06,52.432808018,11.98514803,26.2,25.022544752000005,tC/acre,0.2,1.1800000000000002,Grassland without tree/shrub cover
44563938,2015-06-19,1ccbc8de-4a51-428a-b816-44478872b3eb,a39d5bc2-e712-491d-86ff-262f158579b2,2015-06-19,58.523492694,12.313339918,13.6,12.988801856000002,tC/acre,0.2,1.1800000000000002,Grassland without tree/shrub cover
44564074,2015-10-11,08a42d9e-159d-42f6-9ecf-9f28964ed310,13f73b6d-9f64-4f1e-8c04-e82f5a0bafe1,2015-10-11,59.746103531,12.39567782,49.0,34.503528360000004,tC/acre,0.2,0.87,Grassland without tree/shrub cover
44582206,2015-05-14,d90faf92-4445-437d-830c-c6c07f0a5f07,af783b30-948f-4675-8836-15f255c4edbb,2015-05-14,42.947249802,11.673912387,37.0,26.27828541,tC/acre,0.2,0.8775,Grassland without tree/shrub cover
44582530,2015-06-19,5274f2b0-ef1c-4959-97d8-b2162f28ffbf,42f4e3d6-e187-43a6-9a29-daed881a50a6,2015-06-19,45.868202563,11.762262963,50.4,48.13497158400001,tC/acre,0.2,1.1800000000000002,Grassland without tree/shrub cover
44602522,2015-06-04,d4371735-e22a-4879-93b0-bd5701fb60c4,2b50590d-706a-4774-a009-b5885ec59ad6,2015-06-04,45.795724714,11.785616688,44.2,43.64457572800001,tC/acre,0.2,1.22,Grassland without tree/shrub cover
44602792,2015-09-16,523ec7b9-a89a-4f83-87a9-28089b030113,dd94d29e-904b-40b2-9584-7a2c3a1da00e,2015-09-16,48.22568923,11.870160619,31.6,30.17986313600001,tC/acre,0.2,1.1800000000000002,Grassland without tree/shrub cover
44603778,2015-07-03,fd7a044d-8070-4ac3-91e8-86d09be8366f,78af4bae-caae-4aa8-8c51-535be3340a3c,2015-07-03,57.08459538,12.290412637,26.2,25.022544752000005,tC/acre,0.2,1.1800000000000002,Grassland without tree/shrub cover
44603904,2015-06-14,897dd52c-a539-4363-ba3e-1f8fc4c558f4,52891dcd-2f4d-41fc-956c-26824ef4881c,2015-06-14,58.216747062,12.361691879,24.1,23.016920936000005,tC/acre,0.2,1.1800000000000002,Grassland without tree/shrub cover
44623270,2015-06-20,bbdf8e53-234d-42c2-bf64-541c1dd52a61,b6b972ad-1110-4fab-a088-0f3769ee606e,2015-06-20,52.521130524,12.077550952,89.7,85.66878871200002,tC/acre,0.2,1.1800000000000002,Grassland without tree/shrub cover
44663072,2015-08-03,6bc43425-b38b-4f91-b0d2-ee3671bb582a,8f5b0599-f9da-4fef-b8aa-9827719d2bef,2015-08-03,50.74131149,12.054429856,31.3,29.893345448000005,tC/acre,0.2,1.1800000000000002,Grassland without tree/shrub cover
44683628,2015-08-28,3c5875a2-17af-4392-90d4-bf44a93055fc,1ffad280-4be6-4e4f-bab6-dc6a47645ff2,2015-08-28,55.734863015,12.339118224,15.0,14.325884400000003,tC/acre,0.2,1.1800000000000002,Grassland without tree/shrub cover
44683766,2015-06-04,b3fb063d-158f-4e6b-accf-dd012bd899c2,cc81e76a-fd67-4981-a383-cb6f83d74d9f,2015-06-04,56.974429909,12.415240402,113.1,48.42464582280001,tC/acre,0.2,0.529,Temporary grassland
44702744,2015-09-25,f30363d8-6d26-4d65-b0a5-57fa9c7f0ad7,4184c4d1-7be9-4f92-8db4-0a816c3200b6,2015-09-25,47.791588303,11.98773629,73.8,70.483351248,tC/acre,0.2,1.1800000000000002,Grassland without tree/shrub cover
44703914,2015-06-13,17b72add-b48b-418e-9063-be35be2fb90c,d91b3ffb-a816-4b68-9f08-36cf59e80903,2015-06-13,58.303524336,12.537767348,53.2,50.809136672000015,tC/acre,0.2,1.1800000000000002,Grassland without tree/shrub cover
44742594,2015-06-15,b4027a38-39c0-4d53-be5b-1d3bf2cb3007,fd4bb539-c58d-4b7f-b442-cd25553a7fea,2015-06-15,46.440822476,11.989138586,37.5,35.81471100000001,tC/acre,0.2,1.1800000000000002,Grassland without tree/shrub cover
44762764,2015-05-20,4a85a826-f193-4367-bd65-d34693bff698,113bbc6c-2b4d-4ba8-8f33-b8ebf0312d21,2015-05-20,47.970004934,12.07502674,73.2,39.2208721248,tC/acre,0.2,0.6619999999999999,Grassland without tree/shrub cover
44783296,2015-06-07,78e70c19-e054-4516-8b48-beefce66343c,395e68ec-3126-4d9e-9d1a-9075a2d10ef6,2015-06-07,52.750308017,12.325478643,22.5,25.47700713,tC/acre,0.2,1.399,Grassland without tree/shrub cover
44783454,2015-07-04,fb4f908a-26f7-4dd3-8145-79a50644a41f,83316898-7348-4b14-a8ba-af3a4c1df8ef,2015-07-04,54.169248879,12.403922415,16.7,15.949484632000004,tC/acre,0.2,1.1800000000000002,Grassland without tree/shrub cover
44783818,2015-08-21,156476a6-db41-4dcf-b00a-59760f6a3e6d,9db55b75-5016-470a-92cd-4b43c7dbf94e,2015-08-21,57.438407361,12.611700745,49.6,27.0375572832,tC/acre,0.2,0.6735,Grassland without tree/shrub cover
44802636,2015-07-20,6194e749-b0e1-40e1-87a8-ea2c400e5bd5,2fb15f92-84c3-489f-ac69-c9c5d5eafecc,2015-07-20,46.817377762,12.081863353,13.1,13.2746720464,tC/acre,0.2,1.252,Grassland without tree/shrub cover
44802780,2015-09-18,dc2cbc62-306a-4daa-a927-3f2adefcfa20,720f2771-d989-41b2-b657-a66d4949ee90,2015-09-18,48.112884364,12.134575342,30.0,28.65176880000001,tC/acre,0.2,1.1800000000000002,Grassland without tree/shrub cover
44822524,2015-05-31,1c5c40d6-a2a8-4ab0-91e3-569c8f7e2387,177544a8-ced1-4b41-a034-9811854a6ca6,2015-05-31,45.80860785,12.068798592,18.1,17.286567176000005,tC/acre,0.2,1.1800000000000002,Grassland without tree/shrub cover
44823928,2015-08-12,07441e8c-f03b-49df-9b0b-51afeb55fba5,d6c07585-0c66-4389-ae7f-2258cc731612,2015-08-12,58.425323727,12.751563397,21.2,20.247249952,tC/acre,0.2,1.1800000000000002,Grassland without tree/shrub cover
44843702,2015-06-26,0ed14e09-dd52-4e40-992c-3f4c66280bda,dbfaba2f-ba49-431a-9c77-297901f4cca4,2015-06-26,56.394506552,12.637963221,29.7,28.36525111200001,tC/acre,0.2,1.1800000000000002,Grassland without tree/shrub cover
44862290,2015-07-02,2d32baf7-ef32-4e8c-9195-0152904a29fa,228c1741-ded3-4b02-a180-885a09d228db,2015-07-02,43.698869739,12.042115438,25.5,24.354003480000003,tC/acre,0.2,1.1800000000000002,Grassland without tree/shrub cover
44862606,2015-06-16,eb3147a9-07f1-407e-acb9-c1044f2116be,7e69d23d-2185-4a76-a23b-7a0f139cb8b0,2015-06-16,46.545830162,12.149422111,57.4,54.820384304000015,tC/acre,0.2,1.1800000000000002,Grassland without tree/shrub cover
44862714,2015-06-21,a6ee8b3b-2873-4adb-ba6b-f2d948626534,ea3ddfb3-39aa-43e7-8ed3-16658052dd77,2015-06-21,47.517651334,12.189578675,32.6,31.134922096000004,tC/acre,0.2,1.1800000000000002,Grassland without tree/shrub cover
44862732,2015-07-07,d1dae052-4d11-48d7-a6fd-f50e9b531823,824d5d47-43dc-40fd-ad3d-b71741220ab6,2015-07-07,47.679571792,12.196459973,54.3,51.85970152800001,tC/acre,0.2,1.1800000000000002,Grassland without tree/shrub cover
44882226,2015-04-27,e04fc452-805a-49cc-8fc0-21f919b02cc6,326122ee-9ec6-4794-aadc-1a03c1eba821,2015-04-27,43.121039548,12.046560015,15.3,9.621895273200002,tC/acre,0.2,0.777,Grassland without tree/shrub cover
44882514,2015-05-31,51cb773a-4326-4792-901c-d47e477a7c27,95947145-d8ad-43ed-8951-921d414fcedf,2015-05-31,45.717027104,12.142321475,30.1,28.74727469600001,tC/acre,0.2,1.1800000000000002,Temporary grassland
44882726,2015-07-07,00cd867a-02d0-490b-9000-0b421660e8d4,094e4031-e10c-495f-8594-095b4ac76a0e,2015-07-07,47.625062947,12.220741923,38.2,36.48325227200001,tC/acre,0.2,1.1800000000000002,Grassland without tree/shrub cover
44883184,2015-07-28,d71c2056-76a2-43b1-9d4a-c8d6a6a5bf30,e08546ab-8a77-4105-896a-a9e0a352a6cc,2015-07-28,51.74144616,12.418250124,17.7,16.904543592000007,tC/acre,0.2,1.1800000000000002,Grassland without tree/shrub cover
44922246,2015-07-03,2d35302a-e2ac-4854-8539-cabae5d0ac22,3e778687-3ed1-4b50-9f86-0e016ec888ae,2015-07-03,43.300488835,12.101994457,13.0,12.415766480000002,tC/acre,0.2,1.1800000000000002,Grassland without tree/shrub cover
44922292,2015-07-02,6e080f4a-0f1a-40f1-b7b9-338b4047dd0f,832cf76f-8331-4caf-b856-cce6b514680b,2015-07-02,43.715406675,12.116999793,24.4,23.303438624000005,tC/acre,0.2,1.1800000000000002,Grassland without tree/shrub cover
44922558,2015-06-26,949a1e0b-bc64-4767-a70d-34bc54632ce7,edb13e97-104e-4c11-a2a9-1f3f568a6778,2015-06-26,46.112156565,12.209669858,39.3,28.961474995800003,tC/acre,0.2,0.9105,Grassland without tree/shrub cover
44922728,2015-06-03,41365929-f56e-400a-a139-0bf9f275bc8f,2ec54af0-e75b-4b54-9910-a7110b0c6a46,2015-06-03,47.641960012,12.274697845,36.4,27.281016380800004,tC/acre,0.2,0.926,Grassland without tree/shrub cover
44923048,2015-06-11,22b29260-322f-4153-81d2-af9e2c7cd6b7,7f5667bf-25a0-4992-b812-e7fdbbd8d3c5,2015-06-11,50.518543692,12.411479153,34.1,32.56751053600001,tC/acre,0.2,1.1800000000000002,Grassland without tree/shrub cover
44942974,2015-05-23,c74cea4f-1cff-4e44-8c66-c601b470f658,3d06f128-6f84-426f-8548-3294b79b34bd,2015-05-23,49.853032622,12.405819706,53.1,41.258547072,tC/acre,0.2,0.96,Grassland without tree/shrub cover
44943870,2015-06-04,cd4668d3-6816-442a-b698-c69dd3bb06a9,70c83354-ed6f-42a7-b02e-e5cc92195df0,2015-06-04,57.899969814,12.914235962,25.8,24.640521168000006,tC/acre,0.2,1.1800000000000002,Grassland without tree/shrub cover
44943880,2015-10-17,044ca789-da60-4ac2-8ea2-be82e20df1c1,678adc15-1186-4517-bec0-edad1ee2fe06,2015-10-17,57.989798587,12.921408969,20.1,19.196685096000003,tC/acre,0.2,1.1800000000000002,Grassland without tree/shrub cover
44962698,2015-05-30,9c1afffe-b85a-47e8-b4d3-bbbd8eb3cf06,27ee0dad-c713-404c-8e3b-ec12928ca17c,2015-05-30,47.370977045,12.315768041,84.5,80.70248212000001,tC/acre,0.2,1.1800000000000002,Grassland without tree/shrub cover
44963908,2015-10-16,4e93f027-2790-40cc-b482-cc07e5740ea2,bbbf45a7-ebff-4dff-b5da-3fdb267a9c48,2015-10-16,58.240584814,12.97568627,27.3,24.3717287268,tC/acre,0.2,1.103,Grassland without tree/shrub cover
45004036,2015-10-03,235a2230-de70-4968-a775-76bb0680c641,2d718eab-40a7-4cce-bbe5-d6deb4d1126a,2015-10-03,59.389080538,13.144205061,16.6,14.597752454800002,tC/acre,0.2,1.0865,Grassland without tree/shrub cover
45023702,2015-06-27,9d00c029-4996-4028-80e4-5f4b9ae0297c,6987999e-47aa-4d1e-afd8-2eea548782f7,2015-06-27,56.388236921,12.928976157,65.5,62.55636188000001,tC/acre,0.2,1.1800000000000002,Grassland without tree/shrub cover
45042696,2015-06-21,c7744454-80a7-4194-892d-487125fc6415,9ad7b895-fa0c-44d6-97db-47badc74d562,2015-06-21,47.350683209,12.420728631,63.6,30.5767791648,tC/acre,0.2,0.594,Grassland without tree/shrub cover
45062714,2015-06-21,2b4cd3b3-ab56-4b4b-b48f-209b779f1854,d492a1e9-05b2-47e4-8fe5-a109a83317e5,2015-06-21,47.512005586,12.454819692,41.6,31.582342937600004,tC/acre,0.2,0.938,Grassland without tree/shrub cover
45062784,2015-09-17,21af852f-1fc2-4ea5-969c-a7084c275633,7ab37ee7-3941-4352-b2cf-0095bb5863de,2015-09-17,48.141541765,12.485168205,35.2,33.61807539200001,tC/acre,0.2,1.1800000000000002,Grassland without tree/shrub cover
45062870,2015-09-09,94071af2-74ff-4290-8666-26160c1804e5,66854cca-c7f4-45b5-b699-3ba3297df1dd,2015-09-09,48.914712884,12.52378992,53.4,51.00014846400001,tC/acre,0.2,1.1800000000000002,Grassland without tree/shrub cover
45063428,2015-05-29,e9151d33-cae3-4890-8136-3747393757b1,8d8fffdc-e2c4-4783-8b36-0ee089fb2a1c,2015-05-29,53.926715955,12.816542916,91.9,55.37686802260001,tC/acre,0.2,0.7444999999999999,Grassland without tree/shrub cover
45063950,2015-07-29,db5a19f3-4a35-4e9f-bd84-1b9a8a89edc6,0ec2c4d0-d4b2-472f-8f9f-2335905c6bcb,2015-07-29,58.61400446,13.178754228,10.5,10.028119080000002,tC/acre,0.2,1.1800000000000002,Grassland without tree/shrub cover
45102292,2015-07-04,46f27c74-a924-438f-b5f4-f681af076b18,b11b1a55-57c1-43ac-aee1-47001cd0648d,2015-07-04,43.710583635,12.339725475,27.6,26.359627296000006,tC/acre,0.2,1.1800000000000002,Grassland without tree/shrub cover
45102684,2015-05-30,3649e6f4-2885-456d-a9ea-12e9aa2b2911,965e6777-2435-4ce4-8019-4dd912e70fab,2015-05-30,47.240942078,12.494867805,18.0,17.191061280000003,tC/acre,0.2,1.1800000000000002,Grassland without tree/shrub cover
45102712,2015-07-08,f68eb2c2-f1c8-4ed2-bd75-198905041ce1,16c076d2-f6c2-4f57-9f7d-509d2e5e1af4,2015-07-08,47.492809835,12.506989778,47.1,44.98327701600002,tC/acre,0.2,1.1800000000000002,Grassland without tree/shrub cover
45122434,2015-07-03,3e468362-6078-4560-81b7-0a96562ad034,6af86d59-ce16-4567-b276-331e6f7595a6,2015-07-03,44.989855629,12.418264529,12.1,12.9370829852,tC/acre,0.2,1.321,Temporary grassland
45122688,2015-07-09,78cdd3ab-bce0-41b5-be7c-790054b72fae,eaa4ed11-5d29-4423-819c-b67b6cc6ba9f,2015-07-09,47.276315555,12.522991378,23.9,22.825909144,tC/acre,0.2,1.1800000000000002,Grassland without tree/shrub cover
45122758,2015-06-03,b9d56a57-3510-4ab8-8102-3711dc470606,67ddcfbe-fa87-4dbe-9365-a5937e600a86,2015-06-03,47.905901652,12.553959819,30.7,29.32031007200001,tC/acre,0.2,1.1800000000000002,Grassland without tree/shrub cover
45142936,2015-07-10,6a156d89-3caa-481c-b6a6-017a2bc57a71,e16a50c8-712e-4d78-a1e0-b138308c5100,2015-07-10,49.505350051,12.664856777,20.9,23.242411975200003,tC/acre,0.2,1.374,Grassland without tree/shrub cover
45143008,2015-07-19,c459e96f-e2cc-4c2c-b18f-e15241d68023,2c259092-6349-4227-99bd-56046e357bcb,2015-07-19,50.152275382,12.700916114,36.7,35.05066383200001,tC/acre,0.2,1.1800000000000002,Grassland without tree/shrub cover
45143706,2015-06-09,91c52b93-a614-4487-8489-0fcecbe83cd9,72630173-a061-44d3-82a6-e306e3005e0c,2015-06-09,56.419606176,13.125838244,18.2,17.382073072000004,tC/acre,0.2,1.1800000000000002,Grassland without tree/shrub cover
45143818,2015-09-07,3161129e-612a-4b40-90c8-0919f4fec2ec,bfdcfcfb-c7e7-4b31-a1cd-37c6ed6683b2,2015-09-07,57.425245431,13.209853398,53.5,51.09565436000001,tC/acre,0.2,1.1800000000000002,Grassland without tree/shrub cover
45162820,2015-09-16,705e03f0-5394-4262-a3ba-45018c0db6aa,7de60163-03db-4fe9-92aa-2d3ea95147b1,2015-09-16,48.462096428,12.63624948,28.6,28.35634802000001,tC/acre,0.2,1.225,Grassland without tree/shrub cover
45182998,2015-07-16,6ee3379d-207b-40f3-9097-2c29dda034d1,c05d55ab-9da3-4663-bf20-5465a6ac4fb0,2015-07-16,50.061098754,12.751660061,48.1,45.93833597600002,tC/acre,0.2,1.1800000000000002,Grassland without tree/shrub cover
45183718,2015-10-20,a406f428-2f7e-472a-982b-705a021e4328,2520ee10-800f-4be3-ac41-c6ce20963514,2015-10-20,56.525759906,13.199473597,49.9,43.537900498400006,tC/acre,0.2,1.078,Grassland without tree/shrub cover
45202610,2015-06-25,cfc9947f-5f64-487d-8c43-d2da78ca9a8c,62529391-ab22-45e2-9180-3364b59fc4cd,2015-06-25,46.572055278,12.593798438,34.3,32.758522328000005,tC/acre,0.2,1.1800000000000002,Grassland without tree/shrub cover
45222602,2015-06-16,e9301dcf-19a5-4132-9f0b-9851611c31d4,97898cdc-293c-44f2-b281-ba4b6e7f4e37,2015-06-16,46.499432824,12.616311287,59.7,50.445566769600006,tC/acre,0.2,1.044,Grassland without tree/shrub cover
45243004,2015-07-19,7f22cdca-a4e0-40f4-b7f7-e34cc736ffdc,5f2bf5d1-6622-4958-b8af-ce2e67d286b2,2015-07-19,50.112946485,12.838595644,25.9,24.736027064000005,tC/acre,0.2,1.1800000000000002,Grassland without tree/shrub cover
45262146,2015-07-07,aed26b46-0a8a-4c7e-8a79-5f52174ef0ba,f6f9b9db-2868-4f77-85df-72cdccdd7093,2015-07-07,42.388715776,12.481750206,11.5,10.983178040000002,tC/acre,0.2,1.1800000000000002,Grassland without tree/shrub cover
45282264,2015-07-04,6b1023b2-f4bd-4357-946a-0ab994ed7937,6ee56d0e-9021-42b5-ac57-baaee6e3bea6,2015-07-04,43.452787786,12.551323485,18.2,17.382073072000004,tC/acre,0.2,1.1800000000000002,Grassland without tree/shrub cover
45282274,2015-07-04,be5a7952-48ca-4eac-8598-abf73e027aff,25754d4e-b245-46d6-a419-227a0b9b50f6,2015-07-04,43.542969187,12.555270507,64.8,28.16420310720001,tC/acre,0.2,0.537,Grassland without tree/shrub cover
45282706,2015-06-21,e14c0612-8f17-4c7f-bf44-8a35f3c1495f,2d58ea74-f8f6-478e-bb72-ea6de89dfe26,2015-06-21,47.433102021,12.742707832,54.3,35.5326853266,tC/acre,0.2,0.8085,Grassland without tree/shrub cover
45282904,2015-06-15,e3b7672e-59fd-4fbb-9826-428dd177114d,d32364a5-06b3-45d0-bdc8-e37f7d1a2f6c,2015-06-15,49.213081543,12.841219496,66.1,63.12939725600001,tC/acre,0.2,1.1800000000000002,Grassland without tree/shrub cover
45282972,2015-07-20,9580da76-13c0-44be-98cd-0e3bf8b54557,37555456-4694-4fbf-b71c-4526bfdc8b2d,2015-07-20,49.824067118,12.877163182,30.5,29.129298280000004,tC/acre,0.2,1.1800000000000002,Grassland without tree/shrub cover
45302988,2015-07-19,3936eb7b-4eb9-47c3-b3e4-76f7abaac7e3,65bbfa4b-7c59-4109-92bf-2800071fd9b1,2015-07-19,49.967097767,12.913642925,33.8,30.4754457904,tC/acre,0.2,1.114,Grassland without tree/shrub cover
45322990,2015-07-19,a1d6ed45-4259-4d0b-b3ec-22358913cb6a,56dc5c7d-e61e-455a-ac0e-32f6faf6be29,2015-07-19,49.984347177,12.942601183,37.9,36.196734584,tC/acre,0.2,1.1800000000000002,Grassland without tree/shrub cover
45342100,2015-06-24,1fa5c57d-a536-4ce5-9d76-c34008481b68,d73df27e-3eb3-494b-8d9d-d7d3acc93a24,2015-06-24,41.970988054,12.560933431,14.8,13.943213318400002,tC/acre,0.2,1.164,Temporary grassland
45342564,2015-05-08,9bd50cf4-b1ab-4c6e-9e8c-dda88b368b41,adf8a627-01a7-41d7-aad5-bf822e4a9767,2015-05-08,46.153544951,12.754763831,75.7,72.29796327200002,tC/acre,0.2,1.1800000000000002,Grassland without tree/shrub cover
45342706,2015-07-12,0f56274e-022a-4fea-8fa2-926d9a8b4e5e,5e7caa9b-eeda-4bd1-8625-e98a29053e59,2015-07-12,47.431073221,12.822139679,24.2,22.133086712,tC/acre,0.2,1.13,Grassland without tree/shrub cover
45362200,2015-04-27,a76746d2-9e0c-441f-ad0d-6f9b81628d35,bf741e57-d5c9-4da4-9075-22475ba98e12,2015-04-27,42.872991787,12.624017532,28.4,23.8251598152,tC/acre,0.2,1.0365,Grassland without tree/shrub cover
45382568,2015-07-02,b98ee92f-e260-4c16-b164-1b49f5a3dbc3,7f318944-5dbb-4396-b60f-d9252b0050b9,2015-07-02,46.18819758,12.808329961,81.3,53.8259898648,tC/acre,0.2,0.8180000000000001,Grassland without tree/shrub cover
45382978,2015-07-19,19d06197-cc9d-4e76-9736-a23d0ca3b5d2,4e6fe1bd-92ec-4e49-9a91-1d2da9db0530,2015-07-19,49.874359182,13.019400256,22.8,25.5029879712,tC/acre,0.2,1.382,Grassland without tree/shrub cover
45402772,2015-06-01,9e916f45-5872-470e-82ce-ec5c9ad5a5dd,a166eecd-f486-4bc8-8d58-830944b23afb,2015-06-01,48.022427895,12.935270239,49.9,47.65744210400001,tC/acre,0.2,1.1800000000000002,Grassland without tree/shrub cover
45462760,2015-06-01,31883d83-8738-49ec-8bd2-be692790db63,662332c8-a25d-43be-bc8b-fc0118f96517,2015-06-01,47.912375052,13.009238832,42.1,39.424267308400005,tC/acre,0.2,1.157,Grassland without tree/shrub cover
45462768,2015-06-08,922db5d2-b1f6-41a4-b81e-37a8ee8eff78,7a6f0354-23a8-4550-8238-f938d5db5d3e,2015-06-08,47.984295389,13.013482749,33.4,31.898969264000005,tC/acre,0.2,1.1800000000000002,Grassland without tree/shrub cover
45463044,2015-08-09,58cf2a9a-37cb-43e0-9578-108f570c3b42,c2b67e0e-9000-4179-8c2f-d653a3d574af,2015-08-09,50.464126047,13.169819294,37.2,35.528193312000006,tC/acre,0.2,1.1800000000000002,Grassland without tree/shrub cover
45463614,2015-05-30,900f7b6d-85ab-4d5b-a228-53d0c8c0bebc,5e219f86-b57c-466c-98bf-d1c61c9bc533,2015-05-30,55.580412618,13.567346923,16.6,11.903919627200002,tC/acre,0.2,0.886,Grassland without tree/shrub cover
45482768,2015-06-01,7b106751-fc4b-4c76-9b31-d2cea8b84e5f,36de89eb-add7-49e8-b49e-80216925f8cd,2015-06-01,47.983558515,13.040242575,26.1,24.927038856000006,tC/acre,0.2,1.1800000000000002,Grassland without tree/shrub cover
45502702,2015-05-22,59d567b7-5025-41f2-8d25-69478066323f,1516e056-6c8a-4b5a-bcb6-67ca193bbc85,2015-05-22,47.389410824,13.03182701,28.6,28.009127432000003,tC/acre,0.2,1.21,Grassland without tree/shrub cover
45502932,2015-08-02,b66d966b-0fb9-4653-a948-77fa6f6951e9,d06a7b13-38f6-42ae-8de2-d2db96520962,2015-08-02,49.456591209,13.15908597,28.5,27.219180360000006,tC/acre,0.2,1.1800000000000002,Grassland without tree/shrub cover
45503652,2015-08-14,c3914e41-910a-442a-b35d-ab0143e6ca77,88c22c69-2782-44d5-ad1c-7c1caf43b862,2015-08-14,55.919618473,13.662127238,28.0,25.937135112,tC/acre,0.2,1.1445,Grassland without tree/shrub cover
45542620,2015-06-11,a900ea60-dd1f-4acc-9238-4a5109d512ec,cf9a1a2a-0a4c-4491-820d-0b24b7f0edde,2015-06-11,46.650415281,13.04170233,52.1,49.758571816000014,tC/acre,0.2,1.1800000000000002,Grassland without tree/shrub cover
45542694,2015-05-23,cfc149d5-fbd8-4c63-baa3-5d731e1c09d5,23e77b82-ca89-40b7-b156-93aaadcf9de5,2015-05-23,47.31598608,13.080464394,16.8,16.044990528000007,tC/acre,0.2,1.1800000000000002,Grassland without tree/shrub cover
45543016,2015-07-24,862095de-f35a-4c3b-ba5a-ca89a17dc659,e11b63e0-f8b7-4a8c-988d-ed00591c79cf,2015-07-24,50.209512759,13.265004945,81.1,77.45528165600001,tC/acre,0.2,1.1800000000000002,Grassland without tree/shrub cover
45544090,2015-06-22,6bf5a504-0b33-44ad-bfcf-1b1de64a5b36,ee1a3a0c-f5ea-40e3-8822-a9c1802270aa,2015-06-22,59.849265376,14.149139619,37.6,29.945469004800003,tC/acre,0.2,0.984,Grassland without tree/shrub cover
45562556,2015-05-20,c9e16703-f41f-41a8-90a0-7edfcc950f99,cfc97299-2ad1-484c-9f1b-db4f56a969e3,2015-05-20,46.073838061,13.034979885,29.3,27.983227528000008,tC/acre,0.2,1.1800000000000002,Temporary grassland
45562568,2015-05-20,46726b4d-4644-402d-848c-f9ef4158e59c,7472af23-5abf-42af-85c9-5f0e96ba0a1e,2015-05-20,46.181823453,13.041061757,32.8,31.325933888,tC/acre,0.2,1.1800000000000002,Grassland without tree/shrub cover
45562852,2015-09-14,c3e1cd66-a37e-426a-924e-1bea97d6f068,66294e1f-84a2-45a2-a287-7ea7571f8695,2015-09-14,48.735490811,13.194786968,28.0,29.880395496,tC/acre,0.2,1.3185,Grassland without tree/shrub cover
45562982,2015-06-12,331ac2d0-b471-4cae-878c-523b4e182f32,32c9cea7-930a-49e8-87db-22fafc077fbd,2015-06-12,49.903355811,13.272015765,45.6,32.2201280736,tC/acre,0.2,0.873,Grassland without tree/shrub cover
45564058,2015-10-16,779e2164-89b5-4e4a-9f88-ca769a2c45b6,9da1dc14-7aa0-435c-8855-f23af675e509,2015-10-16,59.560864283,14.149635957,11.5,10.983178040000002,tC/acre,0.2,1.1800000000000002,Grassland without tree/shrub cover
45582602,2015-06-11,53715972-1272-4af4-ae85-8a56596d1e24,e5b6ab15-bf27-426d-b60e-45e1546e65d8,2015-06-11,46.486997167,13.084469985,62.4,59.59567910400001,tC/acre,0.2,1.1800000000000002,Grassland without tree/shrub cover
45642688,2015-05-23,3cd90ff3-228e-46a4-83fd-63f61b3fcdf9,4c7d335f-a683-445e-b39e-3c1ed2157a1b,2015-05-23,47.258212705,13.20920368,56.5,53.96083124000001,tC/acre,0.2,1.1800000000000002,Grassland without tree/shrub cover
45642750,2015-05-30,b33e5eb3-8f18-4226-893c-ea0d18d330dc,7271f003-40e9-4596-8ef7-7a5be4254cf0,2015-05-30,47.815629703,13.244008821,83.5,72.21196749700002,tC/acre,0.2,1.0685,Grassland without tree/shrub cover
45662602,2015-06-02,a99adcee-7d60-4f5c-b5e5-9e1a8fb45995,91f22651-408a-4ff5-b477-fcbc5a40ea10,2015-06-02,46.483956507,13.188477354,42.5,40.59000580000001,tC/acre,0.2,1.1800000000000002,Grassland without tree/shrub cover
45662866,2015-09-24,593bbc5a-76ad-40b0-8039-d82775ff41e4,8f1f105b-82a4-498c-9fde-eb7fd2c5d7a5,2015-09-24,48.857296826,13.339012709,31.2,29.797839552000006,tC/acre,0.2,1.1800000000000002,Grassland without tree/shrub cover
45662902,2015-08-08,21b95281-1a4b-4150-8068-adec6afce640,4e395180-62b6-436e-9548-24286fb3750b,2015-08-08,49.180714901,13.360964239,37.8,36.101228688000006,tC/acre,0.2,1.1800000000000002,Grassland without tree/shrub cover
45682752,2015-05-30,17ac5fea-aaa4-4feb-88fb-952fcd5acb14,32702dd2-0eb8-4f01-8525-c43cd99882ea,2015-05-30,47.832015852,13.298503483,38.7,36.96078175200001,tC/acre,0.2,1.1800000000000002,Grassland without tree/shrub cover
45702042,2015-05-21,19cb720c-bb89-4768-b6a9-2a819c35f0e2,4f5f415d-594e-46f2-93c2-afe80151149e,2015-05-21,41.435264871,12.968018159,17.4,23.173696292400003,tC/acre,0.2,1.6455000000000002,Grassland without tree/shrub cover
45702942,2015-07-18,e4cda23e-8611-4cfe-b8e7-3914bdc31a38,4f62a901-b654-4ced-ac25-d06e10a1b6b3,2015-07-18,49.538345966,13.440991737,18.5,17.668590760000004,tC/acre,0.2,1.1800000000000002,Grassland without tree/shrub cover
45702964,2015-08-08,921028af-3c16-4ccf-a1f2-3030b1089249,538a614f-8978-431e-9a73-6a2bf5463a1f,2015-08-08,49.735931168,13.455066183,35.4,34.3248190224,tC/acre,0.2,1.198,Grassland without tree/shrub cover
45703626,2015-09-21,bceb25fa-7c55-4bab-97a8-6f3504579cf2,bc195e52-44a3-4d0c-8661-2f82e3578b66,2015-09-21,55.676817782,13.957891553,30.0,28.65176880000001,tC/acre,0.2,1.1800000000000002,Grassland without tree/shrub cover
45722786,2015-06-07,08c3e0a1-e5d0-4c50-b107-ca525aefe7d6,74f73ce2-027f-4f31-9fea-03ad757c2f22,2015-06-07,48.135982422,13.372013176,33.3,31.803463368000006,tC/acre,0.2,1.1800000000000002,Grassland without tree/shrub cover
45762134,2015-07-18,32fbe6f6-24d8-4310-a6fd-6f0af47d91ba,26c010bd-63d9-4785-b58f-4ffafe36ac38,2015-07-18,42.263743289,13.081014752,14.7,14.6164084794,tC/acre,0.2,1.2285,Grassland without tree/shrub cover
45763802,2015-06-05,0bbdaccd-4ea3-4d91-abe9-14129b28e185,23d59040-b0e9-4189-bbec-fd26fa81fdfe,2015-06-05,57.252700156,14.222675477,30.4,17.5802073376,tC/acre,0.2,0.7145,Grassland without tree/shrub cover
45782694,2015-06-19,ac080556-2192-42b2-ad31-c2a9ecce6a2a,e4c39a03-3073-446e-beb1-b463851e90f0,2015-06-19,47.306543307,13.397391916,40.2,38.393370192000006,tC/acre,0.2,1.1800000000000002,Grassland without tree/shrub cover
45842754,2015-05-29,32597024-cb39-4afb-a3a7-b736186f0d54,c8f1c870-2934-42b5-906e-70a2955dbf97,2015-05-29,47.843362323,13.513129062,17.3,13.995134532200003,tC/acre,0.2,0.9995,Grassland without tree/shrub cover
45842920,2015-06-28,35f7470d-acbd-4749-ab7f-8e6473afde88,362c2d65-0280-4127-bbfb-35ef75c26fdd,2015-06-28,49.334716403,13.619474118,11.2,10.696660352,tC/acre,0.2,1.1800000000000002,Grassland without tree/shrub cover
45882538,2015-06-22,18f1ba4a-e832-4ccf-93b5-1258e58affcb,4118409e-ba31-44f9-a3e0-f7d41d38b6a0,2015-06-22,45.899334932,13.437478087,24.7,23.589956312000005,tC/acre,0.2,1.1800000000000002,Grassland without tree/shrub cover
45882618,2015-06-14,4dd6186a-27f4-4998-8608-fc101e6fee77,6a027f3e-cdbd-4da1-802d-8ff4de28cf1d,2015-06-14,46.618976819,13.483842377,53.9,40.026075859,tC/acre,0.2,0.9175,Grassland without tree/shrub cover
45882928,2015-06-20,a95c6c38-c40b-4422-98b5-ad66a2812195,67bcc875-8352-4350-a00b-4235a31fd03a,2015-06-20,49.404777097,13.679853923,11.9,11.365201624000004,tC/acre,0.2,1.1800000000000002,Grassland without tree/shrub cover
45902074,2015-06-13,69eba59c-f827-45c8-b0b5-6f3444b74f6f,6310e160-9022-4fa7-b90a-6c050765282f,2015-06-13,41.716849741,13.221243466,19.1,18.241626136000004,tC/acre,0.2,1.1800000000000002,Grassland without tree/shrub cover
45922898,2015-06-27,cc324416-e286-4e97-bee3-99166efb9bae,d7b18fa8-df94-4f29-b5e6-38c2a0870b23,2015-06-27,49.133550963,13.714403055,38.9,37.151793544,tC/acre,0.2,1.1800000000000002,Grassland without tree/shrub cover
45962662,2015-05-14,99a124e6-af0f-4fb6-84f4-0c2b6dcfef24,670e0f77-cf49-45bc-bcab-263edfa8c118,2015-05-14,47.011181248,13.6150654,40.0,29.185954320000004,tC/acre,0.2,0.9015,Grassland without tree/shrub cover
45962820,2015-06-18,938cd234-4d43-4e1c-9761-19d25c188119,ef0e11b4-8f18-42e7-af39-f26b65a2f139,2015-06-18,48.4311225,13.716394248,43.4,41.449558864,tC/acre,0.2,1.1800000000000002,Grassland without tree/shrub cover
46003080,2015-07-16,17d1c73f-9765-48bb-919b-7b9050484125,1d3c2d5a-c138-43c0-a820-40e2f0a3908c,2015-07-16,50.763715081,13.956523024,25.8,24.9224254356,tC/acre,0.2,1.1935,Grassland without tree/shrub cover
46042706,2015-07-21,99ba6440-6dcf-4ace-b043-8574cb8b68e0,4d5bec3d-b844-4cad-9b62-7cc34cbe2ddf,2015-07-21,47.403128741,13.748379259,24.9,23.780968104000003,tC/acre,0.2,1.1800000000000002,Grassland without tree/shrub cover
46042842,2015-07-15,f366c430-4afd-4548-8e19-2c7d9b987331,6be1f6e6-ee8d-4d21-8fe3-ea8484689746,2015-07-15,48.625058633,13.839450417,23.5,22.443885560000005,tC/acre,0.2,1.1800000000000002,Grassland without tree/shrub cover
46043076,2015-07-16,be44fe50-736d-4436-bbea-33d6242c120a,d54bdb9f-d87f-40c9-8ec4-cb1e34bad828,2015-07-16,50.725862138,14.010061828,18.4,17.573084864000005,tC/acre,0.2,1.1800000000000002,Grassland without tree/shrub cover
46044034,2015-08-02,7910b89c-2ab2-439a-8a84-ac601c60f265,e331ddda-788d-408f-ac40-12d868fe8839,2015-08-02,59.317792636,14.9636335,58.9,56.25297274400001,tC/acre,0.2,1.1800000000000002,Grassland without tree/shrub cover
46082614,2015-07-03,fa0d9ff7-d009-416e-922f-c791e2b5a176,9b440394-9cac-4657-a836-019662ce1b7a,2015-07-03,46.574247367,13.741899024,68.7,63.110377014000015,tC/acre,0.2,1.135,Grassland without tree/shrub cover
46102952,2015-06-19,d2b084ce-32b4-4e91-8b44-273e11ae9a81,db5d909e-c988-45fd-aff8-4e4453350989,2015-06-19,49.609939104,14.000247129,25.1,23.971979896000004,tC/acre,0.2,1.1800000000000002,Grassland without tree/shrub cover
46103060,2015-07-19,a9bcf13c-0265-44b4-bb33-f3aa798908d1,9e320e2c-8722-426c-b5b4-d37545be9315,2015-07-19,50.579298704,14.082390885,13.9,13.275319544000002,tC/acre,0.2,1.1800000000000002,Grassland without tree/shrub cover
46122128,2015-07-03,6fd7d33c-554c-43e6-b8d1-f614367cb024,ca565c00-0f99-4b8e-98be-5c8fe9e51f7f,2015-07-03,42.195386711,13.51234669,19.1,18.241626136000004,tC/acre,0.2,1.1800000000000002,Grassland without tree/shrub cover
46142896,2015-07-18,8386ce43-b9ca-4e54-bc13-706bb6f332f9,17b907f5-4f15-479a-b594-c2a0783590e6,2015-07-18,49.105208504,14.013958839,23.2,29.668340032,tC/acre,0.2,1.58,Grassland without tree/shrub cover
46142928,2015-06-21,a7a27da5-042a-4ec7-951a-a98f6b8b7a60,d725e602-f420-4572-9909-20285f78827f,2015-06-21,49.39251359,14.037572315,22.7,21.679838392,tC/acre,0.2,1.1800000000000002,Grassland without tree/shrub cover
46143814,2015-08-24,6d55da19-ccd6-4a7b-956d-e0fd6066f79c,e77a7261-605a-4206-be99-70f3cb698d79,2015-08-24,57.338658483,14.864168777,53.3,50.904642568,tC/acre,0.2,1.1800000000000002,Grassland without tree/shrub cover
46164168,2015-10-04,b3c28252-2ae8-49bd-bcec-9532cc472467,ad639681-43f3-4262-91f7-380295a8ce00,2015-10-04,60.512018418,15.360273695,19.9,18.6996497508,tC/acre,0.2,1.161,Grassland without tree/shrub cover
46181644,2015-04-23,56334013-53cf-4ac9-a3f9-9a6185edbc06,679f1b42-d3a0-474b-a1a0-e1994bcee3b0,2015-04-23,37.815731744,13.349324481,26.1,27.778861098,tC/acre,0.2,1.315,Grassland without tree/shrub cover
46182646,2015-05-28,f6aa464c-4df5-49b6-a83f-1e8c3c025bb2,1eeb3a8d-1ea0-4879-bfa6-967985e4c689,2015-05-28,46.85732008,13.89316375,42.4,40.494499904,tC/acre,0.2,1.1800000000000002,Grassland without tree/shrub cover
46182828,2015-07-14,5b57d17d-7c02-4714-bca9-2497b3e1b230,05a6bbd4-7462-44c4-8e8a-14fbb42a4a4e,2015-07-14,48.492610498,14.018950074,37.1,35.43268741600001,tC/acre,0.2,1.1800000000000002,Grassland without tree/shrub cover
46184046,2015-08-01,6533708f-a6b4-4c18-af98-c64905454d39,fa8b5ace-9c83-4f5e-b237-8cabe334a8d1,2015-08-01,59.416406036,15.224563261,19.9,19.005673304,tC/acre,0.2,1.1800000000000002,Grassland without tree/shrub cover
46202044,2015-06-12,87202556-a3da-43fb-ab2f-cf037306dce6,10da0775-62b4-47d5-bdd3-8913e89509a2,2015-06-12,41.433811317,13.564379973,56.7,53.0504496144,tC/acre,0.2,1.156,Grassland without tree/shrub cover
46202116,2015-05-02,0dc9d9e4-3fea-491f-b6ef-a6a14d5de1ca,78023a33-54bb-4bea-8424-aa9b5b999ca0,2015-05-02,42.083701329,13.602349896,57.5,26.085047845,tC/acre,0.2,0.5605,Grassland without tree/shrub cover
46203078,2015-08-22,dc16e14b-244e-428f-9557-742a18eff2a1,87a6b512-b783-4ecf-a8ee-43ebd90d2648,2015-08-22,50.735709507,14.237956636,17.1,17.058121929000002,tC/acre,0.2,1.2325,Grassland without tree/shrub cover
46242910,2015-07-17,e7c0042d-5c88-43bf-82e0-f06296cf7f21,30d3864c-ebb4-4244-b4e5-d0f81ef5179b,2015-07-17,49.22590903,14.161334406,43.5,41.54506476000001,tC/acre,0.2,1.1800000000000002,Grassland without tree/shrub cover
46262116,2015-07-03,e342f8cf-3dca-4631-9bf3-dae5b0cde658,7e6c264a-8144-4f2c-9813-4fedaf2dbfff,2015-07-03,42.081088222,13.674543997,53.5,51.09565436000001,tC/acre,0.2,1.1800000000000002,Grassland without tree/shrub cover
46263946,2015-07-08,8052be8e-2de4-4f5c-9590-1e352accabcc,6e86a7bb-f134-4fc7-8df3-d5b52e592903,2015-07-08,58.514476516,15.229537648,22.4,20.9763322496,tC/acre,0.2,1.157,Grassland without tree/shrub cover
46282550,2015-05-31,10888255-8f3d-4501-9e5a-7764f6438649,557266ff-c00e-4c69-8da7-ddec886b3ab8,2015-05-31,45.98938519,13.959545174,40.1,28.122965603800004,tC/acre,0.2,0.8665,Grassland without tree/shrub cover
46282586,2015-08-13,3b81b416-7509-46c5-8817-e0767e4b9dcd,6763ca76-ebf6-49e6-9a1f-0f0df77ac426,2015-08-13,46.313117827,13.9834107,40.6,38.775393776,tC/acre,0.2,1.1800000000000002,Grassland without tree/shrub cover
46282852,2015-07-31,0f3f7d40-ac8a-449b-8695-4291812d004e,98b389dd-021e-4f67-8d27-d146a43f64d3,2015-07-31,48.703139683,14.171965851,20.5,19.57870868,tC/acre,0.2,1.1800000000000002,Grassland without tree/shrub cover
46283360,2015-09-15,ac7d6704-cd4e-4b30-8fb9-3f3560fad4e9,225be813-ee79-4e3e-b401-e64df28c4da1,2015-09-15,53.260460866,14.603646111,11.8,11.269695728000002,tC/acre,0.2,1.1800000000000002,Grassland without tree/shrub cover
46302152,2015-05-01,7736a6d0-3a8e-4ab5-9f24-f278db641bce,73776d54-f955-4663-929e-a78edc572213,2015-05-01,42.40408067,13.742715347,111.5,65.788588962,tC/acre,0.2,0.729,Grassland without tree/shrub cover
46322834,2015-05-28,d9cf9ce8-a099-413c-b069-35e577e76a1b,f808e1e4-5a2e-40db-9590-a0c15dc69fc1,2015-05-28,48.539468216,14.212563972,29.7,25.600841046000003,tC/acre,0.2,1.065,Grassland without tree/shrub cover
46322946,2015-08-21,4c38df51-de5b-41dc-8459-c30417ef057b,46eec5f6-2d2b-4f4f-92dd-ddb95cbbcadf,2015-08-21,49.544916358,14.299379721,27.6,26.359627296000006,tC/acre,0.2,1.1800000000000002,Grassland without tree/shrub cover
46323072,2015-07-31,ab6b5462-dc9f-4903-8c0e-233e72584a69,e14b7d29-d479-44ff-b80c-8725073d26cb,2015-07-31,50.675516795,14.402603662,29.9,28.677264018,tC/acre,0.2,1.185,Grassland without tree/shrub cover
46342926,2015-08-21,ba6b96c3-93e7-43cf-83d5-7cc1fd56c484,2aa21957-27b6-445d-8b37-75d125f898f3,2015-08-21,49.364356377,14.311037309,17.2,16.427014112000005,tC/acre,0.2,1.1800000000000002,Grassland without tree/shrub cover
46363066,2015-08-21,654b565c-7d30-43ef-b6f9-cc9a6f673127,60fa511f-f4cc-41c8-bbac-5ae29227a2fe,2015-08-21,50.619517928,14.453981576,43.2,41.25854707200001,tC/acre,0.2,1.1800000000000002,Grassland without tree/shrub cover
46363092,2015-08-23,796a644a-fb78-43d5-abfc-943b37630e5a,40a7898f-f99e-4454-acc5-f6ec939f4f27,2015-08-23,50.852747503,14.476275925,22.3,21.297814808000005,tC/acre,0.2,1.1800000000000002,Grassland without tree/shrub cover
46363102,2015-09-03,89f7a6bf-4296-4d4d-a6e1-5710145df2f5,4b2d3db1-14b7-47c7-9b9a-2cc356bb7e4b,2015-09-03,50.942446027,14.484924676,23.1,22.02446898960001,tC/acre,0.2,1.178,Grassland without tree/shrub cover
46382834,2015-06-13,e1137d00-b7b9-42df-acf0-ab565363cd20,7b979bb8-6f5d-4959-9266-67ff382efc64,2015-06-13,48.53635735,14.293673082,27.8,26.550639088000004,tC/acre,0.2,1.1800000000000002,Grassland without tree/shrub cover
46402674,2015-06-22,d2ef579a-ad33-4952-a454-5cf8b806f01e,dcb36461-a546-492d-bca5-034ecd67d8be,2015-06-22,47.098170913,14.201100955,31.9,30.46638082400001,tC/acre,0.2,1.1800000000000002,Grassland without tree/shrub cover
46402688,2015-08-07,f0bcbd31-9f25-476f-be84-8710494a9fac,6dfe0b35-265b-4f7f-9783-5a56499484b0,2015-08-07,47.223968185,14.211229667,36.0,18.516812616000003,tC/acre,0.2,0.6355,Grassland without tree/shrub cover
46402932,2015-08-22,1698ad10-e26d-47b1-9411-e713fc91ad30,c2b69fe7-21b0-4244-9e14-c60306248f41,2015-08-22,49.415013983,14.398357026,21.8,21.349614616000004,tC/acre,0.2,1.21,Grassland without tree/shrub cover
46422528,2015-07-23,3cb94865-817d-492b-8f58-72383ffbed07,9ebcd8c5-c2ca-4e26-b96b-cf800ad3917f,2015-07-23,45.784682337,14.124739144,30.6,29.224804176000006,tC/acre,0.2,1.1800000000000002,Grassland without tree/shrub cover
46422624,2015-05-14,9b35efc2-ce81-4204-8c0b-1d7dfd4da992,d3395cab-c99d-4f6c-b723-a3aa0831147d,2015-05-14,46.647801225,14.191498745,16.7,17.5106418142,tC/acre,0.2,1.2955,Grassland without tree/shrub cover
46422682,2015-06-23,8a25c3c4-4ad5-4730-90f5-0e9b7ca80670,11391f62-b6ed-4d9f-af48-8120b2878064,2015-06-23,47.16903157,14.233206287,39.3,37.533817128,tC/acre,0.2,1.1800000000000002,Grassland without tree/shrub cover
46442110,2015-07-03,3fce621f-7727-497b-a70f-740025941cbb,02749663-8224-4c07-bf35-ef735e5f0a08,2015-07-03,42.018807573,13.887630463,21.3,20.342755848000007,tC/acre,0.2,1.1800000000000002,Grassland without tree/shrub cover
46462636,2015-05-17,148879fb-4076-4564-b53c-e0984ba9f1d5,5551ac7e-b0b9-4de5-bc36-cd623485a7e1,2015-05-17,46.753606302,14.25227846,20.2,19.292190992,tC/acre,0.2,1.1800000000000002,Grassland without tree/shrub cover
46462856,2015-08-01,3c544a0b-d59e-432c-990e-0b152ac704ab,88202fe9-3508-47e4-a484-4913a4daf212,2015-08-01,48.729621068,14.41925342,17.3,19.3509513992,tC/acre,0.2,1.382,Grassland without tree/shrub cover
46462874,2015-07-25,67b37b8b-1b57-4ed7-91ca-de1e9ff682ad,d9338181-ed68-498d-8b28-ca7ddc59b1a5,2015-07-25,48.891200298,14.433660821,17.3,20.793171366000006,tC/acre,0.2,1.485,Grassland without tree/shrub cover
46462946,2015-08-21,fdc5784a-aad9-4393-b2b8-a5e9be233b3c,48afc011-b8e3-490c-9cde-36728ab8ca58,2015-08-21,49.537390945,14.492495834,27.7,26.45513319200001,tC/acre,0.2,1.1800000000000002,Grassland without tree/shrub cover
46482614,2015-05-16,341c5370-91a0-4e50-a5e3-49709760af19,7b5d9c0d-6cdc-4da8-ae75-ecfb37e17a11,2015-05-16,46.554845364,14.262478962,29.8,28.46075700800001,tC/acre,0.2,1.1800000000000002,Grassland without tree/shrub cover
46502878,2015-08-03,3ec5ac6c-dac8-4db2-90af-64c3f0cb8b61,6318ba5e-9085-4cc5-9f7f-74d4a02132bb,2015-08-03,48.924925727,14.491365848,24.9,23.780968104000003,tC/acre,0.2,1.1800000000000002,Grassland without tree/shrub cover
46503054,2015-08-15,99c974ea-9581-4024-9d7b-d63e8b6818a2,accfd697-6841-4306-befa-9627ff698c97,2015-08-15,50.504067427,14.640815377,12.5,14.270240075000004,tC/acre,0.2,1.4105,Grassland without tree/shrub cover
46503450,2015-06-04,f5547de4-965d-4e99-a43c-cc739415570d,0b785e39-98d1-42f7-a4b1-7750c0db904f,2015-06-04,54.054014047,15.027291035,78.8,58.19789366,tC/acre,0.2,0.9125,Grassland without tree/shrub cover
46522512,2015-07-30,065339c7-8e81-411c-a528-08bccd3153df,73932c2b-b8fa-431a-bad0-a655be971b2f,2015-07-30,45.635729247,14.241801193,87.2,83.28114131200002,tC/acre,0.2,1.1800000000000002,Grassland without tree/shrub cover
46522674,2015-06-22,3044a2ac-4a20-4bcd-97ad-87b2b4c1d7fa,33a6dda4-afa8-4df3-a471-e13dce881668,2015-06-22,47.091936939,14.358821947,26.2,25.022544752000005,tC/acre,0.2,1.1800000000000002,Grassland without tree/shrub cover
46522722,2015-08-09,48842074-c373-43a4-813a-59e2c0351463,9faa9897-b321-472b-9245-d3b004e99976,2015-08-09,47.523142189,14.395117418,42.6,32.9104414524,tC/acre,0.2,0.9545,Grassland without tree/shrub cover
46522836,2015-07-02,2b561791-14e1-4c59-b517-3ec3c8215e93,5858ea6e-9fb6-4704-ad2f-a20bfd2f0671,2015-07-02,48.546822641,14.484499337,70.9,50.12533873780001,tC/acre,0.2,0.8734999999999999,Grassland without tree/shrub cover
46542882,2015-07-26,5f8413ac-f500-4c22-acf0-3d2571faf837,47af3dcc-a7b1-465f-adfb-4a126a282517,2015-07-26,48.958620293,14.549151031,21.8,20.820285328000004,tC/acre,0.2,1.1800000000000002,Grassland without tree/shrub cover
46543084,2015-08-23,cc7734d2-0e14-4685-901d-f20814395b0d,8393c126-87ed-4348-8f57-35fff889377a,2015-08-23,50.770830103,14.72415022,17.9,17.095555384000004,tC/acre,0.2,1.1800000000000002,Grassland without tree/shrub cover
46562646,2015-05-26,1e5eb0c9-e761-4279-961c-46f763a628ba,50f76631-c81d-4f10-a69f-bd3c2be893f8,2015-05-26,46.838230074,14.39031807,33.0,31.516945680000003,tC/acre,0.2,1.1800000000000002,Grassland without tree/shrub cover
46563388,2015-08-02,5663d7f6-8e7a-43e8-a427-35418bc62450,381b039f-ace8-49fd-b996-a5e349db1be8,2015-08-02,53.494694463,15.051828211,15.3,14.612402088000003,tC/acre,0.2,1.1800000000000002,Grassland without tree/shrub cover
46582774,2015-05-18,b2f3684e-f24a-4ca9-a3b3-eea54297555e,3405d2f6-c504-41c8-b92a-74f76b46d047,2015-05-18,47.986888914,14.515543831,36.4,34.76414614400001,tC/acre,0.2,1.1800000000000002,Grassland without tree/shrub cover
46602618,2015-05-19,097855ab-1bdc-4d66-8448-0940481fc863,2f4752e3-88f7-4424-9a30-d4760f237d8a,2015-05-19,46.584480548,14.421571179,33.0,31.516945680000003,tC/acre,0.2,1.1800000000000002,Grassland without tree/shrub cover
46602700,2015-07-16,7347ab07-2024-4780-80fb-befe2858b035,8a22b8ca-d9a5-4ca3-b699-5c73a4aa0b58,2015-07-16,47.321214869,14.48398337,26.0,24.831532960000004,tC/acre,0.2,1.1800000000000002,Grassland without tree/shrub cover
46622044,2015-07-02,8f0631e6-af09-4c7f-bc31-7a84f01504be,6be3df4c-81a1-450e-9772-f2a7aeff2645,2015-07-02,41.414668731,14.064317893,78.9,75.35415194400001,tC/acre,0.2,1.1800000000000002,Grassland without tree/shrub cover
46622668,2015-06-21,fca02887-7d42-4aba-8cea-c1674eba32f7,d090e475-6eaf-47ad-942c-213298b0119e,2015-06-21,47.032664382,14.485612265,27.9,26.646144984000006,tC/acre,0.2,1.1800000000000002,Grassland without tree/shrub cover
46622720,2015-06-25,b4b2a31f-785b-43d4-8305-bbd443a59b6c,31ae106b-3813-4ebd-8868-f0c52ba56aeb,2015-06-25,47.49975789,14.526038932,29.2,27.88772163200001,tC/acre,0.2,1.1800000000000002,Grassland without tree/shrub cover
46642772,2015-05-18,db3d7697-4c9f-4998-9591-865088fe53c6,15d3107c-b650-43bd-8bc1-6bd8bae8ede3,2015-05-18,47.965605387,14.594137237,36.0,34.382122560000006,tC/acre,0.2,1.1800000000000002,Grassland without tree/shrub cover
46643054,2015-08-15,c2edf233-a787-43fd-85eb-734f3a8eac64,017491e3-74fa-4c97-b4b7-9458c28c740b,2015-08-15,50.495930317,14.83778501,10.5,10.028119080000002,tC/acre,0.2,1.1800000000000002,Grassland without tree/shrub cover
46662780,2015-05-18,14305703-a49a-4673-a191-9fe9a1ee1b95,da9c4a35-1090-41a3-bfb8-67df6fd89caa,2015-05-18,48.036309577,14.627389062,37.2,35.528193312000006,tC/acre,0.2,1.1800000000000002,Grassland without tree/shrub cover
46682698,2015-05-10,05f249e4-5ff6-4eeb-bc97-52181dc40d10,c3f37605-f0ae-40b9-bd20-a27f9199a78e,2015-05-10,47.29884348,14.587978942,30.5,23.624354622,tC/acre,0.2,0.957,Grassland without tree/shrub cover
46703430,2015-06-06,68d1df8b-0644-48a1-a4db-f276e960905c,3edfb444-6057-447c-8f71-9f003a1d3db2,2015-06-06,53.862004611,15.309188167,15.1,14.421390296000004,tC/acre,0.2,1.1800000000000002,Grassland without tree/shrub cover
46703916,2015-07-21,63c611ef-6f2c-44f3-a99a-23caa205605b,a619161a-ef9c-42ef-ba94-2a6dc4e5c3cf,2015-07-21,58.214711709,15.936128373,21.0,20.056238160000003,tC/acre,0.2,1.1800000000000002,Grassland without tree/shrub cover
46722156,2015-05-29,fd633b3d-fc93-44d9-8e35-c4655245f3a5,47f12666-475b-4359-afb1-f4086f35920f,2015-05-29,42.42003684,14.25313794,13.5,12.89329596,tC/acre,0.2,1.1800000000000002,Grassland without tree/shrub cover
46722576,2015-05-22,07ffd658-f496-4275-9acb-fa56c65dbe36,91cc999a-0cee-48e7-87bc-5bb249b08a27,2015-05-22,46.200500247,14.545543012,47.9,35.00833367640001,tC/acre,0.2,0.903,Temporary grassland
46722638,2015-05-14,23b3354e-49f5-4869-9043-d9043d0119c3,85bdc7e0-65fc-4e06-a1a2-d162993117cd,2015-05-14,46.757634488,14.593289733,29.5,24.867347671000005,tC/acre,0.2,1.0415,Grassland without tree/shrub cover
46722642,2015-07-26,7a3e7f17-bcee-4e29-8672-20043694f516,5bc244fe-841b-416b-9816-a869a7b2bf0c,2015-07-26,46.793571484,14.596414691,31.4,23.762352548000003,tC/acre,0.2,0.935,Grassland without tree/shrub cover
46722876,2015-08-08,5b6f5371-49bd-4634-8f23-dfe8776834af,5c48659d-d42a-4bd0-994c-faf85cbafb85,2015-08-08,48.894518689,14.789228411,10.0,9.5505896,tC/acre,0.2,1.1800000000000002,Grassland without tree/shrub cover
46742542,2015-06-10,70ae8b7d-3d38-42f1-a999-94762abaa67e,8c18363c-94ba-4598-9b11-b163676e3970,2015-06-10,45.893787379,14.545597772,38.2,30.995305426000005,tC/acre,0.2,1.0025,Grassland without tree/shrub cover
46742758,2015-06-05,0f5e607d-df1e-4a15-82a1-e1ec687eac4e,9b515558-3818-4c36-9b69-95e451a2cc25,2015-06-05,47.834244805,14.716133099,30.5,29.092269511000005,tC/acre,0.2,1.1785,Grassland without tree/shrub cover
46742980,2015-08-28,2de3733f-44f5-455b-a990-4ff380eeddd4,2162d988-7dd3-4cf8-946f-1449693abca0,2015-08-28,49.826312254,14.909458956,20.8,22.8870976672,tC/acre,0.2,1.3595,Grassland without tree/shrub cover
46762724,2015-06-12,725f2d90-5dac-4874-989d-fa1c3a36751b,7d5626e4-fd24-4edb-a766-e363aa2df585,2015-06-12,47.527818818,14.714701329,21.2,20.247249952,tC/acre,0.2,1.1800000000000002,Grassland without tree/shrub cover
46782546,2015-07-12,e168ae96-66da-446d-ac02-999169216c16,e7a53a92-d944-49ce-b0ee-71a7d77984bf,2015-07-12,45.927531586,14.600041406,81.5,77.83730524000003,tC/acre,0.2,1.1800000000000002,Grassland without tree/shrub cover
46782690,2015-07-13,f2d5e4ec-cf49-43bb-b477-9f655af320e9,8b08f462-619f-4cab-bef5-b8665bf79456,2015-07-13,47.221345346,14.713378341,33.7,32.185486952000005,tC/acre,0.2,1.1800000000000002,Grassland without tree/shrub cover
46782778,2015-07-18,752c14f9-20f9-49ae-a5fa-df322183a6c6,33994a61-d8fb-4392-b358-40168f4dc493,2015-07-18,48.011480641,14.78625884,28.9,27.601203944000005,tC/acre,0.2,1.1800000000000002,Temporary grassland
46801570,2015-05-23,ae366ae9-a394-4388-9bee-f0bbab9d2c36,2216639f-6ceb-4c16-9ed3-8b02213f8914,2015-05-23,37.117648873,14.008588534,24.5,23.398944520000004,tC/acre,0.2,1.1800000000000002,Grassland without tree/shrub cover
46802588,2015-08-16,16631306-15f6-460d-b8c6-ddcedcda6bc6,72a96349-561f-43d2-a210-2188d282c54b,2015-08-16,46.303886721,14.658260682,80.1,76.50022269600001,tC/acre,0.2,1.1800000000000002,Grassland without tree/shrub cover
46822568,2015-05-30,9ff54819-c518-4db4-bfb2-31bce87fd1b0,7b0c42c8-577a-4ad9-90d9-adf259f5cb07,2015-05-30,46.123024243,14.668513866,60.6,35.804998536,tC/acre,0.2,0.73,Grassland without tree/shrub cover
46842602,2015-08-22,49f99dc3-82f1-4aa3-ad65-636d291cfa09,0c55bf23-7d3b-4865-ba19-ab03adf03bb3,2015-08-22,46.427413253,14.721131371,54.4,51.95520742400001,tC/acre,0.2,1.1800000000000002,Grassland without tree/shrub cover
46842710,2015-07-05,e685c0b0-e80f-4dc2-ac8a-5a19ea8ca794,602ffb45-f176-4918-b603-c222e9f2d557,2015-07-05,47.397478669,14.808988062,31.2,29.797839552000006,tC/acre,0.2,1.1800000000000002,Grassland without tree/shrub cover
46842852,2015-06-29,6c0bf23e-b739-4f51-8046-bd6fe85567fc,1cf55bae-4492-48b2-93d3-6d2390930c7c,2015-06-29,48.672054789,14.931104187,44.8,42.786641408,tC/acre,0.2,1.1800000000000002,Grassland without tree/shrub cover
46843046,2015-06-07,b1d1127e-4409-47bf-9b0b-2af57a0ac03a,d940d0d3-c446-4aea-8e53-ee9022484df4,2015-06-07,50.41199966,15.111273095,51.5,51.39471731400001,tC/acre,0.2,1.233,Grassland without tree/shrub cover
46862528,2015-07-07,fbb44d75-ae83-419f-aa26-ba9fc6bb9b38,850939de-834c-4e4f-8b8b-4cd300e36866,2015-07-07,45.761237566,14.688908362,24.6,25.624879394400004,tC/acre,0.2,1.287,Grassland without tree/shrub cover
46862582,2015-08-17,c5157ca7-a865-478b-8403-8e7e420dec1b,537aef02-c272-4403-93bb-b8deedffac0a,2015-08-17,46.246559772,14.731175277,48.6,38.70611153280001,tC/acre,0.2,0.984,Grassland without tree/shrub cover
46862842,2015-06-09,832110c3-a421-42ab-a6a8-9c9eb557b32f,5b81877e-6f69-4201-b8c4-3360d207f524,2015-06-09,48.581122602,14.949293684,37.7,36.005722792000014,tC/acre,0.2,1.1800000000000002,Grassland without tree/shrub cover
46862914,2015-08-28,d57bc870-6da0-42af-a883-1a02e9e6fb18,2426374f-cb7a-400a-936f-f13d7b17048e,2015-08-28,49.227057326,15.014334912,37.2,35.528193312000006,tC/acre,0.2,1.1800000000000002,Grassland without tree/shrub cover
46863932,2015-07-18,fae19002-052d-40a2-acd9-8e5cac89e70d,af7f7b73-d468-4c40-bdf4-b951b2d3ff54,2015-07-18,58.345726016,16.231703003,10.8,10.6336912104,tC/acre,0.2,1.2165,Temporary grassland
46903074,2015-08-29,b7e54ab8-4664-4ab3-8d76-c4c36bfa1113,e91369f7-ebed-46dd-8213-e4556e0efd85,2015-08-29,50.659198821,15.223329584,35.7,34.09560487200001,tC/acre,0.2,1.1800000000000002,Grassland without tree/shrub cover
46903962,2015-07-02,dab1fd2e-6d3e-4060-a90a-0de3ff884594,6c13b2ab-fd44-4bb2-80ba-3be5a08d72f6,2015-07-02,58.611125113,16.347181381,24.2,23.112426832000008,tC/acre,0.2,1.1800000000000002,Grassland without tree/shrub cover
46922908,2015-08-09,d60a1ec2-7387-413a-b559-9ab5deef9a31,0dcd30ac-a50f-4a4f-b905-8c2d8f7a8ef9,2015-08-09,49.169537377,15.090935549,23.6,22.539391456000004,tC/acre,0.2,1.1800000000000002,Grassland without tree/shrub cover
46942572,2015-06-04,bc3ad59b-6fd6-42b5-b316-949cac7c25a7,a9c83cbb-f500-4fd1-9eed-38ed51880371,2015-06-04,46.152074514,14.826547495,92.5,55.551247220000015,tC/acre,0.2,0.742,Grassland without tree/shrub cover
46943314,2015-06-03,80464c5d-8375-4f1f-8a42-657b4dd2a207,a580b22f-1c52-4de3-8c83-2c08f583cbf4,2015-06-03,52.806871688,15.537113531,19.8,18.910167408000003,tC/acre,0.2,1.1800000000000002,Grassland without tree/shrub cover
46944012,2015-08-14,8f7ed90d-a282-4f63-85d0-38c800ffa5e9,9d8d184e-e5ab-4adb-a54c-3b33ce3c8abb,2015-08-14,59.055463757,16.497598064,23.4,23.096482203600004,tC/acre,0.2,1.2195,Grassland without tree/shrub cover
46962676,2015-07-10,e67868f0-8780-4b52-b400-7097e07ea8e4,d2653e6c-7332-4f9d-b452-fb591effdf9f,2015-07-10,47.085076241,14.938520254,62.7,59.882196792000016,tC/acre,0.2,1.1800000000000002,Grassland without tree/shrub cover
46963720,2015-07-19,1d44ec73-1729-47d1-85b1-6afa48fc7244,04ec85ac-abe8-4286-aa3a-e3c6721d55d8,2015-07-19,56.440295323,16.083023801,32.6,31.134922096000004,tC/acre,0.2,1.1800000000000002,Grassland without tree/shrub cover
46982902,2015-08-15,f82109d9-d975-4607-a9c0-3aecea115a96,ee32fb15-d13b-4548-be38-bf911170fe16,2015-08-15,49.111965318,15.167361578,18.3,17.477578968000007,tC/acre,0.2,1.1800000000000002,Grassland without tree/shrub cover
46984018,2015-06-26,7c6477e7-c6ce-4975-98b7-b503f8940789,fbe12912-ebc9-4b0c-85c5-2ccb2772d677,2015-06-26,59.105866994,16.57699645,38.1,36.38774637600001,tC/acre,0.2,1.1800000000000002,Grassland without tree/shrub cover
47022650,2015-07-26,fb105f2d-75b2-4d64-823d-84b5ceee838b,798155f4-fa1d-46a2-a0c0-b189e41271b2,2015-07-26,46.847982185,14.995072115,95.7,42.0978253674,tC/acre,0.2,0.5435,Grassland without tree/shrub cover
47023118,2015-07-19,31398bec-083c-4832-b747-e5ce646432b6,99af4fcb-8bb4-4bb8-b1bd-ecaaf2fa4b4c,2015-07-19,51.045669016,15.438557954,13.1,12.0659559016,tC/acre,0.2,1.138,Grassland without tree/shrub cover
47042684,2015-07-10,51255215-b758-42f4-8918-16d80a625666,dc8e1528-0836-4355-b48e-3334ba516a97,2015-07-10,47.152058102,15.050527459,45.8,43.741700368,tC/acre,0.2,1.1800000000000002,Grassland without tree/shrub cover
47042978,2015-08-02,f8216ab2-d00a-4b05-8cae-69fbaa0f3285,6b6dc66e-00c4-41c7-82cd-27c72ea92c39,2015-08-02,49.789596365,15.32343785,22.4,21.393320704,tC/acre,0.2,1.1800000000000002,Grassland without tree/shrub cover
47043954,2015-07-03,865b7b61-c365-4aad-a60c-a280f59d8ff7,0c3800e8-359d-41ba-8dd8-f29e320cd85f,2015-07-03,58.528124621,16.573442116,14.0,13.370825440000004,tC/acre,0.2,1.1800000000000002,Temporary grassland
47083012,2015-08-30,9e6ebb38-76ea-4915-801c-a3333d356aa7,b8345b63-0201-4761-8f81-f86ed2ac7bdb,2015-08-30,50.091743208,15.413207622,24.3,23.207932728000003,tC/acre,0.2,1.1800000000000002,Grassland without tree/shrub cover
47084016,2015-07-02,2e03011a-6061-45f5-92c9-ccc58b1ea8a5,50fffa80-2dd4-44dc-9d30-9e0f0a92c6ad,2015-07-02,59.079557285,16.746972754,32.2,25.019307264000005,tC/acre,0.2,0.96,Grassland without tree/shrub cover
47103106,2015-08-05,10b5b73f-14be-4bf2-85fe-a5b5fa1abfdd,16e7391e-553c-444a-9ad2-46743a5f79e6,2015-08-05,50.932757329,15.539476204,28.6,27.314686256000005,tC/acre,0.2,1.1800000000000002,Grassland without tree/shrub cover
47122706,2015-05-28,5bcae701-a9d5-41d6-afb3-af1a8951a4e4,c8e8b6de-58a3-4f2b-9d96-8270e96ef75b,2015-05-28,47.344589533,15.175318846,25.4,24.258497584000004,tC/acre,0.2,1.1800000000000002,Grassland without tree/shrub cover
47122726,2015-07-31,988839f9-cc5d-45b1-bdf7-661fd5081281,91e8ec5f-c5be-41a0-83b1-ac56f9625f21,2015-07-31,47.524101181,15.193297168,77.2,46.6439464856,tC/acre,0.2,0.7464999999999999,Grassland without tree/shrub cover
47123404,2015-07-23,db8ee8ea-1d8b-4dae-aa4b-6836844f64f1,32526670-9ec4-4bf4-ae04-142cf94cb973,2015-07-23,53.599975206,15.912938703,10.2,9.3205660776,tC/acre,0.2,1.129,Grassland without tree/shrub cover
47142600,2015-05-28,f0202382-18a2-479d-9096-76379d1b8e89,5cb12347-3dc7-4d09-ba56-919fe896a2cf,2015-05-28,46.391587508,15.108557723,36.1,39.97067434560001,tC/acre,0.2,1.368,Grassland without tree/shrub cover
47142960,2015-08-02,5b6a33a9-ba0e-44f8-a906-de4a35dccf08,59010179-175d-4350-af9b-5746424893ab,2015-08-02,49.621649338,15.44373234,23.0,21.482351624,tC/acre,0.2,1.154,Grassland without tree/shrub cover
47143320,2015-07-09,4c4a8307-e442-43ff-90fb-a58511bc9ef2,91423b2f-4b67-4e24-b0d6-c147f0a12a73,2015-07-09,52.846544105,15.840045557,37.1,29.051800911,tC/acre,0.2,0.9675,Grassland without tree/shrub cover
47162666,2015-05-29,fd9c9544-3b23-4349-9bd1-4229729fbb1a,f122c7e5-7a74-46e6-aa48-adbf8b44003c,2015-05-29,46.982996581,15.192266724,36.3,34.668640248,tC/acre,0.2,1.1800000000000002,Grassland without tree/shrub cover
47162890,2015-08-15,50fced3b-b274-4199-b223-f3576f6127de,c5a2b8e4-2a0b-4349-89a2-0890e51d0a64,2015-08-15,48.992740072,15.401482454,26.6,25.83515424000001,tC/acre,0.2,1.2000000000000002,Grassland without tree/shrub cover
47163064,2015-07-25,60c9a1b0-dbd8-47d5-9835-5da10f0a241e,0cf4b3d7-c51b-4a72-bf4f-e295157363cf,2015-07-25,50.552354672,15.579433298,16.0,15.280943360000004,tC/acre,0.2,1.1800000000000002,Grassland without tree/shrub cover
47182690,2015-07-08,f15498a6-3155-4064-b9f2-b3d5ff628e3c,081bb848-edef-429c-8b8b-3d90af6bb7b3,2015-07-08,47.197177337,15.24001763,39.9,38.10685250400001,tC/acre,0.2,1.1800000000000002,Grassland without tree/shrub cover
47182934,2015-07-30,36860de7-426d-48fd-a9b5-35f03ee5bebe,36145879-dedd-4a0a-bab6-97de9c84591f,2015-07-30,49.38590511,15.47261039,30.1,25.214770602,tC/acre,0.2,1.035,Grassland without tree/shrub cover
47184094,2015-08-20,531e9624-6206-4fe3-85c6-4c2d433f01ec,66edee16-98a5-4a48-8482-a3443a3e530e,2015-08-20,59.768682735,17.061831104,44.9,32.27063288640001,tC/acre,0.2,0.888,Grassland without tree/shrub cover
47184436,2015-07-02,117a7db2-6bbc-412e-8665-e8a770cc96ad,8e5a620f-6a5d-4bd6-a3a5-3eb3ac4cdfc9,2015-07-02,62.828581673,17.771298903,36.0,34.382122560000006,tC/acre,0.2,1.1800000000000002,Grassland without tree/shrub cover
47202670,2015-05-29,2ac18561-11c5-4c06-94f8-2c0ba44d6563,b6678cf0-d7db-47ff-9ce4-b5601854cf49,2015-05-29,47.016372639,15.24828514,20.2,19.292190992,tC/acre,0.2,1.1800000000000002,Grassland without tree/shrub cover
47202848,2015-05-28,18b579ec-4f14-4254-a3d8-d4fc86148844,90ea3716-284d-435a-ac61-23fa67ec981a,2015-05-28,48.613467507,15.414741808,29.8,20.670227759200003,tC/acre,0.2,0.857,Grassland without tree/shrub cover
47222024,2015-07-02,4110f7a0-9a33-41b8-9282-75b11d769463,a1b863ae-99be-4cc6-b04a-89442bf180a6,2015-07-02,41.202547306,14.764139777,20.7,19.769720472000003,tC/acre,0.2,1.1800000000000002,Grassland without tree/shrub cover
47223706,2015-07-04,87febff8-714a-4dfc-90e5-0906ccd976d5,6a9ca399-bfea-4ba2-b790-f49cbbf7f36d,2015-07-04,56.294601045,16.481558255,74.1,44.860899969600005,tC/acre,0.2,0.748,Grassland without tree/shrub cover
47242638,2015-07-02,c810bf24-d32d-4628-80cc-f5f624917fc9,5339503b-834e-49ad-ac3b-9cc5d2db7ed8,2015-07-02,46.72653684,15.271903554,44.6,42.59562961600001,tC/acre,0.2,1.1800000000000002,Grassland without tree/shrub cover
47263408,2015-07-21,50f3d89f-7446-41ec-9f5e-12a2f97ced12,da1be37e-7c63-408e-804d-25ff699a941e,2015-07-21,53.625335794,16.128893058,11.8,11.269695728000002,tC/acre,0.2,1.1800000000000002,Grassland without tree/shrub cover
47263434,2015-05-25,92a53398-cc54-4105-9976-26d8d6b510b4,cfabc162-0c2e-419f-b1a8-a638d7d7618d,2015-05-25,53.857998195,16.162734136,16.7,15.949484632000004,tC/acre,0.2,1.1800000000000002,Grassland without tree/shrub cover
47284000,2015-06-18,a5faae9a-66e6-4b5d-a967-172575bd57f9,8baccbb1-4e29-4e3f-b99a-36caa5ff8fd5,2015-06-18,58.918999874,17.064503654,37.7,26.66864552560001,tC/acre,0.2,0.874,Grassland without tree/shrub cover
47302630,2015-08-29,22823ed4-770e-4e40-b9ca-3e6f953934b2,e1c249c8-fa75-434e-ae9e-4960d986422e,2015-08-29,46.650852032,15.34290522,47.2,45.07878291200001,tC/acre,0.2,1.1800000000000002,Grassland without tree/shrub cover
47302694,2015-07-23,67d073dc-066d-46af-bb6e-98a616fff451,a19e3494-a70d-47f5-aa0c-212e385f62c9,2015-07-23,47.225327368,15.401640255,49.8,30.5121912792,tC/acre,0.2,0.757,Grassland without tree/shrub cover
47303242,2015-08-07,255054be-7c48-4305-9459-1bc5a634ecdb,eee329a7-acd7-490e-847d-2e2aede63a9f,2015-08-07,52.136579959,15.981270919,33.3,31.803463368000006,tC/acre,0.2,1.1800000000000002,Grassland without tree/shrub cover
47303742,2015-08-21,53dec935-7a13-4b7f-ad02-01ab568af496,df899bf6-ab8b-42ab-b6a7-7a62ec1c0c0b,2015-08-21,56.610019173,16.665753247,51.9,49.56756002400002,tC/acre,0.2,1.1800000000000002,Grassland without tree/shrub cover
47304048,2015-07-02,4b7ec660-25bb-4938-8016-4c26ab221367,941ba720-b566-4e4e-86e1-550e818b9be7,2015-07-02,59.346445498,17.187033981,17.7,16.904543592000007,tC/acre,0.2,1.1800000000000002,Grassland without tree/shrub cover
47323072,2015-07-26,768bd85c-f97b-4f44-a070-be307c7aa817,5d310f4f-ffc9-49dd-907b-151b150f820a,2015-07-26,50.61284577,15.813467931,21.0,20.056238160000003,tC/acre,0.2,1.1800000000000002,Grassland without tree/shrub cover
47323770,2015-08-22,e39a44c4-4225-4c43-9026-d733712b9acd,bef2c004-d53d-4483-a2de-13b47de9b74e,2015-08-22,56.858743047,16.742380856,15.3,14.612402088000003,tC/acre,0.2,1.1800000000000002,Grassland without tree/shrub cover
47343766,2015-08-22,b0344a53-65ad-4b7a-87e7-b7a5d04be4d2,1f4edc4e-d16c-4f1e-8880-f4018a486b76,2015-08-22,56.821281621,16.768613185,42.1,40.20798221600001,tC/acre,0.2,1.1800000000000002,Temporary grassland
47361656,2015-07-01,177f765a-ecad-407a-aeef-c149b452b300,9f0c56b0-b6c2-486a-b261-fa50f4c54dd6,2015-07-01,37.86834532,14.685225973,57.6,67.94839814400001,tC/acre,0.2,1.4575,Grassland without tree/shrub cover
47363036,2015-05-25,a87fa437-69ad-451b-9828-aad87b6fb15f,c1325fa7-69d9-40e8-9f18-d24dd511da32,2015-05-25,50.287516432,15.82976368,42.2,40.30348811200001,tC/acre,0.2,1.1800000000000002,Grassland without tree/shrub cover
47364544,2015-07-26,86db9936-f1d5-43dd-af26-c0b05932d200,147db6e5-ed62-4201-850a-6f4360a9649b,2015-07-26,63.776138809,18.391434776,33.3,31.803463368000006,tC/acre,0.2,1.1800000000000002,Grassland without tree/shrub cover
47382700,2015-05-09,7f6af56e-0fe9-40c8-9b31-054abcce550a,93f0ac14-3987-4d60-ba2e-bfdff16ee95f,2015-05-09,47.273869524,15.512656541,23.9,20.8528220824,tC/acre,0.2,1.0779999999999998,Grassland without tree/shrub cover
47383118,2015-07-20,ffb77700-b7ab-42e7-abcc-620ecdaebc63,d0b6b3b5-790b-474e-9e88-6015475af94f,2015-07-20,51.020490309,15.95045145,17.0,16.236002320000004,tC/acre,0.2,1.1800000000000002,Grassland without tree/shrub cover
47401614,2015-05-22,0afb9790-3f75-4cac-88a3-33fd50c82113,0f176795-687d-4c8f-948e-943e0993d210,2015-05-22,37.485644463,14.704226444,13.9,12.909685743000002,tC/acre,0.2,1.1475,Grassland without tree/shrub cover
47402590,2015-05-24,89d1374e-6b1c-4feb-a3cb-1f7ad6f79820,5cab956b-5040-4a47-b480-e75e98ff05b8,2015-05-24,46.285184429,15.436378814,20.8,17.701936886400002,tC/acre,0.2,1.0515,Grassland without tree/shrub cover
47402604,2015-05-24,fb2f2c25-a2db-4de0-aa7c-221ce6f30805,c16ba425-885e-47c8-9a41-52d820a8304d,2015-05-24,46.410884715,15.449169167,46.6,37.3772845832,tC/acre,0.2,0.991,Grassland without tree/shrub cover
47402780,2015-05-29,8ae7dfdf-7a6b-4661-86f8-5b655ead1dc0,9cd2a565-eb35-4b21-a7ca-558c2adb2bb4,2015-05-29,47.990182602,15.616838235,50.8,40.91051711200001,tC/acre,0.2,0.995,Grassland without tree/shrub cover
47404022,2015-06-12,cf80ab5b-d1a4-49fc-ae02-7b66a5b21a4d,099314d6-8710-496b-b3cd-5a9f27bed667,2015-06-12,59.104822361,17.312382321,11.0,10.505648560000004,tC/acre,0.2,1.1800000000000002,Temporary grassland
47422704,2015-06-23,bba5f6f9-156d-49f9-b08c-dd5d6e82de6f,1dfa35d3-191e-47ec-913f-2ad92400c622,2015-06-23,47.30706912,15.569205712,46.9,44.79226522400001,tC/acre,0.2,1.1800000000000002,Grassland without tree/shrub cover
47442702,2015-06-23,b535c1fa-4682-41d4-a8cf-5c5d8fd4f476,10c396f2-9e10-4731-9958-3acff3b2cf31,2015-06-23,47.287769256,15.593642419,43.9,41.92708834400001,tC/acre,0.2,1.1800000000000002,Grassland without tree/shrub cover
47443056,2015-07-11,273beab4-b61a-473a-acf4-0afc74a355ca,61b0a28e-eef6-44e5-b3c0-b1018fd59279,2015-07-11,50.46087433,15.964296233,22.2,21.202308912,tC/acre,0.2,1.1800000000000002,Grassland without tree/shrub cover
47443326,2015-07-06,7b5dc6a7-ac34-4e65-af5a-387e28290a41,f5c34291-f8b2-4e2a-ae14-4dc35d1bf83b,2015-07-06,52.877763913,16.291610263,148.3,82.10042943840003,tC/acre,0.2,0.6839999999999999,Grassland without tree/shrub cover
47461596,2015-07-14,866913c9-6048-4c2a-b327-7c4ab9a2e438,53116ffe-a88f-4021-92c3-11e9c9e46985,2015-07-14,37.319172361,14.760251223,26.9,25.691086024000004,tC/acre,0.2,1.1800000000000002,Grassland without tree/shrub cover
47462548,2015-07-08,bbb9f9c3-a615-49a3-90a4-6a18bf5f4c56,583e94ca-5a07-4041-9621-dc8fabc004ca,2015-07-08,45.904068304,15.475533784,33.1,31.61245157600001,tC/acre,0.2,1.1800000000000002,Grassland without tree/shrub cover
47462692,2015-07-12,f6c5e71a-ab3e-42a4-8c6d-e73dc8d02079,6b1e932c-924a-43a7-ab9b-1329ba6b228e,2015-07-12,47.196686282,15.610321633,28.4,27.123674464000004,tC/acre,0.2,1.1800000000000002,Grassland without tree/shrub cover
47462712,2015-06-23,11685b88-2b7c-4d11-b855-def624983fe9,a60106b1-88c3-47fd-816d-30722ac3258f,2015-06-23,47.37612375,15.629722835,40.4,38.584381984,tC/acre,0.2,1.1800000000000002,Grassland without tree/shrub cover
47462736,2015-07-17,0b47daee-62fd-4140-a7af-6e8e856c5de7,9f8fb997-b508-4fe8-a958-7512d52f538b,2015-07-17,47.591420426,15.653232063,47.9,45.74732418400001,tC/acre,0.2,1.1800000000000002,Grassland without tree/shrub cover
47463124,2015-07-20,1722b583-9e7d-47b2-93e6-0afc1cb3401d,83a2bd4f-3269-42b6-9077-25373d7fc686,2015-07-20,51.06830828,16.071191805,13.2,12.606778272,tC/acre,0.2,1.1800000000000002,Grassland without tree/shrub cover
47482608,2015-08-26,e87314db-b3f4-4479-a176-e2e3ef303cd5,94e51411-5b84-42f2-8739-406e5fd17d22,2015-08-26,46.441463075,15.556613967,29.6,28.269745216000008,tC/acre,0.2,1.1800000000000002,Grassland without tree/shrub cover
47482612,2015-08-26,5d1d898f-ccc0-4cee-bb69-02045432ccb5,7ce6af04-7919-4c85-bbb4-b4bd9ba0eca9,2015-08-26,46.47737025,15.560358289,41.1,39.25292325600002,tC/acre,0.2,1.1800000000000002,Grassland without tree/shrub cover
47482986,2015-07-30,ba2a5129-cf59-4c73-a46a-7ca75fa1cf17,0242cb3c-6dbf-451d-9a00-f4afd7393fcb,2015-07-30,49.8309673,15.941580054,18.4,17.573084864000005,tC/acre,0.2,1.1800000000000002,Grassland without tree/shrub cover
47484120,2015-07-04,10d297ba-5f62-4fda-81c6-e2d9c59e4fc6,9f251316-0174-4a6e-8f38-fcb88342246b,2015-07-04,59.973242596,17.643869172,46.2,34.569815926800004,tC/acre,0.2,0.9245,Grassland without tree/shrub cover
47502700,2015-06-22,0bca67b7-d60f-4e78-af51-bb51d4a29257,539579b9-d583-41cc-b567-ad351698ae26,2015-06-22,47.265722729,15.670756582,29.5,28.174239320000005,tC/acre,0.2,1.1800000000000002,Grassland without tree/shrub cover
47522738,2015-05-10,1e87fc7c-26b3-4212-ab20-a5b0647a8578,6cc69d86-9068-4d14-964a-46ed9d25a1fa,2015-05-10,47.605207755,15.734760333,25.0,21.933981200000005,tC/acre,0.2,1.084,Grassland without tree/shrub cover
47522908,2015-07-23,88ecfece-389f-456d-a7af-94c6c4781a9f,8205a3e0-2f3c-4574-aab6-effabc091f0d,2015-07-23,49.129234308,15.911310358,34.6,32.694986626,tC/acre,0.2,1.1675,Grassland without tree/shrub cover
47562664,2015-07-07,ccce0d73-de2b-425c-8af6-5badf4b3d694,865eb8e0-b563-4df3-9f2a-07b2aa288109,2015-07-07,46.938585305,15.714370185,26.9,25.691086024000004,tC/acre,0.2,1.1800000000000002,Grassland without tree/shrub cover
47562732,2015-06-25,8c8d2481-0200-4215-bc14-6abcced54542,35851316-5d6c-4ba6-963f-98062250fbaf,2015-06-25,47.548594824,15.781749326,39.6,37.820334816000006,tC/acre,0.2,1.1800000000000002,Grassland without tree/shrub cover
47563082,2015-08-18,ac0ce936-6082-459c-8c9e-14c17d7d4273,d643f878-8c48-46bb-89cf-ad158ff3fa11,2015-08-18,50.684768733,16.163310159,14.9,14.230378504000004,tC/acre,0.2,1.1800000000000002,Grassland without tree/shrub cover
47564180,2015-08-21,b1ba0b37-a2ec-420c-825b-5393ae699422,2511ac9e-afa2-40d7-a383-f00312479bec,2015-08-21,60.501535799,17.912119801,23.2,20.373511984,tC/acre,0.2,1.085,Grassland without tree/shrub cover
47582608,2015-08-04,b90494fc-e0df-452b-afb3-fce5793d9357,611b4622-1941-4b9b-9552-e8f43f0303b9,2015-08-04,46.434654597,15.686307479,54.3,51.85970152800001,tC/acre,0.2,1.1800000000000002,Grassland without tree/shrub cover
47582730,2015-06-25,9ecdeec5-5bf0-4832-899f-b05f29740f0d,30246007-efaa-410c-9784-0f98f7cbed6e,2015-06-25,47.529249265,15.806216101,53.4,51.00014846400001,tC/acre,0.2,1.1800000000000002,Grassland without tree/shrub cover
47583072,2015-07-12,b3a63737-b176-4206-907c-cbe6251951d0,92ccc02a-7e73-4d11-be61-7a661a60d117,2015-07-12,50.593724141,16.179686929,12.6,12.033742896000003,tC/acre,0.2,1.1800000000000002,Grassland without tree/shrub cover
47621670,2015-07-01,8e78915a-c0ee-4e54-b7f0-6e7e51b80bef,9c50eaf1-e786-4c25-aa51-e7199d9e9669,2015-07-01,37.980224016,14.987366344,44.5,42.031902018,tC/acre,0.2,1.1669999999999998,Grassland without tree/shrub cover
47623012,2015-07-23,6759e2db-1387-4716-8b8a-59cf518f71d8,7259d294-8998-4ec5-bbd1-2545d2e10585,2015-07-23,50.05346306,16.165513697,28.8,28.9159478208,tC/acre,0.2,1.2405,Grassland without tree/shrub cover
47642424,2015-06-01,ee671274-13ca-4edd-bbe2-5922a0a70a16,f43fda21-b9da-441f-8a97-1552d09cf9df,2015-06-01,44.7780732556,15.5925254646,68.3,40.7967194088,tC/acre,0.2,0.738,Grassland without tree/shrub cover
47644024,2015-09-15,53a2821d-923d-4b5e-bbeb-16f8a557a996,6ae949f0-5c04-4136-840c-dfe2c23e05cb,2015-09-15,59.099907576,17.732032772,24.8,23.685462208000008,tC/acre,0.2,1.1800000000000002,Grassland without tree/shrub cover
47662698,2015-06-14,1aa10604-935a-4794-a905-1b2fb2b3da94,c8f6db6e-1eb9-4b40-a686-d995283d5915,2015-06-14,47.236564335,15.87945824,18.0,18.545950008,tC/acre,0.2,1.273,Grassland without tree/shrub cover
47662810,2015-05-27,3a9762ea-860f-4983-9611-1bbd5b9104b0,e171ab2e-5f0b-4e6d-bc79-e4c51914e9fc,2015-05-27,48.24079034,15.995813793,13.6,12.988801856000002,tC/acre,0.2,1.1800000000000002,Temporary grassland
47663044,2015-07-09,5c443155-e775-44c0-bae1-3b08ed9c7b9c,6bbcd610-369c-43af-b241-eba7d5764134,2015-07-09,50.336941959,16.258874599,36.6,33.6517452672,tC/acre,0.2,1.136,Grassland without tree/shrub cover
47663076,2015-07-10,8a84d736-ef8f-46aa-ab0b-d41db9f01a6d,493f6f72-51dd-441d-8159-47938a45ae25,2015-07-10,50.623412986,16.297127081,10.3,11.141774483400004,tC/acre,0.2,1.3365,Grassland without tree/shrub cover
47701994,2015-07-15,8d97379f-7210-47e1-bb84-8df27a6f1986,661d3bb1-37df-4ce7-a5af-641058f56c47,2015-07-15,40.903050205,15.309922932,25.1,23.971979896000004,tC/acre,0.2,1.1800000000000002,Temporary grassland
47702576,2015-05-20,01a3d782-bc3a-45ba-adba-e2a66ed558cd,87ba759b-ebdb-488a-9313-6b52ed284239,2015-05-20,46.1390796787,15.8106674332,31.1,34.421984131,tC/acre,0.2,1.3675000000000002,Grassland without tree/shrub cover
47722960,2015-07-04,12a55c4a-2243-442a-8563-d7b524e712a0,315d3dfe-359f-43f9-9466-6862ce58f314,2015-07-04,49.58020839,16.243870281,21.8,20.820285328000004,tC/acre,0.2,1.1800000000000002,Grassland without tree/shrub cover
47742548,2015-06-21,fc814a3b-f8e3-4aed-87ab-39e41127e258,dd8773fd-1b4c-4055-b493-3e25838c4e56,2015-06-21,45.8849200041,15.8350337332,26.1,24.927038856000006,tC/acre,0.2,1.1800000000000002,Grassland without tree/shrub cover
47742642,2015-05-10,264aa1ef-eb93-47d9-8482-190ad4050139,4f690b08-590d-4df8-89f6-c200a4645952,2015-05-10,46.72849651,15.927712363,21.8,16.294519915600002,tC/acre,0.2,0.9235,Grassland without tree/shrub cover
47744090,2015-08-22,873b88d7-bc53-4916-93c2-92c8db940e26,9bcc9e6d-346b-4985-804d-69dc1c5b1e09,2015-08-22,59.679424637,18.04157111,120.3,71.4677094744,tC/acre,0.2,0.734,Grassland without tree/shrub cover
47762636,2015-05-23,f3ad0c2a-0e85-430c-9fc3-d2e3399b7eee,f5f38c2f-c31e-43f2-8f73-a6c0d501e979,2015-05-23,46.673228659,15.947729837,35.4,36.17285811000001,tC/acre,0.2,1.2625000000000002,Grassland without tree/shrub cover
47762968,2015-07-11,f26cf203-d585-42bd-9921-af31f3d14502,f51cff00-c4b9-4244-ba46-f3571813d62b,2015-07-11,49.648778262,16.308349304,21.4,22.1443369828,tC/acre,0.2,1.2785,Grassland without tree/shrub cover
47763014,2015-06-22,2ea27d80-e279-4053-9f6f-c53b2d363faa,d947daaa-3f9a-48fd-b44a-5dd153b76db2,2015-06-22,50.060633841,16.362759973,18.5,17.668590760000004,tC/acre,0.2,1.1800000000000002,Grassland without tree/shrub cover
47763032,2015-05-31,ff717a77-5170-4ffd-a1e4-140e51d2de59,1de8e6dd-3f20-4fc3-8298-cebd80dc33b3,2015-05-31,50.22177033,16.384371783,31.3,26.562010764600004,tC/acre,0.2,1.0485,Grassland without tree/shrub cover
47763328,2015-09-12,a535c5b9-47d9-4621-9155-b23c1063cf8b,bfb829c1-3ffa-4ced-98f3-e0c646dd4d24,2015-09-12,52.869840773,16.767882462,12.0,11.460707520000003,tC/acre,0.2,1.1800000000000002,Grassland without tree/shrub cover
47802732,2015-06-19,a499aa99-2444-41bc-abc4-bede6972e5c8,58384a2f-a250-452d-b4c6-d45b05a403bb,2015-06-19,47.531271978,16.09950134,35.7,27.074221834800007,tC/acre,0.2,0.937,Grassland without tree/shrub cover
47802940,2015-07-03,dd81bb48-97c4-4491-af6d-b1169556f03a,fc34c45e-4a3b-4b4c-9856-5bd68d8d194e,2015-07-03,49.394957942,16.330722539,16.4,15.662966944,tC/acre,0.2,1.1800000000000002,Grassland without tree/shrub cover
47821984,2015-06-25,24be0c5a-ca03-4f64-96eb-8c7b267fa7a6,5dab2da5-30d1-4c52-af67-ee6101124a4c,2015-06-25,40.805154007,15.443626142,21.8,20.820285328000004,tC/acre,0.2,1.1800000000000002,Grassland without tree/shrub cover
47822974,2015-07-11,f56e4464-5679-4831-ace8-fc48672b67ad,38aefb3f-2438-460c-ad3c-2fedffab4ecd,2015-07-11,49.697839614,16.398282543,34.7,36.24396144020001,tC/acre,0.2,1.2905,Grassland without tree/shrub cover
47843026,2015-06-01,88df763b-9aad-473c-804d-85a0121742a8,ce4fa842-9a18-4c50-b392-9e23d9855dcd,2015-06-01,50.161757369,16.48874731,31.6,26.59920140800001,tC/acre,0.2,1.04,Grassland without tree/shrub cover
47903018,2015-06-21,5e309fd0-2a5a-4b0b-bb36-dcd9663f6e04,82f4373f-796e-41e2-a6b9-4df1bf52cae4,2015-06-21,50.085361732,16.562538503,28.0,26.74165088000001,tC/acre,0.2,1.1800000000000002,Grassland without tree/shrub cover
47903032,2015-06-12,dfb2b452-e2b9-434d-8f2f-dc28cea66dbf,4f11da33-b77b-4c87-8179-6c146582cd4f,2015-06-12,50.210655364,16.579871722,33.4,31.898969264000005,tC/acre,0.2,1.1800000000000002,Grassland without tree/shrub cover
47924096,2015-06-18,3b643a75-e6f5-4c58-854b-e294c8a648ce,bc7baa0e-4021-4305-b8f6-bda8110c2b36,2015-06-18,59.714305891,18.371395688,32.2,32.942087897600004,tC/acre,0.2,1.264,Grassland without tree/shrub cover
47942726,2015-07-16,d5f97e08-1d79-40e5-bcbc-c43fe35362be,9e22c45f-5646-4e8f-b66a-26af179fa5c2,2015-07-16,47.466959423,16.278220527,24.5,23.398944520000004,tC/acre,0.2,1.1800000000000002,Grassland without tree/shrub cover
48004582,2015-07-09,1fa46675-9c27-48be-b7e3-cc04f7fd294e,f303ae49-8162-41c0-a1c0-45781ff4f3bf,2015-07-09,64.040788179,19.784878635,18.7,17.859602552000005,tC/acre,0.2,1.1800000000000002,Grassland without tree/shrub cover
48004626,2015-09-26,800c7bd3-5ede-44cd-ab15-115e68ec6862,bf323005-9323-4ae6-a6ab-b2652786467b,2015-09-26,64.433160382,19.9220367,26.8,25.59558012800001,tC/acre,0.2,1.1800000000000002,Grassland without tree/shrub cover
48042546,2015-07-05,61598adb-42e9-4f7b-8d4f-8c2ec4bcd373,d3378d0b-328d-445d-b972-73b3e81b611d,2015-07-05,45.845110684,16.2178927933,32.8,31.325933888,tC/acre,0.2,1.1800000000000002,Grassland without tree/shrub cover
48043014,2015-07-11,e5c20f7b-44dc-43c3-83ec-8466e935a5de,222eac12-99d9-4192-a8a0-c0639459e46c,2015-07-11,50.038157316,16.752370178,29.1,27.79221573600001,tC/acre,0.2,1.1800000000000002,Grassland without tree/shrub cover
48061976,2015-06-25,c8b528d0-2d73-48b5-ad3d-aba6992c785f,f82677bf-deb0-43d2-bde1-f81260209df2,2015-06-25,40.717028131,15.719616925,16.1,15.376449256000006,tC/acre,0.2,1.1800000000000002,Grassland without tree/shrub cover
48123162,2015-07-03,8fd565ed-18d0-4bc7-8ed8-b15294fcf093,ba6829e2-5242-4878-9421-89a6330bf8be,2015-07-03,51.355047218,17.061129711,13.9,13.275319544000002,tC/acre,0.2,1.1800000000000002,Grassland without tree/shrub cover
48143826,2015-10-16,a4070a34-c14d-4933-bf0e-690c123cbbe7,7210dc9c-1e4a-4d75-8b62-8f157403551e,2015-10-16,57.282297073,18.18559202,27.7,26.6456998294,tC/acre,0.2,1.1885,Temporary grassland
48263018,2015-06-28,95afb725-aad6-4ad9-87cf-f79645b446be,98576cf7-df43-4d57-9f0f-2a12b51f3a0d,2015-06-28,50.055337556,17.063553512,28.5,27.219180360000006,tC/acre,0.2,1.1800000000000002,Grassland without tree/shrub cover
48302612,2015-08-02,518c33d7-6465-43cf-b8a3-395d2c614a4a,9a8b60a2-b1ce-4489-b855-35d9843c24e4,2015-08-02,46.4168708337,16.6236185095,31.2,29.797839552000006,tC/acre,0.2,1.1800000000000002,Grassland without tree/shrub cover
48303860,2015-10-12,d2ec400e-d4f1-4a79-a42f-dad08534d23c,b6f7098c-9fa2-4aaa-881e-bcfa411847a7,2015-10-12,57.568775935,18.518326467,39.5,37.72482892000001,tC/acre,0.2,1.1800000000000002,Grassland without tree/shrub cover
48344568,2015-07-05,fc7e4d0c-8262-4ec3-b394-456ec7b78dca,bdf9d69e-bd0c-4fbc-bd6c-08e8c86f2aba,2015-07-05,63.871907059,20.423501003,32.4,30.94391030400001,tC/acre,0.2,1.1800000000000002,Grassland without tree/shrub cover
48402592,2015-06-15,62587f72-0a36-402d-a4a1-81ea46b2e92d,06b2a66a-92b9-48b9-af69-84d925b265f7,2015-06-15,46.2294924662,16.730522839,17.5,16.713531800000005,tC/acre,0.2,1.1800000000000002,Grassland without tree/shrub cover
48422020,2015-05-01,7aa2fa47-acd7-4ca0-8031-28da880ca018,a2117db3-6531-48d2-a475-934037608020,2015-05-01,41.088079378,16.181639851,45.6,38.383657728,tC/acre,0.2,1.04,Grassland without tree/shrub cover
48443554,2015-07-10,7bafcb1b-fc3b-4d51-96c2-77e21b007215,abcade6d-2bed-4bd9-970b-52df7350bb5b,2015-07-10,54.825431716,18.154583644,45.9,43.83720626400001,tC/acre,0.2,1.1800000000000002,Grassland without tree/shrub cover
48483018,2015-06-14,f6431c2d-f76b-452a-a3b4-4d026a3a4097,7d7335a9-fbb1-4476-888d-d109c2856b84,2015-06-14,50.035906767,17.369437948,31.5,30.364804638000003,tC/acre,0.2,1.191,Grassland without tree/shrub cover
48523344,2015-09-25,c767f0a4-2c5b-447e-aaaf-3a802ea86c0e,817becc1-aceb-47b4-958f-93ae1862fb52,2015-09-25,52.943853285,17.91666259,72.7,69.43278639200001,tC/acre,0.2,1.1800000000000002,Grassland without tree/shrub cover
48523354,2015-09-25,1861dab5-2504-4381-942b-6279c247524a,9ba7290a-3ea0-42b1-9b8a-2496eb226d86,2015-09-25,53.033097537,17.933019718,31.2,29.797839552000006,tC/acre,0.2,1.1800000000000002,Grassland without tree/shrub cover
48542012,2015-07-21,accf5712-3e6c-489f-ab9b-ec04dcba44b7,18ac8004-1f11-4f6c-a8c4-93102c845eab,2015-07-21,41.007058282,16.316192224,42.6,33.789662256,tC/acre,0.2,0.98,Grassland without tree/shrub cover
48561838,2015-06-28,3129d537-8c14-4bb4-8d22-362bda15e347,1d556580-9b02-477d-8e9a-67ab81cfb9d4,2015-06-28,39.436600694,16.186163759,55.7,53.19678407200001,tC/acre,0.2,1.1800000000000002,Temporary grassland
48563508,2015-05-30,436d3783-5860-436b-9624-8d74ffef26b7,0e64d62f-f905-476a-b21d-ef0a91568fa3,2015-05-30,54.402937011,18.256926651,25.8,24.640521168000006,tC/acre,0.2,1.1800000000000002,Grassland without tree/shrub cover
48622654,2015-06-17,a9d1eb31-8642-4fd3-ac20-c9cfecbfff04,40a8516c-7289-40bc-b58d-8ea2fa9e16a1,2015-06-17,46.766660866,17.088045322,19.4,18.528143824000008,tC/acre,0.2,1.1800000000000002,Grassland without tree/shrub cover
48701712,2015-07-27,71b49d39-3672-46e0-9d7e-003100b61b7c,da119d23-eafe-42c5-ad14-865381dff2a1,2015-07-27,38.28831809,16.239745123,9.9,9.455083704000002,tC/acre,0.2,1.1800000000000002,Grassland without tree/shrub cover
48702630,2015-05-26,6da4a4f5-c3c9-48db-a0f3-711cfa75b18b,651be0c4-4f88-41cd-bf2f-b87101cbe0a8,2015-05-26,46.544782583,17.163123376,43.4,38.92043323840001,tC/acre,0.2,1.108,Grassland without tree/shrub cover
48702882,2015-08-28,53d2de3a-5df9-440a-8f59-b40e69a2db45,4fa722fe-9ab8-4ecb-920e-6177946c16af,2015-08-28,48.80003832,17.485339992,45.8,43.741700368,tC/acre,0.2,1.1800000000000002,Grassland without tree/shrub cover
48763252,2015-06-08,7688843a-0bf8-41f1-86ef-1d5732f8f1ed,1ada6fd8-d97c-4dac-a146-b2e82b6cc815,2015-06-08,52.09914702,18.118493382,32.0,37.34766156800001,tC/acre,0.2,1.442,Grassland without tree/shrub cover
48763266,2015-08-26,b803793e-9e2a-42e8-835c-961ca5d9fb7c,39faa3c1-38a3-44a3-bdac-83cd0920fbc6,2015-08-26,52.224061253,18.141354411,8.4,9.3516459624,tC/acre,0.2,1.3755000000000002,Grassland without tree/shrub cover
48782686,2015-05-30,99aee747-cf11-4a66-bd16-99b6ce72b594,e1286a03-9adf-404a-a21e-f274fb05137c,2015-05-30,47.039221119,17.33643573,109.3,60.02306798860001,tC/acre,0.2,0.6785000000000001,Grassland without tree/shrub cover
48822884,2015-08-29,0520863e-2bb8-457d-a278-a913ed6d668c,bf5b643c-41b4-4377-80dc-29aec4ab1016,2015-08-29,48.806848667,17.650678391,22.5,21.488826600000007,tC/acre,0.2,1.1800000000000002,Grassland without tree/shrub cover
48902970,2015-08-27,9bc2c136-4d15-46b4-97a6-c3311d0f0bfd,a7c5ff14-07f0-4b6c-ac5a-9b60beca7a13,2015-08-27,49.567799314,17.881987468,17.7,18.480390876,tC/acre,0.2,1.29,Grassland without tree/shrub cover
48922552,2015-06-25,a4a553de-1b5c-42c5-a34f-a22468b9ef90,31783e40-b0f3-4c81-9dd8-379550fb2a61,2015-06-25,45.8267359656,17.3521658991,15.2,14.516896192000004,tC/acre,0.2,1.1800000000000002,Grassland without tree/shrub cover
48942888,2015-06-05,e7332b67-3dfe-4d67-b763-6e953f195e1a,c674b701-8c37-49d7-81f6-907c35ed6137,2015-06-05,48.831286749,17.818893793,26.9,29.435888393600003,tC/acre,0.2,1.352,Grassland without tree/shrub cover
48943234,2015-08-12,ee68556c-9d30-4428-8590-569666996245,8567f1e5-80f3-4311-9db4-43d26a9cc94f,2015-08-12,51.920320708,18.349603771,19.1,19.7952561586,tC/acre,0.2,1.2805,Grassland without tree/shrub cover
48943266,2015-07-22,fb0b27ad-4e76-4598-b136-ba81c41a81d6,90e1e1bd-2a4d-4e06-b5e1-6e9d1a5f5c64,2015-07-22,52.205717506,18.403264683,17.2,16.427014112000005,tC/acre,0.2,1.1800000000000002,Grassland without tree/shrub cover
49022896,2015-06-20,36085837-c373-4344-9838-4ee4da44e20c,b8148c94-f373-4971-b083-f4e2a8168775,2015-06-20,48.89509014,17.93879367,26.4,25.213556544000003,tC/acre,0.2,1.1800000000000002,Grassland without tree/shrub cover
49062904,2015-08-29,4c4f7418-5e40-40d0-89e3-6c8f2b55fd77,01659c14-c17d-4c73-8d7c-346892bae610,2015-08-29,48.962676556,18.004669868,36.3,34.668640248,tC/acre,0.2,1.1800000000000002,Grassland without tree/shrub cover
49102936,2015-06-01,27cfd5da-786e-4c51-be8b-e267c0e1ccc9,5a5ac5b9-f66e-4403-956b-ec5ba1fdc618,2015-06-01,49.244581343,18.106160842,25.4,28.8121053932,tC/acre,0.2,1.4015,Grassland without tree/shrub cover
49102972,2015-08-08,37ba153b-535a-412f-83e5-41c803914aed,a4ba1d40-bd02-4710-8839-a6c306b5ef42,2015-08-08,49.566062073,18.160036635,44.6,42.59562961600001,tC/acre,0.2,1.1800000000000002,Grassland without tree/shrub cover
49104498,2015-07-06,ecc40fa8-a17e-493a-ae9f-ca3c86dee122,f1e27242-fefc-401e-b210-907d0cf460ed,2015-07-06,63.14219027,21.686607851,60.7,57.97207887200002,tC/acre,0.2,1.1800000000000002,Grassland without tree/shrub cover
49162970,2015-08-09,f6713ba2-c578-4280-805c-aae338676c68,2da07752-6319-4d19-b57b-71eeefb71640,2015-08-09,49.542194903,18.239489879,27.3,26.07310960800001,tC/acre,0.2,1.1800000000000002,Grassland without tree/shrub cover
49163486,2015-05-29,43e6925d-88fa-4436-b988-75b5c86ba329,c70ede01-cb3e-47da-bf9b-619537ad3cc1,2015-05-29,54.142206776,19.130700107,30.4,29.033792384000005,tC/acre,0.2,1.1800000000000002,Grassland without tree/shrub cover
49183244,2015-05-12,2328ec0b-7b3b-4d68-88f2-53501e0acbd3,282a9bb8-5c8d-4f2e-96f7-bbe5f3dfa8ec,2015-05-12,51.984282664,18.713682814,59.4,56.73050222400002,tC/acre,0.2,1.1800000000000002,Grassland without tree/shrub cover
49184374,2015-09-25,191ea0ea-4da0-4b29-ad33-842aafe3bd57,5f3c4c85-781f-4bb4-a726-98f0baa31e50,2015-09-25,62.030640321,21.418075078,53.5,51.09565436000001,tC/acre,0.2,1.1800000000000002,Grassland without tree/shrub cover
49203018,2015-08-16,91f082b9-db4f-4d6b-a479-a8f1fb30e685,5cca0f50-f9db-49c9-a156-1a1e388ca5f6,2015-08-16,49.966586246,18.368841397,43.3,22.9199581704,tC/acre,0.2,0.6539999999999999,Grassland without tree/shrub cover
49242562,2015-08-14,c0b7fc34-fa29-4ef8-bd5e-b7046a175385,54dc2447-42f9-4678-9ea3-cb23848e55ef,2015-08-14,45.887043648,17.774520561,21.1,20.151744056000005,tC/acre,0.2,1.1800000000000002,Grassland without tree/shrub cover
49243008,2015-08-17,73e68286-79c4-4acc-ac24-58728a5aaa1d,3eb06c29-0aa7-47dd-9cb1-42916e7d0c92,2015-08-17,49.873241256,18.408549883,21.4,23.1922309112,tC/acre,0.2,1.339,Grassland without tree/shrub cover
49263016,2015-08-17,36de0492-21e8-4cb6-b078-573e9b06d934,3528a3cd-3c2e-4c6d-b0b1-30e08e69d26c,2015-08-17,49.942568096,18.448839728,14.4,13.40320032,tC/acre,0.2,1.15,Grassland without tree/shrub cover
49263226,2015-05-12,029a0229-ab44-45b6-a247-9b1bb53541dd,5b4924dc-705c-4991-8988-dcd1f71d7671,2015-05-12,51.81523657,18.797820172,27.0,25.786591920000003,tC/acre,0.2,1.1800000000000002,Grassland without tree/shrub cover
49263232,2015-05-12,30d8d354-5c98-4444-9890-466d54de1d75,06369271-783d-4912-9498-1314afc81c6b,2015-05-12,51.868708164,18.808316732,27.8,26.550639088000004,tC/acre,0.2,1.1800000000000002,Grassland without tree/shrub cover
49282846,2015-05-22,55773f07-658f-4ab5-88e7-4430c2dc9900,7c2b05d8-bd60-46dd-9310-218289fd03d4,2015-05-22,48.422808799,18.217247928,18.5,20.887867890000003,tC/acre,0.2,1.395,Grassland without tree/shrub cover
49302928,2015-09-28,6ce8c1d3-ad39-4131-9689-cf9ec4ff5284,5fae6ed6-31d0-4f74-b295-a847aa52fe7f,2015-09-28,49.153045534,18.367068723,38.5,36.76976996000001,tC/acre,0.2,1.1800000000000002,Grassland without tree/shrub cover
49303252,2015-05-30,c9e46fcd-6364-465f-8798-66d5f382935a,e7326f39-44ff-4471-9f3e-0853a5d98ad9,2015-05-30,52.042565365,18.90146231,10.0,10.35186788,tC/acre,0.2,1.279,Grassland without tree/shrub cover
49322920,2015-05-30,880aa206-f90c-4734-8a13-d8d5bb3dac49,bc78969a-8870-4995-9abd-8876a95d2657,2015-05-30,49.079583713,18.382096846,19.3,21.541192968400004,tC/acre,0.2,1.379,Grassland without tree/shrub cover
49322980,2015-08-07,264fcd40-2a61-45cb-b112-540716f8c8ad,67f5e5f0-c8a6-4577-aac5-73e23790e810,2015-08-07,49.615117781,18.474975921,23.7,22.634897352000007,tC/acre,0.2,1.1800000000000002,Grassland without tree/shrub cover
49382906,2015-08-01,070ac6ea-4e84-4fa4-94f2-9f6eb290b63c,cb8fbf05-80e3-42ef-9045-0dc8ad02f0e0,2015-08-01,48.948448605,18.442252336,32.0,30.561886720000008,tC/acre,0.2,1.1800000000000002,Grassland without tree/shrub cover
49382996,2015-08-06,b0b1f90d-d8c1-436f-b9f5-c811396f0d50,f78dd498-8ae5-45f8-808d-92fcf1123d14,2015-08-06,49.751627461,18.582969786,16.1,15.376449256000006,tC/acre,0.2,1.1800000000000002,Grassland without tree/shrub cover
49383194,2015-05-28,999d2576-35fa-4e93-8d50-e613fa32f179,e2007a34-67ca-46f1-ae86-aa1469990baa,2015-05-28,51.517005391,18.914186297,11.6,11.078683936000004,tC/acre,0.2,1.1800000000000002,Grassland without tree/shrub cover
49383202,2015-06-01,2034be23-2431-4631-b7dc-fc194eee9e84,0f904059-651c-46c9-b7ce-a332d739de22,2015-06-01,51.588289705,18.928236951,13.6,12.988801856000002,tC/acre,0.2,1.1800000000000002,Grassland without tree/shrub cover
49383454,2015-07-20,0a573d14-46b9-4fdf-9ca5-d0d7be845b5c,dce5c758-aa2e-4142-b2e9-c5e56d35e17e,2015-07-20,53.832136641,19.400390431,12.9,12.320260584000003,tC/acre,0.2,1.1800000000000002,Grassland without tree/shrub cover
49423254,2015-05-12,09940d42-444d-4a19-861c-f9b72e0c81ad,112dd237-aa13-420d-9199-1abc02c23780,2015-05-12,52.047102471,19.078833203,87.7,83.75867079200002,tC/acre,0.2,1.1800000000000002,Grassland without tree/shrub cover
49423480,2015-07-25,8bd5b19c-4d51-4851-b991-3fb869dfd3ae,34127d71-7321-4a86-8dec-6ea01fddec16,2015-07-25,54.058776706,19.513215468,118.0,59.356914364,tC/acre,0.2,0.6214999999999999,Grassland without tree/shrub cover
49423488,2015-07-25,2875e9ee-4b66-4826-84cd-fc36740fd81a,b2f967fc-d2c0-4a24-801a-28e9a8b59f5c,2015-07-25,54.12994284,19.529520507,20.5,25.526985851000003,tC/acre,0.2,1.5385,Grassland without tree/shrub cover
49442934,2015-06-06,85b2e31b-4014-4ccc-a0dd-da1c6b6188ee,21b96a08-be87-4266-ad68-d333a3c9fc64,2015-06-06,49.192136048,18.567260074,36.1,39.21099778640001,tC/acre,0.2,1.342,Grassland without tree/shrub cover
49503172,2015-06-01,0b6fe544-fffc-4a7e-8a31-d2cad7d3fdcd,aa74ae02-2809-4fe2-b28c-2288073d3a7e,2015-06-01,51.307750425,19.046848697,43.5,41.54506476000001,tC/acre,0.2,1.1800000000000002,Grassland without tree/shrub cover
49503190,2015-06-01,4a97dc11-2650-4895-b1b0-f5ae094f24b8,d6ba31c9-baf3-47c4-b47b-0756432ac4a9,2015-06-01,51.468102701,19.078793046,11.5,10.983178040000002,tC/acre,0.2,1.1800000000000002,Grassland without tree/shrub cover
49503208,2015-06-16,a52e70f5-f939-481e-bbe3-fb97788a53e4,1ad2c8da-620e-46e5-bf57-95cfe53ec1e5,2015-06-16,51.628437753,19.111015835,42.4,41.266640792,tC/acre,0.2,1.2025,Grassland without tree/shrub cover
49503262,2015-05-01,b79e4b28-6ad8-4285-bae3-db890915c0cd,eab9b656-aef9-4ae2-bf2f-84ffe90d1378,2015-05-01,52.109341191,19.209390126,12.2,11.651719312000004,tC/acre,0.2,1.1800000000000002,Grassland without tree/shrub cover
49523186,2015-06-01,bfd9fa5b-2f6f-4ec2-bb6c-81b3f8ccd0f0,bf757d54-cc76-4601-94c3-6cfa665be62f,2015-06-01,51.43023802,19.100241538,30.4,29.033792384000005,tC/acre,0.2,1.1800000000000002,Grassland without tree/shrub cover
49542974,2015-08-02,432cb292-f5e1-4834-ba91-5ce392ca8182,2081b8a5-3ca1-472c-9b80-f3e1fb275a8e,2015-08-02,49.538419048,18.767829255,23.0,21.966356080000004,tC/acre,0.2,1.1800000000000002,Grassland without tree/shrub cover
49562968,2015-09-22,4057c635-c42c-4ad0-8350-e456d0bb12c6,001f682e-43cf-4f38-8a1f-28b7d1529723,2015-09-22,49.482760072,18.785559778,31.1,29.702333656000008,tC/acre,0.2,1.1800000000000002,Grassland without tree/shrub cover
49642738,2015-05-31,27ad3d9e-74c9-4985-bc3d-5cd5df11113a,925b4f52-8d19-4706-9bfd-2f0e42337406,2015-05-31,47.421438476,18.537130019,38.8,37.056287648000016,tC/acre,0.2,1.1800000000000002,Grassland without tree/shrub cover
49682686,2015-05-31,cefe6db7-ddf5-489c-be19-27b340dad85d,c9fa0a3c-c53c-4f99-9a42-d465817c26c0,2015-05-31,46.952744054,18.51335534,79.2,62.37150131520001,tC/acre,0.2,0.973,Grassland without tree/shrub cover
49683466,2015-08-21,f6c5e4e2-5d6f-4e3b-93b9-ba55a101d2a4,d60c5eb5-e3ec-45af-ac62-2c17582191d9,2015-08-21,53.903062941,19.877416403,12.6,12.033742896000003,tC/acre,0.2,1.1800000000000002,Grassland without tree/shrub cover
49724506,2015-08-13,5ea367ba-04bb-40ef-ad67-5f588cb53c18,222f3658-4fee-4795-bc04-bd9ba65e7ff1,2015-08-13,63.115471751,22.920964248,35.2,33.61807539200001,tC/acre,0.2,1.1800000000000002,Temporary grassland
49724574,2015-07-20,b51facf6-539e-40d4-a272-34008843e229,32577ce6-1ff7-47e9-b473-5f2a0e14592f,2015-07-20,63.716122336,23.191307346,43.5,38.253146493,tC/acre,0.2,1.0865,Temporary grassland
49763466,2015-08-20,4ffb345c-9618-4c03-ac83-a4531bab3e76,f65577f2-4680-4a33-82d8-1ee1cef43181,2015-08-20,53.893221019,19.998099102,18.3,17.477578968000007,tC/acre,0.2,1.1800000000000002,Grassland without tree/shrub cover
49782670,2015-08-03,ad84f5ca-33e8-4df9-a411-96d05a5f7095,2f208813-191f-447e-b2de-229dbd8a418e,2015-08-03,46.799405987,18.620374611,46.2,44.12372395200001,tC/acre,0.2,1.1800000000000002,Grassland without tree/shrub cover
49803232,2015-06-02,bd34bed3-b885-42e5-8325-e9bb2867b971,2bf90de4-133d-4041-809e-29add8e3248a,2015-06-02,51.807617993,19.586508564,13.5,12.89329596,tC/acre,0.2,1.1800000000000002,Grassland without tree/shrub cover
49862710,2015-07-17,df5fc44c-d804-4bc4-9791-a25cd26f7084,5da1edd4-61cf-45a5-a538-68c52879f8c4,2015-07-17,47.14825201,18.784323841,30.6,30.2526256788,tC/acre,0.2,1.2214999999999998,Temporary grassland
49882888,2015-06-07,78a6b21b-7e65-4f83-8898-762e653bbe6a,d7f6f57e-1e07-43bd-bcba-0c849d4729bc,2015-06-07,48.734429247,19.090762757,30.5,29.129298280000004,tC/acre,0.2,1.1800000000000002,Grassland without tree/shrub cover
49882996,2015-08-30,ecb2875e-60d9-451b-b895-f1a3176392df,f9fa40ca-4216-4de4-9b67-f388b8fa6cb6,2015-08-30,49.697080928,19.272094193,24.0,22.921415040000007,tC/acre,0.2,1.1800000000000002,Grassland without tree/shrub cover
49883266,2015-05-30,82b9c00b-7264-4940-a95f-488f7a3cd65e,7f1448fd-816c-47e2-8523-cc9dec15e7ff,2015-05-30,52.100555418,19.767608081,44.8,35.534668288,tC/acre,0.2,0.98,Grassland without tree/shrub cover
49883510,2015-08-30,607f4e17-ac28-4f40-8a5f-8c4ab3ab097d,c32badbb-9640-429c-877c-e3189c05245a,2015-08-30,54.269039903,20.275251226,10.2,11.0377297128,tC/acre,0.2,1.337,Grassland without tree/shrub cover
49904272,2015-06-25,b034abba-790a-4586-a553-ce0be3fbfd8a,e150f60e-6eed-49ac-87c9-c4de5e4069e3,2015-06-25,61.018378645,22.405959131,23.7,22.634897352000007,tC/acre,0.2,1.1800000000000002,Grassland without tree/shrub cover
49922748,2015-05-29,54eaa160-8fe9-4eac-9792-3b7110eb05a9,16be1867-6886-4728-a3f6-03b704b77ed3,2015-05-29,47.481064411,18.921237176,26.5,28.301108381,tC/acre,0.2,1.3195,Grassland without tree/shrub cover
49942944,2015-10-02,dd2454ac-8275-409f-8613-742ceceb79ea,dc4e8787-516e-4465-8b09-57e3f49c4c64,2015-10-02,49.226924231,19.265498674,37.6,31.756196043200006,tC/acre,0.2,1.0435,Grassland without tree/shrub cover
49963260,2015-06-30,a679362f-4743-4b2a-9e55-2e6a6c9c0264,8156b425-bc39-4f40-ad1a-b9bea13e048d,2015-06-30,52.037530544,19.871583975,15.6,14.898919776000003,tC/acre,0.2,1.1800000000000002,Grassland without tree/shrub cover
49982938,2015-10-02,772a9e40-c860-494e-ad9b-1e509f3c05de,c70078df-5385-428a-83db-47acea3b2a1b,2015-10-02,49.168922808,19.309828264,50.3,48.039465688000014,tC/acre,0.2,1.1800000000000002,Grassland without tree/shrub cover
49982962,2015-09-16,589d2b1a-e756-48ad-8a00-bbf9c4193090,a9f7d825-34cd-4cd0-b43c-4af971a0c48b,2015-09-16,49.382775709,19.35085056,34.1,32.56751053600001,tC/acre,0.2,1.1800000000000002,Grassland without tree/shrub cover
49983234,2015-08-23,abe51925-0e5b-4798-9301-0b206189fa1f,60ebfda7-c0fb-495f-96ec-9393f02fc1f5,2015-08-23,51.803900225,19.849371984,32.2,27.860041109600004,tC/acre,0.2,1.069,Grassland without tree/shrub cover
49983340,2015-08-14,12ca49bf-6e03-43bc-bf69-d8731601987d,dfa8bb0f-3fd4-4251-ba93-a622fc188974,2015-08-14,52.746231764,20.06197089,16.5,15.75847284,tC/acre,0.2,1.1800000000000002,Grassland without tree/shrub cover
50002954,2015-09-14,e2950a4d-3d4f-469e-bdd8-9a6505550948,9e21f937-8c55-4622-9b5e-35257300e877,2015-09-14,49.309213601,19.364442907,19.2,18.337132032000007,tC/acre,0.2,1.1800000000000002,Grassland without tree/shrub cover
50022870,2015-05-30,15bde88e-996f-450e-b7dd-e04f05dcc2c1,2fa48dd3-a028-4b4b-bce7-41f3190f46d0,2015-05-30,48.558306069,19.249833861,15.4,14.707907984000006,tC/acre,0.2,1.1800000000000002,Grassland without tree/shrub cover
50022924,2015-09-28,70110304-4c68-4289-8c3e-a1e7a0c2276c,d9f03212-f32b-4371-9b1e-799f561c1397,2015-09-28,49.039615611,19.340446347,27.9,27.97845223320001,tC/acre,0.2,1.239,Grassland without tree/shrub cover
50022946,2015-05-22,9a0e38f7-9619-403d-bef7-c8b8c61d864a,665ea626-7c7e-41aa-bd67-9206d5cce6a6,2015-05-22,49.235648321,19.378005394,36.4,35.0145658408,tC/acre,0.2,1.1885,Grassland without tree/shrub cover
50022978,2015-09-15,26f89f29-decf-45b2-8684-c1dead52ce9d,6c4221f7-97c8-4615-b070-a4b7ced4e0d6,2015-09-15,49.520729507,19.4333168,28.2,28.41624154800001,tC/acre,0.2,1.245,Grassland without tree/shrub cover
50023768,2015-07-20,876c936a-b302-4581-9a7b-fc707052c9e2,aaead02e-aaa5-4773-900e-a2197a20671a,2015-07-20,56.539366874,21.111524814,22.7,21.413433598200005,tC/acre,0.2,1.1655,Grassland without tree/shrub cover
50043370,2015-05-05,ac7c79a7-be02-46cb-9821-f8ff43f2978f,55412dea-2602-42f1-8d80-97c0abe9db39,2015-05-05,53.005284237,20.212818973,67.0,63.988950320000015,tC/acre,0.2,1.1800000000000002,Grassland without tree/shrub cover
50063258,2015-07-24,f831b004-c72c-4b28-a371-4be48196151e,6ed1e8ac-dccf-4e44-a086-f1318fd1d78c,2015-07-24,52.007517206,20.012141911,68.6,65.51704465600001,tC/acre,0.2,1.1800000000000002,Grassland without tree/shrub cover
50083514,2015-08-31,a0f3bc85-fc52-423d-8c52-8a6b200fb6ad,5bf6ed1b-05b5-44cb-84a2-78347e978c1e,2015-08-31,54.278695491,20.588382124,11.5,10.983178040000002,tC/acre,0.2,1.1800000000000002,Grassland without tree/shrub cover
50102888,2015-06-22,5548b130-4412-46f6-89eb-e15f0ab3da72,c03b74c4-3eca-43d7-b648-d5162347e4a9,2015-06-22,48.709669536,19.387759736,40.8,35.003720256,tC/acre,0.2,1.06,Grassland without tree/shrub cover
50102928,2015-09-29,15104af1-211f-4eee-9ee3-53f681c7eaff,13bc26f8-47c3-48b6-8cda-fd8f0d0d621c,2015-09-29,49.066089495,19.455977857,30.6,29.52200557440001,tC/acre,0.2,1.1920000000000002,Grassland without tree/shrub cover
50123484,2015-05-29,2d84258a-aaf1-47ed-8aae-e5a07e667745,1eaea26e-dc01-40cf-af89-ee2a29923f9a,2015-05-29,54.007218325,20.580955968,15.5,14.803413880000004,tC/acre,0.2,1.1800000000000002,Grassland without tree/shrub cover
50142958,2015-10-03,aa066fc0-6eed-4882-a443-744f54d4e014,90b1fb4b-41ae-46eb-ac08-ebc9e32a2ade,2015-10-03,49.328679049,19.562605287,20.4,19.483202784000003,tC/acre,0.2,1.1800000000000002,Grassland without tree/shrub cover
50143296,2015-07-22,c942cff4-8d84-46fe-9549-2eda8d47543c,a9abd42f-9961-4af8-8a05-425739d334b4,2015-07-22,52.335273222,20.205235776,30.1,16.6636744848,tC/acre,0.2,0.6839999999999999,Grassland without tree/shrub cover
50143512,2015-08-31,88bfa7b4-ca10-4a48-ab31-c548957a025d,a66bb9cc-d9af-4bff-9521-91bc675e43e2,2015-08-31,54.253044806,20.67500093,10.4,14.284444553600002,tC/acre,0.2,1.697,Grassland without tree/shrub cover
50162998,2015-08-29,4f8c96d8-85db-4ffe-a222-32135f466a69,b6ba8cd4-40c0-408a-afa8-84b9f8a972e7,2015-08-29,49.682514001,19.660949021,33.2,31.707957472000007,tC/acre,0.2,1.1800000000000002,Grassland without tree/shrub cover
50164284,2015-09-06,6388871c-92c7-4368-8d19-1d21dea0e07c,2cf8e4ab-54ce-456c-a5cb-fbc6d568eedc,2015-09-06,61.082637659,22.92032298,25.9,19.652563875,tC/acre,0.2,0.9375,Temporary grassland
50183184,2015-07-08,6eb7c4c2-e87a-4f23-bdd9-03de84f3f61c,8e3e7085-1020-401b-9b3c-a37783f3d3c8,2015-07-08,51.334881387,20.037680524,14.9,14.230378504000004,tC/acre,0.2,1.1800000000000002,Grassland without tree/shrub cover
50183772,2015-07-06,d6723cb9-373f-428f-9151-9a8709048ca0,cd46cfb3-c17e-4674-924a-35467e4cab8a,2015-07-06,56.552344025,21.379027709,21.3,20.342755848000007,tC/acre,0.2,1.1800000000000002,Grassland without tree/shrub cover
50203276,2015-09-04,71306090-fb09-4251-8de2-050eb561964f,23f114c1-7fe7-4499-b93d-088d9c9e41e3,2015-09-04,52.15002704,20.251176966,13.4,12.797790064000004,tC/acre,0.2,1.1800000000000002,Grassland without tree/shrub cover
50203822,2015-05-23,50867636-8467-4760-8173-f8110848d05f,b5d03c4b-d3c9-4bf0-a9bd-2d5d31bbebc3,2015-05-23,56.992223113,21.545895666,44.5,28.525506768,tC/acre,0.2,0.792,Grassland without tree/shrub cover
50204184,2015-06-20,59ef1593-1d38-4bda-b9b7-c7cd8f913548,5ae57606-9adf-478b-8589-3782ca189693,2015-06-20,60.193234806,22.645071019,65.0,41.74538433,tC/acre,0.2,0.7935,Grassland without tree/shrub cover
50243222,2015-08-11,214577bd-873e-4a46-9639-3ec26af25bc0,20324b42-7307-4a0c-84ad-845b3efe2254,2015-08-11,51.665187449,20.19891831,11.4,10.887672144,tC/acre,0.2,1.1800000000000002,Grassland without tree/shrub cover
50243682,2015-06-06,4c8ac7f8-ee7b-4f11-8253-c2c0c0197e77,99a72434-8908-41de-8bfd-5180b90c6506,2015-06-06,55.746660914,21.240668093,15.7,14.8292328468,tC/acre,0.2,1.167,Grassland without tree/shrub cover
50262830,2015-05-30,3f15498f-7ecb-48f7-9334-519401339d81,7bc77cf7-6346-4709-a729-5a2e8b5bfbbf,2015-05-30,48.174378221,19.504674169,29.5,28.174239320000005,tC/acre,0.2,1.1800000000000002,Grassland without tree/shrub cover
50263028,2015-09-12,aa0057fb-07b8-4255-9149-09119513b720,63b351f8-acab-4426-99ba-fc2e9064ec41,2015-09-12,49.937612803,19.853364926,12.2,11.651719312000004,tC/acre,0.2,1.1800000000000002,Grassland without tree/shrub cover
50283220,2015-08-11,72be8955-a7ef-4829-88ef-af565364f80c,845e6b8b-5241-4e0d-9bcb-5a06852eca06,2015-08-11,51.642389694,20.2522004,15.8,15.089931568000004,tC/acre,0.2,1.1800000000000002,Grassland without tree/shrub cover
50302926,2015-09-21,32b49aaa-0b00-448c-ab17-2474add2b6bc,e6acfadf-df94-439d-bf2c-198290cfd9a0,2015-09-21,49.024892752,19.724104905,20.6,19.674214576000004,tC/acre,0.2,1.1800000000000002,Grassland without tree/shrub cover
50303660,2015-06-07,7ab5b1d6-a736-4378-9f1a-11fd6b475656,377db394-6861-4b71-83bb-b1ea95b8af23,2015-06-07,55.543354242,21.278984854,20.4,17.6091828552,tC/acre,0.2,1.0665,Grassland without tree/shrub cover
50303696,2015-08-29,5d3402fa-3d65-4ae7-ade6-9d3de6083f1e,68126090-35d1-4168-a326-b4d2d473d957,2015-08-29,55.862226708,21.371149591,22.6,21.584332496000005,tC/acre,0.2,1.1800000000000002,Grassland without tree/shrub cover
50322994,2015-05-31,e540e9f7-a3ac-4d32-bf86-f30655f25359,858e27d8-a531-41bc-800f-5afd0916d92f,2015-05-31,49.627823251,19.873649472,22.7,18.097153234000004,tC/acre,0.2,0.985,Grassland without tree/shrub cover
50323806,2015-05-23,f026ba2f-c79d-4578-813e-be52ba879063,f45127c8-a80f-468a-9e5a-ee935b04b4e9,2015-05-23,56.833175289,21.696486817,16.2,17.8910871228,tC/acre,0.2,1.3645,Grassland without tree/shrub cover
50343142,2015-05-07,bf7a4fed-9b4f-438d-b4ba-7afa228674a2,740eacca-7476-46a7-a60f-1cecdbf4146a,2015-05-07,50.941672696,20.182004325,23.8,22.730403248000005,tC/acre,0.2,1.1800000000000002,Grassland without tree/shrub cover
50343442,2015-10-04,8bb85699-beff-4a3d-99b6-733e1f4ed998,aba67ad8-aae8-4bfd-805a-0a4b65b6d0c2,2015-10-04,53.605460652,20.816482585,11.4,10.887672144,tC/acre,0.2,1.1800000000000002,Grassland without tree/shrub cover
50343732,2015-08-09,826d8eb2-3412-4082-a7e7-d34eb5098bdf,82dfe59d-5269-45b3-9785-85d399004493,2015-08-09,56.175291235,21.52873778,18.6,17.764096656000003,tC/acre,0.2,1.1800000000000002,Grassland without tree/shrub cover
50343760,2015-07-19,e274963e-2ec5-40ac-a227-7e9842bbeb6d,3f5c656d-8255-493c-a74b-60a56d562dec,2015-07-19,56.423150948,21.603495293,167.9,78.13879630999999,tC/acre,0.2,0.575,Grassland without tree/shrub cover
50344366,2015-06-09,ad4e1ef9-e180-432f-849e-b9bd17bd3ff6,fae81efb-a314-44ca-a7a8-e92575d4e157,2015-06-09,61.775591698,23.554837091,24.5,21.396153506,tC/acre,0.2,1.079,Grassland without tree/shrub cover
50363022,2015-05-31,37cef778-34c7-4f8c-8258-29a12e31b88f,60ca7a7a-81b7-4625-a581-bc3c4591304f,2015-05-31,49.872108553,19.9803919,14.8,13.7874901456,tC/acre,0.2,1.151,Grassland without tree/shrub cover
50363490,2015-07-28,ebda33b2-a589-4d2a-bf11-e1cb18264e41,135625c6-39a6-4a40-b968-181d81102290,2015-07-28,54.028446264,20.957292464,33.9,25.777729296600004,tC/acre,0.2,0.9395,Grassland without tree/shrub cover
50363718,2015-08-22,91670fe9-0fcf-4435-978c-2e4bc6d9346c,5e1354b3-3630-4ca6-b7c1-43f0b47c689f,2015-08-22,56.048476264,21.523489969,15.9,15.185437464000003,tC/acre,0.2,1.1800000000000002,Grassland without tree/shrub cover
50382960,2015-09-13,22a9e9ce-2efa-4553-90b9-49eb2acdfcb8,ddc48077-2078-4b6b-bb9f-8272dd6b5aae,2015-09-13,49.317998615,19.893880765,25.5,15.953936178,tC/acre,0.2,0.773,Grassland without tree/shrub cover
50383522,2015-05-19,4a451893-3fca-424b-b8db-e2f64b912f3d,fe483873-bc78-4f0f-be31-206411e4aaf3,2015-05-19,54.309407644,21.063155502,22.5,21.488826600000007,tC/acre,0.2,1.1800000000000002,Grassland without tree/shrub cover
50402992,2015-09-13,8cc80ded-4b5f-4be7-9698-4c988da561a3,48ad30fc-ab22-40f4-8e6b-b726a80017fe,2015-09-13,49.600329663,19.979826562,22.8,21.775344288000003,tC/acre,0.2,1.1800000000000002,Grassland without tree/shrub cover
50423230,2015-06-24,45d0098a-92de-49ba-afcb-5e0f2712e204,38cb1efa-3b1b-452a-a351-8584088e88d8,2015-06-24,51.713394505,20.473350029,10.8,9.2962849176,tC/acre,0.2,1.0635,Grassland without tree/shrub cover
50423474,2015-05-13,0f5b23fd-5256-40fe-a4a4-d24b591d1c8e,cfcd66e1-e505-4cf0-bfaf-1a51b4b7b618,2015-05-13,53.878433652,21.010342813,38.9,15.4431819774,tC/acre,0.2,0.4905,Grassland without tree/shrub cover
50443648,2015-06-07,24755da4-3dd7-4227-aa38-e7a9a1e0ac2e,af5d4829-c2f9-48f6-9c3d-a4b01c0c083d,2015-06-07,55.417273916,21.467233762,15.5,15.505948776,tC/acre,0.2,1.236,Grassland without tree/shrub cover
50484302,2015-09-09,559d6a01-20d3-4127-9180-38b291f570b1,406629cd-b803-4cc3-9078-8900568e8219,2015-09-09,61.187631014,23.568424008,26.6,19.3333070896,tC/acre,0.2,0.898,Grassland without tree/shrub cover
50503672,2015-08-24,fb980a54-60e3-451a-903a-110633c6564b,094cd2f6-fdb0-45b8-bda8-774d8c2f805e,2015-08-24,55.621117997,21.623318764,31.5,30.084357240000006,tC/acre,0.2,1.1800000000000002,Grassland without tree/shrub cover
50504034,2015-06-04,208cb1f0-5dd6-4165-8f9f-5348fdde6754,2f8bee2a-fa7f-4ea7-9b97-78c39f4db74a,2015-06-04,58.820936663,22.672638095,37.7,36.005722792000014,tC/acre,0.2,1.1800000000000002,Grassland without tree/shrub cover
50522764,2015-07-09,186c3f33-89c1-4f2d-8f32-586184807fc2,e3f10865-e4db-4f6d-b683-b7a952b53765,2015-07-09,47.555820911,19.738219373,11.5,10.983178040000002,tC/acre,0.2,1.1800000000000002,Grassland without tree/shrub cover
50523678,2015-06-10,572fcd6f-8451-4d2c-9a15-30c237f222ea,5689b1b0-589b-491c-b619-37658adeb223,2015-06-10,55.671320326,21.670459905,16.1,16.099663606600004,tC/acre,0.2,1.2355,Grassland without tree/shrub cover
50523804,2015-06-08,5cd1c301-8563-4533-9717-4c5ac218d211,ae449b0c-92cd-45d2-be92-30a9cbbabb26,2015-06-08,56.785866986,22.013994345,12.3,11.747225208000003,tC/acre,0.2,1.1800000000000002,Grassland without tree/shrub cover
50543022,2015-08-20,b4a66cb3-0068-4ea8-8dbe-f5ede5c492cb,3768937d-574a-41f3-8c94-7c024590d864,2015-08-20,49.849883925,20.22874708,14.9,14.230378504000004,tC/acre,0.2,1.1800000000000002,Grassland without tree/shrub cover
50543206,2015-07-29,98eb72fb-1fa4-4740-9a32-4d498d47d2ae,eb866f73-0aa4-498f-a3c2-2486289c9ef6,2015-07-29,51.484750077,20.59520072,13.9,13.275319544000002,tC/acre,0.2,1.1800000000000002,Grassland without tree/shrub cover
50563140,2015-08-13,fc022c78-dc68-44e8-aebe-27c2b7867782,26cd049b-f853-44cc-a43b-660bc583618d,2015-08-13,50.896029035,20.488258913,22.1,21.106803016000008,tC/acre,0.2,1.1800000000000002,Grassland without tree/shrub cover
50584610,2015-06-29,f9a8fe75-c212-42ee-a6f6-d7b259af4758,299ed5f5-fbdc-4a0b-bd8d-36eeaef81a59,2015-06-29,63.877605391,25.049493591,24.0,33.60512544,tC/acre,0.2,1.73,Grassland without tree/shrub cover
50602694,2015-08-03,c4f38ef5-8f01-44bb-943b-d587d8d1780c,54b0e156-cb56-4458-a311-d409e0d8823e,2015-08-03,46.922479979,19.725790151,25.6,24.44950937600001,tC/acre,0.2,1.1800000000000002,Grassland without tree/shrub cover
50603330,2015-06-30,0a5a1fd3-4864-4fc2-989a-413a8827f642,8b9d84dc-e8ac-49a6-8ab8-86e35a073812,2015-06-30,52.577166102,20.94868243,13.8,13.179813648000003,tC/acre,0.2,1.1800000000000002,Grassland without tree/shrub cover
50603758,2015-05-21,5a165726-20d1-472b-86b8-eb47235c1214,ffbde362-ed89-4c78-b30a-f2288ba1e8d9,2015-05-21,56.367161841,22.01360262,33.9,28.878190617,tC/acre,0.2,1.0525,Grassland without tree/shrub cover
50603794,2015-07-18,3b91b0a6-b0a4-4c65-ac05-96214faaa6cc,4936df66-6cf0-4adc-92a8-c44dc1b4fcc6,2015-07-18,56.685411941,22.114643144,19.2,19.1452090368,tC/acre,0.2,1.232,Grassland without tree/shrub cover
50623424,2015-10-06,547c3413-eb22-4158-98d3-7a650c561f3f,f8bf1948-da50-4e99-ad8c-77b9cba8c6d3,2015-10-06,53.407794074,21.192704826,10.0,9.5505896,tC/acre,0.2,1.1800000000000002,Grassland without tree/shrub cover
50623640,2015-08-16,e2d8f7f3-94fb-4a77-a4c8-0f8fe77a71c4,cd74b0ac-7bb4-4ff3-ad71-0a5e44815b55,2015-08-16,55.320514479,21.726999354,16.5,15.75847284,tC/acre,0.2,1.1800000000000002,Grassland without tree/shrub cover
50623694,2015-06-06,e9ab4de4-2d76-4119-a787-228a337526e4,bdd0ac89-88b0-487c-a391-b352d01bf6d1,2015-06-06,55.798226903,21.870268086,12.2,12.811954074,tC/acre,0.2,1.2975,Grassland without tree/shrub cover
50624582,2015-06-26,9fe21fa6-023d-4ac6-ba28-9990359769b6,0c50615a-59fb-4ab8-b9c4-698d290c07f5,2015-06-26,63.62422548,24.99851414,25.9,34.6094751548,tC/acre,0.2,1.651,Grassland without tree/shrub cover
50642978,2015-09-09,3d72389f-0aa1-4906-9920-4cd1d112ac00,17e6c0d6-b38f-46d6-9425-a0fbb339bd18,2015-09-09,49.446124476,20.282492217,20.5,19.57870868,tC/acre,0.2,1.1800000000000002,Grassland without tree/shrub cover
50644048,2015-06-04,1c19e72d-7586-42c0-94d5-5a2ed5734ce0,7b0a5407-e688-4405-a911-06cc66e08d9f,2015-06-04,58.921909424,22.956703883,12.8,12.224754688000004,tC/acre,0.2,1.1800000000000002,Grassland without tree/shrub cover
50662872,2015-08-29,29356bca-9cf7-40c4-b32f-105b0af9c673,8a2f9c16-57d2-45ca-9c95-95b24fd89e01,2015-08-29,48.500699089,20.1134607,23.8,26.862328245200004,tC/acre,0.2,1.3945,Grassland without tree/shrub cover
50663688,2015-06-06,a1143189-a00c-4757-8f37-0acf39f6a1a4,cbb03c45-5a36-4e73-ba84-064bf84490b6,2015-06-06,55.739240525,21.91702091,20.2,14.0113624408,tC/acre,0.2,0.857,Grassland without tree/shrub cover
50663710,2015-06-06,a6db503b-c652-4d3a-adf9-1c2071e46996,5e784f37-ebbd-4476-a545-5c83d8c850a2,2015-06-06,55.933785452,21.976694538,31.8,25.905326792400007,tC/acre,0.2,1.0065,Grassland without tree/shrub cover
50682966,2015-08-24,6a70129c-b8e9-407b-a352-043ffd9c2127,95d66c5e-3754-4e4a-b0ab-6c7a1851b410,2015-08-24,49.334395531,20.314425552,31.8,30.37087492800001,tC/acre,0.2,1.1800000000000002,Grassland without tree/shrub cover
50683074,2015-09-04,a640606e-3bd1-45e4-828c-f5b2c4e95d0c,de967f8d-9f29-4fa0-b7f4-dca33d737d5b,2015-09-04,50.29428877,20.523960693,25.3,17.456737639000004,tC/acre,0.2,0.8525,Grassland without tree/shrub cover
50683680,2015-08-18,1d45181b-df9b-40dc-a595-f3148a0e6466,8153796d-1268-48f1-9d1f-2b8f61891c25,2015-08-18,55.665525302,21.926872543,18.5,17.668590760000004,tC/acre,0.2,1.1800000000000002,Grassland without tree/shrub cover
50702998,2015-05-30,a6d61773-73a8-47af-a93b-3ccd478a89fe,4d160ba7-789a-44a6-a172-68e4aecfb04b,2015-05-30,49.616359814,20.402868826,13.5,9.66997197,tC/acre,0.2,0.885,Grassland without tree/shrub cover
50703010,2015-09-10,196c9ee9-43ea-414d-818f-e69409d7127c,ecb6114b-e97b-4c92-ac4a-16c7d6c735c0,2015-09-10,49.723021962,20.42603469,25.4,24.258497584000004,tC/acre,0.2,1.1800000000000002,Grassland without tree/shrub cover
50703016,2015-09-14,bd73eba1-1e7c-42aa-83d9-083b1ff9a2cc,7c0f63d5-6ba1-4097-b514-d76c78bfa1a3,2015-09-14,49.776349099,20.437665828,16.8,13.8422036928,tC/acre,0.2,1.018,Grassland without tree/shrub cover
50703872,2015-05-17,857a31a9-071f-411e-a021-2e57df846c7b,162a87b6-3277-4c42-abea-ab53deeb1b77,2015-05-17,57.359122634,22.504287051,18.8,17.955108448000004,tC/acre,0.2,1.1800000000000002,Grassland without tree/shrub cover
50743486,2015-07-28,f030699e-c429-4414-b61b-97d511fab6cc,44608e23-141a-442d-afcc-3f601aa0a622,2015-07-28,53.940151928,21.520798418,12.0,11.460707520000003,tC/acre,0.2,1.1800000000000002,Grassland without tree/shrub cover
50743632,2015-08-15,0a44a45d-0d61-4f4a-9993-cf6a051cda40,6bfc0f49-9a0e-49d8-ab8b-b5005cd1c578,2015-08-15,55.232135174,21.892451232,27.2,25.977603712000004,tC/acre,0.2,1.1800000000000002,Grassland without tree/shrub cover
50762614,2015-05-15,f1dfd129-81ec-4d48-a50a-4ad924f739ca,7b389409-3320-4f3e-af1a-dc9c4b4e542e,2015-05-15,46.190283198,19.801052449,11.6,11.078683936000004,tC/acre,0.2,1.1800000000000002,Temporary grassland
50762656,2015-08-20,c910c6c9-adbc-47e1-b61e-e0839fa48748,7bad9050-0ee7-45c3-982b-8066f831023c,2015-08-20,46.564750696,19.870370799,36.4,34.76414614400001,tC/acre,0.2,1.1800000000000002,Grassland without tree/shrub cover
50763638,2015-06-07,26c8d1df-8a99-4452-8169-6e1fef9fbb7e,ab588de8-4b78-4944-9c73-263112039dff,2015-06-07,55.282237065,21.93941865,21.4,22.334863151600004,tC/acre,0.2,1.2895,Grassland without tree/shrub cover
50782700,2015-08-21,cf3181f1-1c51-4173-b3a9-c873f837346e,8ba8a5a1-f7cc-442f-bf1e-9dfe5d1cc186,2015-08-21,46.954479824,19.970417921,47.2,45.07878291200001,tC/acre,0.2,1.1800000000000002,Grassland without tree/shrub cover
50783006,2015-09-04,153e9c41-a1d9-461d-ba8f-f2543cd71f8a,dd054fa9-b84d-4c85-9c02-385e8fa2d7c9,2015-09-04,49.677238284,20.528209812,30.7,29.32031007200001,tC/acre,0.2,1.1800000000000002,Grassland without tree/shrub cover
50783432,2015-10-06,51558b6e-75df-41ae-b286-12339616fc03,c8a487fd-912d-47cc-a08a-83476f312d73,2015-10-06,53.456293656,21.449818108,56.6,54.05633713600002,tC/acre,0.2,1.1800000000000002,Grassland without tree/shrub cover
50803766,2015-05-02,c0641c3b-7b5e-4c83-94da-ead6ca276a8f,841e3163-12f7-4802-800e-069d12a7c336,2015-05-02,56.407470965,22.355522786,17.9,17.095555384000004,tC/acre,0.2,1.1800000000000002,Grassland without tree/shrub cover
50822946,2015-05-22,312358c4-be44-4603-8eca-135269d5de2d,41fac126-1857-40c9-a31f-2150ea6465f2,2015-05-22,49.138841568,20.467050641,19.5,22.379945172000003,tC/acre,0.2,1.418,Grassland without tree/shrub cover
50823040,2015-08-10,be186a29-0889-4c0a-87a2-9321c5ae35e4,4b575bc0-a456-405e-92f1-a0587034ed3c,2015-08-10,49.974133692,20.650376189,19.8,18.910167408000003,tC/acre,0.2,1.1800000000000002,Grassland without tree/shrub cover
50823320,2015-06-16,13b54f08-b6e3-4b2d-9089-9f8ac6d5995c,f4b90d2b-6bc2-4bf7-94fb-6eb73619c0ca,2015-06-16,52.458436697,21.24702294,12.2,11.651719312000004,tC/acre,0.2,1.1800000000000002,Grassland without tree/shrub cover
50843678,2015-08-14,083316e7-faac-4db5-ba9e-ab92cf764283,17baa869-b155-4b70-bd2f-2ae0ecfebcd8,2015-08-14,55.623862256,22.172245234,17.3,16.522520008000008,tC/acre,0.2,1.1800000000000002,Grassland without tree/shrub cover
50843760,2015-08-02,b6138425-6609-48e1-9929-0f9eddb71e28,132ab736-f3f0-48da-8823-e17f253898a6,2015-08-02,56.348302821,22.402166954,29.5,28.174239320000005,tC/acre,0.2,1.1800000000000002,Grassland without tree/shrub cover
50883478,2015-05-03,07371874-c15a-4f53-a415-b1eb0b76594e,a086da57-435b-48a7-916c-8898358897fe,2015-05-03,53.849221317,21.711599383,27.6,26.359627296000006,tC/acre,0.2,1.1800000000000002,Grassland without tree/shrub cover
50923288,2015-05-22,f64d74a3-54bf-4c84-ba82-8c5bb9e9b43c,357720ff-6dc1-4a22-976e-cd7bdb760416,2015-05-22,52.160960639,21.319370059,11.8,11.269695728000002,tC/acre,0.2,1.1800000000000002,Grassland without tree/shrub cover
50923428,2015-10-06,8f6968f9-ac96-4a08-bd1a-0cacbcc761d3,2537e2b5-ae1b-48b9-80dc-09531ad9f8c6,2015-10-06,53.400908188,21.648449454,27.2,14.001488102399998,tC/acre,0.2,0.636,Grassland without tree/shrub cover
50943268,2015-08-06,08cd829d-ee7a-4f55-bde7-3e9355d7e2ba,2e5de0c3-ec87-49e4-a7a0-738e791d7703,2015-08-06,51.980936462,21.302996743,10.5,11.302879980000002,tC/acre,0.2,1.33,Grassland without tree/shrub cover
50964076,2015-06-05,5a1e32b4-6b44-4571-b7ba-b41ae3d0e6c2,35b43103-8de4-4b04-94bc-4b7c4d7c9d8d,2015-06-05,59.115191914,23.598435854,19.7,18.814661512,tC/acre,0.2,1.1800000000000002,Grassland without tree/shrub cover
50983666,2015-05-27,6d5adc19-bd3f-4596-892e-699d251b1378,fe0e22e1-7901-4e98-9b4b-85ced2120dc5,2015-05-27,55.496488999,22.358052628,19.4,18.528143824000008,tC/acre,0.2,1.1800000000000002,Grassland without tree/shrub cover
50983816,2015-09-25,56126396-0b3d-4ce1-b5f9-cabd45833b56,5e1b158f-0ab5-47da-a643-e7922a5b9249,2015-09-25,56.820612353,22.791050271,16.1,17.057433962799998,tC/acre,0.2,1.309,Grassland without tree/shrub cover
50984072,2015-06-05,4b23bee9-d812-4ff5-a901-8d57b29ce120,1c58faa2-9b19-4e80-8ad4-580af4121916,2015-06-05,59.076558039,23.618761111,46.0,43.93271216000001,tC/acre,0.2,1.1800000000000002,Grassland without tree/shrub cover
51002766,2015-07-29,ec1c9316-90cd-47ef-8ea9-65916a47e505,77e9d434-6224-4cb6-aa54-56f4b693c2bf,2015-07-29,47.515058656,20.374115041,17.8,17.000049488000005,tC/acre,0.2,1.1800000000000002,Grassland without tree/shrub cover
51002942,2015-09-12,7b9724c7-b793-457b-aaaa-ae0ecc149795,d89a5c96-a79b-4d82-b65f-14387ead318a,2015-09-12,49.080067905,20.703734152,20.1,19.196685096000003,tC/acre,0.2,1.1800000000000002,Grassland without tree/shrub cover
51003378,2015-10-07,5bd4f672-5695-42a9-9106-0a2d54732257,ddbe8f38-0dbb-4b44-9fea-64dc33384ea9,2015-10-07,52.946797725,21.646011325,55.7,53.19678407200001,tC/acre,0.2,1.1800000000000002,Grassland without tree/shrub cover
51003392,2015-10-07,cf1f94c7-897f-4433-a1ea-dc92e03dabdb,a2fd4ea8-4b45-4dfa-aa1d-bf36a377cf89,2015-10-07,53.070728323,21.679679753,50.9,31.9688990048,tC/acre,0.2,0.776,Grassland without tree/shrub cover
51023430,2015-05-28,d24b63d8-48a0-414a-aa0e-3d06e9312e3c,c1bf2dca-1d1e-483d-82d2-eb3b6ee88f3a,2015-05-28,53.404129835,21.801987903,12.8,12.224754688000004,tC/acre,0.2,1.1800000000000002,Grassland without tree/shrub cover
51023696,2015-06-19,20d9e259-9e0c-4334-b07e-8892d635ab65,f64d7d7d-a76c-46b2-ad4b-e16646df68ed,2015-06-19,55.755236588,22.504699796,13.8,13.179813648000003,tC/acre,0.2,1.1800000000000002,Grassland without tree/shrub cover
51023840,2015-07-28,c8f4aebf-50f3-4256-8eff-a2ecd74fbf76,5e994023-6d34-4600-84f0-2eb25ea4a3c9,2015-07-28,57.025875241,22.928512088,17.1,17.300326500000004,tC/acre,0.2,1.25,Grassland without tree/shrub cover
51042936,2015-08-08,6c20f9d8-1e0d-486a-8191-16334e3db9f0,2d6ac25c-4d3f-4934-8bba-ea3804b754a5,2015-08-08,49.021531458,20.746267861,19.9,19.005673304,tC/acre,0.2,1.1800000000000002,Grassland without tree/shrub cover
51043672,2015-05-27,a2174c87-29e3-4c27-bde3-9a9285bbf25d,5ab685c6-c145-471d-9926-4908338cedc4,2015-05-27,55.540219394,22.468455609,21.7,20.724779432,tC/acre,0.2,1.1800000000000002,Temporary grassland
51043870,2015-05-15,6a7bf94e-8a37-4ccb-aeba-b3c3a553dc1c,790c5e74-f263-477f-90f2-4b5faa5fa624,2015-05-15,57.287137036,23.053729093,17.3,16.522520008000008,tC/acre,0.2,1.1800000000000002,Grassland without tree/shrub cover
51063100,2015-05-27,ffb9c046-918a-4c83-bd92-1e2b108637ac,780f6777-8352-439c-b908-1e7782fa66ed,2015-05-27,50.474825783,21.10668891,21.5,21.882383735,tC/acre,0.2,1.2574999999999998,Grassland without tree/shrub cover
51082954,2015-09-20,6092d3c5-1a5b-45ae-8f99-8a610c56c82c,ebae44d2-3fd3-44b1-8b9b-804bcce929b4,2015-09-20,49.176168867,20.835917416,23.8,27.854375505600004,tC/acre,0.2,1.446,Temporary grassland
51083062,2015-07-27,8e357b11-4ba8-4d3d-9295-f5e32580c211,d6abe9c9-0cf2-4cd7-af70-22f2af5d44f8,2015-07-27,50.134964468,21.054898768,26.2,25.022544752000005,tC/acre,0.2,1.1800000000000002,Grassland without tree/shrub cover
51083080,2015-08-15,73987be3-59a2-4bb8-94d2-9be011c3c88b,5a97bdfa-0fc4-4672-bcb9-a2f51916e5bc,2015-08-15,50.294675977,21.09247144,17.6,16.809037696000004,tC/acre,0.2,1.1800000000000002,Grassland without tree/shrub cover
51083098,2015-08-08,a378a45f-cc37-418e-a8eb-0e2ffc3185ba,fc4b76cc-0e83-418d-956f-877413f2189a,2015-08-08,50.454362702,21.130361337,13.2,12.606778272,tC/acre,0.2,1.1800000000000002,Grassland without tree/shrub cover
51084210,2015-09-14,e503c668-f825-4d7f-92c6-736243283492,823358ca-af88-4e18-afa4-e1f264cff6f8,2015-09-14,60.272516283,24.295705603,40.9,34.1295175588,tC/acre,0.2,1.031,Grassland without tree/shrub cover
51103660,2015-06-01,84364b03-3357-435a-9d33-5b3f15f55b45,321cf3c0-ddde-43dd-aca1-36a0d4aa6e2f,2015-06-01,55.424946082,22.528419166,13.1,12.511272376000004,tC/acre,0.2,1.1800000000000002,Grassland without tree/shrub cover
51122668,2015-05-14,020cf8b3-ee79-4392-b01c-a3422aa339a8,dac19476-f2b6-4463-8e9d-81d2f894bb13,2015-05-14,46.627604998,20.356783845,31.9,32.583536101600004,tC/acre,0.2,1.262,Grassland without tree/shrub cover
51143024,2015-08-24,9403664e-87cf-4eab-aceb-62418f21da21,5ac0c07a-df24-4120-ae3a-47271f85500a,2015-08-24,49.789640951,21.059151198,10.2,12.837449292,tC/acre,0.2,1.5550000000000002,Grassland without tree/shrub cover
51143158,2015-05-29,f7a10d9d-45c4-43b6-bf6a-aaa4b489d57c,bcc03ffb-6926-4746-af07-e5e1a3ffbcfb,2015-05-29,50.978164042,21.343587589,10.1,9.646095496,tC/acre,0.2,1.1800000000000002,Grassland without tree/shrub cover
51143528,2015-05-25,eebb9fd7-2396-43c0-9c6f-a59c1bb775d6,b2fc9e91-3ba8-4cb9-861c-922d8a6a5a5c,2015-05-25,54.25288064,22.231556281,11.0,10.505648560000004,tC/acre,0.2,1.1800000000000002,Grassland without tree/shrub cover
51163424,2015-05-18,42b48535-b3fc-4c70-aa9d-5ee58b8801ba,f9827e55-bd5a-453e-b840-6c51ba2b828a,2015-05-18,53.330488202,21.994948117,41.1,39.25292325600002,tC/acre,0.2,1.1800000000000002,Grassland without tree/shrub cover
51183664,2015-08-28,c4fbb574-5778-4692-9217-612b4a543a28,ee5c6520-f30a-46b2-9042-2349ed9d882f,2015-08-28,55.447731636,22.664305761,14.3,16.3077936164,tC/acre,0.2,1.409,Grassland without tree/shrub cover
51183718,2015-06-06,ef58171b-628e-4f15-a5a6-02e2d9acc346,2b6c69e9-34cc-4e4d-97db-93957892789a,2015-06-06,55.924181371,22.819628103,14.0,15.625735832000002,tC/acre,0.2,1.379,Grassland without tree/shrub cover
51204708,2015-09-14,4efb57ac-fb06-40cf-ba69-7aa57b54eb9a,f98e86b8-9fff-4bbb-b366-9c1cc868b2fb,2015-09-14,64.608548399,26.779140377,31.1,29.702333656000008,tC/acre,0.2,1.1800000000000002,Temporary grassland
51222948,2015-05-31,34213fc1-5dd1-4ee5-a3e7-d24c093f70c3,fe040180-a06a-4683-a1c7-ae191b597718,2015-05-31,49.104245534,21.014065433,21.2,25.995409896,tC/acre,0.2,1.515,Grassland without tree/shrub cover
51223002,2015-08-28,6ca95ddf-5171-433a-ae53-845f8b7c4ebd,8eff77d7-86c0-4a42-87ee-cf7e889f2c22,2015-08-28,49.58357026,21.123717693,26.1,24.927038856000006,tC/acre,0.2,1.1800000000000002,Grassland without tree/shrub cover
51244618,2015-06-21,960ba940-f893-41da-a264-3998e3a2c5a0,a138d925-ba83-4f46-b572-0d595bdf2c37,2015-06-21,63.814962112,26.389655606,19.1,18.241626136000004,tC/acre,0.2,1.1800000000000002,Temporary grassland
51323682,2015-07-26,ae44335a-257b-459c-b822-47d90c0f97ee,3e3a0e49-b87a-4a4b-b414-c079c3328e5d,2015-07-26,55.584252301,22.934404397,18.9,18.050614344000003,tC/acre,0.2,1.1800000000000002,Grassland without tree/shrub cover
51342800,2015-08-06,d4da6ed3-8fe6-4e3d-aa6a-f911f7e000a8,73723f36-df20-4b1c-997d-ed45e70aedd5,2015-08-06,47.773579141,20.885575736,23.6,22.539391456000004,tC/acre,0.2,1.1800000000000002,Grassland without tree/shrub cover
51363436,2015-05-20,5b5dd96a-0216-428e-ae33-6105c64a84ce,9b8f4930-1c12-4cb9-be3c-adfbfead4a3e,2015-05-20,53.406550227,22.322177692,18.5,17.668590760000004,tC/acre,0.2,1.1800000000000002,Temporary grassland
51364706,2015-09-14,36bf6a6e-4ec9-4d3d-8810-b0ab7cef4006,a2bf2052-86ae-4571-83fc-da12997307fc,2015-09-14,64.556418853,27.090603757,325.9,84.01212563380001,tC/acre,0.2,0.3185,Temporary grassland
51383340,2015-08-15,a236faf8-ef5b-4229-955f-8c8ccb8731eb,a73b1d8f-95e4-49f2-8bef-067e3ce24621,2015-08-15,52.554971079,22.110061169,13.6,12.988801856000002,tC/acre,0.2,1.1800000000000002,Grassland without tree/shrub cover
51383678,2015-08-28,3ac9c1d8-a2f3-490b-b16d-db7b2b4ff30e,5d13920c-2002-4b14-9607-3b8bd548c9af,2015-08-28,55.539307737,23.016410967,16.2,17.9828699076,tC/acre,0.2,1.3715,Grassland without tree/shrub cover
51403012,2015-07-07,080658bf-0cd0-4a50-a0b5-f378d82d1650,a55393e8-8599-4735-9613-c30c5adbd48a,2015-07-07,49.647553385,21.391182536,19.1,18.241626136000004,tC/acre,0.2,1.1800000000000002,Grassland without tree/shrub cover
51403440,2015-05-20,5ee179e2-c4a4-4772-afb6-26e537c1695f,a52ce33f-0268-4ef4-9099-06e23ab56715,2015-05-20,53.435788424,22.391912748,68.0,64.94400928000002,tC/acre,0.2,1.1800000000000002,Grassland without tree/shrub cover
51403480,2015-06-09,b08ab6b4-cbc8-4bf9-a3b0-ee4dfa27efc1,4c5a26a5-e667-47d0-a819-2e8f66fcd94f,2015-06-09,53.789089664,22.496592827,13.7,13.084307752,tC/acre,0.2,1.1800000000000002,Grassland without tree/shrub cover
51423100,2015-07-30,28e2d0b4-7ce9-4a50-877d-ff7025724a07,5d7b341c-c55e-42b9-a591-83ce891b7a52,2015-07-30,50.42480151,21.608470964,14.8,9.7985811808,tC/acre,0.2,0.8180000000000001,Grassland without tree/shrub cover
51423258,2015-09-01,d5490fe7-eed4-4db0-899e-265f3cc78d26,dd8378bc-0864-409c-8605-53b5a9620dac,2015-09-01,51.82374348,21.969736604,16.0,15.280943360000004,tC/acre,0.2,1.1800000000000002,Grassland without tree/shrub cover
51423724,2015-07-25,bbe0f367-3fa3-4ae7-8eee-253c1a97347f,86b12200-30fe-4432-a6fb-36df5e16c7bb,2015-07-25,55.938198474,23.215528721,20.8,19.865226368000005,tC/acre,0.2,1.1800000000000002,Grassland without tree/shrub cover
51423742,2015-06-13,f194ea1a-dae0-4fbb-94a3-a7a36f422264,cd4920ba-52cc-4815-b54f-a7a95b3b7bf0,2015-06-13,56.096776923,23.269950812,35.4,33.80908718400001,tC/acre,0.2,1.1800000000000002,Grassland without tree/shrub cover
51424060,2015-06-28,1c06b352-9069-4b7c-a30a-b53e80bec2ee,832e07b0-ecd8-4dd2-b55e-89b5185c1fdf,2015-06-28,58.893767861,24.326209052,34.3,32.758522328000005,tC/acre,0.2,1.1800000000000002,Grassland without tree/shrub cover
51443008,2015-05-29,95b6891a-15b9-44f6-b27a-c96c9fe4d7d0,17ea4225-72e3-4adc-9120-27ef9564538c,2015-05-29,49.606510556,21.437540888,35.2,34.8858756928,tC/acre,0.2,1.2245,Grassland without tree/shrub cover
51443058,2015-07-03,8ccf9026-9de2-42b0-a504-c028b804bf3e,88930ace-c29a-42ef-a31e-3abe0c923dea,2015-07-03,50.049774691,21.544519742,10.9,10.410142664000002,tC/acre,0.2,1.1800000000000002,Grassland without tree/shrub cover
51462960,2015-07-13,a1729fb0-8795-4f4f-a401-66eed5805d39,2608543c-2ade-4193-91c9-23bf543a74d9,2015-07-13,49.178015768,21.364286948,15.4,14.707907984000006,tC/acre,0.2,1.1800000000000002,Grassland without tree/shrub cover
51464314,2015-09-28,9495d01d-df20-4203-af57-3798a16c3255,1fd29a1a-ba46-4a30-b9f1-c4a4d45816ca,2015-09-28,61.113234958,25.394201396,33.6,32.08998105600001,tC/acre,0.2,1.1800000000000002,Temporary grassland
51482704,2015-06-30,89a5ddd8-1350-421e-a9dd-559e84d4c245,65c79dc7-c2b8-40c2-a0e3-da5839927edd,2015-06-30,46.901664045,20.888707127,24.7,23.589956312000005,tC/acre,0.2,1.1800000000000002,Grassland without tree/shrub cover
51484042,2015-06-27,8ac7ae5c-3df4-4d15-9bc6-9961795a2c9d,7769d4c0-0c03-488b-82d6-6715a78aa375,2015-06-27,58.724906313,24.362670717,26.5,25.309062440000005,tC/acre,0.2,1.1800000000000002,Grassland without tree/shrub cover
51542784,2015-07-20,a558bd8b-7d8a-4763-84f4-5af80bca4856,ea161406-e963-4fb3-baab-a9b3b8265046,2015-07-20,47.604705632,21.118764936,24.9,23.780968104000003,tC/acre,0.2,1.1800000000000002,Grassland without tree/shrub cover
51542842,2015-07-04,9c1b18bc-3306-4cb0-9240-b179a153519a,50e3c96f-00ec-40d8-a230-b5812d6236c7,2015-07-04,48.119811325,21.232404504,53.1,50.71363077600001,tC/acre,0.2,1.1800000000000002,Grassland without tree/shrub cover
51543736,2015-08-23,d70576a9-6b1c-4ecb-82ec-b45d08daa7bf,421ef523-3ef1-4199-ac0f-9c9e1ae1d62e,2015-08-23,56.023987264,23.441157498,13.5,15.575757111000003,tC/acre,0.2,1.4255,Grassland without tree/shrub cover
51563304,2015-09-28,538b5dfb-f664-4c6c-8ec9-011e210a5dff,820e14c6-e2f0-4b70-b370-1cf0ea320109,2015-09-28,52.209683615,22.282582566,84.8,46.22550116160001,tC/acre,0.2,0.6735,Grassland without tree/shrub cover
51582792,2015-07-24,0b9c37c0-18ba-41eb-a129-4ca50ffff3b7,1ecb21bd-7ac5-4c7c-88cd-17046df2ba45,2015-07-24,47.670355452,21.187015197,31.3,29.893345448000005,tC/acre,0.2,1.1800000000000002,Grassland without tree/shrub cover
51582994,2015-07-10,605e467b-e75f-44a4-9866-30502c5e783c,47a338d3-4163-494a-b572-f8dfc1abf1fc,2015-07-10,49.462716011,21.599216573,39.9,38.10685250400001,tC/acre,0.2,1.1800000000000002,Grassland without tree/shrub cover
51583080,2015-07-27,ec72f5f5-393a-4e1f-b8b0-5c207a9fb699,dc2ce521-98a8-4abd-8f24-b2cbbfec2dd6,2015-07-27,50.22474018,21.78652748,19.3,18.432637928000005,tC/acre,0.2,1.1800000000000002,Grassland without tree/shrub cover
51602980,2015-07-27,74bbc905-48b3-4afb-a33f-c8d1bf63040c,f8a6e7d3-5625-4a79-b491-673cc89b81a8,2015-07-27,49.335782062,21.59665362,13.3,12.702284168000004,tC/acre,0.2,1.1800000000000002,Grassland without tree/shrub cover
51622792,2015-07-24,d583045b-1242-4451-ac5f-160e1eaee971,fe6a7b6a-fa70-4bc6-94d2-6328348667b2,2015-07-24,47.664913222,21.239753679,23.1,28.9889127066,tC/acre,0.2,1.5505,Grassland without tree/shrub cover
51624084,2015-09-30,2d9e9c5a-847b-43cf-a679-c381302ab2b4,582d0d9b-8b34-4f14-a212-1905e3ebcf9b,2015-09-30,59.067827235,24.755320527,24.8,23.685462208000008,tC/acre,0.2,1.1800000000000002,Grassland without tree/shrub cover
51624372,2015-07-23,c2c28063-8906-48ce-82ac-fb6b40fe3a65,6b121240-53a4-4aa3-8dd0-3ebabf611677,2015-07-23,61.588678681,25.938442796,23.2,22.157367872000005,tC/acre,0.2,1.1800000000000002,Grassland without tree/shrub cover
51642780,2015-07-20,7de9e46e-68a6-437d-a973-1d6e61ef7df3,28f44d1e-b294-4c6a-9acb-c0f2bb856cd7,2015-07-20,47.555612906,21.242622823,16.7,15.949484632000004,tC/acre,0.2,1.1800000000000002,Grassland without tree/shrub cover
51642960,2015-05-21,9ef1f2be-e87a-429b-ba57-0d261111dba3,15512d7b-9177-44c5-98af-92b59c1bfc2c,2015-05-21,49.152820614,21.608589523,21.2,25.8581404048,tC/acre,0.2,1.507,Grassland without tree/shrub cover
51643090,2015-08-24,f325e1d2-135b-4e00-890f-1b190cb42a6a,78c53a9a-357d-4aa2-8aa9-33359627a515,2015-08-24,50.304614063,21.89210589,15.0,14.325884400000003,tC/acre,0.2,1.1800000000000002,Grassland without tree/shrub cover
51643320,2015-09-28,bafc29ee-5da6-4bd5-857a-6184ca640e55,2040ba36-edc0-4054-9be0-b0fec04e9dcc,2015-09-28,52.338918944,22.438140379,13.2,11.3941771416,tC/acre,0.2,1.0665,Grassland without tree/shrub cover
51682726,2015-06-06,4975b1aa-2caa-4f64-86de-167ea7ef0050,ea72c442-3b05-4bd4-be77-5b3eac68a601,2015-06-06,47.070479466,21.190556191,30.5,24.735217692000003,tC/acre,0.2,1.002,Grassland without tree/shrub cover
51703648,2015-05-30,f5be56a0-cfcf-454b-817e-d68aadddc42f,bc11f431-fbee-4717-989b-3a3824bed990,2015-05-30,55.22244406,23.424922468,15.2,14.516896192000004,tC/acre,0.2,1.1800000000000002,Grassland without tree/shrub cover
51704072,2015-08-08,85dce244-e103-4ec9-acb2-86abdcadc7e2,d3d28edb-4f95-4e2f-bc3c-a36318387e87,2015-08-08,58.947744703,24.846298499,22.7,21.679838392,tC/acre,0.2,1.1800000000000002,Grassland without tree/shrub cover
51722996,2015-05-29,b6adf375-3d61-47ad-9215-d74d61b08d13,754a6b6a-6c49-41d8-9ffa-c1c258dd79d9,2015-05-29,49.460469248,21.794605388,24.2,15.8261363392,tC/acre,0.2,0.808,Grassland without tree/shrub cover
51723086,2015-08-18,8ffb8d92-d0eb-44c4-87ea-e7d6cc15e007,d63b4801-77e5-4b8d-b80d-6d10f55e6c3f,2015-08-18,50.257520592,21.994081906,10.2,9.741601392000002,tC/acre,0.2,1.1800000000000002,Grassland without tree/shrub cover
51723090,2015-08-07,0925628a-39f1-4c7e-800a-1a0e5b3af0bc,ba3985f0-93b9-4eee-b224-0c514d7b6c09,2015-08-07,50.29292893,22.003141952,11.3,10.792166248000004,tC/acre,0.2,1.1800000000000002,Grassland without tree/shrub cover
51724116,2015-09-04,046a374e-0c0d-4413-8108-c52af1f47c2f,ea182167-2c23-41e3-a5a5-3865458c3901,2015-09-04,59.329551483,25.048595365,39.6,36.90687757680001,tC/acre,0.2,1.1515,Temporary grassland
51742962,2015-07-31,10a96dcc-46c1-4dce-8874-1698f40be184,e03084e7-c8ac-4eae-86ce-64e22542f1bc,2015-07-31,49.156318879,21.748496254,21.9,24.1240608948,tC/acre,0.2,1.361,Grassland without tree/shrub cover
51762706,2015-06-29,0b435b16-6325-4782-a95a-debf62e1f3bc,39857541-fd8c-42fe-86cc-28eb613480f5,2015-06-29,46.881906604,21.256333781,29.0,27.696709840000008,tC/acre,0.2,1.1800000000000002,Grassland without tree/shrub cover
51763020,2015-07-09,3a3ef6f2-580b-4d69-9ea0-b0dafe2692d4,16d3e3e0-7318-4b80-9831-58493e5ba403,2015-07-09,49.667288809,21.901802448,21.7,20.724779432,tC/acre,0.2,1.1800000000000002,Grassland without tree/shrub cover
51763594,2015-08-24,dd03d4bb-b909-4be3-8b77-bd3097ca9450,eaeee008-e423-4144-8326-5817afc6311b,2015-08-24,54.736931841,23.357960371,18.5,17.668590760000004,tC/acre,0.2,1.1800000000000002,Grassland without tree/shrub cover
51764582,2015-07-30,c7f45f32-acbb-4826-b14a-df44e90abde2,32161c8c-92fc-427e-9fc4-9284307ef31a,2015-07-30,63.389796592,27.217702642,33.9,32.376498744,tC/acre,0.2,1.1800000000000002,Temporary grassland
51783286,2015-09-29,1ab4da5f-35f5-4d2c-9e28-3451d3e22d77,d0ef53ba-022c-4351-9959-29641cd8bcdb,2015-09-29,52.017046517,22.555026419,19.4,18.528143824000008,tC/acre,0.2,1.1800000000000002,Grassland without tree/shrub cover
51783840,2015-05-12,ee947172-c29f-4b9d-9c64-255954a55c97,5d3fb52a-6acf-4dea-b73d-3fb7c9fdb0a4,2015-05-12,56.897377091,24.156414937,33.0,22.649466048,tC/acre,0.2,0.848,Grassland without tree/shrub cover
51802634,2015-06-21,647f0c82-a5e0-42c2-a03f-31971d9b7fcc,7449bb28-7de7-42b1-ae22-9b1c25bd90f5,2015-06-21,46.23656474,21.171835708,23.3,25.345646054400003,tC/acre,0.2,1.344,Grassland without tree/shrub cover
51802752,2015-07-26,041aca3a-13fb-4f2a-9789-16d26854f52f,a48734ab-99eb-45f5-ac01-1169358cb2bd,2015-07-26,47.285000941,21.3977118,36.4,34.76414614400001,tC/acre,0.2,1.1800000000000002,Grassland without tree/shrub cover
51803004,2015-09-08,a7d96875-422e-4b8f-bbd2-36055129f21f,9ba2c3ca-9bd9-4619-8990-d9a898f6ee31,2015-09-08,49.519767577,21.921302398,41.4,39.539440944000006,tC/acre,0.2,1.1800000000000002,Grassland without tree/shrub cover
51803044,2015-08-20,27e5c2c4-93c2-4398-ae7c-b2f70ad0e768,d43e842e-004f-42fb-97f6-d70fe9c513cb,2015-08-20,49.873972882,22.010036474,12.9,12.320260584000003,tC/acre,0.2,1.1800000000000002,Grassland without tree/shrub cover
51822646,2015-12-09,cb73f359-5d5c-497c-8171-8d25dca9e953,d68bd44b-3ea6-48d3-9cf8-bc14badc11dd,2015-12-09,46.340536001,21.220003917,21.3,20.342755848000007,tC/acre,0.2,1.1800000000000002,Grassland without tree/shrub cover
51823794,2015-05-20,2d8ad9b2-ea2d-4420-8f30-60643bb422cf,8fbb9fa6-b314-49ea-8f36-5d03abe991b3,2015-05-20,56.486194499,24.068777918,18.0,17.191061280000003,tC/acre,0.2,1.1800000000000002,Temporary grassland
51843064,2015-08-16,4236e682-023d-4a79-81fb-a924988f9d25,79b2d8ca-a408-4109-84e1-cd1a683c54a4,2015-08-16,50.045119458,22.110236857,10.6,10.123624976,tC/acre,0.2,1.1800000000000002,Grassland without tree/shrub cover
51862672,2015-06-19,57cecee6-e540-4b55-926b-c79fdf06986e,cc8f123e-9f5f-4fa9-a44a-5b93c64cf81b,2015-06-19,46.566152391,21.320797984,23.3,22.8751998988,tC/acre,0.2,1.213,Grassland without tree/shrub cover
51863086,2015-05-28,3905bfc2-203e-47c5-a19e-a44e749c1d0a,15d33623-01b6-46d1-8fd3-ab6217be81b9,2015-05-28,50.236830796,22.188134203,11.4,10.795403736000004,tC/acre,0.2,1.17,Grassland without tree/shrub cover
51863560,2015-08-21,d18333cb-b1e4-4a1d-845e-2b678fcd1cdd,5e28bb26-4844-45df-92a5-d4ce56dbfdd5,2015-08-21,54.420916792,23.41140993,67.6,64.56198569600001,tC/acre,0.2,1.1800000000000002,Grassland without tree/shrub cover
51863740,2015-08-21,cc2510b7-e13e-4b91-a159-8992f1055012,8049c64f-7c39-4e4b-8259-9277310a8674,2015-08-21,56.004631816,23.958073768,18.6,17.764096656000003,tC/acre,0.2,1.1800000000000002,Grassland without tree/shrub cover
51864044,2015-06-20,c7db548a-4838-4bf5-9506-4781d0cb5ea2,85ab89b3-2680-49ef-976b-751437e3193d,2015-06-20,58.672396479,25.011486383,33.5,31.994475160000007,tC/acre,0.2,1.1800000000000002,Grassland without tree/shrub cover
51882740,2015-06-08,295cbae7-531b-4331-8cb9-7b58e9624f94,81fd4dbd-2ec7-40fe-aa6b-fc0ae18e1d50,2015-06-08,47.167365409,21.478659602,10.9,9.170629914600005,tC/acre,0.2,1.0395,Grassland without tree/shrub cover
51902590,2015-12-06,cce8ef5c-a848-4586-bcf5-cdebd906a1e9,8a202bfb-9bff-4f6d-97da-366d4f70b18c,2015-12-06,45.831822043,21.217931846,21.0,20.056238160000003,tC/acre,0.2,1.1800000000000002,Grassland without tree/shrub cover
51902950,2015-06-26,08a81b62-6cc3-41c2-91a5-57947593383a,b0cc1482-ae41-40d7-8d45-bbdd22e42be8,2015-06-26,49.02690889,21.939333179,22.3,25.819088205800007,tC/acre,0.2,1.4305,Grassland without tree/shrub cover
51903238,2015-08-20,ce6c414e-0d42-4886-8748-4975ca3c60de,5c99ea64-757d-4198-b5c9-0757715e5ecc,2015-08-20,51.574516123,22.607155922,24.6,18.536723167200005,tC/acre,0.2,0.931,Grassland without tree/shrub cover
51922944,2015-05-28,f598fa05-820c-4d22-8fb6-409152a196c0,d85fdae4-040c-44cf-ae45-394fe2fac544,2015-05-28,48.970847695,21.953360341,17.6,20.754888070400003,tC/acre,0.2,1.457,Grassland without tree/shrub cover
51923832,2015-05-07,e7927ce8-066f-4b19-a5f6-fcbc79724dce,1f5e76a5-f465-47d3-802d-bc0f96c073f6,2015-05-07,56.802229827,24.354745946,10.0,9.82577608,tC/acre,0.2,1.214,Grassland without tree/shrub cover
51942732,2015-07-19,a8268183-6f10-4fc3-9513-2ccdff70faf5,642cd864-ac9c-4537-bab4-18a4cbd30690,2015-07-19,47.087976115,21.541130603,30.4,29.033792384000005,tC/acre,0.2,1.1800000000000002,Grassland without tree/shrub cover
51942742,2015-07-18,b11d626a-4e04-4261-a0a7-0297ceaab775,1ad8f2fd-dc28-438f-8ce5-00e86c3153b0,2015-07-18,47.176747329,21.560939503,15.4,14.707907984000006,tC/acre,0.2,1.1800000000000002,Grassland without tree/shrub cover
51943752,2015-08-21,9b4ddd25-eb85-4eed-8ccb-6c8e0fcd0d40,aed44538-f038-4a2e-9989-7cac47b57943,2015-08-21,56.09611233,24.122676603,23.1,23.295830527200003,tC/acre,0.2,1.246,Grassland without tree/shrub cover
51963988,2015-08-31,5d53be7f-df68-4197-b590-3a5279c94ec0,0414098d-b451-453d-9fb7-a15353c8b809,2015-08-31,58.163014882,24.969987337,420.3,78.75145044539998,tC/acre,0.2,0.2314999999999999,Grassland without tree/shrub cover
51983844,2015-05-19,1af2da45-c761-49c7-82e9-dcce8aeb9075,cd88db95-9559-47c0-80fe-4e53a3d8bd2b,2015-05-19,56.896757453,24.491860921,48.0,45.84283008000001,tC/acre,0.2,1.1800000000000002,Grassland without tree/shrub cover
52002694,2015-11-07,e8c36cdb-0a02-44c8-b747-e78051c6e51f,53ca1c57-a464-4094-ab4a-d49679c0128d,2015-11-07,46.742206477,21.544339241,11.1,10.601154456,tC/acre,0.2,1.1800000000000002,Grassland without tree/shrub cover
52002906,2015-07-23,1815a9f4-6a16-48a4-b7ae-97ac71396955,0412857e-5fa8-4c93-be0c-a4425a20afca,2015-07-23,48.622551096,21.979059847,28.0,26.74165088000001,tC/acre,0.2,1.1800000000000002,Grassland without tree/shrub cover
52003578,2015-08-21,526981db-0c54-41fe-afbe-be849e815648,dcf684f4-302d-43cf-b6a2-229ac3168b68,2015-08-21,54.555894521,23.6768325,15.6,14.898919776000003,tC/acre,0.2,1.1800000000000002,Grassland without tree/shrub cover
52022992,2015-08-03,dae38a80-3d5c-4f1f-a228-3af508df15f0,6b2a005f-0535-4e8d-a527-776ff7e4b43e,2015-08-03,49.381173509,22.194690692,22.1,21.106803016000008,tC/acre,0.2,1.1800000000000002,Grassland without tree/shrub cover
52023836,2015-05-16,018ed26d-4ac5-4271-9a8a-05c5690c11af,3f142dbb-c7fe-4405-b480-bb40fc5d42d8,2015-05-16,56.819325584,24.528871824,13.9,13.275319544000002,tC/acre,0.2,1.1800000000000002,Grassland without tree/shrub cover
52042582,2015-11-30,eee25d0d-bd94-47cb-bd1e-7c7fb902058c,55dbeaa0-1284-46e5-b8ed-6b8f8dd3a937,2015-11-30,45.74160473,21.381225116,9.6,9.168566016000003,tC/acre,0.2,1.1800000000000002,Temporary grassland
52042996,2015-09-07,a149e771-5060-4ae1-8045-a37988f6d7b4,e644df20-40bb-4326-8d83-798e5c4f3db1,2015-09-07,49.413598722,22.230898746,16.6,15.853978736000004,tC/acre,0.2,1.1800000000000002,Grassland without tree/shrub cover
52043812,2015-07-12,96ef4647-dd33-435a-ac0b-667941bce3a5,bfbf29d0-7821-4620-81e5-810ee6bd6c7e,2015-07-12,56.605125695,24.4795071,28.3,23.2602586278,tC/acre,0.2,1.0154999999999998,Grassland without tree/shrub cover
52043990,2015-09-16,23f5cda9-b30f-49ee-82b6-14b8ca0e2ad4,1586ff97-7980-45bd-8dbb-d459b1422e76,2015-09-16,58.165463522,25.110340771,20.1,19.196685096000003,tC/acre,0.2,1.1800000000000002,Grassland without tree/shrub cover
52044544,2015-06-25,e738a73b-0f54-4ef5-840d-ab03749ae8ff,da245fc9-9c19-4e1c-9022-9836d01c415b,2015-06-25,62.997603108,27.556256077,35.5,33.904593080000005,tC/acre,0.2,1.1800000000000002,Temporary grassland
52083230,2015-06-03,1645b00d-fa31-4d5c-8835-163a71d3ae9d,b7b3fd90-42b0-4935-b667-491d11e3c13f,2015-06-03,51.475774324,22.843205447,74.4,71.05638662400001,tC/acre,0.2,1.1800000000000002,Grassland without tree/shrub cover
52123680,2015-06-07,340fd1ef-c9a5-40a9-9aa3-c70da7c81d39,4a0a0530-07fa-4973-b50e-99366d6e1257,2015-06-07,55.431948307,24.173955718,21.0,20.056238160000003,tC/acre,0.2,1.1800000000000002,Grassland without tree/shrub cover
52124010,2015-06-15,7785c0e5-44f0-4c1e-9874-1a740ff48292,89c689f7-3b3b-49db-8722-3e6f9adf5951,2015-06-15,58.325285261,25.318715794,41.4,39.539440944000006,tC/acre,0.2,1.1800000000000002,Grassland without tree/shrub cover
52124290,2015-06-22,6813c932-d786-49ff-a076-6b40c23a1d75,13c0aa4b-2b2a-4438-9ba6-f4058f3d1cbc,2015-06-22,60.770649296,26.473949833,29.3,27.983227528000008,tC/acre,0.2,1.1800000000000002,Temporary grassland
52164298,2015-06-26,24b1d121-bdf6-4803-b240-4dc3b0dbf42d,bfc7b2d5-04c7-4336-a7d5-b679c1687c67,2015-06-26,60.832010909,26.581319468,36.7,24.282981087000003,tC/acre,0.2,0.8175,Grassland without tree/shrub cover
52223776,2015-08-03,76ba4494-60cf-4022-b1f3-296133607711,66511a71-99cc-4391-b715-ccab3b2c3d7c,2015-08-03,56.256670317,24.644293733,21.2,20.247249952,tC/acre,0.2,1.1800000000000002,Grassland without tree/shrub cover
52223970,2015-07-26,21413f08-cab3-4107-98d3-ca9637605349,461843ec-4b1b-4193-937c-f98566e98503,2015-07-26,57.95610614,25.333740851,16.7,17.152454235599993,tC/acre,0.2,1.269,Grassland without tree/shrub cover
52243888,2015-07-24,1ccbab83-ec79-4f9d-a217-cb28e35a1179,a5944364-6755-4ec0-b3d1-1ed63efbe0ed,2015-07-24,57.234524899,25.065712567,18.0,18.64793088,tC/acre,0.2,1.28,Grassland without tree/shrub cover
52263284,2015-10-08,66e962a9-80e5-4ea1-a804-bce7d0850bc9,442c919d-989f-48aa-877e-e739fdf2508c,2015-10-08,51.923355488,23.239076108,14.2,13.561837232000002,tC/acre,0.2,1.1800000000000002,Grassland without tree/shrub cover
52323570,2015-08-19,6b10d332-9c56-4cd5-9a11-912abe2a304f,c9738432-f9c1-4cb8-a650-08faf5c6d484,2015-08-19,54.430469109,24.138444402,34.1,32.56751053600001,tC/acre,0.2,1.1800000000000002,Grassland without tree/shrub cover
52343610,2015-07-08,cef9d678-0422-43cc-bce4-d1a6ffd0c205,5dd5960d-07dd-4b08-9b99-2a6b645853a7,2015-07-08,54.778312648,24.292382375,16.2,15.471955152000003,tC/acre,0.2,1.1800000000000002,Grassland without tree/shrub cover
52362556,2015-06-11,8805b66a-d6a7-4937-9278-c8c247c723a0,48ae8560-5392-4069-8671-22f78c943a1b,2015-06-11,45.465941605,21.737741917,16.3,17.3946588066,tC/acre,0.2,1.3185,Grassland without tree/shrub cover
52363000,2015-08-28,0cbf06de-87d6-45eb-81a8-23fc8316b0fe,6bee7105-32d1-48e2-8ed0-821c41211d8a,2015-08-28,49.400404374,22.675716909,13.9,13.1121906174,tC/acre,0.2,1.1655,Grassland without tree/shrub cover
52363758,2015-05-29,31dfbccf-bebf-4920-b38d-13218175f007,72ee7772-665b-4458-8501-859f65586d02,2015-05-29,56.073204754,24.804481887,30.9,31.762185396000003,tC/acre,0.2,1.27,Grassland without tree/shrub cover
52364022,2015-06-13,916358f2-6f8a-4283-882d-6e7e6fc09811,378dcc29-3c9b-48e8-8cff-c5a1e1123fdc,2015-06-13,58.383474271,25.765315488,22.8,25.253863269600004,tC/acre,0.2,1.3685,Grassland without tree/shrub cover
52383540,2015-06-14,1ba0e3c6-7242-48df-9a7f-f759a1d1b065,e80c3e74-f1da-4c74-9c27-29f6fba384b8,2015-06-14,54.156377757,24.137857702,16.1,15.083254249,tC/acre,0.2,1.1575,Grassland without tree/shrub cover
52383602,2015-06-15,1dfcf37c-6a1c-49ab-a8a1-084291c6331a,c82f3da6-865c-49cd-b51c-105c2b07c3a0,2015-06-15,54.700974671,24.328411059,12.7,13.002965865999998,tC/acre,0.2,1.265,Grassland without tree/shrub cover
52384108,2015-08-13,7f1e9ff5-44f9-4ea0-b31c-0133262eb8f6,3c30a606-8295-4586-b698-c2021e49ab50,2015-08-13,59.13025443,26.14447965,17.1,16.331508216000007,tC/acre,0.2,1.1800000000000002,Grassland without tree/shrub cover
52402654,2015-12-13,844166ee-dad2-4a93-abf5-ca6beb1544f7,8a70ad22-fb5f-44ec-8fd1-482fe37b9a3a,2015-12-13,46.33027318,21.980850923,20.3,19.864174184400007,tC/acre,0.2,1.209,Grassland without tree/shrub cover
52403578,2015-06-14,0efd6705-4d7e-4f6b-8a70-295b5019ee45,95585c45-fda0-4f6c-b417-4ae41a622964,2015-06-14,54.486677424,24.284254422,20.3,19.609505284600004,tC/acre,0.2,1.1935,Grassland without tree/shrub cover
52403862,2015-09-13,96839124-4e47-49c8-b7a5-1a3bd8377163,2b14b201-f86c-465e-92a2-8327367ec941,2015-09-13,56.976659169,25.230760695,38.3,36.578758168,tC/acre,0.2,1.1800000000000002,Grassland without tree/shrub cover
52423744,2015-05-29,2a395de8-014d-44ef-a9a8-f24f9133b428,343d318e-26fc-46a7-a60c-ad657e87e7f3,2015-05-29,55.939436141,24.851448268,16.1,17.057433962799998,tC/acre,0.2,1.309,Grassland without tree/shrub cover
52442774,2015-11-10,d30ddae5-ebb3-4ccc-9afb-bd94a27d50c3,231128a8-1984-48df-87fb-bcb02cb780d9,2015-11-10,47.388314201,22.280262908,17.8,17.000049488000005,tC/acre,0.2,1.1800000000000002,Grassland without tree/shrub cover
52442852,2015-08-08,de6ef63b-fc6d-4ac8-a256-0fa7e178e063,d1c92280-e88c-418c-aa5f-af84bb0f6ea9,2015-08-08,48.079038033,22.448602946,14.5,13.848354920000004,tC/acre,0.2,1.1800000000000002,Grassland without tree/shrub cover
52442860,2015-07-04,fde4d5aa-3680-4b64-9b41-cfc963cd69cd,c18ccedd-52ce-41d7-b1bc-2ff2f93ea94d,2015-07-04,48.149847376,22.466198669,38.2,36.48325227200001,tC/acre,0.2,1.1800000000000002,Grassland without tree/shrub cover
52483612,2015-07-08,cdd84f58-2b7c-4a27-8d14-f61cf93092a3,8d2ad1e7-0db1-425f-bda6-b6854c8df222,2015-07-08,54.770898916,24.512349587,24.8,23.685462208000008,tC/acre,0.2,1.1800000000000002,Grassland without tree/shrub cover
52503606,2015-08-15,4503f9a0-b507-4315-a2bc-dc328a4854f1,b259effa-0663-47c2-9de0-80501abc49aa,2015-08-15,54.714652597,24.523833423,15.1,14.421390296000004,tC/acre,0.2,1.1800000000000002,Grassland without tree/shrub cover
52503854,2015-06-06,2e530ba8-35b7-4ef1-8452-607126b54bf2,20512ac7-0237-4468-b5f5-70dcdbb21352,2015-06-06,56.88758628,25.362648314,24.4,23.7280351752,tC/acre,0.2,1.2015,Grassland without tree/shrub cover
52542654,2015-12-10,192f9fc4-7c5e-4d17-8f66-96db94855221,10579864-8859-4384-8d0c-89bc8c2c9bda,2015-12-10,46.309856175,22.160557118,16.7,15.949484632000004,tC/acre,0.2,1.1800000000000002,Grassland without tree/shrub cover
52543650,2015-06-09,d54f81fd-1719-4d64-80a3-64afe18a8397,91eb4978-2c39-4702-b2a4-b6cc9774a2fc,2015-06-09,55.093367909,24.726235315,13.3,12.702284168000004,tC/acre,0.2,1.1800000000000002,Grassland without tree/shrub cover
52562578,2015-06-21,99c77d62-7307-426c-ae52-e7b3f34ad667,486f8e05-c7ba-4ea6-bf24-8d417317e337,2015-06-21,45.632638962,22.033760475,17.7,17.305668355199998,tC/acre,0.2,1.208,Grassland without tree/shrub cover
52602782,2015-11-23,a1c941d4-210c-4741-8e0a-616dfe3af511,86b013d1-7714-4ad8-bb4b-de65f5eadc61,2015-11-23,47.435137472,22.506897464,10.5,10.028119080000002,tC/acre,0.2,1.1800000000000002,Grassland without tree/shrub cover
52643868,2015-09-14,5f09dae9-17e1-478a-8e97-06459956f7a2,39ff0dc5-077f-4767-835b-9050060ca866,2015-09-14,56.98294892,25.638644528,26.5,25.309062440000005,tC/acre,0.2,1.1800000000000002,Grassland without tree/shrub cover
52663594,2015-06-15,841e9d2f-f387-43e7-b426-f21b8c7dc979,eec2b315-15fc-46de-a80a-59ca32514817,2015-06-15,54.580421535,24.728978296,16.4,14.899729148,tC/acre,0.2,1.1225,Grassland without tree/shrub cover
52663690,2015-09-07,17ed1ab0-b129-4ee6-9bca-86b40003c096,89ba0182-e022-48eb-844c-c3b0e7b5df6d,2015-09-07,55.421769976,25.043539442,12.3,11.747225208000003,tC/acre,0.2,1.1800000000000002,Grassland without tree/shrub cover
52663864,2015-09-14,eb3657f7-d7c5-4e73-8c75-ae639646b338,da072b55-a9f9-4cb1-90d1-8e9f79370f59,2015-09-14,56.944091277,25.656027183,18.7,15.6801256304,tC/acre,0.2,1.036,Grassland without tree/shrub cover
52701824,2015-09-28,df757b99-e7fa-4828-8816-7b2227b09ae1,d541103a-3320-4c68-a6c6-f07d9188a5b3,2015-09-28,38.890303946,20.911311833,18.5,17.668590760000004,tC/acre,0.2,1.1800000000000002,Grassland without tree/shrub cover
52722726,2015-11-30,80a9d77d-8997-4d17-9e9a-99150309566d,3bec9b13-67c2-4b19-8814-c9ed02f3b37f,2015-11-30,46.921065972,22.542893556,19.6,18.71915561600001,tC/acre,0.2,1.1800000000000002,Grassland without tree/shrub cover
52722766,2015-11-24,9012bbc5-d058-4c7e-a646-d3b220439212,5c54e9ac-24c6-45fa-babe-93b489f005b1,2015-11-24,47.275221758,22.629100846,23.9,22.825909144,tC/acre,0.2,1.1800000000000002,Grassland without tree/shrub cover
52723768,2015-08-01,94c0c7b2-c358-45bc-8d05-5920f4435006,fb2ad7e4-f4d1-4c3f-ae32-848ac72aa11b,2015-08-01,56.093162295,25.405429384,26.8,25.59558012800001,tC/acre,0.2,1.1800000000000002,Grassland without tree/shrub cover
52802546,2015-12-03,523a71d1-daaa-430a-b81e-bda72195bbcf,3ec50a7d-f3a8-45a1-931c-434a9f83172c,2015-12-03,45.313499683,22.273589036,16.9,16.140496424000002,tC/acre,0.2,1.1800000000000002,Grassland without tree/shrub cover
52804152,2015-08-01,1f85c05d-2ba9-44e3-99f8-0fd0579f60e2,a5f9e78d-e354-4ca6-93d9-ff26ec0322d3,2015-08-01,59.425915746,27.048454032,23.0,21.966356080000004,tC/acre,0.2,1.1800000000000002,Grassland without tree/shrub cover
52843636,2015-07-05,2a9b2a82-3eae-450e-b386-ea1173df7463,d7124b76-7b77-4c38-9a7e-86b367994cc0,2015-07-05,54.915188372,25.140020997,11.6,11.078683936000004,tC/acre,0.2,1.1800000000000002,Grassland without tree/shrub cover
52843966,2015-09-12,2f89e0e2-3bf3-4cc2-b463-fee4d6358b22,11ce9258-d4f7-4430-90e3-eb11b745f118,2015-09-12,57.798408559,26.338347486,57.1,54.53386661600001,tC/acre,0.2,1.1800000000000002,Temporary grassland
52861882,2015-07-18,1f516474-8a62-4d72-9c8b-66762f2a1718,355e9b5f-05df-420b-9930-15bc5d8eff16,2015-07-18,39.3887418,21.181522203,60.2,41.683548309200006,tC/acre,0.2,0.8554999999999999,Grassland without tree/shrub cover
52882778,2015-10-04,d712091f-5021-474e-b778-7b13cc4723c2,797827c7-c2fc-4e32-ae70-719cb3958b3e,2015-10-04,47.35670411,22.86444107,23.8,24.464078072000007,tC/acre,0.2,1.27,Grassland without tree/shrub cover
52884030,2015-06-22,bea0a50d-1885-4a9f-a1ca-c083f993d836,7202543d-b78a-408f-aee1-9611f28bc80d,2015-06-22,58.347672154,26.66343605,14.3,18.917735036200003,tC/acre,0.2,1.6345,Grassland without tree/shrub cover
52902694,2015-11-22,e368b129-e18c-4c90-9c28-e9619504e286,f3fcf78e-fe90-408e-aadb-c64bc74cef8e,2015-11-22,46.610221924,22.70713211,62.3,59.500173208000014,tC/acre,0.2,1.1800000000000002,Grassland without tree/shrub cover
52902802,2015-11-25,f3693a49-f558-429a-878d-49a550408802,7a727d28-0a59-47b6-adeb-79b0768ff041,2015-11-25,47.565835791,22.944231273,20.8,19.865226368000005,tC/acre,0.2,1.1800000000000002,Grassland without tree/shrub cover
52903758,2015-08-13,eba24953-b551-4a21-8a46-e63512a0da5a,1b0a5dad-2dc0-4173-968f-74b77ef0b99f,2015-08-13,55.97099393,25.652539567,12.0,11.460707520000003,tC/acre,0.2,1.1800000000000002,Grassland without tree/shrub cover
52923738,2015-07-11,038f89d4-bcf6-4b3e-8cc4-01fd19084090,f4471633-3465-4aad-bd08-901eaa4c3083,2015-07-11,55.792308016,25.612884288,14.8,15.12311582,tC/acre,0.2,1.2625,Grassland without tree/shrub cover
52962830,2015-10-13,ba6ea2e0-cfd7-4389-b07e-70a7301f7270,8799776f-f3e6-492f-a982-b7f776d1b610,2015-10-13,47.80389138,23.086608095,21.5,20.533767640000004,tC/acre,0.2,1.1800000000000002,Grassland without tree/shrub cover
52963774,2015-07-12,af04b097-f6d2-4a9e-a1c3-e2bcd3a47342,85490900-5280-4fc9-81c4-affac8b6642d,2015-07-12,56.099060539,25.804057217,10.9,11.420279388600004,tC/acre,0.2,1.2945,Grassland without tree/shrub cover
52963864,2015-08-18,f29c2c96-91cb-41b0-b9d0-87982dd55e11,efe7d67e-cb84-4f43-8010-f0373e7c5c82,2015-08-18,56.884666244,26.137128589,17.4,16.618025904,tC/acre,0.2,1.1800000000000002,Grassland without tree/shrub cover
52982574,2015-12-14,c36480ab-f637-4863-82bf-99f19a5d5d80,e74f5b6b-cb74-4fa3-a954-761c2459d94c,2015-12-14,45.534899473,22.557445937,25.7,24.108197203600003,tC/acre,0.2,1.159,Grassland without tree/shrub cover
53023608,2015-08-16,f6ad9784-9462-42c0-bdbe-abdd84c007f7,c1ecde1d-f176-4df2-9b74-adf1733d6a06,2015-08-16,54.63614699,25.32105437,12.3,11.747225208000003,tC/acre,0.2,1.1800000000000002,Grassland without tree/shrub cover
53041990,2015-05-09,551d57fc-39d2-4512-b5d1-a76c4c4259e7,4e6f965e-f595-4b7d-a8cd-1bf445124a60,2015-05-09,40.33004679,21.560330766,64.0,61.123773440000015,tC/acre,0.2,1.1800000000000002,Grassland without tree/shrub cover
53042044,2015-09-17,3a0fb6f1-96b2-42da-a9e5-5dd2774523e8,4425549e-5ebb-406e-97dd-8be0fd85994b,2015-09-17,40.812194998,21.649414295,22.6,26.568849958,tC/acre,0.2,1.4525,Grassland without tree/shrub cover
53043942,2015-08-30,b899dbfc-5118-484a-99f8-c34638df1a44,3f3eabab-e235-44ac-9dc5-9cffe49d4942,2015-08-30,57.548209464,26.569546815,24.1,23.016920936000005,tC/acre,0.2,1.1800000000000002,Grassland without tree/shrub cover
53082736,2015-11-11,1d32ba99-1f76-471d-988b-cf6d0eff8165,504f81a8-2a12-4e28-b64d-0f5c42847a60,2015-11-11,46.953870627,23.031511244,10.1,9.646095496,tC/acre,0.2,1.1800000000000002,Grassland without tree/shrub cover
53083804,2015-07-05,aaa42fed-275a-46f1-8124-e246e634320e,5dbbb521-e83e-4d37-ade2-c757c51512ee,2015-07-05,56.337152928,26.102899866,16.3,15.567461048000002,tC/acre,0.2,1.1800000000000002,Grassland without tree/shrub cover
53083858,2015-09-23,01306ce3-e4a8-4d3a-b42e-2e3b8020b8d4,638b597d-eb6a-4249-9a49-aefdb0855f9a,2015-09-23,56.808099126,26.306213823,29.9,35.247624508200005,tC/acre,0.2,1.4565,Grassland without tree/shrub cover
53102804,2015-11-24,99437e44-fa48-44a2-bf27-75791df37a54,ceb15ceb-5341-4631-a003-94efa8451e91,2015-11-24,47.551817214,23.211038407,21.8,20.820285328000004,tC/acre,0.2,1.1800000000000002,Grassland without tree/shrub cover
53123776,2015-07-11,321bc733-5879-462d-89d7-c9ea89a5201d,fadf955e-3e37-4c6b-bb26-de4aa7d5a74b,2015-07-11,56.084845099,26.062566408,23.5,20.713043538,tC/acre,0.2,1.089,Grassland without tree/shrub cover
53182602,2015-09-04,99eda51f-3493-4cb8-bea4-00f9ff7261e1,83fc9778-a14f-4b1f-a2cd-026f5f4c4298,2015-09-04,45.752337752,22.869132602,23.2,22.5141390496,tC/acre,0.2,1.1989999999999998,Grassland without tree/shrub cover
53183750,2015-07-11,316dfa8c-0e2e-423d-8414-d16159b9ffdf,c4fb3c2f-4b40-42c6-ad00-f5569873dcbc,2015-07-11,55.845992819,26.061469255,54.6,31.2214439628,tC/acre,0.2,0.7065,Grassland without tree/shrub cover
53203962,2015-08-30,7da6ca77-2c64-416d-95e0-fcbbaa9ab9d2,6522eb22-690b-4568-93eb-0a772e8613c4,2015-08-30,57.688834348,26.911017311,12.4,11.842731104000004,tC/acre,0.2,1.1800000000000002,Grassland without tree/shrub cover
53221972,2015-08-29,f5b7ac62-99af-4e7b-bf5f-d4b37a7bc697,c9bc20bb-f333-47e4-a5b8-40960cc0aae0,2015-08-29,40.144351179,21.739502059,67.0,63.988950320000015,tC/acre,0.2,1.1800000000000002,Grassland without tree/shrub cover
53222484,2015-12-08,e03589b3-602f-47df-a168-78225f1f27e4,2c729006-5c6c-4c91-9d1d-4a24a631f253,2015-12-08,44.700468093,22.675180604,13.2,12.606778272,tC/acre,0.2,1.1800000000000002,Grassland without tree/shrub cover
53241996,2015-08-19,4f70bbc1-ca06-4473-a41a-98ec2788a53f,9a11e160-b9f6-4a19-9104-fb9833e99717,2015-08-19,40.355837197,21.802496934,12.0,11.460707520000003,tC/acre,0.2,1.1800000000000002,Grassland without tree/shrub cover
53281994,2015-09-12,a3a029f0-45e3-4fd5-b8f7-887eacd91378,49d8ec1e-2b9d-40ff-b3d5-4ff65a7ebddc,2015-09-12,40.332359458,21.845600605,41.4,39.539440944000006,tC/acre,0.2,1.1800000000000002,Grassland without tree/shrub cover
53282678,2015-06-24,55589a30-b67c-4737-8a0a-8162606caad4,f79fba3b-fff0-4883-ae78-e4067398a224,2015-06-24,46.409243795,23.161040428,11.1,9.711735565199998,tC/acre,0.2,1.081,Grassland without tree/shrub cover
53303718,2015-09-27,23149f90-f4d1-419b-97b9-8d812fd8ace7,c464db4b-c9de-4e06-bd37-44faa9c8e6dd,2015-09-27,55.542812798,26.131910636,44.6,42.59562961600001,tC/acre,0.2,1.1800000000000002,Grassland without tree/shrub cover
53383842,2015-06-29,03633ca0-3848-4873-b275-f0dd643de050,713a16ee-bddd-460a-ad2b-c1db4c42863d,2015-06-29,56.607066461,26.722223264,17.6,16.809037696000004,tC/acre,0.2,1.1800000000000002,Grassland without tree/shrub cover
53422612,2015-10-29,babe1621-af8b-4268-b633-1c03c7c8fd37,d417213e-b6a0-4483-bdc0-ebf8a1551d8b,2015-10-29,45.8031421,23.195103864,16.5,15.75847284,tC/acre,0.2,1.1800000000000002,Grassland without tree/shrub cover
53422734,2015-09-18,de45416f-3aad-47d6-b562-949fe7808f1f,6e464364-07f8-4052-9adf-f414697dec95,2015-09-18,46.881704571,23.467344495,38.4,35.4466086144,tC/acre,0.2,1.1405,Grassland without tree/shrub cover
53441970,2015-10-09,b021ad4d-220b-41bd-b1ee-92a6cc2dcd7d,43e095f6-3cfa-4fcf-b833-9f85e82c24f0,2015-10-09,40.095468913,21.990720026,67.2,64.17996211200003,tC/acre,0.2,1.1800000000000002,Grassland without tree/shrub cover
53443794,2015-06-08,8aad54a6-cff1-4786-af05-0fb69fdd248b,98d1b908-baaa-4e97-a5a3-298c8090e974,2015-06-08,56.176762178,26.632218304,28.3,30.177637363,tC/acre,0.2,1.3175,Grassland without tree/shrub cover
53462368,2015-07-11,d64b82ed-3fee-481c-a12c-2021aa9c50d4,d24e7904-e8fd-48ad-a714-eb2927dd9186,2015-07-11,43.634739324,22.739652379,34.3,30.3432753428,tC/acre,0.2,1.093,Grassland without tree/shrub cover
53503690,2015-06-19,5b3dd44f-5081-4d0a-bdc9-5884c1410aa7,a9217969-dee4-4fca-91cb-46d27ca65c1e,2015-06-19,55.258373911,26.338987041,32.4,26.6038957656,tC/acre,0.2,1.0145,Grassland without tree/shrub cover
53503756,2015-07-30,dc3ff52a-6c55-4d17-b318-66e005b6ca7c,67dd432b-fe28-41c2-9f5d-6c6d66830a97,2015-07-30,55.833478034,26.582382529,31.9,30.46638082400001,tC/acre,0.2,1.1800000000000002,Grassland without tree/shrub cover
53521934,2015-07-04,9ef7a127-cca3-4ddf-bb2a-63422444d9a7,3abf0996-ea5c-4751-8432-615c2dcbb769,2015-07-04,39.762685809,22.022630423,16.1,15.376449256000006,tC/acre,0.2,1.1800000000000002,Grassland without tree/shrub cover
53522622,2015-10-29,78d179d7-a252-47e3-a2b6-04b1e70114ce,35489613-1ad9-413b-a773-1aa4ee079285,2015-10-29,45.875596749,23.343955203,12.7,12.129248792000002,tC/acre,0.2,1.1800000000000002,Grassland without tree/shrub cover
53522708,2015-09-21,9c5f53ec-9239-45d5-ac9a-276778422d62,911782bc-af95-46ca-b39f-9cb787db31f9,2015-09-21,46.63570851,23.536927496,22.1,21.741795818600004,tC/acre,0.2,1.2155,Grassland without tree/shrub cover
53523916,2015-05-19,a99fec0f-c07d-4826-b523-990cd1908b49,48ab90a0-1e7c-4e79-ba24-fbd9137b8dc9,2015-05-19,57.220884829,27.241398872,31.0,29.60682776000001,tC/acre,0.2,1.1800000000000002,Grassland without tree/shrub cover
53542700,2015-10-06,a783f1d6-2b46-454b-8632-8e59a45c90b3,74679de6-31a1-4094-ab54-0f9a591d5943,2015-10-06,46.561766908,23.544394688,15.9,16.2278276628,tC/acre,0.2,1.261,Grassland without tree/shrub cover
53542764,2015-10-29,a30189fe-e6a8-44f4-8a29-ec6f59d780bd,e511b51b-0074-4fd1-bac1-d335c754935c,2015-10-29,47.126895063,23.692444542,24.6,23.494450416000006,tC/acre,0.2,1.1800000000000002,Grassland without tree/shrub cover
53562846,2015-09-13,3ada5d35-8671-4bf4-8e16-189d2b22b82c,03baa111-ef92-43a1-b55c-68450136e75f,2015-09-13,47.846905178,23.914569362,20.5,19.006280333000003,tC/acre,0.2,1.1455,Grassland without tree/shrub cover
53563756,2015-04-28,e257ca1b-b54b-4fb2-827d-bbc865a857e0,1ca18291-e7d8-427c-93c9-5e0e3f76fdf6,2015-04-28,55.821098736,26.675784466,18.5,17.668590760000004,tC/acre,0.2,1.1800000000000002,Grassland without tree/shrub cover
53581926,2015-07-04,5f62c7c4-5a69-4ccf-82a6-e3f1ad6f2aed,bf33cb44-7f8d-4f23-b706-48f11a091f4d,2015-07-04,39.682674421,22.0782283,78.6,75.067634256,tC/acre,0.2,1.1800000000000002,Grassland without tree/shrub cover
53581972,2015-07-02,0ad4a2b4-1e69-4bb0-8660-35bbb25eb40c,fc5deab4-0c12-457c-be05-6a8c77e591c5,2015-07-02,40.093228797,22.15598033,22.5,21.488826600000007,tC/acre,0.2,1.1800000000000002,Grassland without tree/shrub cover
53602536,2015-12-04,d67a9ea3-942b-4d31-b534-b73a3d4bc54a,791d08b9-0401-4a45-b22f-fb505272851a,2015-12-04,45.101907163,23.258142729,25.5,24.354003480000003,tC/acre,0.2,1.1800000000000002,Grassland without tree/shrub cover
53642722,2015-09-12,60fa6227-89a2-412c-a7de-6e9c47acdf5d,a540b964-246c-4957-9dfd-346d50462d41,2015-09-12,46.73957287,23.723827353,35.4,33.80908718400001,tC/acre,0.2,1.1800000000000002,Grassland without tree/shrub cover
53722304,2015-09-12,94ddbb1b-787f-4d0f-a784-414f83aa29d9,9142c149-6cf9-47d0-80f3-97a4c670c423,2015-09-12,43.026724475,22.929831194,48.0,45.84283008000001,tC/acre,0.2,1.1800000000000002,Grassland without tree/shrub cover
53722722,2015-09-12,5384d742-3e16-43ca-8e42-d5fd96bc1c16,bf388054-5194-4a5c-8f8e-233873ef2034,2015-09-12,46.726253826,23.826975046,48.1,45.93833597600002,tC/acre,0.2,1.1800000000000002,Grassland without tree/shrub cover
53723764,2015-08-21,6ebc0a28-7c7f-4a4d-b754-280004e3f8ac,abe0bac1-8b7b-40a2-948f-52c85d2b43c0,2015-08-21,55.857332135,26.955233293,13.2,13.242459040800002,tC/acre,0.2,1.2395,Grassland without tree/shrub cover
53723796,2015-06-26,d598279c-a663-4bbe-bc5c-b00ccc20c27c,0365acd6-b3bd-4fe1-b92d-8d3d64890ff1,2015-06-26,56.135550073,27.079114892,12.6,12.033742896000003,tC/acre,0.2,1.1800000000000002,Grassland without tree/shrub cover
53743864,2015-08-24,12a964d2-fab7-4bb3-8c3e-e62b1d456b3a,3fec034c-4ff1-4231-8f8d-234fffcf85a9,2015-08-24,56.721949054,27.381270609,18.3,18.092256533400004,tC/acre,0.2,1.2215,Grassland without tree/shrub cover
53762404,2015-11-27,c30451b4-4824-445b-98da-f5618fe20e4a,62ddfc7e-37da-44af-a802-ab9663e1dbcf,2015-11-27,43.907395732,23.179688775,36.0,36.46544608800001,tC/acre,0.2,1.2515,Grassland without tree/shrub cover
53762766,2015-10-29,509ddbbf-e943-4f15-a14e-21de1f65883f,fc41f13b-e252-478d-bfdb-7c0fac173242,2015-10-29,47.107708631,23.982847056,9.6,9.168566016000003,tC/acre,0.2,1.1800000000000002,Grassland without tree/shrub cover
53763912,2015-05-20,ca37e0b2-d010-4d1b-abd5-b0127de9ac25,32c67590-51ee-4a25-8233-16666d7bb7ec,2015-05-20,57.134074816,27.610608815,20.8,19.865226368000005,tC/acre,0.2,1.1800000000000002,Grassland without tree/shrub cover
53781928,2015-05-21,53484e7f-6019-4aa6-9a29-01d1545d7f81,d2118a72-e90d-404a-be53-7fe3885d536d,2015-05-21,39.671571403,22.311354302,18.0,17.191061280000003,tC/acre,0.2,1.1800000000000002,Grassland without tree/shrub cover
53782648,2015-09-13,c59e609f-c95d-4e11-9b1d-97cffe9dc32c,9614fa89-3737-4b22-ad78-5d4a35f1ef43,2015-09-13,46.062928729,23.732944495,26.7,27.174867243,tC/acre,0.2,1.2574999999999998,Grassland without tree/shrub cover
53802286,2015-09-13,48e146ef-da64-45cf-92ec-db0fbaf6c9c8,5895d6de-cacd-4845-9322-76c20af858d4,2015-09-13,42.854547983,22.99107557,18.7,17.859602552000005,tC/acre,0.2,1.1800000000000002,Grassland without tree/shrub cover
53802730,2015-10-19,07873804-74a8-4e31-a572-a021bf28468e,6ef635f9-9029-4cee-894a-e57d3bf1b145,2015-10-19,46.783415944,23.948961176,21.5,20.533767640000004,tC/acre,0.2,1.1800000000000002,Grassland without tree/shrub cover
53802754,2015-10-20,6af07be8-9574-4071-a9b5-5389e95ba9b2,3f0c4121-3590-4ac0-b2aa-e8b3fcfa7f48,2015-10-20,46.995109102,24.006008938,17.2,16.427014112000005,tC/acre,0.2,1.1800000000000002,Grassland without tree/shrub cover
53803894,2015-05-06,159f243e-78ee-452f-a0c6-076cb7893e73,45d41bcc-70eb-4d9e-997d-f7dbe51f738e,2015-05-06,56.969200543,27.599838002,12.9,12.320260584000003,tC/acre,0.2,1.1800000000000002,Grassland without tree/shrub cover
53822836,2015-10-23,f9da59a7-68d4-41ad-8d9f-bfd90ee4565c,fc7a1210-fa56-47e2-bbca-c74d4b4614b6,2015-10-23,47.714431448,24.231703829,19.1,18.241626136000004,tC/acre,0.2,1.1800000000000002,Grassland without tree/shrub cover
53842528,2015-12-04,8cf537c5-4830-4372-a92a-d84ffc1f3cf3,50825a2b-d1ff-4629-b621-c072df42b8a6,2015-12-04,44.99242909,23.541228938,16.7,15.949484632000004,tC/acre,0.2,1.1800000000000002,Grassland without tree/shrub cover
53843780,2015-06-26,d60ba966-1ee4-41ce-8e04-742b4af729ca,45ecc3d9-5772-4fb5-989f-7346dd2d94e4,2015-06-26,55.970980773,27.204176369,13.2,12.606778272,tC/acre,0.2,1.1800000000000002,Grassland without tree/shrub cover
53882276,2015-07-04,b3820d31-bd18-45b9-ae53-695895cfac57,8691585b-6f1c-421d-a5da-607292022450,2015-07-04,42.753322883,23.067798722,23.4,19.8957396924,tC/acre,0.2,1.0505,Grassland without tree/shrub cover
53922490,2015-12-06,b810cae2-5ee2-4376-b4cc-c7761e483ce9,d74172c8-c93d-4395-852b-b3702355756f,2015-12-06,44.64324121,23.558491371,10.2,9.741601392000002,tC/acre,0.2,1.1800000000000002,Grassland without tree/shrub cover
53923834,2015-08-23,729d2221-b2be-4f7a-b033-798062b260b5,92d8e39d-5f7a-4a59-a28c-8192611e8ddd,2015-08-23,56.422534496,27.544474457,16.7,16.2062983676,tC/acre,0.2,1.1989999999999998,Grassland without tree/shrub cover
53942332,2015-08-13,96f5f658-9e6c-4640-aae6-32660d7d1680,d2070873-d532-4139-8119-f5d01fd9ee1f,2015-08-13,43.240641552,23.252355142,12.9,12.320260584000003,tC/acre,0.2,1.1800000000000002,Grassland without tree/shrub cover
53943778,2015-06-07,80a94e4d-102c-4aa3-867c-373e91d481e8,cb4cad3f-851c-476d-8caa-3355bd7e78d6,2015-06-07,55.932175273,27.352178546,16.3,15.567461048000002,tC/acre,0.2,1.1800000000000002,Grassland without tree/shrub cover
53943800,2015-06-27,3d637d57-3497-437c-8bdb-57edf9c6ab2f,9f244f62-addf-454b-859e-15835008c402,2015-06-27,56.123159112,27.439309127,13.7,13.084307752,tC/acre,0.2,1.1800000000000002,Grassland without tree/shrub cover
53982726,2015-10-19,5b88df1f-25b7-4bcf-bf65-5978a4ad7d0c,0864b7d8-6243-46b2-9fd0-aed7c907e509,2015-10-19,46.717554414,24.171461236,36.4,34.76414614400001,tC/acre,0.2,1.1800000000000002,Grassland without tree/shrub cover
54022244,2015-08-12,05614acf-948f-4e38-a9e5-0e4d7121d2d9,39299146-5f8e-45cc-991d-bc099609d95b,2015-08-12,42.447351592,23.172834619,16.0,15.280943360000004,tC/acre,0.2,1.1800000000000002,Grassland without tree/shrub cover
54042624,2015-09-14,2d83b841-0aea-43bc-9cb5-31401885383f,44e87422-ed67-4f51-b21a-a56d7915576f,2015-09-14,45.807527565,24.008202266,14.2,12.2343862148,tC/acre,0.2,1.0645,Grassland without tree/shrub cover
54162492,2015-12-10,53a22b5d-69a1-4c7f-9fd5-db07a395ca35,5a7fc16d-0f3c-4eae-91ed-42afc6a8fa6e,2015-12-10,44.621391167,23.860868799,10.6,10.123624976,tC/acre,0.2,1.1800000000000002,Grassland without tree/shrub cover
54282742,2015-12-06,b2cb7232-a173-4241-bf9e-3b9c6cb83e59,51f3ba30-fbe5-42e5-b3f6-90c2194ef791,2015-12-06,46.806382792,24.596975568,27.0,25.786591920000003,tC/acre,0.2,1.1800000000000002,Grassland without tree/shrub cover
54282746,2015-12-06,2d48406c-7eef-43cb-bd89-e4f74e73c280,a682495c-a08c-4b62-a7e9-aaf2e5c94816,2015-12-06,46.84159984,24.606885798,26.6,25.404568336000008,tC/acre,0.2,1.1800000000000002,Grassland without tree/shrub cover
54302142,2015-07-06,10a070be-bf4f-437e-8157-9180a598bf84,0dee798a-4982-4f1d-9906-cd989782b79d,2015-07-06,41.497505622,23.306196929,15.7,19.003528468200003,tC/acre,0.2,1.4955,Grassland without tree/shrub cover
54302620,2015-09-15,9be24db9-ad28-4595-909f-1ffd4773716f,72794cc4-c377-46a3-b2e4-e0b6b38fb8b8,2015-09-15,45.727842884,24.327986279,13.8,15.530958370800002,tC/acre,0.2,1.3904999999999998,Grassland without tree/shrub cover
54302704,2015-11-02,c9776f59-0adf-439d-86e5-bd870a18f229,b1dbc60a-ff2b-4144-ac30-fae82a5f695f,2015-11-02,46.468215271,24.529293927,29.7,28.36525111200001,tC/acre,0.2,1.1800000000000002,Grassland without tree/shrub cover
54342240,2015-08-06,151473f8-9b6c-440f-847d-d38ae89182d6,3b6bdae5-4866-45f1-bbeb-5604913edffe,2015-08-06,42.360786047,23.547792437,35.2,33.61807539200001,tC/acre,0.2,1.1800000000000002,Grassland without tree/shrub cover
54402264,2015-06-20,b48a27c2-4a8b-4e30-8a6a-de1e5fda74a8,c82f57a0-8dfe-4003-a2d1-43ffbec6c5f5,2015-06-20,42.563787403,23.668526233,17.2,18.793617840000003,tC/acre,0.2,1.35,Grassland without tree/shrub cover
54402350,2015-08-07,807a0cfa-3f1e-4091-a083-d161bf114ddf,ea2b40a6-6f1d-44b8-8569-ce73ef443d41,2015-08-07,43.325466443,23.848074599,26.0,24.831532960000004,tC/acre,0.2,1.1800000000000002,Grassland without tree/shrub cover
54422752,2015-10-08,acbd3928-d2a1-4320-bcde-cc53f41a9284,fa6bb948-16f0-4e14-afe3-a5d21e5da2f0,2015-10-08,46.869530491,24.802441302,34.6,34.0531937792,tC/acre,0.2,1.216,Grassland without tree/shrub cover
54522636,2015-09-15,47ee2ee6-544e-45c3-8df6-10acbff4b6ae,5e841b42-3064-4c81-a225-65685bda2dac,2015-09-15,45.830477531,24.644476757,9.9,10.953474087600002,tC/acre,0.2,1.367,Grassland without tree/shrub cover
54542254,2015-08-05,2e19b3cb-909d-4a07-b03c-365d7cf7edff,9fa6b186-7934-4e74-af51-18a75ed8cd8d,2015-08-05,42.452187987,23.815637199,11.2,10.696660352,tC/acre,0.2,1.1800000000000002,Grassland without tree/shrub cover
54542344,2015-06-11,713d0836-4a85-4c25-93e8-a03275558e73,6a4d963b-be36-4959-8000-2555b030fee1,2015-06-11,43.249027916,24.005098759,31.2,29.797839552000006,tC/acre,0.2,1.1800000000000002,Grassland without tree/shrub cover
54602726,2015-10-08,2b7beaac-c34f-48ef-ae3d-baa0736f634a,32a8ec79-cd4e-4c4e-9169-fab73b324165,2015-10-08,46.608444398,24.968522151,39.7,30.7182573904,tC/acre,0.2,0.956,Grassland without tree/shrub cover
54742798,2015-06-23,827d6849-f5c9-460b-bbff-3bf800dd6f11,cd765396-5b27-4c43-a462-f54aec94df87,2015-06-23,47.21557834,25.33463935,69.3,41.92688600100001,tC/acre,0.2,0.7475,Grassland without tree/shrub cover
54742802,2015-12-10,77adcae1-2f8e-4783-bf92-d90a713104b4,d2146901-3530-427a-85ab-1e2f47935144,2015-12-10,47.250701732,25.345173611,45.6,43.550688576000006,tC/acre,0.2,1.1800000000000002,Grassland without tree/shrub cover
54762854,2015-06-22,b0c9ddda-9bde-4678-b447-92f9f4c2de51,3e6d8c7d-7a43-4b5c-b197-3677fd6c9b29,2015-06-22,47.703359098,25.509959796,25.5,25.623301119000004,tC/acre,0.2,1.2415,Grassland without tree/shrub cover
54782644,2015-12-05,759ecb29-4ddd-46b1-a7e8-389241a1e899,9af5ea55-039c-47d1-bb47-7972d5d084eb,2015-12-05,45.854495012,24.993125218,13.1,12.511272376000004,tC/acre,0.2,1.1800000000000002,Grassland without tree/shrub cover
54842704,2015-08-10,c1733fb1-4f47-4fc8-9969-08df6d82702f,a912a73f-5e5b-4d5e-afc6-91388ed43748,2015-08-10,46.371279944,25.219956696,12.8,13.566369715200002,tC/acre,0.2,1.3095,Grassland without tree/shrub cover
54862104,2015-06-01,b707e10d-fd13-42f8-a347-b660ed54542f,0b09554c-5874-4951-8ccc-c3a974c91a06,2015-06-01,41.069483236,23.889287813,24.5,20.057654561,tC/acre,0.2,1.0114999999999998,Grassland without tree/shrub cover
54862666,2015-08-13,f740d82f-62ed-4c07-ad7b-2a075fa3954b,5a7729f5-5915-4758-a7aa-218ee512441e,2015-08-13,46.03350854,25.149324519,22.7,22.828134917000003,tC/acre,0.2,1.2425,Grassland without tree/shrub cover
54862706,2015-11-23,87f8e49e-2f19-482a-966f-0e7414af7236,df8a9d4b-b09b-435a-a4b1-42ef67a34fb1,2015-11-23,46.385183226,25.2505978,16.5,15.75847284,tC/acre,0.2,1.1800000000000002,Grassland without tree/shrub cover
54902758,2015-06-26,3962dd25-ba4b-4256-8149-ef3b0b9ab45c,7dcf14d4-7bb9-49ee-87c4-1af1f9bdc44c,2015-06-26,46.834592337,25.43635054,17.7,15.1281339264,tC/acre,0.2,1.056,Grassland without tree/shrub cover
54922334,2015-07-18,09a672f6-73c4-4605-ad51-91bc30ef9e72,8e18149d-e6f7-41ee-91fc-82a364be3c31,2015-07-18,43.095917205,24.443197477,12.6,12.033742896000003,tC/acre,0.2,1.1800000000000002,Grassland without tree/shrub cover
54922568,2015-09-03,9db546b5-f95d-4aaa-974c-e523e267e115,76456db5-186d-4cb7-8a7e-410d8dc44285,2015-09-03,45.160209528,24.98330961,11.0,10.505648560000004,tC/acre,0.2,1.1800000000000002,Temporary grassland
54922636,2015-12-05,3442fcc0-fd54-42af-b53d-fb013f770b4d,6df3f8c8-294f-4869-92f0-30f171633b76,2015-12-05,45.758689673,25.15027837,10.7,10.219130872,tC/acre,0.2,1.1800000000000002,Grassland without tree/shrub cover
54922690,2015-12-11,46a7d1e6-364c-468f-a644-70ede10e3dac,8198ab30-3f30-4d5e-a84e-c888f03d8ae5,2015-12-11,46.233506216,25.286307354,22.9,21.870850184,tC/acre,0.2,1.1800000000000002,Grassland without tree/shrub cover
54922694,2015-12-11,35ae90f9-10fc-4886-8966-deb9e89d6062,829eed53-bf8e-4f98-b8ec-952625f1461b,2015-12-11,46.268662072,25.296507571,21.7,20.724779432,tC/acre,0.2,1.1800000000000002,Grassland without tree/shrub cover
55002526,2015-09-08,d3751589-d7ec-42fd-b3f1-e78bb1bc5c27,5d36be38-9ca4-4a7f-8614-12a6758b7fff,2015-09-08,44.775894964,24.981873353,19.3,18.432637928000005,tC/acre,0.2,1.1800000000000002,Grassland without tree/shrub cover
55022506,2015-09-07,d9b1674d-16a2-4f7c-a40b-e17324c8d01d,77b06846-195d-42d0-bedb-3c93b32770ac,2015-09-07,44.596100205,24.958952148,18.3,18.8772664362,tC/acre,0.2,1.2745,Grassland without tree/shrub cover
55062600,2015-09-16,4eed5cdf-2b8d-41ff-8673-86f796ba3f45,03cc8ccd-9f38-4da8-95fc-86d90a481aa0,2015-09-16,45.416404289,25.237075709,28.8,27.051154732800004,tC/acre,0.2,1.1605,Grassland without tree/shrub cover
55102640,2015-12-05,c247e5ae-95a6-484f-9dcb-794b86d275dc,c36239aa-61f7-413f-a3df-817e134d09d0,2015-12-05,45.760762437,25.387604394,17.7,16.904543592000007,tC/acre,0.2,1.1800000000000002,Grassland without tree/shrub cover
55142622,2015-12-05,81bc1fa0-a272-4f29-bc3b-e282dd15cb09,39d928a7-d3e5-4c44-ab00-419b0089dd6a,2015-12-05,45.595123924,25.392599206,18.4,17.573084864000005,tC/acre,0.2,1.1800000000000002,Grassland without tree/shrub cover
55162656,2015-08-25,5d027c06-4815-4e87-bfdd-e3178dfe6213,efd4dbcb-bd11-402b-a1f0-4f6c06e5063a,2015-08-25,45.890203062,25.504125229,17.9,17.131774781000004,tC/acre,0.2,1.1825,Grassland without tree/shrub cover
55162738,2015-06-27,844e4f6c-d9a8-43d8-b05a-eb4d39fd59a7,d1c6ccaa-9a8f-40d8-b1bd-7f99ef42c69a,2015-06-27,46.610146374,25.717557149,21.7,19.0386956816,tC/acre,0.2,1.084,Grassland without tree/shrub cover
55182486,2015-09-16,c6aeaacd-4bf7-4128-8ee3-0aab100d2240,83498352-7345-4591-9aec-143f4ad05496,2015-09-16,44.391030895,25.108974822,23.7,25.8095376162,tC/acre,0.2,1.3455,Grassland without tree/shrub cover
55202844,2015-06-19,cd3ba591-e028-405e-99fb-fe2416839b24,0fd7dca3-5a1c-496e-9d93-cdba1f20fd3c,2015-06-19,47.531656262,26.056859653,24.1,18.228231029400003,tC/acre,0.2,0.9345,Grassland without tree/shrub cover
55222716,2015-08-10,0545e908-8302-4b1c-b7c5-e548a45990dc,f1516a3a-6b24-4f9c-9b74-8e94e2b15025,2015-08-10,46.405721919,25.736153679,15.9,13.686197239800002,tC/acre,0.2,1.0635,Grassland without tree/shrub cover
55242334,2015-06-26,4245a15a-e037-4d77-a32f-21afe24c10b8,2ea1e13f-0e35-40cd-8415-aa05951cb44f,2015-06-26,43.039896282,24.829432928,23.7,22.634897352000007,tC/acre,0.2,1.1800000000000002,Grassland without tree/shrub cover
55242862,2015-06-18,d382391a-d18b-48e9-bbee-ddf669be471f,a367edd6-8555-494b-b352-88d4f922388d,2015-06-18,47.681462621,26.159332103,21.5,20.368453409000004,tC/acre,0.2,1.1705,Grassland without tree/shrub cover
55262674,2015-12-12,2dd41feb-74b1-4be9-adba-ac692bb2b0ea,7173b575-cc6f-4585-9611-b0c97d781cef,2015-12-12,46.029504723,25.677154479,49.6,47.370924416000015,tC/acre,0.2,1.1800000000000002,Grassland without tree/shrub cover
55282862,2015-06-18,b52f41e5-24fd-4240-8844-1eb2279051e6,f1031dd1-a5e1-4c1b-bfcd-d91039cedaa6,2015-06-18,47.673627897,26.211550875,12.4,11.842731104000004,tC/acre,0.2,1.1800000000000002,Grassland without tree/shrub cover
55362180,2015-08-18,627c1674-f7f9-43d1-87e1-1c10496cbe01,177cc2cc-1e9e-487e-8cd5-14bd593cc5d1,2015-08-18,41.6578542,24.634132912,16.7,13.5908532182,tC/acre,0.2,1.0055,Grassland without tree/shrub cover
55382538,2015-09-07,000194c7-40a1-47ed-a50d-41a209fd3a8b,302e23ee-89c8-4e08-aa66-d359616d8733,2015-09-07,44.811987417,25.482828905,12.0,13.684861776000004,tC/acre,0.2,1.409,Grassland without tree/shrub cover
55402630,2015-12-06,82704cfe-19d0-4707-9a53-77d18f30c389,b9ec3ea5-4a9e-424d-93fe-f3dd1b112510,2015-12-06,45.616697088,25.740161397,16.6,15.853978736000004,tC/acre,0.2,1.1800000000000002,Grassland without tree/shrub cover
55402644,2015-12-08,130de2a4-53ba-40e8-8ea2-1b633ca04671,6410b753-6db2-450f-9041-02cacc611d6e,2015-12-08,45.739613404,25.776330738,69.2,66.09008003200003,tC/acre,0.2,1.1800000000000002,Grassland without tree/shrub cover
55442642,2015-12-08,c34165b9-9f50-4dc3-8fc1-9778854c73dc,1b950789-eb0c-4ed5-b37a-413746e664df,2015-12-08,45.714449172,25.821562309,17.5,16.713531800000005,tC/acre,0.2,1.1800000000000002,Grassland without tree/shrub cover
55482182,2015-06-07,b3e45438-ae1c-4a8d-992f-3825f93dbe2a,0dcda969-859f-45c9-9c6a-49ea35d75b83,2015-06-07,41.654511114,24.779973888,20.1,20.937401456400003,tC/acre,0.2,1.287,Grassland without tree/shrub cover
55542822,2015-11-14,fa34c082-c020-48a3-a20b-02fd6f089108,02567cd0-ec98-439a-86f3-941c21e7def3,2015-11-14,47.272301189,26.436707185,22.4,21.393320704,tC/acre,0.2,1.1800000000000002,Grassland without tree/shrub cover
55562694,2015-12-13,b2de442f-879d-41e7-be9f-e5a12858e60a,702f59c5-3d25-48bf-82e7-4fc87127d576,2015-12-13,46.147502658,26.110426022,26.8,25.59558012800001,tC/acre,0.2,1.1800000000000002,Grassland without tree/shrub cover
55582864,2015-06-20,50c38a1e-ccca-411a-a2b7-c9f8285840d3,6da90fd5-1543-4162-90ab-42b13c1a9b22,2015-06-20,47.631557026,26.608495222,25.2,24.067485792000006,tC/acre,0.2,1.1800000000000002,Grassland without tree/shrub cover
55602654,2015-08-24,73057391-7a21-4fef-9a80-581810f77db1,aee81b04-df80-46df-aa73-bdbf717c0f52,2015-08-24,45.789036612,26.054685461,45.5,43.897099792000006,tC/acre,0.2,1.192,Grassland without tree/shrub cover
55622854,2015-06-20,268fc31b-87cd-4cd7-bbb0-948c2c07976a,ed596253-0367-4434-8151-42ea8de846f7,2015-06-20,47.536115833,26.631753934,17.1,16.760556313200002,tC/acre,0.2,1.211,Grassland without tree/shrub cover
55682820,2015-11-14,33fb7a61-c34e-4fad-bbd9-df520d1ae8ed,a33dab95-16e3-4a04-a8b7-42f226ef45c6,2015-11-14,47.226854688,26.61218186,25.2,24.067485792000006,tC/acre,0.2,1.1800000000000002,Grassland without tree/shrub cover
55722684,2015-10-09,685516ce-0fd0-4a3a-8e8f-11b5d2f6042e,3e2f66ba-a7d3-44a8-9b25-57f1a31bafb5,2015-10-09,46.028642519,26.286361328,15.4,14.707907984000006,tC/acre,0.2,1.1800000000000002,Grassland without tree/shrub cover
55802164,2015-08-19,460928a4-a03f-4dc5-849a-7e89f930311d,d8ba7132-df82-463a-b93f-abeca6c6c70a,2015-08-19,41.438416237,25.117331791,9.7,9.8411136794,tC/acre,0.2,1.2535,Grassland without tree/shrub cover
55802584,2015-08-26,cb6559c3-1d59-4736-97b5-a6c6467fedb4,476f6226-71e0-4939-b2ba-11d5ecf5d577,2015-08-26,45.13631722,26.121986312,11.8,12.3011594048,tC/acre,0.2,1.2879999999999998,Grassland without tree/shrub cover
55802774,2015-12-09,66cea97b-b51f-429f-8817-809be6a263d9,e83c4420-497b-484f-ba36-fcf28089abbe,2015-12-09,46.800550497,26.636399307,50.1,47.84845389600002,tC/acre,0.2,1.1800000000000002,Grassland without tree/shrub cover
55822888,2015-06-21,4118052f-3563-4867-9d05-09fec1036c09,94333311-56a9-4f39-a2f1-a10e9eee66b0,2015-06-21,47.792383248,26.99169811,29.6,18.3992918016,tC/acre,0.2,0.768,Grassland without tree/shrub cover
55842354,2015-06-05,6c1dbd0c-a0a2-44b9-96f1-5de707cfaa12,f5a3f128-eeea-4243-8176-a7820fd4e593,2015-06-05,43.107085208,25.599170611,20.4,22.6450954392,tC/acre,0.2,1.3715,Grassland without tree/shrub cover
55842552,2015-09-21,0bfb3198-9a8f-44f4-aaf9-c1d48c2930d9,8ebbe7bc-8313-4267-874b-e434c64bb33b,2015-09-21,44.847780251,26.088906628,22.2,21.202308912,tC/acre,0.2,1.1800000000000002,Grassland without tree/shrub cover
55942828,2015-11-18,44f0d769-71ef-48c8-a60f-72d5dda90b43,c94a6248-312a-41f6-827c-efce53c12689,2015-11-18,47.244003871,26.971332036,35.6,34.00009897600001,tC/acre,0.2,1.1800000000000002,Grassland without tree/shrub cover
55982192,2015-05-20,9050fb5c-4153-4d07-8643-a02cb81a03f9,7ddd1e1a-a68b-4886-9900-106ea42b87ad,2015-05-20,41.652982624,25.391329386,14.1,13.466331336,tC/acre,0.2,1.1800000000000002,Grassland without tree/shrub cover
56082552,2015-11-03,85120bdf-3d8c-42d8-a438-0ec8d3d60b9f,6c8ba365-5608-4fa1-a913-00854ea95a51,2015-11-03,44.800991803,26.386346331,15.1,14.421390296000004,tC/acre,0.2,1.1800000000000002,Grassland without tree/shrub cover
56082760,2015-12-07,fa535bae-5b1f-4e74-a2ff-c343797deff0,74f6d5f2-3e85-4369-811f-8b0eafcf64e9,2015-12-07,46.621447563,26.955138705,31.1,29.702333656000008,tC/acre,0.2,1.1800000000000002,Grassland without tree/shrub cover
56142690,2015-12-05,e12a8476-9075-4f13-8833-4cec60f77064,04c75d48-bffc-4e6b-b36a-b73948f0ba10,2015-12-05,45.997401758,26.833995849,10.8,10.314636768000003,tC/acre,0.2,1.1800000000000002,Grassland without tree/shrub cover
56142844,2015-06-15,54fccbf2-d3ad-4e37-bf58-e4a0055224f1,92f5ee85-f38f-44d6-b26c-8f45b414ba23,2015-06-15,47.342244722,27.277009749,22.8,20.345183964,tC/acre,0.2,1.1025,Grassland without tree/shrub cover
56162836,2015-11-18,fd3e4dc2-34db-4edd-a1be-cef97be1c6de,f4db221f-c580-4a6f-903d-7805e826dd6b,2015-11-18,47.268302767,27.279112772,31.3,29.893345448000005,tC/acre,0.2,1.1800000000000002,Grassland without tree/shrub cover
56202746,2015-08-08,4395624c-46f1-47eb-8cd4-2e7ed87db4d2,b49d2e01-bbdd-421b-b00f-5dd02f7e3b21,2015-08-08,46.474545506,27.06819547,14.1,14.270887572600005,tC/acre,0.2,1.2505,Grassland without tree/shrub cover
56222748,2015-08-08,7fa7d2ff-51c1-49c2-8c2d-fa866e7c878a,d46fe843-f6ef-4dfb-ab8d-2c10dd487e51,2015-08-08,46.487893214,27.099404069,19.2,17.933093529599997,tC/acre,0.2,1.154,Grassland without tree/shrub cover
56242578,2015-08-27,ea19265b-1aa3-4bea-ac00-6fa22b5fb6fb,b63fdaeb-2fe7-40d3-a6a5-ac1984bbab0c,2015-08-27,44.997100747,26.653585472,16.3,19.0701397838,tC/acre,0.2,1.4455,Grassland without tree/shrub cover
56282802,2015-06-15,416c6da0-49ec-40cc-8928-2de3273dbf94,45e4910d-11dd-450b-9746-ad497c529422,2015-06-15,46.946701442,27.333148397,16.0,13.299600704,tC/acre,0.2,1.027,Grassland without tree/shrub cover
56442264,2015-08-05,284639ec-3307-49f1-b103-5be4c2a4430d,9631ea4d-8139-4af5-8000-d084db27d4fe,2015-08-05,42.20122071,26.102186426,32.7,31.23042799200001,tC/acre,0.2,1.1800000000000002,Grassland without tree/shrub cover
56462592,2015-08-28,9abd880e-8f00-4951-8fdf-fc3387593b54,ff9aac89-6057-478e-901c-5b082ecd8a2d,2015-08-28,45.075236786,26.964731707,21.7,22.8411658062,tC/acre,0.2,1.3005,Grassland without tree/shrub cover
56482800,2015-11-08,422cabbe-d0db-4467-ba61-ad9cc4e7e062,7cc4b58c-29c6-488c-bd66-92300c6ff7a2,2015-11-08,46.88713631,27.583801597,27.8,26.550639088000004,tC/acre,0.2,1.1800000000000002,Grassland without tree/shrub cover
56522678,2015-12-04,d5629b5e-84e9-496f-9b65-44f43b252fc9,1c41b9a2-7a59-484c-b411-5f996ca94aeb,2015-12-04,45.814533276,27.279343591,30.0,28.65176880000001,tC/acre,0.2,1.1800000000000002,Grassland without tree/shrub cover
56542258,2015-08-05,8c2f7e3f-43b5-46dc-901d-3be0749f0561,0ace1291-ad35-410f-942a-3515bc0c208b,2015-08-05,42.129162083,26.206378207,11.7,11.174189832,tC/acre,0.2,1.1800000000000002,Grassland without tree/shrub cover
56662656,2015-06-22,eb2eb3d3-eecd-4378-9ddf-6eb87f00f9ee,e4dac079-e1d2-4581-9ac9-4c9daf8c993d,2015-06-22,45.59326055,27.39258029,25.4,19.3965190428,tC/acre,0.2,0.9435,Grassland without tree/shrub cover
56682820,2015-11-16,f7267106-c348-4ce3-948f-3a6689c240f3,3557d55c-0d55-4bba-8879-6450a61e3134,2015-11-16,47.018490223,27.900691803,12.0,11.460707520000003,tC/acre,0.2,1.1800000000000002,Temporary grassland
56762726,2015-12-06,b0cff2c9-69e8-49e0-8576-676e11e519fe,9ae7700b-57ed-4624-84c4-949737dfe385,2015-12-06,46.182712334,27.720974528,20.7,19.769720472000003,tC/acre,0.2,1.1800000000000002,Grassland without tree/shrub cover
56762744,2015-11-18,bcb0d7c6-68ef-4b26-8192-5d2ca9c79fa4,e2e1e3a4-5088-4346-97b4-f2155e653bf3,2015-11-18,46.339550738,27.774185883,15.1,15.527437602600004,tC/acre,0.2,1.2705000000000002,Grassland without tree/shrub cover
56822416,2015-08-04,b3cde264-e4b6-47e6-95bf-f2cf7a964238,eae730e0-dcb8-4277-94d2-a60c5b6b7f4a,2015-08-04,43.46114191,26.936620511,14.3,14.999929401600005,tC/acre,0.2,1.296,Grassland without tree/shrub cover
57002658,2015-11-15,5b14f3a3-5efb-4e7d-bc1a-fbee290a7441,0cd18aaf-9b57-4e14-a507-7640de4f74c1,2015-11-15,45.538746384,27.823826438,14.0,13.370825440000004,tC/acre,0.2,1.1800000000000002,Grassland without tree/shrub cover
57142286,2015-09-22,8763400b-bd8a-4e6c-a1bb-825f1f8d6e55,22b97a7a-fdf2-44d1-918a-df6fcb6af1b3,2015-09-22,42.256454738,26.986369805,22.9,21.870850184,tC/acre,0.2,1.1800000000000002,Grassland without tree/shrub cover
57342634,2015-12-14,aea343f4-2ebe-4858-bd15-5f3c671691f2,c323c993-fd67-4cb1-ba21-a83af935a847,2015-12-14,45.256149393,28.177478381,12.7,12.129248792000002,tC/acre,0.2,1.1800000000000002,Grassland without tree/shrub cover
57482576,2015-12-19,739fc868-8419-4c49-8446-b4e8f37f29d2,10aa3dd9-6acd-4d69-b123-e9c315c120c6,2015-12-19,44.720472296,28.181462416,23.1,22.061861976000007,tC/acre,0.2,1.1800000000000002,Grassland without tree/shrub cover
57622520,2015-11-12,143b9157-0995-4c7a-8ad7-78b883b13294,11df9499-e4b9-469d-920b-1e6bdd144567,2015-11-12,44.2019949,28.192102407,36.5,36.026564121,tC/acre,0.2,1.2195,Grassland without tree/shrub cover
63741606,2015-04-10,29f9297f-b041-4448-adb3-9b0467b82f14,85d6af32-6a01-43b5-906a-e86046d6b9d8,2015-04-10,34.779320906,32.539553868,12.3,10.721831821200002,tC/acre,0.2,1.077,Grassland without tree/shrub cover
