code,sampling_date,sample_description,sample_description_old,planting_date,lat,long,toc,soc_stock,soc_stock_unit,depth,bd,LC1_Desc
26581768,2018-05-29,0c2bbddb-0547-4358-94c0-b3c782f4f597,d3f85797-68b4-4708-bf67-cfcd98bb71c5,2015-05-29,37.13910423,-8.775251839,28.2,25.8599210232,tC/acre,0.2,1.133,Grassland without tree/shrub cover
26921850,2018-06-29,6f8c7ce0-1066-4532-a1c0-907d35bafdff,bbf82228-c1d7-46af-b9d2-cd86786768a5,2015-06-29,37.93361456,-8.601248224,14.2,13.561837232000002,tC/acre,0.2,1.1800000000000002,Grassland without tree/shrub cover
27301972,2018-05-31,f09322a9-0506-4914-ad62-c6d13ac015dd,75a193c8-08cd-4232-bafa-6f2e4ed6c7fa,2015-05-31,39.08650659,-8.480398084,11.5,10.983178040000002,tC/acre,0.2,1.1800000000000002,Grassland without tree/shrub cover
27381926,2018-06-08,e60d6ab9-da07-45d8-b3bb-8bea68a8c112,791f44a3-d9d0-4bb5-ae48-a5242a9ef396,2015-06-08,38.70052885,-8.276096238,20.1,19.196685096000003,tC/acre,0.2,1.1800000000000002,Grassland without tree/shrub cover
27461868,2018-08-19,61cbcdd0-83e5-4bd5-975c-a312c70fabbb,2211d25c-1c1d-4ab7-8f88-c4f6421004f8,2015-08-19,38.20837457,-8.045813739,12.1,11.556213416000004,tC/acre,0.2,1.1800000000000002,Grassland without tree/shrub cover
27501802,2018-07-29,489fc3a0-5954-45ea-9e98-0b61fa965eaa,08a59834-f639-432a-953c-c7813d659f28,2015-07-29,37.63637118,-7.845168807,12.0,13.225138480000002,tC/acre,0.2,1.3616666666666666,Grassland without tree/shrub cover
27521862,2018-08-19,3b54f5a3-f69a-43de-96c5-45b34783c618,7023ec81-ae4c-456e-b25f-926b0a68eb24,2015-08-19,38.16838432,-7.964727398,21.5,20.533767640000004,tC/acre,0.2,1.1800000000000002,Grassland without tree/shrub cover
27541792,2018-05-03,38c9f60f-0bf8-48ce-aab6-a583ab14304a,7e0885af-19dd-4f2e-83f2-5512cb7793da,2015-05-03,37.55673214,-7.777729769,9.7,11.1757681074,tC/acre,0.2,1.4235,Grassland without tree/shrub cover
27602150,2018-05-23,3f59ac2a-4113-4691-be24-32ea7dd7e94b,bf9ff828-9843-47e8-96ce-c7c3dbc98984,2015-05-23,40.71000579,-8.598018758,47.2,45.07878291200001,tC/acre,0.2,1.1800000000000002,Grassland without tree/shrub cover
27641914,2018-06-20,4e253302-28fa-4b4b-877d-fcd5b4dadae4,21257df5-e509-4d63-ac92-8ea081ec8bbc,2015-06-20,38.65080775,-7.955721568,15.4,14.707907984000006,tC/acre,0.2,1.1800000000000002,Grassland without tree/shrub cover
27722228,2018-05-01,7a4e4cee-edfb-4a36-a16e-99af340e2f09,750b0c10-6db3-4057-ada8-e9553d049a9f,2015-05-01,41.41779435,-8.667760969,41.6,38.2826481024,tC/acre,0.2,1.1369999999999998,Temporary grassland
27781794,2018-05-16,bd4819bd-25dc-40fe-a9c2-1acd7df533f6,8a094b9c-d07a-416e-8ffb-72611413e151,2015-05-16,37.62426656,-7.517479223,9.6,10.5127710336,tC/acre,0.2,1.353,Grassland without tree/shrub cover
27841822,2018-08-04,45a16f6e-e246-4e69-9b05-6ca8df55b9d9,8e0a0523-639f-46c8-ab1c-4d980642bbc7,2015-08-04,37.88335187,-7.51554572,23.5,25.588565570666667,tC/acre,0.2,1.3453333333333333,Grassland without tree/shrub cover
27901972,2018-04-27,b80d4710-73d6-4786-ab13-246da4979fe9,107a2f64-8ceb-4c58-884e-1a9ff6e1ed83,2015-04-27,39.21522234,-7.8040254,11.7,11.174189832,tC/acre,0.2,1.1800000000000002,Grassland without tree/shrub cover
27962406,2018-06-22,0f4a0e78-afbc-4aa4-94ec-34a193fde1a2,d1c55ed9-c6f1-4034-ae77-f16a5f0caaf2,2015-06-22,43.02295198,-8.880337636,60.6,55.9637031912,tC/acre,0.2,1.141,Temporary grassland
28002400,2018-06-25,d7799314-ad3d-4802-b0b2-6efe26511c19,74da00c3-2c94-4787-a362-0cc638808f26,2015-06-25,42.97971315,-8.815422826,53.7,58.132132185,tC/acre,0.2,1.3375,Temporary grassland
28041942,2018-06-15,79886f4e-a254-4b0e-b2a3-3524595b2db9,435d4b64-8cc8-4705-8023-7af3c6c8ae16,2015-06-15,38.98087583,-7.57387511,20.4,19.483202784000003,tC/acre,0.2,1.1800000000000002,Grassland without tree/shrub cover
28142384,2018-07-06,c31e9339-e427-41c6-82db-7b1730342537,e1105785-abfc-4e98-9b87-884e3269a0af,2015-07-06,42.87158211,-8.603082951,40.6,38.775393776,tC/acre,0.2,1.1800000000000002,Grassland without tree/shrub cover
28162332,2018-07-18,adb27435-06ea-49b8-a5ea-7fc48777b54c,ec42e1a5-7fa8-49a2-a329-8b9744099ca8,2015-07-18,42.42253976,-8.434749495,97.2,83.784570696,tC/acre,0.2,1.065,Grassland without tree/shrub cover
28181910,2018-06-17,5827f18e-f95d-4fb1-9b8d-8ae7909f34e3,d0adbe52-0ccb-4cd1-8952-58f96623a1e6,2015-06-17,38.72823053,-7.340885575,33.6,32.08998105600001,tC/acre,0.2,1.1800000000000002,Grassland without tree/shrub cover
28201948,2018-06-14,ab40b4ae-01bd-4242-a611-aa8154c59843,716cffad-1d11-482e-bc95-1373b74e365c,2015-06-14,39.06673816,-7.407858387,15.7,15.320575608933332,tC/acre,0.2,1.2056666666666664,Grassland without tree/shrub cover
28261954,2018-06-12,36f81d19-a7ac-4a68-a703-367ba1d6d0f4,1b891d81-84cd-4f22-af43-fcde9b3bebb9,2015-06-12,39.13185668,-7.354370566,20.8,19.865226368000005,tC/acre,0.2,1.1800000000000002,Temporary grassland
28281952,2018-05-25,6d88cc24-2c8c-4e02-92ac-717a800ee905,dbbe35cc-56f5-4cfd-8cb8-64748bbf1f76,2015-05-25,39.11836279,-7.327065208,12.1,11.719436769333337,tC/acre,0.2,1.1966666666666668,Grassland without tree/shrub cover
28282042,2018-08-13,512e6e48-ea75-4432-b218-be1bf7a441f5,8a7f914f-b101-478f-82f2-4baddf374ba6,2015-08-13,39.90950945,-7.543287973,23.1,18.727654022000003,tC/acre,0.2,1.0016666666666667,Grassland without tree/shrub cover
28321934,2018-06-13,51755a64-b8aa-413b-8f14-1eb9ce9583c5,6e9bc181-2313-4b93-ab9e-6ae6d1f3b0c4,2015-06-13,38.9681224,-7.239633354,19.6,18.71915561600001,tC/acre,0.2,1.1800000000000002,Grassland without tree/shrub cover
28322176,2018-05-27,20d9afc1-eeba-4aaa-8fa6-843d3e8dfeb3,ec457652-9a48-4b14-85ea-0a02a01308fe,2015-05-27,41.09321193,-7.832701865,11.7,11.174189832,tC/acre,0.2,1.1800000000000002,Grassland without tree/shrub cover
28361986,2018-05-17,0cecf11b-b8b8-4aa7-a666-9a52aaaf2b2e,02887366-e637-46ca-ba0f-a7f2a8cc44de,2015-05-17,39.43385456,-7.317192334,17.4,16.618025904,tC/acre,0.2,1.1800000000000002,Grassland without tree/shrub cover
28382362,2018-07-29,56a5e136-560a-4b81-bfe0-0f7f7b3b1e87,556ba610-0a3c-4016-8814-d8dbea1290c2,2015-07-29,42.73245975,-8.255945099,45.1,53.42166808220001,tC/acre,0.2,1.4635,Temporary grassland
28401924,2018-06-13,baee540a-1548-4c12-a094-37dcc6161cf5,260573aa-35bd-48ca-a967-486e64a3df11,2015-06-13,38.89632325,-7.126242075,14.6,13.943860816000004,tC/acre,0.2,1.1800000000000002,Grassland without tree/shrub cover
28422424,2018-04-30,29f04a05-0d3c-40a2-b05e-d17226bc9a72,79d70678-ec54-4ea7-9333-ec66cf86aba4,2015-04-30,43.28205369,-8.380353098,11.6,14.195737382400004,tC/acre,0.2,1.512,Temporary grassland
28482368,2018-07-25,f3f8001b-4790-4275-8be2-1c483b5c6492,bd722dcf-b667-4d12-9700-daf5cf6af9e3,2015-07-25,42.80655165,-8.153230881,52.5,46.50752683500001,tC/acre,0.2,1.0945,Temporary grassland
28542382,2018-07-25,d0db8817-8ba2-48ef-a05c-1a2784498541,17f51b2d-4551-4576-8bf0-86ad57cf3848,2015-07-25,42.94176579,-8.119963987,49.9,47.65744210400001,tC/acre,0.2,1.1800000000000002,Temporary grassland
28562034,2018-08-06,0d9f655f-80e2-474b-a12f-0aced6d604a9,fc8a821f-5e97-4884-a73e-6ac99c9da318,2015-08-06,39.89685605,-7.204226345,34.8,33.236051808,tC/acre,0.2,1.1800000000000002,Grassland without tree/shrub cover
28642160,2018-06-06,37c36ffa-e9d7-4e56-b6fa-6a2c5d02fd92,361c0011-98d2-47e2-9fc2-48d4899784cb,2015-06-06,41.01996652,-7.420534293,77.6,74.11257529600003,tC/acre,0.2,1.1800000000000002,Grassland without tree/shrub cover
28642250,2018-07-25,3610a260-8138-4101-bbce-255a93efdbe7,78819e32-a313-4784-9c3d-bbfe99f3b3d7,2015-07-25,41.80885799,-7.649593597,26.9,27.8465245972,tC/acre,0.2,1.279,Grassland without tree/shrub cover
28682298,2018-06-19,649b044b-0c4e-4dc2-a5e2-9e94c20c20ca,a6948040-9472-46d6-906f-243675cd2c18,2015-06-19,42.23747813,-7.727756212,20.3,19.387696888,tC/acre,0.2,1.1800000000000002,Grassland without tree/shrub cover
28682348,2018-07-30,3be555cc-7cd2-44f5-93e7-aa9d37d9e203,c87791e4-1206-40d0-844f-b881b2141442,2015-07-30,42.67478499,-7.860664122,38.7,36.96078175200001,tC/acre,0.2,1.1800000000000002,Temporary grassland
28722000,2018-05-21,c85c6f93-63fe-412d-b4f0-0cb587a22a09,0a0a632b-d011-4e5f-9bc7-b2f6c05a2994,2015-05-21,39.63007069,-6.941258418,12.4,12.515157361600002,tC/acre,0.2,1.247,Grassland without tree/shrub cover
28722216,2018-04-30,b43b589e-6fd8-4bfc-b996-e451d946e260,61b379c8-d5ff-4927-8388-3aa71ee8c2c5,2015-04-30,41.52766857,-7.468518101,47.5,26.02738009,tC/acre,0.2,0.677,Grassland without tree/shrub cover
28742340,2018-07-31,fb4f0cdb-625f-4d4f-8ffc-d1f09e0ee929,780c3272-7e62-478a-8015-bfdc51fca372,2015-07-31,42.61758521,-7.767835052,26.6,32.724528704,tC/acre,0.2,1.52,Temporary grassland
28742344,2018-07-31,019d3b2a-2bd4-47d5-80a5-90ca6dcffb55,c5fd8d6f-cc78-4f6e-9fe6-9f9bc1ae3196,2015-07-31,42.65256509,-7.778508469,48.1,45.93833597600002,tC/acre,0.2,1.1800000000000002,Temporary grassland
28742448,2018-06-18,5e85d716-967d-4013-9bd1-3fd090593007,83aa6311-5f40-4dee-b027-a6ff2a285396,2015-06-18,43.56105831,-8.062026983,45.4,30.9764470584,tC/acre,0.2,0.843,Grassland without tree/shrub cover
28762036,2018-08-08,11ba6195-3abd-42bb-8230-fcfc90dd5b2c,c89cd2bd-cdbd-4792-9e11-d42b63a908b0,2015-08-08,39.95496662,-6.980413823,16.3,15.567461048000002,tC/acre,0.2,1.1800000000000002,Grassland without tree/shrub cover
28782298,2018-07-21,5245e890-5a37-4880-968b-841459d5c2aa,8d973b8d-7017-4678-bb85-8e14a7c91ee7,2015-07-21,42.2585327,-7.609432384,50.7,32.02794269220001,tC/acre,0.2,0.7805,Grassland without tree/shrub cover
28782334,2018-05-24,848bc232-d65e-4720-824d-a1c2dccb7617,91edf8f1-b1d0-47fb-9527-e55e62277ca7,2015-05-24,42.57356682,-7.704288061,28.8,25.5360103488,tC/acre,0.2,1.0955,Grassland without tree/shrub cover
28782384,2018-05-16,a9564e93-c2b7-48d0-aacb-e275c5ea399c,3cceac16-800a-4fbc-8f20-48f843d0e834,2015-05-16,43.01073938,-7.838280925,21.6,20.629273536000007,tC/acre,0.2,1.1800000000000002,Grassland without tree/shrub cover
28842386,2018-05-16,f6d58379-8a3e-414d-ad20-08f544e6e75d,e80eb0f8-8c32-4b89-a348-4a831dfe5c2a,2015-05-16,43.04097366,-7.771814422,69.6,66.472103616,tC/acre,0.2,1.1800000000000002,Grassland without tree/shrub cover
28882080,2018-07-22,1e654396-9f7a-45b5-b0a9-589749487e94,53d5fca4-daf1-4e61-bd48-28b3a361305a,2015-07-22,40.3661851,-6.947443508,49.9,47.65744210400001,tC/acre,0.2,1.1800000000000002,Grassland without tree/shrub cover
28902018,2018-06-01,13faa00b-91cb-4801-ac11-af577ff6c440,c44c9997-539a-4903-bf8c-044eb0491f6f,2015-06-01,39.82452511,-6.778119257,15.6,14.898919776000003,tC/acre,0.2,1.1800000000000002,Grassland without tree/shrub cover
28922404,2018-05-23,43eafaa5-6d7c-42ba-9807-fcf222873aaf,b65ca022-654b-451f-81ea-f3299efbdabb,2015-05-23,43.21526513,-7.724443416,39.4,37.629323024,tC/acre,0.2,1.1800000000000002,Temporary grassland
28942306,2018-05-31,a0399d2f-eee1-450d-8145-1493d1271d17,50877794-2abc-4b25-b64f-203f7122ba60,2015-05-31,42.36200421,-7.440723215,46.1,34.1964930918,tC/acre,0.2,0.9165,Grassland without tree/shrub cover
29002384,2018-05-26,1d8904b9-ec56-4ab4-aed6-93d9d219b953,b5760eeb-5b25-4f0f-9f3d-0841cf3555d6,2015-05-26,43.05724983,-7.57465414,108.6,55.1119200984,tC/acre,0.2,0.627,Grassland without tree/shrub cover
29022398,2018-05-30,3f07490f-de22-4c8f-b851-0896e6f81069,af24603a-6d75-4640-b82e-cab26a56f201,2015-05-30,43.18389723,-7.588111904,58.2,55.58443147200002,tC/acre,0.2,1.1800000000000002,Temporary grassland
29061990,2018-05-21,4cc8803f-c16c-47c5-b07b-17a4eb90357c,ad8a6a1b-d08f-4a87-9405-00c0a97c273f,2015-05-21,39.60937688,-6.531026492,14.0,15.002519392000002,tC/acre,0.2,1.324,Grassland without tree/shrub cover
29082418,2018-05-27,ae01192b-65ae-4a1a-a269-f8260c14c63e,3a21918f-ff64-4109-a3e8-4639c97934a3,2015-05-27,43.37139568,-7.569654223,83.0,57.907329112,tC/acre,0.2,0.862,Grassland without tree/shrub cover
29101954,2018-07-11,33851744-8828-4be1-b921-ac743b5e0814,fb5b920a-f134-4748-bb32-3c16608837f3,2015-07-11,39.29965161,-6.403980721,21.2,20.247249952,tC/acre,0.2,1.1800000000000002,Grassland without tree/shrub cover
29102034,2018-06-19,1a35f3f6-1fba-4e60-b6b1-9724b83f4b17,4afca7ef-46f5-4c55-a9c6-084a0454db43,2015-06-19,40.00501396,-6.586578765,14.2,13.561837232000002,tC/acre,0.2,1.1800000000000002,Temporary grassland
29102286,2018-07-16,b286dc29-768a-4ba9-bbf5-912ec54f8526,4a2a441e-f8c0-4ea6-9b20-3edab88b5408,2015-07-16,42.21977986,-7.199600359,85.4,81.56203518400002,tC/acre,0.2,1.1800000000000002,Grassland without tree/shrub cover
29122076,2018-06-27,bc9dd526-5f6e-4a3a-a89d-acf1ab00ae25,77d5deb1-36ba-4ce0-8735-9fe67c3a4b3d,2015-06-27,40.37884915,-6.661643553,19.0,19.737750278000004,tC/acre,0.2,1.2835,Grassland without tree/shrub cover
29122112,2018-05-20,1ae4d517-347a-46af-99cb-e8d617d05a12,77589720-638b-4349-bc31-07f7af6025cc,2015-05-20,40.69567099,-6.74687852,12.3,11.1947074122,tC/acre,0.2,1.1245,Grassland without tree/shrub cover
29122288,2018-07-16,139af2b7-9a61-4cb9-89e3-4b9fd9cda0c7,a4a860f1-e3c5-4057-a02b-18dcd57ecab7,2015-07-16,42.24141281,-7.181021443,41.3,31.2375909342,tC/acre,0.2,0.9345,Grassland without tree/shrub cover
29122396,2018-05-30,ab9c0f63-b092-49d3-8bc4-5999b14ae7d4,6dbbf31f-aa78-4fa7-9fbe-95bf5cd96280,2015-05-30,43.18733759,-7.462585722,35.7,34.09560487200001,tC/acre,0.2,1.1800000000000002,Grassland without tree/shrub cover
29142088,2018-07-05,1a08c752-2ab3-4888-82f2-0c16cd96e06d,2ccbe384-c51f-4a48-b8e7-3441fbb3eabc,2015-07-05,40.48844081,-6.66685274,31.6,30.17986313600001,tC/acre,0.2,1.1800000000000002,Grassland without tree/shrub cover
29142114,2018-05-31,abfd43d7-fa6e-45fa-addb-42a3f0b817c0,2e6764bf-0f98-4a7c-ad4e-5b00689477bb,2015-05-31,40.71724237,-6.728497886,32.7,27.82948731660001,tC/acre,0.2,1.0515,Grassland without tree/shrub cover
29182358,2018-04-28,b97eb621-a389-467b-b574-8486824c9f4c,c6a61410-3df1-4f5d-ae79-ffca6590f6a3,2015-04-28,42.86714733,-7.290385551,28.0,17.438729112000004,tC/acre,0.2,0.7695000000000001,Grassland without tree/shrub cover
29202138,2018-07-06,f8e72bbf-93d3-485a-85d7-11f7377d583f,1db47872-4f3c-45cd-a476-3d287dfd3ec7,2015-07-06,40.94028611,-6.716263901,13.3,12.702284168000004,tC/acre,0.2,1.1800000000000002,Grassland without tree/shrub cover
29222204,2018-04-28,6666adec-85bc-4593-9829-e9ba00980096,45dc96b0-7f78-477d-9c16-5e47abb1ca0b,2015-04-28,41.52445163,-6.852970121,27.2,15.271015063466669,tC/acre,0.2,0.6936666666666667,Grassland without tree/shrub cover
29222266,2018-05-18,c3bcb358-e4f9-485f-baf2-3291777d83d5,2c369c59-dfa0-4945-a24a-e25227927f97,2015-05-18,42.0688161,-7.006988671,49.1,46.893394936000014,tC/acre,0.2,1.1800000000000002,Grassland without tree/shrub cover
29242344,2018-05-29,ee43e347-f227-4220-b6af-ca611bff3e5c,c8ec0294-e529-465e-97a7-ad2001ba9a3d,2015-05-29,42.75684848,-7.182249589,88.4,52.4450393584,tC/acre,0.2,0.733,Grassland without tree/shrub cover
29262144,2018-07-06,352814c4-6d66-4915-a423-28c1c3f2b862,1ea172a2-4cdd-4663-996e-790ce7632a7d,2015-07-06,41.00496435,-6.660892231,10.5,10.028119080000002,tC/acre,0.2,1.1800000000000002,Grassland without tree/shrub cover
29282026,2018-06-18,79dc531a-9e9b-405a-9878-a333920f37fb,0ce3b01c-284f-4f75-a180-bdac2c4a2ef0,2015-06-18,39.96966888,-6.36200049,30.6,29.224804176000006,tC/acre,0.2,1.1800000000000002,Temporary grassland
29282088,2018-05-20,8f8c049c-92b2-43b4-b0d8-1dbee089a1fa,f7b2a8f3-97c5-4b52-9453-546190704bb1,2015-05-20,40.51600911,-6.505275509,17.5,17.081796060000002,tC/acre,0.2,1.206,Grassland without tree/shrub cover
29302338,2018-05-29,7eaf4ac5-2965-4a61-b133-29121bf9a81c,5d790e83-77f4-4328-8e7e-c479bd70b526,2015-05-29,42.71653714,-7.095117011,43.2,34.07326620480001,tC/acre,0.2,0.9745,Grassland without tree/shrub cover
29322340,2018-06-18,63c810e6-d4a0-4c29-8b42-ad37188a2945,530e0d85-8274-4796-a852-1dae645ac6b6,2015-06-18,42.73814694,-7.076381715,59.0,56.34847864000001,tC/acre,0.2,1.1800000000000002,Grassland without tree/shrub cover
29341948,2018-07-13,2868f298-6ba8-45aa-ba44-d3ecd5d8f15a,5ea5ae84-1a84-4bed-b646-4e06ab52557d,2015-07-13,39.29289178,-6.118408757,12.5,11.938237000000004,tC/acre,0.2,1.1800000000000002,Grassland without tree/shrub cover
29342200,2018-08-20,05854bfd-1975-465e-8f74-39ae27ffc53a,ed375c58-939c-4163-b7bb-c4036be9bf31,2015-08-20,41.51326139,-6.702561032,16.1,14.373070787600003,tC/acre,0.2,1.103,Grassland without tree/shrub cover
29342440,2018-06-26,1eed341c-ab60-4dfd-bbc8-281a6568b945,64cb406b-6c20-4751-81b8-a289eebd0e36,2015-06-26,43.61805076,-7.314548778,19.3,18.432637928000005,tC/acre,0.2,1.1800000000000002,Grassland without tree/shrub cover
29361628,2018-05-03,3a484a87-2977-4677-8e23-38204f14836f,5a0274c2-66ef-4045-8eac-53b386a76d6d,2015-05-03,36.46150514,-5.430036356,12.5,11.938237000000004,tC/acre,0.2,1.1800000000000002,Grassland without tree/shrub cover
29361970,2018-05-05,7371d145-b791-47f5-8f50-3156f0b55360,767fcafb-9cbc-4378-8b3e-a7d0ac43171a,2015-05-05,39.49098585,-6.144455469,18.1,17.286567176000005,tC/acre,0.2,1.1800000000000002,Grassland without tree/shrub cover
29402158,2018-05-21,c31a1198-deb3-4c3f-925c-ba293fbc580a,fd1a458e-2909-4089-a6f1-8fb408744661,2015-05-21,41.155757,-6.531302268,17.5,16.713531800000005,tC/acre,0.2,1.1800000000000002,Grassland without tree/shrub cover
29441976,2018-05-11,c3e5f1f3-bd0d-4af1-b5cc-fb502744ed42,f4573099-7abd-449b-8ab8-6a1ca4b4cb45,2015-05-11,39.55922911,-6.066713301,11.1,10.601154456,tC/acre,0.2,1.1800000000000002,Grassland without tree/shrub cover
29442364,2018-07-20,e865d090-30e3-47d7-b3b2-09e2563b8b3d,056fe497-33c3-4471-970d-3fbe46079d70,2015-07-20,42.97293836,-6.994568176,42.1,40.20798221600001,tC/acre,0.2,1.1800000000000002,Grassland without tree/shrub cover
29442378,2018-07-24,a44e3848-068b-4875-8029-2fefc2b7ffce,4d18350f-4574-467f-9c67-3adff73faf8f,2015-07-24,43.09564825,-7.030744638,36.8,35.14616972800001,tC/acre,0.2,1.1800000000000002,Grassland without tree/shrub cover
29562218,2018-06-16,0c499d5e-ab1e-4a9b-9f0c-c761fedcce75,a7dc890b-7af3-4d3f-961a-99408cf4129e,2015-06-16,41.71498243,-6.487854372,22.6,22.37088020560001,tC/acre,0.2,1.223,Grassland without tree/shrub cover
29581942,2018-05-29,a2f8ac5b-edd5-4049-b318-f8251b34554a,296f7ca2-f999-4a9b-9497-00b456c7eef9,2015-05-29,39.28527693,-5.832948596,13.2,12.713615376,tC/acre,0.2,1.19,Grassland without tree/shrub cover
29642098,2018-05-16,ea5cb219-9a9a-4622-b016-82bb822522d1,0cdcbf3d-e919-4098-891c-5b9751394e0f,2015-05-16,40.67385538,-6.112117774,13.0,12.300026284000005,tC/acre,0.2,1.169,Grassland without tree/shrub cover
29661968,2018-06-29,12ae95ed-0430-4f41-99d6-36217fa28d7c,df1b0749-caf9-449e-8326-10f476af46c9,2015-06-29,39.53008672,-5.798524741,13.8,13.179813648000003,tC/acre,0.2,1.1800000000000002,Grassland without tree/shrub cover
29682168,2018-05-01,f19266c2-b045-4628-aec1-e8fa0e4c3937,9d6fec22-292a-41f0-b9b9-4d5fb2632982,2015-05-01,41.29833581,-6.228033459,16.6,21.416306868800007,tC/acre,0.2,1.594,Grassland without tree/shrub cover
29702138,2018-07-30,a2ba5de5-d899-402d-9a7b-0681ba5c0461,bb37a8cf-3e27-47a9-944b-33991b70c3ab,2015-07-30,41.03791552,-6.134666333,11.6,14.604146493600002,tC/acre,0.2,1.5555,Grassland without tree/shrub cover
29721970,2018-05-29,0d289a8a-0514-4839-9bbd-ccd01e76fea2,14333ac5-6501-44f7-9a98-8fdd68d5e817,2015-05-29,39.55897477,-5.73450943,13.8,11.9623562856,tC/acre,0.2,1.071,Grassland without tree/shrub cover
29722178,2018-05-12,37d0e3f3-5fac-4f0e-8db6-4e9766c56a09,5a4915a2-1bce-4366-8219-a4122bc89890,2015-05-12,41.39411491,-6.204733215,12.4,12.545266000000002,tC/acre,0.2,1.25,Grassland without tree/shrub cover
29761754,2018-05-17,ff290f57-2e9f-4431-8f68-f4d345fc8a00,a6f8e85b-62c8-4575-8e1b-983839c537f3,2015-05-17,37.65292859,-5.239352241,14.7,13.860900186,tC/acre,0.2,1.165,Grassland without tree/shrub cover
29761880,2018-05-28,e87b7fcc-b679-424b-906a-4b15eb880d57,9bbf0c2f-3c3e-438f-8c09-52bd0c18840e,2015-05-28,38.77007189,-5.49718734,14.6,16.212692406400006,tC/acre,0.2,1.372,Grassland without tree/shrub cover
29781738,2018-05-15,765c7787-4586-465f-a55c-3e1216fdedae,1db1ccc8-ec51-4aea-8b1d-57cff52545cb,2015-05-15,37.51446482,-5.185309934,11.7,11.174189832,tC/acre,0.2,1.1800000000000002,Grassland without tree/shrub cover
29782206,2018-06-02,6a86f6ee-4455-4f5b-8909-6ea0759cb38b,d15b04eb-d322-465b-91c1-98a7deacef97,2015-06-02,41.65221642,-6.200412297,30.8,29.41581596800001,tC/acre,0.2,1.1800000000000002,Grassland without tree/shrub cover
29822326,2018-08-16,bbd07702-34c0-44b1-bae6-a0eeafa14130,79eef424-b322-427b-b4a5-46ad4db5e038,2015-08-16,42.71531875,-6.443589387,20.9,19.960732264000004,tC/acre,0.2,1.1800000000000002,Grassland without tree/shrub cover
29842122,2018-05-09,0acbde64-a1c5-4a58-8330-d05b6436fe5e,ffc82160-301f-4a57-a60c-e4e55b6274d5,2015-05-09,40.92356244,-5.93488787,38.5,36.76976996000001,tC/acre,0.2,1.1800000000000002,Grassland without tree/shrub cover
29862388,2018-05-16,0faf4443-c9bb-47e5-83d9-62caddad4732,d9a65dd4-4b5d-4768-941b-a345fcf392df,2015-05-16,43.26763067,-6.550769133,49.5,34.695349524,tC/acre,0.2,0.866,Grassland without tree/shrub cover
29882084,2018-05-17,7d3d1aca-ee0a-4a6e-8287-0d59ab96814e,560caf62-e40d-4025-af45-123849d9f975,2015-05-17,40.59585554,-5.802445943,34.6,33.045040016000016,tC/acre,0.2,1.1800000000000002,Grassland without tree/shrub cover
29882126,2018-05-08,03308086-4224-49f2-9a9d-6a0a01967e83,99f6b014-db92-4cb1-ae14-d4b7af172e66,2015-05-08,40.96640775,-5.897471858,19.8,18.910167408000003,tC/acre,0.2,1.1800000000000002,Grassland without tree/shrub cover
29922350,2018-06-23,733ec06b-00e2-47eb-83a0-fa41f93a829a,17731e7e-da3c-405b-a66b-f2e00e60d0a7,2015-06-23,42.94576409,-6.383313427,49.2,46.98890083200001,tC/acre,0.2,1.1800000000000002,Grassland without tree/shrub cover
29923358,2018-08-14,b71ea576-845d-47f5-aa6e-af2bd3e68432,0d0ca3dc-d6c9-4d67-8ac1-368fcf601c8e,2015-08-14,51.71858324,-9.499034545,71.2,68.00019795200002,tC/acre,0.2,1.1800000000000002,Grassland without tree/shrub cover
29941888,2018-05-28,d73f89de-2170-4b36-8887-f020f0a9dec5,2c87b4f0-c97d-4b36-b7d3-93ab0a93be0a,2015-05-28,38.8737391,-5.310800011,13.3,14.0801590608,tC/acre,0.2,1.308,Grassland without tree/shrub cover
29962106,2018-05-19,a8d4db68-5a83-49df-8d4d-a385b27488d3,a48d31b1-550f-4af0-ace2-90c0101acc03,2015-05-19,40.80501844,-5.759132332,14.3,13.657343128000004,tC/acre,0.2,1.1800000000000002,Grassland without tree/shrub cover
29982076,2018-05-23,e5d711d9-8a0f-4a5b-9533-24782547ad16,0370c6c1-b137-48fd-b2b1-95b4f21ef324,2015-05-23,40.54392297,-5.668847234,11.0,11.876724728000005,tC/acre,0.2,1.334,Grassland without tree/shrub cover
30002386,2018-05-21,850f8641-15dc-43d2-9d8a-c0fee43e5fff,d293ecac-89ce-439c-a18e-8a63fb521f64,2015-05-21,43.27762902,-6.376825822,73.1,65.82116618500001,tC/acre,0.2,1.1125,Grassland without tree/shrub cover
30002398,2018-05-16,c98fc10c-7df3-4273-b8b6-09298a56d826,ded982e8-0fe2-42b3-a945-cdbf61d20fed,2015-05-16,43.38300125,-6.406963205,66.4,47.21261125280001,tC/acre,0.2,0.8785000000000001,Grassland without tree/shrub cover
30022086,2018-05-23,62028109-ddd4-4e56-9466-a945a67ee0cc,b0bb0887-1586-44c4-be0c-33e2dd79fc71,2015-05-23,40.63966513,-5.644766982,19.1,18.241626136000004,tC/acre,0.2,1.1800000000000002,Grassland without tree/shrub cover
30022122,2018-05-10,5011624f-7026-4ca2-88a5-13a5e3a77d1c,721534ca-d543-4886-9df4-e9ca3c2d19f6,2015-05-10,40.9574413,-5.725414988,12.5,11.938237000000004,tC/acre,0.2,1.1800000000000002,Grassland without tree/shrub cover
30022410,2018-07-18,e898fbb8-e4a0-412f-9abe-85ab12029a16,101cc86d-40b0-4438-b766-94092e62e485,2015-07-18,43.49228063,-6.413026557,46.7,32.7327842984,tC/acre,0.2,0.866,Grassland without tree/shrub cover
30042042,2018-08-08,273c17a0-d30a-43cf-96cf-1d9807217890,1a954af0-a78f-4774-9c27-c5bb08a10f0e,2015-08-08,40.25468063,-5.524653866,72.3,38.3582839158,tC/acre,0.2,0.6555,Grassland without tree/shrub cover
30042052,2018-08-08,b2a8fa29-20a2-4793-a2dc-6b2729449594,c66cd080-1dfa-43fb-bc67-dc3e54bf9798,2015-08-08,40.34304852,-5.546541884,34.2,32.66301643200001,tC/acre,0.2,1.1800000000000002,Grassland without tree/shrub cover
30142106,2018-05-28,6423d471-d0ce-4078-9ad7-ead31b79baa1,fc508397-bf73-4b5d-a471-252da6ab8a2e,2015-05-28,40.83851464,-5.549970883,12.3,14.181290092200005,tC/acre,0.2,1.4245,Grassland without tree/shrub cover
30161932,2018-06-06,6b0c3496-4dea-4ca7-8e91-c51c1f6074fd,4638cd12-6c25-4a09-ba71-251961fb6775,2015-06-06,39.30321455,-5.152931224,17.2,16.427014112000005,tC/acre,0.2,1.1800000000000002,Grassland without tree/shrub cover
30162054,2018-08-08,904c56a3-8f19-4341-86a9-acdbd65bfb19,c1e99bd6-d97a-4509-8af9-b5c43afaeac6,2015-08-08,40.38278194,-5.412402567,47.2,27.6203051232,tC/acre,0.2,0.723,Grassland without tree/shrub cover
30162072,2018-06-05,4ad843ae-0c00-40e8-a5ba-16279f98e41a,63d9a3e3-7c6e-47a5-b543-95eeb66a8b66,2015-06-05,40.54186268,-5.451715777,14.6,13.943860816000004,tC/acre,0.2,1.1800000000000002,Grassland without tree/shrub cover
30182326,2018-05-20,0616575c-1b5d-48fb-9efa-99bc70773dbe,ed7af29f-486c-4539-af4f-abdd2357d832,2015-05-20,42.78508164,-6.012754557,70.5,36.176500284,tC/acre,0.2,0.634,Grassland without tree/shrub cover
30202396,2018-07-17,aeb7a983-7ecc-4751-953c-ad72cbf989b9,a5736772-61b0-42a7-bca5-8a184c860d5f,2015-07-17,43.40438644,-6.160086318,31.6,30.17986313600001,tC/acre,0.2,1.1800000000000002,Grassland without tree/shrub cover
30222060,2018-08-08,5f2da36d-90ac-4e96-ab3f-0968bf6cc0a1,4b6af63c-1831-4a9f-b3b1-506619ddd1f0,2015-08-08,40.44678301,-5.356127542,23.3,22.252873768000004,tC/acre,0.2,1.1800000000000002,Grassland without tree/shrub cover
30242236,2018-05-24,76a3fe14-f42f-42e6-82ed-ed12fa90ebb4,67cdbcfd-9b87-4b2f-b72d-6b23a8a42e32,2015-05-24,42.003966,-5.728090546,38.3,30.781954966800004,tC/acre,0.2,0.993,Grassland without tree/shrub cover
30262064,2018-08-01,3a3495a3-0f3b-464d-a545-795b54e0b64b,a7e81159-5fdc-4575-9d4a-002d5b26c20c,2015-08-01,40.48943197,-5.318555267,25.1,23.971979896000004,tC/acre,0.2,1.1800000000000002,Grassland without tree/shrub cover
30262322,2018-05-17,49240290-25e0-40ff-a259-bf76037c193a,35d89f86-ae9f-4d5d-b5e9-611bf1b54a89,2015-05-17,42.76513552,-5.907288142,35.5,25.945633518,tC/acre,0.2,0.903,Temporary grassland
30281774,2018-05-16,e6ac6f9f-6d28-4644-a73b-362e5841812c,31e9770c-af3f-4fdd-b7f9-693c94f086de,2015-05-16,37.92246949,-4.700346331,42.5,40.59000580000001,tC/acre,0.2,1.1800000000000002,Grassland without tree/shrub cover
30282398,2018-07-17,2828cf83-7e67-48f5-a6e8-0729f713f355,8c0b08e3-6ebc-4b3a-9308-1e82a88989db,2015-07-17,43.4373847,-6.068206551,55.5,53.00577228000001,tC/acre,0.2,1.1800000000000002,Grassland without tree/shrub cover
30302068,2018-08-01,13fd1171-5053-42c1-9166-0ef392dfd6b7,5eb70494-32c1-43f7-8d60-c2e18370d86e,2015-08-01,40.53206617,-5.280938384,12.3,11.747225208000003,tC/acre,0.2,1.1800000000000002,Grassland without tree/shrub cover
30303360,2018-07-24,2c72e1a7-4154-4930-97e5-f33343e93dfd,75c52d3c-d839-43a8-bc79-0507c663594c,2015-07-24,51.82516449,-8.972296895,54.9,41.90175500040001,tC/acre,0.2,0.943,Grassland without tree/shrub cover
30303364,2018-07-24,680dd85b-3786-4e07-94df-1615d8b2b8ca,3fe1e2c0-7ebb-4928-82e5-329325a0eab1,2015-07-24,51.85970782,-8.987291116,58.6,55.966455056000015,tC/acre,0.2,1.1800000000000002,Grassland without tree/shrub cover
30303392,2018-07-23,a9ac8373-7777-4b16-9e81-46b5bfa5c94c,b2a329e3-8746-499a-89e6-422a50c7ddbd,2015-07-23,52.10143123,-9.093049304,42.9,40.97202938400001,tC/acre,0.2,1.1800000000000002,Grassland without tree/shrub cover
30322350,2018-05-28,c9dc029e-dac7-4836-9ca9-3e14c26f3b0c,aa305a21-22ad-4b00-8c15-63a054428033,2015-05-28,43.02292151,-5.902677458,39.6,32.7883072176,tC/acre,0.2,1.023,Grassland without tree/shrub cover
30402384,2018-05-04,7cc26eac-1d3a-4a45-9b92-b8e4f10ce2f1,ab76ac04-5c63-40a2-a8ed-f8d8576a5fc6,2015-05-04,43.33722431,-5.888662592,37.8,36.101228688000006,tC/acre,0.2,1.1800000000000002,Grassland without tree/shrub cover
30422056,2018-08-03,97ad1e99-6a9b-4890-8ec7-eab54b3b10d8,ef6ad701-eda9-4607-8cea-6863d59febbf,2015-08-03,40.44760717,-5.11625092,16.8,16.044990528000007,tC/acre,0.2,1.1800000000000002,Grassland without tree/shrub cover
30422084,2018-08-07,6a758b68-6330-4f2d-9f47-3a0425ec6b92,73c2260e-bd16-4208-8f07-fecdeeeb1331,2015-08-07,40.69525014,-5.176459873,18.4,17.573084864000005,tC/acre,0.2,1.1800000000000002,Grassland without tree/shrub cover
30422296,2018-08-05,e74af2ca-4b6f-4258-ab59-9b598e2b1b00,9e95c494-6a0b-4d60-bb24-7ad1042b55c4,2015-08-05,42.56635162,-5.654171058,17.1,20.9057145426,tC/acre,0.2,1.5105,Grassland without tree/shrub cover
30442088,2018-07-20,f2fb13f9-9351-430d-ab06-c8103ecdcbd5,30d01d21-53f5-43cf-8cd9-d77ed8854d69,2015-07-20,40.73422529,-5.161884273,10.9,10.410142664000002,tC/acre,0.2,1.1800000000000002,Grassland without tree/shrub cover
30442384,2018-05-04,963c6ebb-7ba2-4191-aaf7-3a5a53b8087d,15f4e99a-3697-4292-892d-bcd7a7ce55c6,2015-05-04,43.34481504,-5.840285445,27.9,26.646144984000006,tC/acre,0.2,1.1800000000000002,Grassland without tree/shrub cover
30442402,2018-05-03,b2b57f8b-d00f-44b2-8183-72f1bf9580e0,7e217e60-3187-42be-ae4a-8c48bba7e269,2015-05-03,43.50313774,-5.884158834,79.1,75.54516373600002,tC/acre,0.2,1.1800000000000002,Grassland without tree/shrub cover
30482338,2018-05-18,4bc4f5fb-a46b-400d-833b-9880b39a0863,285b0a20-7834-43eb-b542-c4f595679a14,2015-05-18,42.94749744,-5.681514297,70.1,66.949633096,tC/acre,0.2,1.1800000000000002,Grassland without tree/shrub cover
30482410,2018-05-01,95d34e92-c40d-45f0-9ed6-b353fe5ee874,bde99fd1-f7d5-4baa-abf6-58301dd4b4a7,2015-05-01,43.58109018,-5.855193219,52.2,49.85407771200001,tC/acre,0.2,1.1800000000000002,Grassland without tree/shrub cover
30483396,2018-07-20,d59148c5-ba05-4095-961d-ae02a93190f2,de0a3817-3644-44a8-8ec1-1a6edbc33e5a,2015-07-20,52.17776176,-8.85285355,48.1,45.93833597600002,tC/acre,0.2,1.1800000000000002,Grassland without tree/shrub cover
30542404,2018-05-01,d8dcdfcb-9c58-460d-a608-7cc9a6b818b9,09c2184e-18b9-4ba6-8d7c-ed7b716c7786,2015-05-01,43.53966948,-5.767718288,35.6,34.00009897600001,tC/acre,0.2,1.1800000000000002,Grassland without tree/shrub cover
30623360,2018-06-11,9cb0c6cc-f7b9-4229-86c8-a1036c098bf9,a8aef097-c503-4a90-8491-8aeb8b883681,2015-06-11,51.89852541,-8.520785318,46.4,39.71426529600001,tC/acre,0.2,1.0575,Grassland without tree/shrub cover
30623392,2018-07-16,cee278ee-3cbe-4e6a-81d2-e4f82c85dd7e,dba0e7aa-fe6c-454b-a3d1-cb72314517d4,2015-07-16,52.17531492,-8.638990505,46.5,44.41024164000001,tC/acre,0.2,1.1800000000000002,Grassland without tree/shrub cover
30623428,2018-08-02,903e7e70-b1be-4387-9a87-00b818d5bd58,1397cbda-c187-4023-a635-bdab9c200629,2015-08-02,52.48649255,-8.774146006,51.3,48.99452464800001,tC/acre,0.2,1.1800000000000002,Grassland without tree/shrub cover
30662334,2018-05-19,b88aca99-cfb2-4581-bbc5-be94f0ea6bbb,2ff5bc19-188d-423d-8cb8-a5c3c3f5f54f,2015-05-19,42.9457556,-5.455656916,29.0,27.696709840000008,tC/acre,0.2,1.1800000000000002,Grassland without tree/shrub cover
30662388,2018-04-27,456f7ed6-6e78-4bfd-8ae1-e04da0a69a61,e7219c3b-2b8c-44dc-8ecb-fe8dc04678b2,2015-04-27,43.42137225,-5.583584593,49.2,46.98890083200001,tC/acre,0.2,1.1800000000000002,Grassland without tree/shrub cover
30663392,2018-07-16,89feffac-03fb-42fc-82c2-44026bc6ffe3,ff5024b0-8643-43d2-bec0-ab342d0a8487,2015-07-16,52.18442839,-8.582136958,41.0,39.15741736,tC/acre,0.2,1.1800000000000002,Grassland without tree/shrub cover
30682052,2018-09-02,8c87c3b5-8515-4db5-b1a2-9adbde966099,4df22b2a-01cc-4253-9e34-482a0afd4079,2015-09-02,40.45841997,-4.806967944,21.2,18.44558788,tC/acre,0.2,1.075,Grassland without tree/shrub cover
30682278,2018-05-06,fb0d5f8a-476a-40b5-835e-8976530cd3b0,3912f5b1-a8a9-42b9-8400-8dd98c6c25a6,2015-05-06,42.45572194,-5.302002044,17.6,19.031249459200005,tC/acre,0.2,1.336,Grassland without tree/shrub cover
30682344,2018-05-19,267e9189-3496-4e76-ad1b-61d2664e3223,f794b873-f0ac-4530-95fc-519887ce52b1,2015-05-19,43.03756359,-5.455052786,39.3,37.533817128,tC/acre,0.2,1.1800000000000002,Grassland without tree/shrub cover
30722052,2018-09-01,f9496153-70a7-4c60-8d77-94600a46dd40,b876a5f4-fb1e-485f-a54b-dfda490a7334,2015-09-01,40.46544626,-4.760667308,29.0,27.696709840000008,tC/acre,0.2,1.1800000000000002,Grassland without tree/shrub cover
30722074,2018-08-31,2168bec0-1852-4a6b-869e-aeba7d3aed33,3bdbfd9a-a005-42ee-b073-798f887e7049,2015-08-31,40.66023739,-4.806837874,26.6,25.404568336000008,tC/acre,0.2,1.1800000000000002,Grassland without tree/shrub cover
30743386,2018-06-14,15108cd0-d916-487e-ae11-86cdc6deb863,f0475eb4-316d-464b-a2c1-566eadcd36eb,2015-06-14,52.15065268,-8.44624701,20.4,19.483202784000003,tC/acre,0.2,1.1800000000000002,Grassland without tree/shrub cover
30762060,2018-09-01,1d8699ae-0d3e-40a5-9e0c-51323c3f05cd,f957d91e-33ae-4723-8d21-591d3a3faf11,2015-09-01,40.54330154,-4.731052887,44.6,42.59562961600001,tC/acre,0.2,1.1800000000000002,Grassland without tree/shrub cover
30763356,2018-05-15,c00102eb-4f39-4542-8fa3-020322ec2787,61f7bc8e-1984-458e-a75d-b112fef2af7e,2015-05-15,51.89543933,-8.308318893,31.4,29.98885134400001,tC/acre,0.2,1.1800000000000002,Grassland without tree/shrub cover
30763396,2018-07-30,cab7cc50-8a69-4778-8ee0-097e45855c2b,47ab7fce-0f4f-4d2f-90b3-4738f6583053,2015-07-30,52.24170799,-8.454671493,33.5,31.994475160000007,tC/acre,0.2,1.1800000000000002,Grassland without tree/shrub cover
30782390,2018-05-05,961dc6a6-b1ab-42dd-b667-0dd1e3d75c48,188d7848-2792-4071-ae5b-7ed51e1cb84b,2015-05-05,43.46126133,-5.442872575,22.2,19.001221758000003,tC/acre,0.2,1.0575,Grassland without tree/shrub cover
30802376,2018-07-08,d72192d4-2131-4b13-ba2c-c7017c8d9ab7,c54a5a7d-aea2-4995-8b67-0d4c8db0c40b,2015-07-08,43.34162902,-5.385490403,41.9,37.9313401858,tC/acre,0.2,1.1185,Temporary grassland
30803590,2018-10-03,0346d13d-96c6-4a42-82ac-2771d0704782,bad6de96-3ccd-4978-9ec7-fafd88e08d1b,2015-10-03,53.9266399,-9.146994982,59.8,57.11252580800001,tC/acre,0.2,1.1800000000000002,Grassland without tree/shrub cover
30823370,2018-06-08,8e91c162-4b9a-4390-b32e-f0304409cf44,38d2eac4-a5c1-468b-97f4-71483af4b375,2015-06-08,52.03011498,-8.274159418,37.7,31.733857376000007,tC/acre,0.2,1.04,Grassland without tree/shrub cover
30882342,2018-05-27,a5668f9a-8197-4d43-9a93-b2d41c800e98,da0174b1-29ad-46cd-8bce-ad09cb9d5dee,2015-05-27,43.05659795,-5.209411924,36.3,24.3268085808,tC/acre,0.2,0.8280000000000001,Grassland without tree/shrub cover
30882346,2018-07-09,c66110e9-1d8e-4710-9d5e-f2102263e181,74a5570b-d0fb-4af1-82f9-33c6846bd493,2015-07-09,43.09186695,-5.218674169,47.4,45.26979470400001,tC/acre,0.2,1.1800000000000002,Grassland without tree/shrub cover
30902290,2018-07-04,e869a77f-82c0-4c6c-a4dc-025f50ba8767,9887665c-ea3c-4a89-8ec1-654a1440e36b,2015-07-04,42.60149031,-5.066403897,42.8,40.876523488,tC/acre,0.2,1.1800000000000002,Grassland without tree/shrub cover
30902340,2018-06-29,0a0f1992-fb71-4bf6-a383-cfdc9295dcee,5fd23e3f-2c54-4095-b5ef-6aa1887c107d,2015-06-29,43.04259569,-5.180684253,62.1,59.30916141600001,tC/acre,0.2,1.1800000000000002,Grassland without tree/shrub cover
30922374,2018-07-08,8c7e240f-f142-4f81-b000-13a543303fdc,ad657c2a-6977-47af-a2b6-1d34256f206c,2015-07-08,43.34598848,-5.235487239,24.8,23.685462208000008,tC/acre,0.2,1.1800000000000002,Grassland without tree/shrub cover
30942340,2018-06-29,60b1bb87-0a0f-474e-813c-fe8f8c060016,0c8a6377-2c31-4da4-972d-375bdb7a601c,2015-06-29,43.04984489,-5.132472181,51.5,49.18553644000002,tC/acre,0.2,1.1800000000000002,Grassland without tree/shrub cover
30962066,2018-06-18,7df44a15-b35c-4741-9536-e777b758a9bc,4820eed9-e65d-48f1-93d0-cc1db133b497,2015-06-18,40.63120884,-4.511496251,47.5,31.006029605,tC/acre,0.2,0.8065,Grassland without tree/shrub cover
31003394,2018-07-04,bf59bb3e-d68c-40d4-aa7c-fd460b4a8c26,548014ed-873f-42e2-821e-64349a10cd9b,2015-07-04,52.27812644,-8.105284765,42.1,40.20798221600001,tC/acre,0.2,1.1800000000000002,Grassland without tree/shrub cover
31022060,2018-08-17,d92b51e9-fd83-4ac8-a98c-9c03f74d65bd,6f109aa4-40a4-4e1d-81bd-d5ccc4b45457,2015-08-17,40.5883594,-4.429504473,22.0,20.441499232,tC/acre,0.2,1.148,Grassland without tree/shrub cover
31022086,2018-08-29,c11a436e-1ff1-440f-8a62-8c23b98cbe91,ca3aff2b-90ad-4938-a807-cddf711338b4,2015-08-29,40.81874928,-4.483074915,11.0,10.505648560000004,tC/acre,0.2,1.1800000000000002,Grassland without tree/shrub cover
31042070,2018-08-30,6e2faa07-9505-4512-b0e6-832207e2c7cb,74a12f13-87ea-46b4-848a-5a9c2fc39001,2015-08-30,40.68041617,-4.426802545,16.9,16.140496424000002,tC/acre,0.2,1.1800000000000002,Grassland without tree/shrub cover
31062274,2018-07-31,2a2da63e-7548-42de-a747-93a7753d4e1d,dbba322d-200b-440b-af44-79e0406b7e0c,2015-07-31,42.4887931,-4.839178554,18.9,18.050614344000003,tC/acre,0.2,1.1800000000000002,Grassland without tree/shrub cover
31063480,2018-07-02,5774e3a1-fffa-42a9-9903-ff63b791e5d4,bad1b43a-2783-420d-959a-e0356b2eae60,2015-07-02,53.03630996,-8.336991678,28.0,30.095688448000008,tC/acre,0.2,1.328,Grassland without tree/shrub cover
31083442,2018-07-04,54689786-867e-477f-9740-298b91f2d8d8,8d203692-64da-44b9-8333-7b538ccd00f6,2015-07-04,52.7117757,-8.166351019,116.1,67.0932156888,tC/acre,0.2,0.714,Grassland without tree/shrub cover
31103548,2018-08-22,890d64d7-352c-4947-ba86-52ba8ca8e439,1c7cc5e8-0fe5-4f2f-9ba8-2b59206a5ffa,2015-08-22,53.63356837,-8.538749295,50.6,32.7224243368,tC/acre,0.2,0.799,Grassland without tree/shrub cover
31122070,2018-06-18,12b6ebc3-bfb0-4d71-8c85-2da8fa493397,f1382301-d0e7-43b5-bb78-58a7e53a0ce0,2015-06-18,40.69409529,-4.33381061,14.3,16.244136508600004,tC/acre,0.2,1.4035,Grassland without tree/shrub cover
31122366,2018-07-06,299afc81-e568-4004-8a25-e4ec3e6e8ca1,635a65d6-23a0-4fc6-a5f6-ff07cefa252a,2015-07-06,43.31159551,-4.974741589,33.0,31.516945680000003,tC/acre,0.2,1.1800000000000002,Grassland without tree/shrub cover
31123392,2018-06-18,09dc26f1-5f47-44d3-ab4d-ab260b166e6c,1888191c-a1b7-4639-acba-c80b6b65c6b9,2015-06-18,52.28727705,-7.92680793,41.3,38.75868024420001,tC/acre,0.2,1.1595,Grassland without tree/shrub cover
31123410,2018-07-13,e9a4a732-726f-4d0e-b6d5-fd5c0bdb6c3b,53027a37-7c33-4c6b-999f-491deadab028,2015-07-13,52.44334705,-7.991798711,44.9,42.882147304000014,tC/acre,0.2,1.1800000000000002,Grassland without tree/shrub cover
31163396,2018-07-05,6854bf11-f752-4039-8b91-517528594010,38973152-ffbd-44e0-b356-c1569c993269,2015-07-05,52.33074445,-7.88404535,40.3,36.124093447,tC/acre,0.2,1.1075,Grassland without tree/shrub cover
31163428,2018-07-19,699b4927-5519-439a-a73d-c9477a582346,5ba507c0-e5ff-4060-b5c2-abd55e532793,2015-07-19,52.60820924,-7.9998672,33.2,31.29145464080001,tC/acre,0.2,1.1645,Grassland without tree/shrub cover
31242076,2018-08-27,e5b035fb-a0af-4dd4-9149-0d01fe83971e,1eb9d053-2401-432e-8ba7-324b9e9182e8,2015-08-27,40.76765367,-4.206414009,27.6,26.359627296000006,tC/acre,0.2,1.1800000000000002,Grassland without tree/shrub cover
31322332,2018-06-02,fb5c7ed2-73a1-4efb-b5eb-ade5811225f6,6ae0f710-33ef-40e9-9cd4-28225b5b9851,2015-06-02,43.04692001,-4.656074184,42.7,40.78101759200001,tC/acre,0.2,1.1800000000000002,Grassland without tree/shrub cover
31323424,2018-07-11,fe56b5f3-bd21-42b1-89e2-4beca664fd11,b07023c8-25bf-4857-b564-7b426fee5c4a,2015-07-11,52.60860499,-7.755296852,75.8,72.393469168,tC/acre,0.2,1.1800000000000002,Grassland without tree/shrub cover
31343410,2018-07-10,7d529b7b-fe20-4b3c-984c-a6c2e7ebf293,31b0d8c0-fa34-4814-a069-6b770523d6cb,2015-07-10,52.49145333,-7.676386292,46.1,44.028218056000014,tC/acre,0.2,1.1800000000000002,Grassland without tree/shrub cover
31382090,2018-05-24,172e4b4b-0f6f-4966-b661-fa41367e8ffa,10302925-7db7-48d8-aba3-13eaf26c2e0f,2015-05-24,40.91535072,-4.071540939,61.4,42.738079088000006,tC/acre,0.2,0.86,Grassland without tree/shrub cover
31382100,2018-08-22,e00c2956-0c6e-470f-9d3c-fb786f082556,c8b8bc70-20e3-406b-acc1-78600898e8c9,2015-08-22,41.00403042,-4.091756075,28.0,26.74165088000001,tC/acre,0.2,1.1800000000000002,Grassland without tree/shrub cover
31382312,2018-05-20,84e1b361-8ef8-4b83-adc9-9f52f68c3c42,b539028b-7df0-4993-8614-dd516b6bef84,2015-05-20,42.88069463,-4.539464314,42.6,39.478738044,tC/acre,0.2,1.145,Grassland without tree/shrub cover
31442322,2018-06-19,d39bbec9-a951-412c-b5a8-60a1d61b2272,d6ec28b4-856b-4253-8970-267be468d725,2015-06-19,42.97948248,-4.489201339,51.4,49.09003054400001,tC/acre,0.2,1.1800000000000002,Grassland without tree/shrub cover
31462364,2018-06-28,264124e9-5298-4578-9333-80d8611dea22,3d3aebec-3526-48f7-8bff-fcc6588b7cc8,2015-06-28,43.35403028,-4.558130301,48.2,37.275708397200006,tC/acre,0.2,0.9555,Grassland without tree/shrub cover
31482294,2018-06-22,3e0e471c-7f0c-4e50-95cb-845926291629,26151422-c008-46c7-b78b-bd99ce91f3b6,2015-06-22,42.73885955,-4.379904926,32.4,30.94391030400001,tC/acre,0.2,1.1800000000000002,Grassland without tree/shrub cover
31483396,2018-05-23,f7482e56-ccbe-42ed-9046-6f988beaaed3,4474e503-e365-4e29-baa2-366c2326b72e,2015-05-23,52.40000279,-7.426053478,35.7,34.09560487200001,tC/acre,0.2,1.1800000000000002,Grassland without tree/shrub cover
31503370,2018-05-15,464d3e1c-a03c-457f-bfc8-f8c26a72d50b,813b7d12-73b2-483b-a002-75407d567552,2015-05-15,52.17828464,-7.306858493,38.9,37.151793544,tC/acre,0.2,1.1800000000000002,Grassland without tree/shrub cover
31523384,2018-05-16,50a9233d-9f82-4cc6-91f8-006beeee8f1e,7260104b-7592-41aa-8526-67673d4882eb,2015-05-16,52.30423525,-7.326852736,39.3,30.6473159346,tC/acre,0.2,0.9635,Grassland without tree/shrub cover
31523402,2018-05-28,9f795771-ba03-4677-99d8-846992730c31,6fcaab37-eccc-436f-9c55-fe142e18b742,2015-05-28,52.46067891,-7.389733651,55.8,53.29228996800001,tC/acre,0.2,1.1800000000000002,Grassland without tree/shrub cover
31542354,2018-06-28,116cb75b-a685-42c2-99f5-3d92fb60931b,94acc895-8ed0-4d8f-b311-724976743946,2015-06-28,43.27956993,-4.438918849,31.0,24.71417402,tC/acre,0.2,0.985,Grassland without tree/shrub cover
31582088,2018-06-26,32a716fb-7646-4860-a40c-4295f3493a10,e8d5d924-3838-40e4-90d9-d12f65769056,2015-06-26,40.93081443,-3.834027572,31.7,30.275369032000008,tC/acre,0.2,1.1800000000000002,Grassland without tree/shrub cover
31602300,2018-06-19,652c4028-1848-4ed6-81b7-d3f36af4634e,5c4657d8-f468-4a7c-8b5a-c82a8b059587,2015-06-19,42.81245747,-4.248642264,45.5,43.45518268000001,tC/acre,0.2,1.1800000000000002,Grassland without tree/shrub cover
31621846,2018-07-28,00687781-ed94-480e-bb86-4ba2ec5ebe48,e1b50439-71c5-455e-ba46-d05c0cc5129e,2015-07-28,38.78532575,-3.330104311,20.7,20.2555864836,tC/acre,0.2,1.209,Grassland without tree/shrub cover
31623442,2018-08-09,71ce9dba-495b-400a-9ae3-57120e74497b,3de0e2f1-6674-4e9d-a0a2-71549325eafe,2015-08-09,52.82959242,-7.386790358,31.8,30.37087492800001,tC/acre,0.2,1.1800000000000002,Grassland without tree/shrub cover
31642180,2018-08-09,7df500c3-2374-419c-bcc4-a9a6926b4b4c,91be9f56-86b8-4590-98fa-ef27550ae065,2015-08-09,41.75667201,-3.948943987,15.1,14.421390296000004,tC/acre,0.2,1.1800000000000002,Grassland without tree/shrub cover
31643418,2018-06-21,18ae3f55-10c6-4532-b146-b87dff622cd7,067909b3-621e-49cc-8664-656599b541d1,2015-06-21,52.62526176,-7.273252169,32.3,30.848404408000007,tC/acre,0.2,1.1800000000000002,Grassland without tree/shrub cover
31643458,2018-08-03,127a8319-0104-4d70-8979-17f9c67cb149,9723619c-c2f9-43bb-afd5-f2dd7de1ab71,2015-08-03,52.9728756,-7.414790544,50.0,47.75294800000001,tC/acre,0.2,1.1800000000000002,Grassland without tree/shrub cover
31682350,2018-05-29,950f05a1-5d2e-4d3c-8365-b934939dce93,4dbeed1c-e248-40ef-a76b-edb19a053396,2015-05-29,43.26826076,-4.260477631,30.5,29.129298280000004,tC/acre,0.2,1.1800000000000002,Grassland without tree/shrub cover
31702312,2018-05-11,f29d59ee-6ef1-49a7-9879-a51df4d854ff,19991cd2-f001-41b9-9e64-e6ce6e2b2ed8,2015-05-11,42.93559224,-4.154032925,64.0,61.123773440000015,tC/acre,0.2,1.1800000000000002,Grassland without tree/shrub cover
31703420,2018-06-21,4ab06e70-0dc4-404c-b5ae-6a6b03f15bea,b44389ea-3b70-4979-929f-c06cf1356480,2015-06-21,52.65534195,-7.193745303,47.4,35.391004758,tC/acre,0.2,0.9225,Grassland without tree/shrub cover
31723460,2018-08-01,14002029-a3b7-4eb5-a09c-034dba6b45dd,aafea668-1b93-4c8e-b839-89d04c6f1118,2015-08-01,53.00731667,-7.30571777,33.9,32.376498744,tC/acre,0.2,1.1800000000000002,Grassland without tree/shrub cover
31742108,2018-06-16,085150e0-fcbf-4fb8-b34c-b51ca01928bb,ad7fae4c-4c59-4522-a16c-ab1652e1e9bb,2015-06-16,41.13452671,-3.686427334,18.3,17.4923904756,tC/acre,0.2,1.181,Grassland without tree/shrub cover
31763412,2018-06-05,7086d4af-bf9f-4337-a90c-483569af89bb,cc7f5315-2de5-48c3-9f46-90d695a3a18a,2015-06-05,52.59837821,-7.079428494,58.9,56.25297274400001,tC/acre,0.2,1.1800000000000002,Grassland without tree/shrub cover
31782138,2018-07-04,028712e1-17cf-4345-9b1e-031b47af7acf,326e51b7-1d8a-449f-bf12-a2292f0d0225,2015-07-04,41.40728315,-3.698936941,16.0,14.646395712000002,tC/acre,0.2,1.131,Grassland without tree/shrub cover
31782310,2018-05-21,3f756c12-4ef2-41e0-998a-7a89488d0d88,d5d1a297-2a33-4c70-8145-c024458b3501,2015-05-21,42.93139036,-4.053312183,34.1,26.081608014,tC/acre,0.2,0.945,Grassland without tree/shrub cover
31783422,2018-07-31,c4ea0436-a342-4121-bf2a-c40fe70209c5,9037916d-980a-4b4c-bf83-23f47c69f09e,2015-07-31,52.68956921,-7.085260317,20.3,19.387696888,tC/acre,0.2,1.1800000000000002,Grassland without tree/shrub cover
31783686,2018-10-03,d34bb85c-6e79-4a49-b473-042ad027c9ff,6cdbb2de-c82e-4bab-a4f3-e8f3f59e5e59,2015-10-03,54.98097474,-8.064965698,40.1,35.21456166200001,tC/acre,0.2,1.085,Grassland without tree/shrub cover
31802332,2018-06-14,b7093cf0-af86-4dd6-802c-36473f36f225,6e14c172-1c71-45ed-8da7-21d2c4ec3435,2015-06-14,43.12941592,-4.076221939,60.1,57.39904349600001,tC/acre,0.2,1.1800000000000002,Grassland without tree/shrub cover
31803412,2018-06-20,15e146cd-2de3-413a-93cb-5d56b51eef88,18552752-9ed3-4ba3-8ce1-4a0b4479dc06,2015-06-20,52.60674921,-7.02177841,54.6,46.2466257708,tC/acre,0.2,1.0465,Grassland without tree/shrub cover
31823436,2018-07-30,83e98cb5-d24f-4859-a6af-65aae182c172,61a17f39-7a6b-4c7e-93b7-23f0dfe5a013,2015-07-30,52.81975055,-7.076144499,48.7,46.51137135200001,tC/acre,0.2,1.1800000000000002,Grassland without tree/shrub cover
31823598,2018-09-27,4c08ef77-450c-473f-993f-b5d287125141,110da798-c69c-4af9-8d7e-bd03ed523215,2015-09-27,54.22709486,-7.664188753,12.4,11.842731104000004,tC/acre,0.2,1.1800000000000002,Grassland without tree/shrub cover
31842298,2018-05-21,3a41cd75-b48c-48db-be07-06d16b444003,feb096a5-1136-40fe-847a-c090d450cdfe,2015-05-21,42.83522614,-3.955572548,16.1,15.897684824000004,tC/acre,0.2,1.22,Grassland without tree/shrub cover
31882358,2018-06-26,ec25bc08-e28b-4d2a-be2e-1196eb5e732a,9816712e-bd75-42d8-9427-aa9f149ac4e2,2015-06-26,43.37288346,-4.035189784,66.7,63.70243263200002,tC/acre,0.2,1.1800000000000002,Grassland without tree/shrub cover
31922270,2018-06-06,64139089-91a4-4d5a-86e9-20c41f113a1e,2e7c4ac3-15c0-4012-a9b3-72000f836a4f,2015-06-06,42.60053671,-3.80084394,29.1,27.79221573600001,tC/acre,0.2,1.1800000000000002,Grassland without tree/shrub cover
31922312,2018-05-11,a3ed1c53-97e5-4eab-b7fb-bddc06c3e463,3cf5203d-e8ff-497c-b063-965fff63e011,2015-05-11,42.97248842,-3.888685083,25.4,24.258497584000004,tC/acre,0.2,1.1800000000000002,Grassland without tree/shrub cover
32022340,2018-06-16,26c64281-564e-4607-a09c-6b21f1f3168c,813d904d-f6d7-4be0-bd68-bb170e965667,2015-06-16,43.23694929,-3.826877198,62.2,45.23313015240001,tC/acre,0.2,0.8985000000000001,Grassland without tree/shrub cover
32042254,2018-05-07,68d3f185-731a-4818-a471-8794dc87ce90,a2a079cb-d3eb-4d6f-acf9-16d19b3d5e60,2015-05-07,42.47841502,-3.624095218,56.3,53.769819448000014,tC/acre,0.2,1.1800000000000002,Grassland without tree/shrub cover
32042344,2018-06-17,f9689acc-152c-4fa1-8007-ae3b8dee3472,4677f664-f8a6-4a0b-930a-fc09ba3f7b6c,2015-06-17,43.2756676,-3.811085743,43.4,41.449558864,tC/acre,0.2,1.1800000000000002,Grassland without tree/shrub cover
32043538,2018-08-22,d744f732-af2e-458b-9edb-7a26dbd6a467,23960cc0-b72d-41e5-b05f-744b10b418f7,2015-08-22,53.75313115,-7.115798694,57.2,54.62937251200001,tC/acre,0.2,1.1800000000000002,Grassland without tree/shrub cover
32082174,2018-05-07,4afbe07a-77bf-4919-a5e9-d76059f27289,b2e66121-e7fa-4d7e-907e-5b3ae8613941,2015-05-07,41.77525426,-3.416033112,14.1,14.881437340800003,tC/acre,0.2,1.304,Grassland without tree/shrub cover
32102316,2018-05-27,02c2719c-3d1c-4435-a462-6ad2085c531d,4b4c8cbb-f37c-4902-ad9c-0843bffe2118,2015-05-27,43.03759491,-3.679684317,33.0,31.516945680000003,tC/acre,0.2,1.1800000000000002,Grassland without tree/shrub cover
32103428,2018-07-11,9a9fa509-a026-4ed3-9894-0d4f0a6500bb,38711cc9-e202-4375-97f9-a36503c68fff,2015-07-11,52.80808518,-6.642926529,28.5,27.219180360000006,tC/acre,0.2,1.1800000000000002,Grassland without tree/shrub cover
32122124,2018-06-01,77c41c0e-8a6f-4cbc-a243-c4629662ad4a,ff5c3963-15f9-4c39-9e9e-84fc1b85eada,2015-06-01,41.33761721,-3.271410083,42.2,40.30348811200001,tC/acre,0.2,1.1800000000000002,Grassland without tree/shrub cover
32122286,2018-06-25,ff80831e-3c10-4e22-b79c-a2469ce4a703,7d7a9962-9a86-454e-89f2-5757fbc71fc5,2015-06-25,42.7750548,-3.593549134,35.2,33.61807539200001,tC/acre,0.2,1.1800000000000002,Grassland without tree/shrub cover
32142198,2018-07-05,a491f297-8202-4c6e-a89c-a5d7f7169553,c8913318-c9be-4602-b155-cb675b7887ef,2015-07-05,41.99785764,-3.39223178,34.1,32.56751053600001,tC/acre,0.2,1.1800000000000002,Grassland without tree/shrub cover
32143584,2018-09-27,92a83f55-ddef-482b-b72d-0acbe80b3153,ac46186f-4dd7-4789-aa50-a1d70657a15c,2015-09-27,54.17418121,-7.134259641,61.8,59.02264372800001,tC/acre,0.2,1.1800000000000002,Grassland without tree/shrub cover
32143588,2018-09-27,4ece0443-c80c-411e-a5d0-da567a664f16,22058237-2dd7-4829-913b-ee71b8c823a4,2015-09-27,54.20895417,-7.148915024,36.9,35.241675624,tC/acre,0.2,1.1800000000000002,Grassland without tree/shrub cover
32162358,2018-06-24,7c3b0483-f1c5-413a-948d-75c9eb820201,c1561c54-a01e-4fcc-a228-48dfb624f5c3,2015-06-24,43.41937594,-3.694878199,38.9,30.80765252780001,tC/acre,0.2,0.9785,Grassland without tree/shrub cover
32181834,2018-05-24,340c18ca-2b6b-4c01-8713-50c07f01b458,3fc01ae0-134d-4d51-b113-fd91c5a280b0,2015-05-24,38.76453788,-2.675076855,31.6,32.7630548112,tC/acre,0.2,1.281,Grassland without tree/shrub cover
32183418,2018-07-10,334415d3-7376-4dc2-a5f1-e2c0a99ed49c,43089b38-faf9-475c-9fa8-7e18963c51cd,2015-07-10,52.73720477,-6.493239868,41.3,39.443935048,tC/acre,0.2,1.1800000000000002,Grassland without tree/shrub cover
32202340,2018-06-21,98ba384d-9bfd-4ecf-8ba0-48776df68637,eaeb0bd8-46d9-4002-ab67-a8d86b063554,2015-06-21,43.26651056,-3.608574398,45.2,31.9009117568,tC/acre,0.2,0.872,Grassland without tree/shrub cover
32202352,2018-06-19,7836382d-a2b2-46ce-9698-3e9e07f55a2e,7fb809f5-0926-445d-ab1a-c95a2e183a6b,2015-06-19,43.37279191,-3.633643172,48.8,35.2908854416,tC/acre,0.2,0.8935,Temporary grassland
32203464,2018-05-21,2d4b2caa-e37c-4071-9a81-7c255c8fb1e4,5c1de9ac-2c80-48bd-985a-57f1a4b2467e,2015-05-21,53.14221949,-6.62035345,35.8,34.19111076800001,tC/acre,0.2,1.1800000000000002,Temporary grassland
32203504,2018-06-19,9b277d06-5262-4a6e-a41f-5df42705820b,02b705a9-62ed-47e3-93e3-5a4853f9dfee,2015-06-19,53.49064806,-6.758969918,26.9,25.691086024000004,tC/acre,0.2,1.1800000000000002,Grassland without tree/shrub cover
32203590,2018-09-27,6144981f-f004-4d85-bef3-63b8e57751dd,3b13b3a4-fa77-44ef-90d6-5d1455087b23,2015-09-27,54.23900621,-7.066511745,39.6,37.820334816000006,tC/acre,0.2,1.1800000000000002,Grassland without tree/shrub cover
32222200,2018-06-28,39569245-7352-4967-917a-a13c26216a29,9921279d-c25d-4299-b4a4-7b65b41993ef,2015-06-28,42.02835268,-3.301044929,30.9,29.511321864000006,tC/acre,0.2,1.1800000000000002,Grassland without tree/shrub cover
32242312,2018-05-27,2d5fb056-7c62-48fc-831a-ea292e50dd7e,fd5e0bb3-e8cf-44da-9c00-059dc17fac4c,2015-05-27,43.02492235,-3.502206464,27.7,27.0268331042,tC/acre,0.2,1.2055,Grassland without tree/shrub cover
32243410,2018-06-27,0e714cbb-b6db-4555-a8d1-a21da99a255f,79886dbb-b57c-4ca6-8fa7-11065ccb318a,2015-06-27,52.67955217,-6.379647511,34.4,32.85402822400001,tC/acre,0.2,1.1800000000000002,Grassland without tree/shrub cover
32243456,2018-05-22,f04a171b-5ac5-4146-aeab-dc14d95a4ae8,be341fb0-edf0-4ed4-9c60-ee711adab00a,2015-05-22,53.08065436,-6.53461137,44.7,42.69113551200002,tC/acre,0.2,1.1800000000000002,Grassland without tree/shrub cover
32243528,2018-06-13,bef7e4e7-e204-48fd-8436-9c7bef1493cc,de600b9a-0857-43a8-97da-c71889cac346,2015-06-13,53.70788307,-6.784322729,48.7,46.51137135200001,tC/acre,0.2,1.1800000000000002,Grassland without tree/shrub cover
32243654,2018-10-09,71f924e8-4b70-4fa4-bd31-0dd33d2c98ea,ea1e4aa4-e34c-46be-b69b-d590542d82f5,2015-10-09,54.80377052,-7.243592788,173.6,55.00848235680001,tC/acre,0.2,0.3915,Grassland without tree/shrub cover
32262092,2018-08-13,854a260d-235b-4797-94f6-6c4b329cc356,1394e49b-ad86-4f89-8d9d-a22fd8743bad,2015-08-13,41.07514951,-3.046116213,11.0,11.338087662,tC/acre,0.2,1.2735,Grassland without tree/shrub cover
32262242,2018-04-26,bd203608-ede0-43f8-acad-6bec70d47b11,b34efede-e1d4-4787-a3f3-7921ad0f7989,2015-04-26,42.40743108,-3.336502693,56.3,43.631018747,tC/acre,0.2,0.9575,Grassland without tree/shrub cover
32262314,2018-05-09,38f73e67-9b0b-44ee-9d0e-db3872fe0f60,83ca4650-243e-40f8-a9fb-ab94d00b7b8e,2015-05-09,43.04587637,-3.482133651,30.4,26.265740144,tC/acre,0.2,1.0675,Grassland without tree/shrub cover
32282118,2018-05-28,7c692651-8716-4130-9d81-44371b07b51e,d6bc496f-e73c-4f66-b40a-9313c162d208,2015-05-28,41.30941042,-3.071706029,28.9,27.601203944000005,tC/acre,0.2,1.1800000000000002,Grassland without tree/shrub cover
32282230,2018-05-17,f08bb6a9-069a-403b-ab03-fe92e20ec7dd,5c87fb09-6530-43a7-acd7-a0bf62d37156,2015-05-17,42.30413531,-3.288737453,70.9,47.485652897,tC/acre,0.2,0.8274999999999999,Grassland without tree/shrub cover
32283536,2018-09-10,6a3cc074-4e21-40ad-afba-5d21240d33de,eaca9c02-c80d-413a-9fb2-0074d66f54ea,2015-09-10,53.78580289,-6.753365766,88.7,84.71372975200002,tC/acre,0.2,1.1800000000000002,Grassland without tree/shrub cover
32283558,2018-09-20,75c221b7-655a-4f15-bc19-9ca10ebc7b46,36f46a88-a1c9-44d2-9d0c-323282247af3,2015-09-20,53.97733025,-6.831529754,63.9,61.028267544000016,tC/acre,0.2,1.1800000000000002,Grassland without tree/shrub cover
32283648,2018-10-08,5d268362-1329-4593-aa5c-e4efd475d188,ac8e3e83-19e1-429a-9060-bfe465d2efa8,2015-10-08,54.76013496,-7.160489135,39.6,37.820334816000006,tC/acre,0.2,1.1800000000000002,Grassland without tree/shrub cover
32302008,2018-06-02,83e4ad4b-22bf-40f8-9cd5-0a87e02c31d7,2a510de4-aef9-41d5-9b70-9abe413d36b5,2015-06-02,40.33387596,-2.844413274,36.7,40.6053029308,tC/acre,0.2,1.367,Grassland without tree/shrub cover
32322252,2018-05-28,175034f0-1f2c-4d58-aaca-a16c5c625c26,7d1d3b19-d77d-41fa-8176-7bd6b6d92621,2015-05-28,42.50569585,-3.284558929,10.4,9.932613184000004,tC/acre,0.2,1.1800000000000002,Grassland without tree/shrub cover
32341732,2018-07-04,c35c6842-331d-4381-82cb-196cef873fce,f325ec9c-048e-4f48-ba26-c9beacb4c9eb,2015-07-04,37.87686216,-2.32458574,30.0,34.01790516,tC/acre,0.2,1.4009999999999998,Grassland without tree/shrub cover
32342062,2018-07-04,7874a251-e25c-4281-86d6-ae6fd56e57f3,88cee8da-576b-4f90-8011-31caebc93da9,2015-07-04,40.82065701,-2.896649767,29.3,27.983227528000008,tC/acre,0.2,1.1800000000000002,Grassland without tree/shrub cover
32361730,2018-05-30,03b40ae8-4a45-42f8-b1fa-ee0b7089fa6a,50edc741-38c0-439c-8e23-bdb81b039be1,2015-05-30,37.86188429,-2.298966599,13.3,13.149017043400002,tC/acre,0.2,1.2215,Grassland without tree/shrub cover
32363494,2018-05-31,6ee7e975-88f1-4ce4-bc27-14399b28735b,46b65422-7ba1-416d-8c2e-ce41b95f28d4,2015-05-31,53.43626947,-6.488874153,64.2,61.31478523200002,tC/acre,0.2,1.1800000000000002,Grassland without tree/shrub cover
32363508,2018-05-31,20955e3a-43a9-45d9-9ab4-4716b8a1f450,050be878-f6d8-40b9-94f0-03cdc1189475,2015-05-31,53.55829366,-6.537172565,42.3,40.39899400800001,tC/acre,0.2,1.1800000000000002,Grassland without tree/shrub cover
32382250,2018-06-06,3289ac14-5cfc-4c0d-840a-836f4080f4c0,d894f07a-3964-4e9a-8e55-2e3ee7474748,2015-06-06,42.49744809,-3.208656607,34.3,32.758522328000005,tC/acre,0.2,1.1800000000000002,Grassland without tree/shrub cover
32383504,2018-05-31,664472d6-cc46-4bd7-b805-fd13cfed64b0,9aa99c31-3a4d-4bb0-be77-a4397865aaf9,2015-05-31,53.52749837,-6.493861452,45.1,31.100280974400004,tC/acre,0.2,0.852,Grassland without tree/shrub cover
32383518,2018-06-12,fef6efe8-548b-404c-9712-46abc78ea95e,2f93abce-bbd3-497c-892c-545e56cc0f81,2015-06-12,53.64951685,-6.542321802,46.7,44.601253432000014,tC/acre,0.2,1.1800000000000002,Grassland without tree/shrub cover
32402314,2018-05-29,fb5f1b1a-e29c-48e6-bbf6-e97cc7aa6b02,bd296420-8ec1-4956-b596-7c64830aaf63,2015-05-29,43.06832353,-3.312794436,19.2,18.337132032000007,tC/acre,0.2,1.1800000000000002,Grassland without tree/shrub cover
32402318,2018-05-29,d87ff604-2053-496f-af0b-0e46c5f1f76a,8aaf4e82-dc93-4c55-b955-3d391625f275,2015-05-29,43.10378867,-3.32091129,38.7,36.96078175200001,tC/acre,0.2,1.1800000000000002,Grassland without tree/shrub cover
32403658,2018-07-31,8484881b-9ae4-4b42-9154-dafe65d136db,31489266-67dd-41f9-9a5c-02f369afa0aa,2015-07-31,54.8724193,-7.015799432,40.9,39.06191146400001,tC/acre,0.2,1.1800000000000002,Grassland without tree/shrub cover
32422190,2018-05-21,ac89ca02-aea8-4ff8-b80b-099a5f4d8c4a,5613a0b8-297c-495c-819b-ae1d9e87c586,2015-05-21,41.97100055,-3.043720684,26.1,23.77574765460001,tC/acre,0.2,1.1255000000000002,Grassland without tree/shrub cover
32422330,2018-06-22,ed1e80b9-ed32-4064-b28a-79bd2bb2a8a4,add030c3-f212-485f-8c6a-247aa316fd6b,2015-06-22,43.21336459,-3.321083828,33.3,31.803463368000006,tC/acre,0.2,1.1800000000000002,Grassland without tree/shrub cover
32463554,2018-09-13,83fb7867-e881-4849-b5e7-4e29ec851450,818dce2a-c70b-4658-8941-11b5fc85aa25,2015-09-13,53.97954088,-6.549403062,45.7,43.64619447200002,tC/acre,0.2,1.1800000000000002,Grassland without tree/shrub cover
32463558,2018-09-18,94cd92ee-27cd-446f-bf72-ada1ab986fcd,de05d3af-c99b-4ca2-acc1-822fbbe0df55,2015-09-18,54.01439421,-6.563472053,63.1,60.26422037600002,tC/acre,0.2,1.1800000000000002,Grassland without tree/shrub cover
32463644,2018-07-31,7c250a70-c9a0-4038-a66f-8629d084b1a7,a2199ba2-fb7e-41a0-a674-f6de9fc93cec,2015-07-31,54.76320727,-6.87295248,36.5,23.500723049000005,tC/acre,0.2,0.7955000000000001,Grassland without tree/shrub cover
32541766,2018-08-14,d79732bc-533b-4603-af53-dfbd884c8491,3622f560-2fa8-4ee8-b315-df75d65f0f74,2015-08-14,38.20989242,-2.155547872,16.2,15.471955152000003,tC/acre,0.2,1.1800000000000002,Grassland without tree/shrub cover
32543634,2018-07-27,3672f482-38d7-4354-bd37-43bf7e3dfa59,1c313b42-67c2-4e26-81af-403773b0ac1b,2015-07-27,54.69277513,-6.715203723,47.9,40.55228906479999,tC/acre,0.2,1.0459999999999998,Grassland without tree/shrub cover
32583640,2018-07-25,b3d853e1-22f9-492c-8d37-7da88e68a5b4,9079f5ed-832e-4222-af45-66b035f45b4e,2015-07-25,54.75327326,-6.676412628,80.4,76.78674038400001,tC/acre,0.2,1.1800000000000002,Grassland without tree/shrub cover
32603626,2018-07-18,446e4932-ee3d-4090-89e8-d4232b2c2c9f,9f77ce2a-92ed-4b2e-925b-588f7fec81cf,2015-07-18,54.63545684,-6.595467877,56.0,53.48330176000002,tC/acre,0.2,1.1800000000000002,Grassland without tree/shrub cover
32622920,2018-08-09,71266c89-024d-4e77-bbb7-639a5e315557,f28b95d6-634b-4d60-ac95-b8cdca47016d,2015-08-09,48.45744606,-4.417338858,46.3,44.21922984800001,tC/acre,0.2,1.1800000000000002,Grassland without tree/shrub cover
32682156,2018-05-09,241acabc-3ddd-4dca-821b-9a3cc8337740,2c65de2b-82f3-4c44-8407-e3e405fe8c0c,2015-05-09,41.7086754,-2.67080459,52.8,42.7775764416,tC/acre,0.2,1.001,Grassland without tree/shrub cover
32682930,2018-06-06,d2b5a38a-bee7-4222-8ac1-323bb517d813,da48b5bc-e4c5-4915-a1ba-02bdcdf2fb33,2015-06-06,48.55592991,-4.363105188,35.4,31.115820916800008,tC/acre,0.2,1.086,Temporary grassland
32701818,2018-08-27,09d091fd-ba32-43df-a2d6-4766735a3f94,2164c79e-f26e-4a44-b528-b7afdf4b97f7,2015-08-27,38.69778196,-2.059507094,38.3,27.12407915,tC/acre,0.2,0.875,Grassland without tree/shrub cover
32702214,2018-07-25,ec9d2daf-cc7d-42e5-b6ed-2bf469738644,ae79e112-862d-47c4-9a7b-88082191441b,2015-07-25,42.22737478,-2.755928946,78.7,75.16314015200003,tC/acre,0.2,1.1800000000000002,Grassland without tree/shrub cover
32742870,2018-06-18,202a6e0d-4d37-457e-9920-7a36e576c5ea,2b9afb25-aa62-4825-b441-1dfa17438aa2,2015-06-18,48.03800954,-4.131857139,33.2,31.707957472000007,tC/acre,0.2,1.1800000000000002,Grassland without tree/shrub cover
32783608,2018-06-18,1226e842-4baf-4512-9966-14791698efac,58b79cb1-80c0-4475-bea7-b32cf79d4172,2015-06-18,54.51510363,-6.259447941,63.7,60.83725575200001,tC/acre,0.2,1.1800000000000002,Grassland without tree/shrub cover
32802920,2018-06-29,4178a61f-b8b5-419c-a9e4-ebc54d3e2eb8,5a0fbdcf-3c32-4312-95af-85d0f3ecf27e,2015-06-29,48.48869715,-4.177689764,53.0,42.017333322,tC/acre,0.2,0.9795,Grassland without tree/shrub cover
32821946,2018-07-29,edb4275f-d720-4f72-bb01-d102691d57d1,79cc968a-630b-4393-a9ba-84991a2d45cf,2015-07-29,39.858331,-2.134905799,62.0,47.621829736,tC/acre,0.2,0.949,Grassland without tree/shrub cover
32822294,2018-07-06,604c635a-4b15-4950-9aea-69065d97d285,1fac8ec3-fd3f-45a6-86e4-a4926e0fe9e8,2015-07-06,42.95639373,-2.765173617,46.7,44.601253432000014,tC/acre,0.2,1.1800000000000002,Grassland without tree/shrub cover
32903296,2018-06-11,612583d6-4dc1-4244-a47f-7cc96dc9460e,437b0e51-0e97-471a-8720-7ef3b0ad3d1c,2015-06-11,51.80999273,-5.07286877,46.4,44.31473574400001,tC/acre,0.2,1.1800000000000002,Grassland without tree/shrub cover
32942170,2018-07-24,b170eb67-fea6-48dd-a4d1-d2c896434ba6,b7246f38-af58-46e0-b6ac-051df80e4bcc,2015-07-24,41.87210182,-2.388087782,35.7,34.09560487200001,tC/acre,0.2,1.1800000000000002,Grassland without tree/shrub cover
33002856,2018-07-13,7485fbed-fb5b-49df-b01b-3b154759e020,e2655ace-51c0-433a-9da2-cef05f3c7cf2,2015-07-13,47.95857247,-3.754300508,19.9,20.0042764776,tC/acre,0.2,1.242,Temporary grassland
33002892,2018-08-03,9f4bce21-57bd-42c3-98e7-b07365d5ed8c,e6951b11-55dd-41b6-8549-0b62b375046d,2015-08-03,48.27601517,-3.841951404,32.9,31.421439784000004,tC/acre,0.2,1.1800000000000002,Grassland without tree/shrub cover
33003590,2018-06-27,9a245b54-a72b-4e9a-8993-9707d8b7f8e2,48fd0357-fde0-43ec-bfd3-54c9f4742c57,2015-06-27,54.40165605,-5.865234196,71.2,55.3798222304,tC/acre,0.2,0.961,Grassland without tree/shrub cover
33022872,2018-07-24,ed02612d-d62a-496f-a341-40096bacb21e,a1f7e031-07c5-4329-b549-89037a34d14c,2015-07-24,48.10302012,-3.766619764,57.3,54.72487840800001,tC/acre,0.2,1.1800000000000002,Grassland without tree/shrub cover
33023682,2018-06-28,2c59c389-2227-4d99-90a0-2af08a75eb6a,42d88bad-4498-463c-829b-2f9fe6ca837e,2015-06-28,55.20873017,-6.156597229,98.7,45.135034266000005,tC/acre,0.2,0.565,Grassland without tree/shrub cover
33062008,2018-06-15,0e46cfc5-11ba-41ae-967d-6137eb995f16,1fbed2a3-0922-41b3-945b-512174c5d46d,2015-06-15,40.44597317,-1.962112895,57.0,39.744616746000005,tC/acre,0.2,0.8614999999999999,Grassland without tree/shrub cover
33082864,2018-08-08,59467210-e332-46ab-aca1-cad88a5e555e,1c10a128-e892-4675-8e86-f934db6cdb4b,2015-08-08,48.04244428,-3.667921422,145.0,70.12196665,tC/acre,0.2,0.5975,Grassland without tree/shrub cover
33102276,2018-06-02,0e179762-2dd8-49bd-bc89-2f650319aa5f,0f55f1c4-5375-4330-a598-f98dc4e2a732,2015-06-02,42.83860704,-2.392585141,23.5,22.443885560000005,tC/acre,0.2,1.1800000000000002,Grassland without tree/shrub cover
33102888,2018-08-02,0abe5662-5bb6-4264-a4c6-c9ff7fbb147b,a649941d-b3ed-4890-872b-368f8b0d444f,2015-08-02,48.257461,-3.699436722,38.6,36.86527585600001,tC/acre,0.2,1.1800000000000002,Temporary grassland
33122854,2018-07-11,0eb49774-f557-46e5-9f44-d54cdbe8cd6c,033fdabe-2df2-44e7-aae2-ad5ded5a6527,2015-07-11,47.96082912,-3.591110056,37.1,35.43268741600001,tC/acre,0.2,1.1800000000000002,Temporary grassland
33122920,2018-07-04,7e4c3c5c-983e-4527-8178-30f1adaf7d5b,071fce23-2e3b-4bce-9ddb-1dcd17593b59,2015-07-04,48.54297715,-3.750986252,28.9,27.601203944000005,tC/acre,0.2,1.1800000000000002,Temporary grassland
33142142,2018-05-06,5daae3d6-6ed2-4b84-8f7e-76fcda3cb365,53ada407-9ab3-4786-a9dc-bf471d169070,2015-05-06,41.65203423,-2.100421118,17.8,17.000049488000005,tC/acre,0.2,1.1800000000000002,Grassland without tree/shrub cover
33142852,2018-07-11,ba50fa13-c8e7-4504-8197-bf2c82fc8fae,6864571a-80f8-4e60-a085-9bdf39b2fe78,2015-07-11,47.94647337,-3.559942128,29.4,24.6759716616,tC/acre,0.2,1.037,Grassland without tree/shrub cover
33142924,2018-07-04,91c1b31f-5a40-4417-abc9-4edc33c32f29,b763fa61-9251-4a19-86ed-3a594720bcd2,2015-07-04,48.58158415,-3.734112692,24.9,23.780968104000003,tC/acre,0.2,1.1800000000000002,Grassland without tree/shrub cover
33201980,2018-08-11,c96e73dc-9264-4a01-986d-53b3b2958d9c,03dc2351-506d-470d-9585-196ab6ce2557,2015-08-11,40.21578962,-1.752716875,36.5,34.85965204000001,tC/acre,0.2,1.1800000000000002,Grassland without tree/shrub cover
33221806,2018-06-08,517a096c-f248-4a91-9711-66ec43a66a84,19fc9356-987b-4f34-9a3e-83906f00bcf9,2015-06-08,38.66283388,-1.451562407,18.8,20.9907390712,tC/acre,0.2,1.3795,Grassland without tree/shrub cover
33222318,2018-07-05,d6b9d470-b11e-4674-a302-323aba7c79e9,ee06fe47-94ac-4577-a7e0-7e8935e08a35,2015-07-05,43.22970386,-2.326248299,24.9,18.7224740412,tC/acre,0.2,0.929,Grassland without tree/shrub cover
33222864,2018-08-08,08237294-98c9-4e19-b43e-1a19b6edec02,6692ea45-eba7-468a-b6d5-b6e2bd3c4549,2015-08-08,48.0655039,-3.482762129,64.2,61.31478523200002,tC/acre,0.2,1.1800000000000002,Grassland without tree/shrub cover
33282856,2018-08-08,45fbce11-eacc-4002-a65d-e3a969df3f63,2c915837-f811-48ff-abb7-fcaa8ba3ea00,2015-08-08,48.00466205,-3.384494609,39.5,29.316667898,tC/acre,0.2,0.917,Grassland without tree/shrub cover
33283288,2018-05-22,5bb3febd-5834-40f6-8269-99cff2adaeca,d70b9243-c961-45d4-88cf-e58471d599b3,2015-05-22,51.80872193,-4.508064301,78.8,75.258646048,tC/acre,0.2,1.1800000000000002,Grassland without tree/shrub cover
33283306,2018-06-15,7d7cd2c5-6159-4592-81f4-7c8f673b9808,d2b69c42-a0f4-426e-89d0-1c55008f04a8,2015-06-15,51.96678346,-4.559979439,56.9,54.342854824000014,tC/acre,0.2,1.1800000000000002,Grassland without tree/shrub cover
33322870,2018-08-20,a80238db-979d-4250-a65c-001e9fac120d,ccdce2c0-0762-4182-8b35-33931b179ec3,2015-08-20,48.13476006,-3.364554142,44.3,48.22521656199999,tC/acre,0.2,1.345,Grassland without tree/shrub cover
33322888,2018-07-09,93a41b16-18b1-4e61-9659-d68d025ce5ef,308f1f54-77e6-4e6d-aadf-1339c568ff73,2015-07-09,48.29366267,-3.407204421,26.1,24.927038856000006,tC/acre,0.2,1.1800000000000002,Grassland without tree/shrub cover
33363162,2018-06-18,1f039671-9edd-4dbe-99ca-80d0f6f86563,f8d72c1b-bdc7-40e9-a468-b4f0b78b0132,2015-06-18,50.71508911,-4.045355469,59.3,31.2692373794,tC/acre,0.2,0.6515,Grassland without tree/shrub cover
33402822,2018-08-08,bfc8cc6b-0c87-4eae-b4f3-14de46465006,dab2ef3a-1167-44a8-aa61-9d17eca4d4d9,2015-08-08,47.72365089,-3.147265238,22.9,21.870850184,tC/acre,0.2,1.1800000000000002,Grassland without tree/shrub cover
33422034,2018-07-31,31a07e54-d69e-42d7-a7e4-12b481cfe167,2c97166a-d433-4b50-a06a-7317e78cfb2c,2015-07-31,40.72846432,-1.586041865,25.2,24.067485792000006,tC/acre,0.2,1.1800000000000002,Grassland without tree/shrub cover
33422880,2018-07-05,73248688-f02c-4160-9c41-318b7706ba1f,c99c3a05-b812-4ccb-8dd3-721b66a8c0b8,2015-07-05,48.2392177,-3.255426908,26.7,26.3320681794,tC/acre,0.2,1.2185,Grassland without tree/shrub cover
33422902,2018-08-28,6b817592-ea3d-4793-89a5-a44e998bbb3e,8dcd2dea-b8aa-44fb-9a38-4aa5c67ec447,2015-08-28,48.43347565,-3.307343087,39.2,35.20153077280001,tC/acre,0.2,1.1095,Grassland without tree/shrub cover
33442270,2018-05-20,6ebfc31f-73cf-4f8d-aef9-fb5e2eb4d8f4,e8cf0a78-fe14-4494-8442-cb56ef723001,2015-05-20,42.83480375,-1.970923869,72.6,41.308566261600006,tC/acre,0.2,0.7030000000000001,Grassland without tree/shrub cover
33442936,2018-07-20,3342b62d-c072-4d63-8483-b19ad135cc02,76ff5002-875a-437c-b834-b128afd39b12,2015-07-20,48.73684373,-3.361769001,20.8,19.865226368000005,tC/acre,0.2,1.1800000000000002,Grassland without tree/shrub cover
33443404,2018-06-19,79669303-2ccc-4371-8d79-df95dd2fd563,3c7b549b-c82a-4e8f-9f39-085da5d44e61,2015-06-19,52.85571537,-4.61744961,47.6,45.46080649600001,tC/acre,0.2,1.1800000000000002,Grassland without tree/shrub cover
33502852,2018-08-10,afc6dddf-43b6-46a4-b127-2e1196190d98,a20207b2-7b4d-4949-a0fc-7af590907192,2015-08-10,48.00465823,-3.084297008,39.4,41.312532184400006,tC/acre,0.2,1.2955,Grassland without tree/shrub cover
33503288,2018-04-20,6e7aff20-e02e-4561-96a6-a7f0d28cbd0e,35515674-1267-457d-9919-1039ea8947bf,2015-04-20,51.8474521,-4.194177031,51.7,49.37654823200002,tC/acre,0.2,1.1800000000000002,Grassland without tree/shrub cover
33542036,2018-07-21,7a6abd9b-9bed-462d-ab78-038dd1529494,95261171-702f-4c13-b451-419d16eab618,2015-07-21,40.7627771,-1.44906654,27.7,26.45513319200001,tC/acre,0.2,1.1800000000000002,Grassland without tree/shrub cover
33542240,2018-05-20,b33d9bb9-de12-4dfc-bfa0-a679fcf28d66,13cff695-dd6c-4ab3-aa81-2e929d57b369,2015-05-20,42.58195109,-1.796579227,14.9,22.3465181084,tC/acre,0.2,1.853,Grassland without tree/shrub cover
33582814,2018-08-18,8bc665a9-8369-45cf-8a6c-0bb56fc1aa8b,cc0d55bf-b400-4ca8-a80c-729cf212b7a8,2015-08-18,47.68134564,-2.892391283,36.3,40.30963933920001,tC/acre,0.2,1.372,Grassland without tree/shrub cover
33622860,2018-08-10,5dd876eb-acee-4388-a785-bf289c44c21d,b0cf69c4-dd88-49dc-b71c-24a6009cb944,2015-08-10,48.09431656,-2.943766893,34.8,33.236051808,tC/acre,0.2,1.1800000000000002,Grassland without tree/shrub cover
33622878,2018-07-12,f31aa0aa-2e36-4be7-85bc-e3bc8ddd4363,934e6279-b386-4196-8836-a9290477ef6f,2015-07-12,48.25341236,-2.985032592,26.9,25.691086024000004,tC/acre,0.2,1.1800000000000002,Grassland without tree/shrub cover
33642286,2018-06-22,6149dedb-d3db-4145-9900-6b5c5ee7c141,5ca67bc0-e327-42c9-bcd7-ee1f9d80f960,2015-06-22,43.00562459,-1.757746856,45.4,43.359676784,tC/acre,0.2,1.1800000000000002,Grassland without tree/shrub cover
33702110,2018-07-12,d3c46df2-7725-4829-8a08-be3bdbc850b8,4aea23f2-badd-4722-a9a1-6737d2829995,2015-07-12,41.44515636,-1.382837992,27.7,26.45513319200001,tC/acre,0.2,1.1800000000000002,Grassland without tree/shrub cover
33722284,2018-05-20,3ef8555b-c284-4e25-a750-f2d8c744cc28,5393f9a1-4c0a-4a6f-98cc-4bd86be7e70e,2015-05-20,42.99903283,-1.657235301,50.0,31.1810563,tC/acre,0.2,0.7705,Grassland without tree/shrub cover
33722838,2018-08-10,724da10d-c89a-4be6-bf6d-7f799e40bec2,90ab26e4-bb38-4a3c-aebe-a51875f8996a,2015-08-10,47.91538393,-2.76169861,27.8,30.0044722236,tC/acre,0.2,1.3335,Temporary grassland
33722870,2018-07-08,3347d8ab-5f4c-4cfc-82ef-d4843cbeed81,eddeefb7-2333-4bcf-859a-dd0defb4f104,2015-07-08,48.1983711,-2.833866898,20.8,19.865226368000005,tC/acre,0.2,1.1800000000000002,Temporary grassland
33722896,2018-07-11,5f1a3036-3cae-4991-a3fe-b7fad8c53c50,655ae756-11cf-45bc-8226-14cdbcee1436,2015-07-11,48.42822104,-2.893263201,17.8,17.000049488000005,tC/acre,0.2,1.1800000000000002,Temporary grassland
33782872,2018-07-06,eb3e5686-a009-411a-aeda-2945a7beaabd,db0b960d-f3a9-4808-b05d-e26cebba6852,2015-07-06,48.22537983,-2.758678284,42.1,34.1767848836,tC/acre,0.2,1.003,Grassland without tree/shrub cover
33783304,2018-07-09,2bac15b3-1b0b-4f78-ba0a-73651c72e060,25d2bec2-2cff-44ff-8b8c-d94cb811fdf2,2015-07-09,52.0363495,-3.837975242,47.3,45.174288808000014,tC/acre,0.2,1.1800000000000002,Grassland without tree/shrub cover
33783424,2018-05-09,df76ae8e-d1e5-4ba2-9edf-5bbcae1e933b,f0ea5374-a51a-4ddb-93ab-fcf7a2d85991,2015-05-09,53.09162502,-4.179111476,78.2,74.68561067200001,tC/acre,0.2,1.1800000000000002,Grassland without tree/shrub cover
33803256,2018-04-12,0cd1afe6-d1c3-4cf9-b9b5-0ecfebf8f761,d152ec24-bf02-456c-bc86-4df939989b27,2015-04-12,51.61719021,-3.678545639,45.4,38.031580908,tC/acre,0.2,1.035,Grassland without tree/shrub cover
33842164,2018-09-26,7dd24e25-f145-44bf-b373-731bfb98edb9,9f71c29c-a298-4b17-802e-bcb9a2f56ca1,2015-09-26,41.94595055,-1.306519253,19.7,18.1449871192,tC/acre,0.2,1.138,Grassland without tree/shrub cover
33842210,2018-09-21,f4d86941-7690-41fb-81d9-374fd344211f,c902f5d8-ae93-47c9-b292-a17fd1bf0279,2015-09-21,42.35620926,-1.384038504,29.7,28.36525111200001,tC/acre,0.2,1.1800000000000002,Grassland without tree/shrub cover
33863294,2018-06-25,9cf2fbce-ce58-449e-801d-96b503275f1a,7e9434a4-3fb7-4525-85d2-a4db4c2d26bd,2015-06-25,51.96185128,-3.695822833,228.7,65.52659524559999,tC/acre,0.2,0.354,Grassland without tree/shrub cover
33902770,2018-06-06,68d7fa27-4cc8-46f2-87a4-ca64b5701791,644f07b6-5e7c-4ffc-9c19-0e9732377840,2015-06-06,47.34093071,-2.376416412,25.5,31.79435793300001,tC/acre,0.2,1.5405000000000002,Grassland without tree/shrub cover
33902834,2018-05-07,fd023e8d-10ea-499a-a096-d97bc0be90d1,96e890bb-dc2b-4900-8a63-69b894143f96,2015-05-07,47.90759557,-2.514986469,27.2,25.977603712000004,tC/acre,0.2,1.1800000000000002,Temporary grassland
33903184,2018-06-04,ea84ff54-e372-426f-87bd-d26cc417e86e,519739ac-4a49-405b-812d-aabbf307acfb,2015-06-04,50.99935296,-3.347570213,54.0,51.573183840000006,tC/acre,0.2,1.1800000000000002,Grassland without tree/shrub cover
33903796,2018-10-15,f2b5fd68-394b-45f8-a8dd-56b898c72cc1,9e3b0916-5f4d-4aae-8730-8d879afccaa3,2015-10-15,56.37622523,-5.188102205,28.0,26.74165088000001,tC/acre,0.2,1.1800000000000002,Grassland without tree/shrub cover
33923286,2018-04-16,6bf89e51-dbb9-463e-9227-b455576374c3,d52369d4-d8e6-4210-9e61-acd4177635c1,2015-04-16,51.90145483,-3.58818524,24.5,23.398944520000004,tC/acre,0.2,1.1800000000000002,Grassland without tree/shrub cover
33943296,2018-07-04,1b367789-a968-496e-af0e-6e2ddc58cf52,cb681165-0136-4b57-948a-925cd7966711,2015-07-04,51.99286141,-3.586557051,46.6,39.9231642092,tC/acre,0.2,1.0585,Grassland without tree/shrub cover
33981990,2018-07-02,75e4ff65-144b-4009-a9e3-84d90d62c6c5,66e66304-d4dc-4942-8484-bba862c8db6d,2015-07-02,40.41007205,-0.862775694,9.3,12.0547460994,tC/acre,0.2,1.6015,Grassland without tree/shrub cover
33982792,2018-08-13,cc1eb67a-4fa1-4a5c-a850-181e150c1b6b,cbc45cbf-c08e-4fc8-b28a-a0689d9d7a2b,2015-08-13,47.54776576,-2.318599707,29.7,28.36525111200001,tC/acre,0.2,1.1800000000000002,Grassland without tree/shrub cover
33983238,2018-04-24,1cda01eb-f10b-4995-9afb-c3be7101f0a3,4d9052b6-f9ab-48fc-a8ca-d90e0057f4ea,2015-04-24,51.48846992,-3.374958265,35.2,33.61807539200001,tC/acre,0.2,1.1800000000000002,Grassland without tree/shrub cover
33983292,2018-07-04,5e953680-75ba-4f8e-b917-0ee82247bed5,217e272c-eb51-4448-9c75-01377ef0bc39,2015-07-04,51.96428635,-3.518399276,36.5,31.004410861000004,tC/acre,0.2,1.0495,Grassland without tree/shrub cover
33983296,2018-07-09,4898e27e-2e85-4e3c-b3b1-731a8556aff6,b62de0b5-9929-4846-b365-090ea2b23f8f,2015-07-09,51.99952077,-3.529173547,31.7,30.275369032000008,tC/acre,0.2,1.1800000000000002,Grassland without tree/shrub cover
34003176,2018-04-17,cab8fffa-ece0-4881-b612-b8f7308a14db,e4717297-d2ef-4db9-a1a9-e910a6930096,2015-04-17,50.94504632,-3.186693641,36.0,28.977136344,tC/acre,0.2,0.9945,Grassland without tree/shrub cover
34003734,2018-07-02,b5d4636b-db10-4fb3-9012-d240b67a472c,2838ea85-a97d-48d1-9cf3-5683b946c0e1,2015-07-02,55.85178887,-4.817761869,45.1,25.387611992600007,tC/acre,0.2,0.6955,Grassland without tree/shrub cover
34022030,2018-06-17,25aba2fe-3abb-44b1-bf1e-f3f5601e4274,31d995c5-98cb-4ef7-bf6b-61995757841c,2015-06-17,40.77297349,-0.877950102,29.8,27.9663116532,tC/acre,0.2,1.1595,Grassland without tree/shrub cover
34062794,2018-08-13,83fb4b99-c3f5-4e50-b27e-d97d967263fb,34601d4c-3b83-401a-8abb-4c64b426b5a7,2015-08-13,47.57738195,-2.217787574,29.7,28.36525111200001,tC/acre,0.2,1.1800000000000002,Grassland without tree/shrub cover
34082784,2018-05-07,69fd497f-701c-4980-baa9-3c6ce46c0aad,fb329827-4fa2-4d35-8cae-845428756c6e,2015-05-07,47.49173388,-2.170370839,24.6,28.143564121200004,tC/acre,0.2,1.4135,Grassland without tree/shrub cover
34083778,2018-05-16,b14fbd7f-dc8e-4e87-9175-58c28b6831d8,f075d5ae-2c77-4787-a92a-054032202e03,2015-05-16,56.25219122,-4.840883646,66.5,63.511420840000014,tC/acre,0.2,1.1800000000000002,Grassland without tree/shrub cover
34122804,2018-08-13,43a48ca6-a2be-4496-b70d-28dad77117b5,2fc5a7ff-e614-4436-b680-f02c47d77de4,2015-08-13,47.67485123,-2.160084041,38.0,36.29224048000001,tC/acre,0.2,1.1800000000000002,Grassland without tree/shrub cover
34122822,2018-08-09,06a7fe09-0cd1-47e5-b548-da601e93d39d,51716503-8bc9-40f8-8a54-45575ecddebc,2015-08-09,47.83432378,-2.198376793,26.1,24.927038856000006,tC/acre,0.2,1.1800000000000002,Grassland without tree/shrub cover
34123260,2018-05-10,f1456ac9-cea6-49e0-a2f7-a276284f77c5,8890b0eb-b1cd-4e0b-83a7-081c6c8cd0da,2015-05-10,51.70525776,-3.233331968,70.6,67.42716257600001,tC/acre,0.2,1.1800000000000002,Grassland without tree/shrub cover
34123300,2018-07-11,44aac703-f9ea-44c7-86b3-9b48150c56f1,9bb1a099-8548-4050-a699-7caa66d15c25,2015-07-11,52.05786309,-3.338852794,33.4,30.939296883600004,tC/acre,0.2,1.1445,Grassland without tree/shrub cover
34123728,2018-05-29,aca79828-2315-48dd-bd08-5f52a9219c3a,83bf17b9-ceff-466c-968e-5dc14623a5a6,2015-05-29,55.82111852,-4.609918801,55.0,52.52824280000001,tC/acre,0.2,1.1800000000000002,Grassland without tree/shrub cover
34143322,2018-07-05,814c3b39-d434-4177-baaf-4596ae040d60,0ff2e9f2-dff1-48e7-8561-fcb479c20a0a,2015-07-05,52.25502145,-3.368899204,53.8,41.7589008424,tC/acre,0.2,0.959,Grassland without tree/shrub cover
34162018,2018-05-29,0848393e-2e42-45d4-84cd-e569c9ed243f,1ebeaa48-a0f5-4c14-94c7-9910dbb893f9,2015-05-29,40.68363686,-0.695698774,15.5,19.106440118,tC/acre,0.2,1.523,Grassland without tree/shrub cover
34182744,2018-06-04,671f85cd-11dd-4eb9-bd78-ae09dd848432,e5e91afc-7471-47c0-bbbb-2a43facf3198,2015-06-04,47.15176337,-1.956380575,39.1,35.111730949400005,tC/acre,0.2,1.1095000000000002,Grassland without tree/shrub cover
34202782,2018-06-12,c59d89bf-e0a0-4bd2-bc8b-bd6143e5a5e7,efe430d8-6366-4ecc-8ef5-594b45ad03ca,2015-06-12,47.49159409,-2.008733689,16.6,15.853978736000004,tC/acre,0.2,1.1800000000000002,Grassland without tree/shrub cover
34203340,2018-07-05,ab00aad3-c6eb-472b-a0f2-e6d19dba7a62,f19efd90-bd18-403e-909c-e0fed9d07820,2015-07-05,52.42348853,-3.330554275,73.5,70.19683356000002,tC/acre,0.2,1.1800000000000002,Grassland without tree/shrub cover
34222730,2018-05-29,ca0307da-de6d-47e9-9aa8-87965479df93,8d67a232-2541-4d88-8246-0e1d09215d01,2015-05-29,47.03336468,-1.875707733,16.4,15.8089776528,tC/acre,0.2,1.191,Temporary grassland
34223366,2018-06-25,f2e53243-5d64-4f12-b0b1-1ebe85f85ae5,554dc0b7-2da1-499a-a8d0-897f19fdd87d,2015-06-25,52.65587607,-3.371916308,63.5,60.646243960000014,tC/acre,0.2,1.1800000000000002,Grassland without tree/shrub cover
34223734,2018-05-29,1f675476-7389-4a82-852c-60175873aab5,b23d36f8-316a-49d4-b2e1-f19bf8ef965e,2015-05-29,55.89183182,-4.473030905,40.2,38.393370192000006,tC/acre,0.2,1.1800000000000002,Grassland without tree/shrub cover
34242272,2018-07-22,147f5fda-4484-4c1f-bc22-ec2bd4c5bd0c,1aa6e5f9-918b-41d3-997f-128faeff30c3,2015-07-22,42.96265997,-1.006249017,60.5,32.734443510999995,tC/acre,0.2,0.6685,Grassland without tree/shrub cover
34262712,2018-06-02,b9477488-0ae8-4c16-b5d9-065b3f3122cb,f5f4eab2-c1b5-423b-a56c-6ebdebefdc8d,2015-06-02,46.87939736,-1.787404478,10.7,10.219130872,tC/acre,0.2,1.1800000000000002,Temporary grassland
34262726,2018-05-29,cea2facf-b02b-44ae-bf4f-2cb203f617e7,0d152895-6de0-43d3-a09b-b92ab6da37f2,2015-05-29,47.00361604,-1.815574438,27.1,25.88209781600001,tC/acre,0.2,1.1800000000000002,Grassland without tree/shrub cover
34262824,2018-09-04,6339cd3a-3feb-44e0-a932-76bb40af24e4,600be025-a8db-4f27-b36e-59ccfe5d8f62,2015-09-04,47.87261547,-2.017658404,23.1,24.726112257000004,tC/acre,0.2,1.3225,Grassland without tree/shrub cover
34302768,2018-06-12,aff10264-de28-4f54-8fb4-d122a20a8d76,bdb07d64-7f3a-43b0-96aa-5ab2318cb914,2015-06-12,47.38191456,-1.848731466,24.9,23.780968104000003,tC/acre,0.2,1.1800000000000002,Temporary grassland
34303224,2018-05-16,ada51b71-3041-4177-ae1b-4dd4ddad599c,0421f5c7-03d2-4b1e-8026-aa11a2f9c39f,2015-05-16,51.41650091,-2.884874063,53.4,51.00014846400001,tC/acre,0.2,1.1800000000000002,Grassland without tree/shrub cover
34303314,2018-07-16,dce8ab86-3672-4bc5-aef7-c89e046021e8,4a24f104-7507-4937-997c-0df185c6f3a6,2015-07-16,52.21054219,-3.116728849,40.9,39.06191146400001,tC/acre,0.2,1.1800000000000002,Grassland without tree/shrub cover
34303750,2018-06-01,8b525ced-73c7-4085-9a65-dc7d75949c19,4b75e266-b715-442a-ad02-e95432bd0a2d,2015-06-01,56.0466157,-4.39990362,44.2,42.213606032000015,tC/acre,0.2,1.1800000000000002,Grassland without tree/shrub cover
34383700,2018-07-04,b6e16fe3-8af0-462c-9aae-e6ce911b5fa7,fda14d01-1c78-4747-a2a5-fcd6fe26f446,2015-07-04,55.62170255,-4.112954364,174.0,69.147887448,tC/acre,0.2,0.491,Grassland without tree/shrub cover
34402298,2018-07-13,a0c96b3a-cfb9-4c9e-bcff-87ed5929e570,027e1aa5-1cbb-464a-a640-582804ebf215,2015-07-13,43.21550139,-0.855190638,20.7,21.6796765176,tC/acre,0.2,1.294,Temporary grassland
34403276,2018-07-25,4c603dd9-ea15-426e-b201-72620cc716fe,1926a238-efb9-464c-b843-e9c44228e9cd,2015-07-25,51.89126741,-2.874314396,31.9,37.2180406422,tC/acre,0.2,1.4415,Grassland without tree/shrub cover
34403672,2018-06-15,0966d21f-5b68-46a6-af23-f1533079037f,bb9d9383-f845-4740-ac60-d1c18a0322a6,2015-06-15,55.37913502,-3.993681752,54.6,46.73273459400001,tC/acre,0.2,1.0575,Grassland without tree/shrub cover
34403708,2018-06-01,b5d3d7b1-c661-42ec-9fb5-4ba38a060a0b,513a0df6-3157-4127-96c7-ba131b87abf8,2015-06-01,55.69549698,-4.107173243,62.7,59.882196792000016,tC/acre,0.2,1.1800000000000002,Temporary grassland
34442320,2018-05-14,a9b6f8cb-855c-4aa0-83f6-9e36d3750be7,079c5863-3b9b-43e9-a563-b3c6271b636b,2015-05-14,43.4169105,-0.843039395,22.9,22.3990868198,tC/acre,0.2,1.2085,Grassland without tree/shrub cover
34442834,2018-08-17,1d45e50e-92ac-406a-b470-9352ddd7db78,21b2cafd-9541-494c-ba64-e37218131a37,2015-08-17,47.98728444,-1.800330028,42.3,40.39899400800001,tC/acre,0.2,1.1800000000000002,Grassland without tree/shrub cover
34443266,2018-05-17,d5ecaf73-eeff-47c8-973c-e5a13d14393e,d03b9084-9985-4ffd-b0fe-0df2a25893b1,2015-05-17,51.80930265,-2.791564372,36.1,35.719407446999995,tC/acre,0.2,1.2225,Grassland without tree/shrub cover
34443626,2018-08-23,f45108a4-a26f-4dfa-b6dd-53d352b53934,f9845bd6-9ccf-457f-83f0-1afd78091d06,2015-08-23,54.98157045,-3.790321425,34.6,33.045040016000016,tC/acre,0.2,1.1800000000000002,Grassland without tree/shrub cover
34443796,2018-06-04,2c6dcadc-02b8-4279-9edc-d39032698711,fa7b6b17-d030-43b0-a44e-1d9e5e87c5fd,2015-06-04,56.47545749,-4.330261739,54.5,52.05071332000001,tC/acre,0.2,1.1800000000000002,Grassland without tree/shrub cover
34462160,2018-08-25,c0ca4491-8761-40c5-99e5-250e5953b74b,65e784a3-8689-4b2b-8178-1c9153a08d53,2015-08-25,41.99121404,-0.560499058,15.2,14.516896192000004,tC/acre,0.2,1.1800000000000002,Temporary grassland
34483296,2018-07-24,35ffc28b-b1fb-4abc-8283-d95e8deac92e,d642cf9f-82dc-4057-bbc7-45189f4dd66a,2015-07-24,52.08041134,-2.810581784,51.5,53.749787491,tC/acre,0.2,1.2895,Grassland without tree/shrub cover
34503420,2018-10-15,4652870f-46fd-454a-b3e4-b8a4c8f37404,17007d8c-6c93-4856-8ae7-93864d3113d7,2015-10-15,53.17748012,-3.108459156,24.4,20.133775997600004,tC/acre,0.2,1.0195,Grassland without tree/shrub cover
34503646,2018-06-22,b6d775f7-1766-42cc-8254-3cab260f53ac,9dc5f88e-7139-4280-8fbc-1b23b24d584b,2015-06-22,55.16773848,-3.758777165,59.5,56.82600812,tC/acre,0.2,1.1800000000000002,Temporary grassland
34503730,2018-05-02,32b68604-b36a-4118-b913-7de7fe49ac6c,a4749836-4178-45d9-8fe4-c5278d63ec14,2015-05-02,55.90629901,-4.020590928,46.9,34.505228041200006,tC/acre,0.2,0.909,Grassland without tree/shrub cover
34503808,2018-06-04,76022615-beac-49e5-ac8c-262701117d6c,8613f256-0a0e-4dd4-aa10-5382d318e69f,2015-06-04,56.59151231,-4.274450961,42.2,40.30348811200001,tC/acre,0.2,1.1800000000000002,Grassland without tree/shrub cover
34523404,2018-08-10,f9a4e604-a340-400a-a4c5-e71e41a6a017,c7813bc0-3d4a-442b-acf1-0bd375c3f3da,2015-08-10,53.03962137,-3.035776597,43.6,41.64057065600001,tC/acre,0.2,1.1800000000000002,Grassland without tree/shrub cover
34523724,2018-05-02,eb17a7a5-8e1d-48f9-9c5a-077ac309b795,ae87f5c7-f0df-4f29-865f-4b074fcb6cae,2015-05-02,55.85704417,-3.970122374,53.7,39.48638660940001,tC/acre,0.2,0.9085,Grassland without tree/shrub cover
34541988,2018-08-25,3fc23ebf-9929-42bc-b7a5-6ee6aa7ae173,095759b9-3c0d-48fd-9086-20cb25afdaba,2015-08-25,40.46238118,-0.207477913,45.6,43.550688576000006,tC/acre,0.2,1.1800000000000002,Grassland without tree/shrub cover
34542712,2018-06-03,94c4004c-51d4-452f-86dd-f38aa2b621b1,657d204b-478d-4ea1-accf-24b0d5d21189,2015-06-03,46.91873112,-1.423817819,13.1,13.953249531199996,tC/acre,0.2,1.3159999999999998,Temporary grassland
34563412,2018-08-10,ce0f2e39-166b-4cf3-bdd7-ebf820612de7,b6caa4a1-a70d-45a4-88bc-fc2635536a0c,2015-08-10,53.11659199,-2.998424023,41.7,39.82595863200001,tC/acre,0.2,1.1800000000000002,Grassland without tree/shrub cover
34582304,2018-07-17,059be184-08f5-4863-bff3-ca28ca68013c,8484737b-ea59-4b8c-abc4-ddc9f6973bff,2015-07-17,43.29222261,-0.645705246,21.7,20.724779432,tC/acre,0.2,1.1800000000000002,Grassland without tree/shrub cover
34582352,2018-05-14,695677b3-0b2e-4d24-bc0e-82bbc483bf9f,adc2766c-406e-476f-84b2-9c0e9242cd04,2015-05-14,43.72038919,-0.724875434,32.8,30.3038589264,tC/acre,0.2,1.1415,Grassland without tree/shrub cover
34582676,2018-05-30,8cc17304-612b-439a-a111-07b1c27095ea,24bd5294-12c2-4e94-b0df-a53f7c455688,2015-05-30,46.60443069,-1.302601537,16.1,21.474905401600004,tC/acre,0.2,1.648,Temporary grassland
34603244,2018-04-12,c797de29-99ef-4f90-9ce7-ec732d21c6e8,5fdf555d-ccf2-47be-b71a-67df3f060dbb,2015-04-12,51.63984992,-2.507954229,75.2,71.82043379200002,tC/acre,0.2,1.1800000000000002,Grassland without tree/shrub cover
34622302,2018-07-17,9566744a-1e72-4097-ac97-651d104e5783,4fdb5822-8739-48d9-9760-a2e5df5e649b,2015-07-17,43.27946874,-0.593662811,11.8,11.269695728000002,tC/acre,0.2,1.1800000000000002,Grassland without tree/shrub cover
34623626,2018-08-28,d261cbc9-bc8a-4a78-b489-a031f805f35a,1ce1837d-7353-4c4d-b910-e133e5cea236,2015-08-28,55.01204085,-3.513616013,501.3,68.56975302839997,tC/acre,0.2,0.1689999999999999,Grassland without tree/shrub cover
34623756,2018-07-17,191008be-12bc-4788-899d-2c05145c4918,482efeb2-565f-4417-b9e4-ad17c08b2319,2015-07-17,56.15568932,-3.914391592,65.4,62.46085598400002,tC/acre,0.2,1.1800000000000002,Grassland without tree/shrub cover
34623778,2018-05-22,f856170b-e012-4fef-8a47-0429bf0f51a7,24df9b77-e66a-4e64-9635-aad8bd8b799f,2015-05-22,56.34907806,-3.98500947,36.1,34.47762845600001,tC/acre,0.2,1.1800000000000002,Grassland without tree/shrub cover
34662840,2018-09-04,b7746406-5bbc-43ea-8dc6-3c2d192f7b91,dcb9a873-ef5a-4d36-beb3-58bdb6150f6d,2015-09-04,48.07165604,-1.520780614,40.5,38.67988788000001,tC/acre,0.2,1.1800000000000002,Grassland without tree/shrub cover
34662858,2018-07-27,3ff17bb0-f488-4490-a2d9-2de835907c97,a2cb87ab-d267-431f-97c6-faa9d8e9ff76,2015-07-27,48.23134885,-1.557509539,31.6,33.0060282856,tC/acre,0.2,1.2905,Grassland without tree/shrub cover
34682866,2018-07-21,e407a341-ff39-43a5-9243-573bab4aa7da,833d93fb-b310-44c5-871d-9e0e118ff7e6,2015-07-21,48.30512429,-1.547247367,31.8,30.37087492800001,tC/acre,0.2,1.1800000000000002,Grassland without tree/shrub cover
34683322,2018-08-02,d260f50d-17f8-48fd-91b3-eaf2bd5fcbc6,016e39fb-31c4-4d1e-b2a5-41bffa70d257,2015-08-02,52.34119417,-2.58806012,25.7,24.545015272000004,tC/acre,0.2,1.1800000000000002,Grassland without tree/shrub cover
34703724,2018-05-09,371d23be-59e9-44fa-9b0d-0052b4c19bdd,9b78b8b8-aaec-4a2f-8fe1-e9452b029dde,2015-05-09,55.88799744,-3.687489375,74.6,50.41659125199999,tC/acre,0.2,0.835,Grassland without tree/shrub cover
34703728,2018-06-20,d997f416-8c20-4947-843e-06b2b45777d3,338e10c8-89bb-40f2-b6b3-cdd03efcd67b,2015-06-20,55.92318801,-3.69994204,39.5,37.72482892000001,tC/acre,0.2,1.1800000000000002,Grassland without tree/shrub cover
34743694,2018-05-30,91b855c6-6629-43ea-8f0b-49a3ff963807,9e98e22f-525f-49f4-bc45-d427a6a5837b,2015-05-30,55.63076508,-3.53247296,64.7,61.79231471200002,tC/acre,0.2,1.1800000000000002,Grassland without tree/shrub cover
34762586,2018-05-28,fe2fd8a2-f6a8-4672-a38c-d3cbd674124d,9b8e0f2b-8c6e-48b9-ab95-40c5fcca756f,2015-05-28,45.82828333,-0.904801466,50.7,48.42148927200002,tC/acre,0.2,1.1800000000000002,Grassland without tree/shrub cover
34762834,2018-09-04,df5c44a8-c2f1-46bc-94ba-a3f9aa2bce58,b107ca19-b2de-44bb-975c-89e085d918ab,2015-09-04,48.03231507,-1.375893394,21.3,25.46292405720001,tC/acre,0.2,1.477,Temporary grassland
34762852,2018-07-17,8e971f0a-217e-456f-98f0-8fe00ee95666,8d03020e-1cf2-4f69-8c2e-5e9f8b540bae,2015-07-17,48.19206818,-1.412119452,26.2,25.022544752000005,tC/acre,0.2,1.1800000000000002,Grassland without tree/shrub cover
34763312,2018-08-09,6aec9365-363f-4ded-b973-7b3a13ec2656,0c2a0241-a7d7-4a04-bffe-062ea0386671,2015-08-09,52.26517642,-2.447049108,25.0,23.15815635,tC/acre,0.2,1.1445,Grassland without tree/shrub cover
34763716,2018-06-29,2a5fabc3-a4d1-41d1-94e0-15c7fe4847f7,a327c9cd-7685-44d9-83f1-d9dc640accac,2015-06-29,55.82777041,-3.568522159,52.3,39.684520875,tC/acre,0.2,0.9375,Grassland without tree/shrub cover
34763752,2018-05-25,efea09ad-0b09-4ed0-bc6c-b181236e2188,fa940a01-221c-4edd-8f17-8147891c521a,2015-05-25,56.14455391,-3.680351714,43.0,41.06753528000001,tC/acre,0.2,1.1800000000000002,Grassland without tree/shrub cover
34782740,2018-05-11,7a05056c-0ad7-4caa-b9cc-045b3fe43369,7b09ec05-20fa-4ba2-8906-7f342cbc2566,2015-05-11,47.20028701,-1.165189988,15.6,15.170383144800002,tC/acre,0.2,1.2015,Temporary grassland
34783388,2018-08-08,5df5d83c-a281-4a4b-be7a-cb4509cf1e00,70ff0588-f3dd-4c3a-92a7-e7229b8ba287,2015-08-08,52.93952406,-2.611552796,28.7,27.410192152000008,tC/acre,0.2,1.1800000000000002,Grassland without tree/shrub cover
34783712,2018-05-23,2206bafc-baec-4989-a35a-5c6e72103f19,bda55d71-5c9b-47d2-a90d-7f1dca0dfa04,2015-05-23,55.79593253,-3.524865357,39.1,37.342805336000005,tC/acre,0.2,1.1800000000000002,Grassland without tree/shrub cover
34803004,2018-08-07,039289a0-3919-41cf-9122-2bf8224e80b4,f31d6b67-49ba-4bbb-ad01-374148d4e028,2015-08-07,49.54567174,-1.675313983,40.5,35.66416780800001,tC/acre,0.2,1.088,Grassland without tree/shrub cover
34842720,2018-07-31,f593a7e8-a91d-457d-bcf5-59d313cb4a29,20ff94e8-e679-4fae-a775-23b7488bd660,2015-07-31,47.03062711,-1.048813597,21.6,20.629273536000007,tC/acre,0.2,1.1800000000000002,Grassland without tree/shrub cover
34842922,2018-07-13,f49a7865-5748-4588-85bb-5e045b861365,f6a2c492-2b41-4de0-9d7e-6ba16ded80fc,2015-07-13,48.82425976,-1.447977219,28.2,26.932662672000003,tC/acre,0.2,1.1800000000000002,Grassland without tree/shrub cover
34862944,2018-05-15,b1914d96-305c-40b4-be39-fa40910cdaf9,b9204fcd-ce54-4bf1-824d-18c4212dd585,2015-05-15,49.02218739,-1.466599188,42.9,37.933849239,tC/acre,0.2,1.0924999999999998,Grassland without tree/shrub cover
34882720,2018-07-29,c77b3ac3-2fea-4234-bd28-b6030c554be5,442abe61-be07-426f-831c-84e70e4db443,2015-07-29,47.0359674,-0.996691669,17.0,15.479239500000002,tC/acre,0.2,1.125,Grassland without tree/shrub cover
34882738,2018-07-18,58e9ee5f-8677-415d-b1b9-44a54fcdf203,a0ea3c2b-9514-4b83-a8ae-86d5c08bbd1c,2015-07-18,47.19596203,-1.030679988,28.5,27.219180360000006,tC/acre,0.2,1.1800000000000002,Grassland without tree/shrub cover
34883746,2018-06-12,f2339370-7c84-45be-8e09-19d1886b975b,81306774-a415-4e33-9527-6e35edd3720f,2015-06-12,56.11202851,-3.471930614,63.6,60.74174985600002,tC/acre,0.2,1.1800000000000002,Grassland without tree/shrub cover
34902924,2018-07-13,5626df5c-93f2-456a-a256-fd3d294731bb,3a9ea96f-7af0-4457-b697-abb1623e115d,2015-07-13,48.85033664,-1.371186153,34.9,33.331557704000005,tC/acre,0.2,1.1800000000000002,Grassland without tree/shrub cover
34902946,2018-07-11,077c2f86-0303-4d67-baa2-e5884eb69cf0,806075f6-7121-47cc-b0da-a49981306e5e,2015-07-11,49.0455018,-1.41660602,36.4,30.212399890400004,tC/acre,0.2,1.0255,Grassland without tree/shrub cover
34902982,2018-05-15,87174a14-734d-4e79-b0ee-bb16f8779bb8,03db1480-712c-456d-bedf-f6208d3fb773,2015-05-15,49.36477442,-1.491915522,23.2,18.8994836976,tC/acre,0.2,1.0065,Grassland without tree/shrub cover
34903806,2018-06-13,708a5a0c-509d-48b3-a1c7-4876babf75ed,7e57dc93-e85e-4fe4-9530-ef452edccaf8,2015-06-13,56.64349865,-3.628065614,54.6,52.14621921600002,tC/acre,0.2,1.1800000000000002,Grassland without tree/shrub cover
34942996,2018-08-16,4ca48ad8-4445-4270-95fb-9d557359d96a,4497a2d4-53d1-4a78-b5e9-d620870d3989,2015-08-16,49.49451468,-1.466890134,21.3,20.342755848000007,tC/acre,0.2,1.1800000000000002,Grassland without tree/shrub cover
34943222,2018-04-18,da70128a-3ecb-43ec-b8e8-4e9c95adde5c,5edbfd01-2127-4794-8eff-4a49fc70f242,2015-04-18,51.49639057,-1.970447645,88.7,43.03888219180001,tC/acre,0.2,0.5995,Grassland without tree/shrub cover
34962146,2018-05-11,62c04f25-a8d0-46af-b838-8e67f5bd4db4,8d7aaf65-1df4-4049-8acd-9ee8ef847be2,2015-05-11,41.92727378,0.057593181,12.7,12.129248792000002,tC/acre,0.2,1.1800000000000002,Temporary grassland
34982780,2018-06-05,13fd0822-8838-4c09-bc1e-e383f43f440e,07cbcdee-35fa-4d23-b10c-e2589d187359,2015-06-05,47.58256908,-0.979384021,20.6,22.83376005240001,tC/acre,0.2,1.3695,Temporary grassland
34982910,2018-07-15,e1e77899-15f3-4dcf-abc0-29fa85fc503f,45f23e33-9b5d-4122-bc6a-5488bbb0978c,2015-07-15,48.73711086,-1.23483881,29.4,28.078733424000003,tC/acre,0.2,1.1800000000000002,Grassland without tree/shrub cover
34983220,2018-10-11,2b977c7f-dbc2-4f71-95d9-f5c783a1b208,70c65798-01c5-4d0d-b988-9221128e354e,2015-10-11,51.48455221,-1.908819448,86.5,82.61260004,tC/acre,0.2,1.1800000000000002,Grassland without tree/shrub cover
34983670,2018-06-08,de974216-060a-4407-809c-6ab764127b49,dc935ff2-4a55-4326-b4b7-aab5a425a785,2015-06-08,55.45905632,-3.086508246,52.7,50.33160719200002,tC/acre,0.2,1.1800000000000002,Grassland without tree/shrub cover
35002236,2018-06-19,390669e4-7abf-4bf4-9205-605d877f59d2,d8be61bf-2053-404c-98be-f3087ebf4520,2015-06-19,42.73693816,-0.028576505,76.0,53.331139824,tC/acre,0.2,0.867,Grassland without tree/shrub cover
35002314,2018-07-25,e2825f63-4b49-4337-a6d5-cbc3aac735df,3408c6b2-e862-4bd6-8508-8bbaee24fb28,2015-07-25,43.43385776,-0.148626528,17.1,11.279812878,tC/acre,0.2,0.815,Grassland without tree/shrub cover
35022336,2018-06-05,8d577637-c0ea-41ad-bc21-7e8b1339a15b,dd6313a1-ad0c-4ba1-a68f-1a1537414976,2015-06-05,43.6327543,-0.158629487,13.2,12.606778272,tC/acre,0.2,1.1800000000000002,Grassland without tree/shrub cover
35023008,2018-08-08,7d4567fe-01b9-42bd-a691-274813e4151f,40ec111c-56d9-43cd-8fa1-11424ea94387,2015-08-08,49.61207997,-1.382753586,26.3,25.118050648000004,tC/acre,0.2,1.1800000000000002,Grassland without tree/shrub cover
35023494,2018-07-19,b74e0f88-f2ed-4409-8806-9c5eb1794d4d,82b3bdc3-a360-4183-b76b-65135aaede60,2015-07-19,53.91271538,-2.533734248,36.2,33.13747029840001,tC/acre,0.2,1.131,Grassland without tree/shrub cover
35023710,2018-05-14,5d1454fa-94a7-4265-95a8-2f33bef41cbe,51fa41ee-3ef0-4bff-8eea-263ab56a8b5a,2015-05-14,55.81811449,-3.142152883,37.8,36.101228688000006,tC/acre,0.2,1.1800000000000002,Grassland without tree/shrub cover
35023768,2018-06-26,8ffce434-01f6-4b95-87ca-c934034baf73,1567ddaa-085a-4621-9e85-87c744494b83,2015-06-26,56.32910988,-3.317693699,30.2,28.842780592000008,tC/acre,0.2,1.1800000000000002,Grassland without tree/shrub cover
35042884,2018-07-27,63e47f8c-57b9-41ae-94dd-a5f9ddb0ef62,8a8dc2d0-a410-4cd2-9e32-862c694cee3b,2015-07-27,48.51445035,-1.102128648,21.5,22.343523432,tC/acre,0.2,1.284,Temporary grassland
35062752,2018-07-21,3b9a4cda-3bf2-4985-a5c5-eab2d748b5c0,554958b8-1274-4811-98a6-669e5b96df0d,2015-07-21,47.34425323,-0.821388759,22.9,21.870850184,tC/acre,0.2,1.1800000000000002,Temporary grassland
35062918,2018-07-06,d76c7bf7-3415-4735-b79a-40b5fecc96ae,984fb249-4faf-4f67-8534-c9f466068d06,2015-07-06,48.81901813,-1.143179431,40.3,38.488876088000005,tC/acre,0.2,1.1800000000000002,Grassland without tree/shrub cover
35062950,2018-05-15,56bed657-c9a8-4fb8-8f47-a41a8b6af915,14b1aaae-dfd7-490a-a78a-dc133dc44491,2015-05-15,49.10304307,-1.20801144,38.1,33.951617593200005,tC/acre,0.2,1.101,Grassland without tree/shrub cover
35082276,2018-07-26,ed0663bf-2283-4882-94ff-e21ee2f14d16,cd06e14a-6256-4681-9273-d44500d87b69,2015-07-26,43.10403789,0.007673384,25.1,25.576883634800005,tC/acre,0.2,1.259,Temporary grassland
35082784,2018-06-05,4a55f845-9003-4edd-8fe8-58ef65acce1d,1a641f41-00e0-440c-949d-b70e14097f33,2015-06-05,47.63136618,-0.855225934,37.1,37.6397234542,tC/acre,0.2,1.2534999999999998,Grassland without tree/shrub cover
35082924,2018-07-26,f1e6814e-820b-43e5-a499-18c40fb08813,8b098548-352f-41a1-adce-988435be5854,2015-07-26,48.87499279,-1.128261506,25.9,27.1781856682,tC/acre,0.2,1.2965,Grassland without tree/shrub cover
35083522,2018-07-23,2eb00f1c-bdaa-49fe-a7dd-76c2e8b309fe,0bfa69c3-4f85-4a83-8a40-4fafeaa86958,2015-07-23,54.1692478,-2.518183683,12.5,11.938237000000004,tC/acre,0.2,1.1800000000000002,Grassland without tree/shrub cover
35103484,2018-06-21,dacb3211-ce10-4971-ac17-60ff6ef814c8,97b359fe-1b1d-40b7-981b-21aebd7d2e14,2015-06-21,53.83672133,-2.3872517,63.9,55.2616134498,tC/acre,0.2,1.0685,Grassland without tree/shrub cover
35103682,2018-05-25,bedb7c10-1f3d-4d40-93a1-b347e423a207,20e060ef-3d61-476c-bab4-06ec3dc952ce,2015-05-25,55.5842523,-2.934404397,58.5,55.870949160000016,tC/acre,0.2,1.1800000000000002,Grassland without tree/shrub cover
35122964,2018-07-06,fe9392c9-bfd3-4b10-869a-b942db70815b,8a14a8dc-2144-444a-be77-e6ea09d892ff,2015-07-06,49.23546598,-1.155089697,23.0,21.966356080000004,tC/acre,0.2,1.1800000000000002,Temporary grassland
35123644,2018-10-23,309bbd65-78e7-4c5e-b25f-658aac369d12,fba09d46-fb25-4dc3-973f-67faf67b7fea,2015-10-23,55.25228586,-2.793970443,32.1,30.65739261600001,tC/acre,0.2,1.1800000000000002,Grassland without tree/shrub cover
35142278,2018-06-21,f4a76ad6-8d63-454c-88aa-699eb9dea066,bb53df1c-2a01-466e-9da8-120eeaf71b9c,2015-06-21,43.12907265,0.077666969,37.4,35.71920510400001,tC/acre,0.2,1.1800000000000002,Grassland without tree/shrub cover
35162460,2018-08-07,c81ce864-6ce8-49e0-99ec-a3b6e2d4020b,08436b9d-aada-41f7-a739-a9812542a495,2015-08-07,44.7565154,-0.183685414,32.4,30.94391030400001,tC/acre,0.2,1.1800000000000002,Grassland without tree/shrub cover
35162766,2018-06-05,4ff34bb3-c678-4b17-afc4-33265287231f,dac43844-0c89-44ef-98a4-9baedecdd49a,2015-06-05,47.48179926,-0.716170337,28.7,23.7980863218,tC/acre,0.2,1.0245,Grassland without tree/shrub cover
35162802,2018-07-13,6eea88c5-6a5f-4e2b-bcd2-e182cd6c1389,26b86d18-4429-4f40-bc82-48da8d34b1e5,2015-07-13,47.80187851,-0.783580518,23.5,27.265516907,tC/acre,0.2,1.4335,Grassland without tree/shrub cover
35163414,2018-08-21,a93b6a8f-97a9-4020-9d7e-7832a0380f10,0cbb0ced-3a55-4688-a70a-77414d1a2861,2015-08-21,53.2271845,-2.117988681,89.6,85.573282816,tC/acre,0.2,1.1800000000000002,Grassland without tree/shrub cover
35163706,2018-06-08,26b1ada4-e133-439e-b382-dad7e07c9e0b,0c9baceb-6807-4c4b-9f0c-d0cc5f290fc0,2015-06-08,55.8055365,-2.910435428,63.6,60.74174985600002,tC/acre,0.2,1.1800000000000002,Grassland without tree/shrub cover
35163756,2018-07-19,5ecaf047-9833-460d-8802-c748eabe4832,da8c2e33-ea35-4728-98a6-8900af176353,2015-07-19,56.24637545,-3.058730953,59.8,57.11252580800001,tC/acre,0.2,1.1800000000000002,Grassland without tree/shrub cover
35183700,2018-05-14,580f4a47-09c3-4dee-a5ea-ef9c3e4fdb8b,c2984714-4b5a-4243-81ce-2294adef5ed2,2015-05-14,55.75582593,-2.861525433,28.8,23.997556051200004,tC/acre,0.2,1.0295,Grassland without tree/shrub cover
35202904,2018-07-07,382c1b10-a0c5-4592-8744-01ea6f43a3e1,34434487-a81d-4f36-ac38-05dd8c0aecd4,2015-07-07,48.71351035,-0.926690477,24.6,22.4192806512,tC/acre,0.2,1.126,Grassland without tree/shrub cover
35202922,2018-07-23,d27b5225-065c-4c27-9a21-3547cc8151bb,89a9b6bf-aa7e-4a57-b36c-93f9ebd94d48,2015-07-23,48.87337561,-0.962224482,26.8,19.695581996800005,tC/acre,0.2,0.908,Temporary grassland
35242882,2018-08-14,d4b84da8-63fc-4cdb-b3de-56de9b1ce882,31e30a82-d11f-43b3-8260-a0071b8da3e8,2015-08-14,48.52336674,-0.829996617,29.0,27.696709840000008,tC/acre,0.2,1.1800000000000002,Grassland without tree/shrub cover
35262010,2018-05-10,4ae80e88-f9bf-4b40-a433-de8431d406df,007895d3-249c-4d04-a242-d2782b9a342d,2015-05-10,40.74360632,0.603471582,30.6,26.327090541600004,tC/acre,0.2,1.063,Grassland without tree/shrub cover
35262906,2018-07-16,8307cdf4-f1f2-4817-ae3c-6643f1bff35a,d32d9265-154e-4480-ac81-dc9f1f09a50f,2015-07-16,48.73922876,-0.849806213,39.9,38.10685250400001,tC/acre,0.2,1.1800000000000002,Grassland without tree/shrub cover
35263590,2018-10-23,680952af-9d0f-41e2-940c-8791ab349e5d,b8bd44d5-5135-4573-96c8-a0ecc7388b79,2015-10-23,54.79754664,-2.427856394,50.3,48.039465688000014,tC/acre,0.2,1.1800000000000002,Grassland without tree/shrub cover
35263882,2018-06-05,97bdea71-ae04-4b86-a280-68d51a5b2edc,2bf66060-dda2-4d85-9410-cd63d7464dc1,2015-06-05,57.37312268,-3.287489711,44.7,42.69113551200002,tC/acre,0.2,1.1800000000000002,Grassland without tree/shrub cover
35282242,2018-06-15,b42da58b-387b-48e8-a8a8-9255c7dc49db,52a57a89-c0a1-4b5b-93c5-49cbd7404acb,2015-06-15,42.82366111,0.301432416,65.8,62.84287956800001,tC/acre,0.2,1.1800000000000002,Grassland without tree/shrub cover
35282326,2018-06-01,365b1855-0630-4b23-93f6-88740af5c1e7,b9881f84-2519-43b0-b516-0c572c31ea7f,2015-06-01,43.57460653,0.175925248,27.2,25.977603712000004,tC/acre,0.2,1.1800000000000002,Grassland without tree/shrub cover
35282704,2018-07-10,0cffada9-863b-49bd-b9c7-462c8df21ed5,b3bbf839-ddc9-45d3-9ce5-c6c5a14c6e91,2015-07-10,46.94558636,-0.44633653,10.9,10.718918082000002,tC/acre,0.2,1.215,Temporary grassland
35302672,2018-06-20,cf2cc04c-4fa3-4df2-944d-a98430039a16,1af7885a-9d90-42a6-bb6c-1753c9d84a6e,2015-06-20,46.6632226,-0.363791701,24.3,23.207932728000003,tC/acre,0.2,1.1800000000000002,Grassland without tree/shrub cover
35302784,2018-07-03,7599a99f-594d-4376-b898-20d9dc2888bc,3091883d-32f7-481f-9329-c1635bda251d,2015-07-03,47.65995944,-0.565051051,42.9,38.6977345326,tC/acre,0.2,1.1145,Grassland without tree/shrub cover
35302888,2018-08-14,fd8fd683-1837-4f7c-a356-830f48cf1077,9fb71822-cb9b-43cd-b655-21119e5c0607,2015-08-14,48.58456146,-0.761054688,42.7,40.78101759200001,tC/acre,0.2,1.1800000000000002,Grassland without tree/shrub cover
35303378,2018-09-04,a0b25c74-ef2b-4a22-8ee7-d2c11d9db726,f4ec3f42-d3ee-48aa-b41c-9c0519bedbd5,2015-09-04,52.92943661,-1.82248738,28.4,27.123674464000004,tC/acre,0.2,1.1800000000000002,Grassland without tree/shrub cover
35322282,2018-05-16,4cbff575-8f04-4285-9d94-e916a43d7096,2f8c1d07-642f-4553-ac1f-d583bb58edd9,2015-05-16,43.18600956,0.290959575,36.2,35.2909663788,tC/acre,0.2,1.2045,Grassland without tree/shrub cover
35322542,2018-06-28,0a2f14a9-11e3-4915-a676-21d6f38f128d,730005c2-7752-40d9-97b4-db666babd313,2015-06-28,45.5073741,-0.116714544,24.9,23.780968104000003,tC/acre,0.2,1.1800000000000002,Temporary grassland
35322812,2018-05-05,e7f729ac-3788-4028-9c6d-796d957fc034,65c8836d-8f5b-4e70-a6a7-4c1a832f46e4,2015-05-05,47.9115541,-0.590413094,22.0,19.960732264,tC/acre,0.2,1.121,Grassland without tree/shrub cover
35323658,2018-06-19,1fccf247-1a3b-434e-8d32-4f6c22ecfda1,af3970a6-069d-4428-b68c-cfa597f476d2,2015-06-19,55.40728863,-2.522816511,33.1,27.9154021544,tC/acre,0.2,1.042,Grassland without tree/shrub cover
35323916,2018-05-29,8c2e2a0a-524e-403a-84ce-436e7c3dc43d,d2c99826-2f66-4ac5-8e06-60acbed0fd18,2015-05-29,57.68261202,-3.297971242,34.1,21.348279152200003,tC/acre,0.2,0.7735000000000001,Grassland without tree/shrub cover
35342964,2018-08-01,6dd4d73b-849d-4236-a6d9-3c86f189f6b8,8e6878c6-886d-451f-bd73-233f50373730,2015-08-01,49.26498453,-0.855740284,29.5,19.924917553000004,tC/acre,0.2,0.8345,Grassland without tree/shrub cover
35343680,2018-06-04,78170f50-09b0-4f3b-9590-9ba4f7690271,7d817d77-3430-4afd-8a4c-e9a939115a71,2015-06-04,55.60462992,-2.55349014,20.5,19.57870868,tC/acre,0.2,1.1800000000000002,Temporary grassland
35362710,2018-07-13,eeecd35f-da69-41c1-83ef-e35b86919472,bdc753a3-0fec-4cee-956a-e2b3b5ec3015,2015-07-13,47.00907427,-0.352757804,26.1,21.462602947200004,tC/acre,0.2,1.016,Grassland without tree/shrub cover
35382238,2018-05-17,9ca60edb-c18a-4d0e-aaf3-5256b10f0c6b,c00a7a33-beb6-41f6-8f06-f45ed660ea78,2015-05-17,42.7994204,0.428423075,83.3,58.3526051178,tC/acre,0.2,0.8654999999999999,Grassland without tree/shrub cover
35382252,2018-06-14,061dcb45-4564-4ef9-a565-5f70df583680,01cb893d-0fde-490b-b9b7-96fd3f0f68a1,2015-06-14,42.92466089,0.408084095,51.3,48.99452464800001,tC/acre,0.2,1.1800000000000002,Grassland without tree/shrub cover
35382378,2018-05-28,61c80f4b-21f9-4524-90db-491719bff791,025d073e-60c5-4c5f-b53b-401c5a1dd795,2015-05-28,44.05095582,0.219728922,21.3,19.946244505200003,tC/acre,0.2,1.157,Grassland without tree/shrub cover
35382688,2018-07-05,96b4f59b-fa3f-4175-adf5-7c7522765f43,bccb50d8-d063-4d0a-9a23-e8bca2b5ea11,2015-07-05,46.81569453,-0.288026538,26.7,25.500074232000006,tC/acre,0.2,1.1800000000000002,Grassland without tree/shrub cover
35382858,2018-08-12,64803941-6f24-469d-92c1-577c662f7c6c,7e5abbf8-34bc-4bac-9617-0e4dcb9ced07,2015-08-12,48.32830061,-0.596652957,27.9,28.339755894000003,tC/acre,0.2,1.255,Grassland without tree/shrub cover
35382886,2018-08-15,fd1f7d86-477a-4f77-b10f-82963b13922c,62b5e1f9-e539-444a-99e1-83c7e8c9e2bd,2015-08-15,48.57720861,-0.649756793,33.2,31.707957472000007,tC/acre,0.2,1.1800000000000002,Grassland without tree/shrub cover
35382904,2018-07-16,124c7d3b-3e05-4912-84f6-1251b5b487c6,907e06ed-e3ac-4279-a63f-53dfbe278814,2015-07-16,48.73718773,-0.684249804,33.9,32.376498744,tC/acre,0.2,1.1800000000000002,Temporary grassland
35382936,2018-07-26,cf968e20-2e85-4f8e-a774-aa8d0fd058bd,d9da0cff-0c54-4b2c-a34c-873eca514513,2015-07-26,49.02153146,-0.746267861,24.6,23.494450416000006,tC/acre,0.2,1.1800000000000002,Temporary grassland
35402098,2018-08-31,002863f0-97ed-409d-a710-4f0b66c32ee1,83945d7a-6632-4ed5-a9af-0ef61422a0ba,2015-08-31,41.54815025,0.649400139,16.4,15.662966944,tC/acre,0.2,1.1800000000000002,Grassland without tree/shrub cover
35402488,2018-07-18,31b33020-940b-4fec-bc67-eb44e40b604c,0ac03261-3dce-4d91-ba96-9e7c6e369ab5,2015-07-18,45.03538413,0.072271966,9.5,10.853071491000003,tC/acre,0.2,1.4115000000000002,Grassland without tree/shrub cover
35402632,2018-06-05,98916c0c-3c5b-44cf-8c64-95e6eb4ee1d4,0a76bd06-6e0a-4dcd-b8f0-df6e830c286c,2015-06-05,46.31935264,-0.165532387,31.4,29.98885134400001,tC/acre,0.2,1.1800000000000002,Grassland without tree/shrub cover
35402926,2018-07-23,ceb42468-a74d-468e-ad25-7f0f0a1e8eca,46c3e29c-6ab4-4ad4-bc41-b71d9d051908,2015-07-23,48.93529286,-0.699736371,40.7,38.870899672000014,tC/acre,0.2,1.1800000000000002,Grassland without tree/shrub cover
35403496,2018-06-19,2de67c43-73a2-4dde-a091-b6b692bad94c,14b2c41e-c306-4a59-9b22-bd84cf7fe9b1,2015-06-19,53.98796043,-1.967460256,30.3,28.938286488000006,tC/acre,0.2,1.1800000000000002,Grassland without tree/shrub cover
35403654,2018-06-19,40184e34-da49-4bb8-a055-b50251453fa4,982f882a-53c7-438b-916c-7022878c38a0,2015-06-19,55.38434755,-2.387157845,48.0,38.675031648,tC/acre,0.2,0.9955,Grassland without tree/shrub cover
35422756,2018-06-03,60902740-65e1-49a0-a509-4e1ce415effb,b6025a94-b8de-439d-be84-6631acb90812,2015-06-03,47.42606217,-0.35615022,24.8,23.685462208000008,tC/acre,0.2,1.1800000000000002,Grassland without tree/shrub cover
35423508,2018-07-12,79173712-882f-4eb7-a3bd-f174681e3822,c1383202-50e5-43fe-bf4e-a4c2588d7736,2015-07-12,54.09704369,-1.967949308,95.1,71.9296585434,tC/acre,0.2,0.9345,Grassland without tree/shrub cover
35442676,2018-07-25,3b80f40f-a984-46d3-93bf-1f0e9205fcb3,43ad52f9-0836-4ae1-8e6a-616643a691ab,2015-07-25,46.71625933,-0.189289121,32.6,31.134922096000004,tC/acre,0.2,1.1800000000000002,Grassland without tree/shrub cover
35443846,2018-07-19,7bdbeaa6-6e12-4414-bca6-996f636c8bc2,fe30f6d6-0047-42a2-b057-fc585f3ef81e,2015-07-19,57.08523967,-2.881980584,39.2,37.43831123200002,tC/acre,0.2,1.1800000000000002,Grassland without tree/shrub cover
35482240,2018-05-17,7b2e58d6-96aa-423c-a560-ca86d46634f0,592689e9-13bb-45b3-aaf9-08578c558b8e,2015-05-17,42.82870902,0.546721742,37.4,36.43056215480001,tC/acre,0.2,1.2035,Grassland without tree/shrub cover
35483636,2018-06-12,2d78a87e-ffd9-4ca1-a51f-7c799d983219,42cfd639-50ad-4edd-9d16-5286c98f9e0f,2015-06-12,55.2375531,-2.21351029,65.2,36.675882808,tC/acre,0.2,0.6950000000000001,Grassland without tree/shrub cover
35483702,2018-05-17,ed4880e6-6d7a-4436-a6f8-b56d49a76293,15a4b915-d3a0-4e2c-817e-3c5791dcb421,2015-05-17,55.82061278,-2.395880269,44.1,38.9235493206,tC/acre,0.2,1.0905,Grassland without tree/shrub cover
35502722,2018-07-27,f26470fe-8da1-475f-a3f4-a28d84490778,9e4f54fb-1d69-435b-80ae-7906b8850931,2015-07-27,47.1333432,-0.191099266,28.6,27.314686256000005,tC/acre,0.2,1.1800000000000002,Grassland without tree/shrub cover
35503478,2018-06-14,c3ab47be-cb1e-480f-b569-7d4b882feb97,2da81eb7-965e-4739-8601-2dbda5778a76,2015-06-14,53.84341336,-1.771670407,50.2,47.94395979200001,tC/acre,0.2,1.1800000000000002,Grassland without tree/shrub cover
35503514,2018-07-12,3738252e-4c96-4957-a78f-1e764703a9a6,c08b92a9-c0b2-49b0-ae87-bcf631c98654,2015-07-12,54.16190906,-1.862347989,92.0,54.580810192,tC/acre,0.2,0.733,Grassland without tree/shrub cover
35503892,2018-05-23,53c024dc-eb6f-409d-9a2b-c46236213af6,701a4149-0fa3-42df-89cc-3f0d50b29ff5,2015-05-23,57.50061243,-2.92593789,31.5,35.591324328,tC/acre,0.2,1.396,Grassland without tree/shrub cover
35522766,2018-06-08,45bcd3f3-e281-4885-82f5-b428e7d58ddb,135913a5-4aa4-495a-bcb4-76e5049502c4,2015-06-08,47.5275654,-0.242450148,11.4,13.927916187600005,tC/acre,0.2,1.5095,Temporary grassland
35523504,2018-06-19,9b5645b3-c185-4737-b9a2-c6d0d07fc12a,a43115ca-43e2-4ea0-b81c-180366455163,2015-06-19,54.07637302,-1.80679948,86.1,82.23057645600002,tC/acre,0.2,1.1800000000000002,Grassland without tree/shrub cover
35523608,2018-09-13,668468a8-5df1-4216-a318-89fc6ae7647a,50e69337-cc68-4b6e-9e26-50e51904dab0,2015-09-13,54.99611217,-2.076348829,36.1,29.8903507716,tC/acre,0.2,1.023,Grassland without tree/shrub cover
35523634,2018-06-12,ca541f0c-23a3-4c96-8b4e-263cf38ea4bd,ed6e4d56-0aab-4ace-baf1-86dbb8f43f4c,2015-06-12,55.2259296,-2.146048971,27.2,22.6093211968,tC/acre,0.2,1.027,Grassland without tree/shrub cover
35524004,2018-06-20,beeaf874-b77d-43b4-baa1-5923f1fe1d8f,9baece35-2c5e-420e-948e-6768ed6a7961,2015-06-20,58.49119803,-3.252241421,61.1,58.354102456000014,tC/acre,0.2,1.1800000000000002,Grassland without tree/shrub cover
35542332,2018-06-25,08b37f74-531c-4bc3-b134-48e4b505211e,f6b943e0-307e-44f8-9874-7032beb866a4,2015-06-25,43.6584099,0.486230267,29.6,28.269745216000008,tC/acre,0.2,1.1800000000000002,Grassland without tree/shrub cover
35542512,2018-06-15,7c5ea798-47c9-42c8-bc72-45ff917cc2bd,21e8bab8-c26a-4a2f-bd68-76171496cd9b,2015-06-15,45.26618071,0.210514103,52.1,49.758571816000014,tC/acre,0.2,1.1800000000000002,Grassland without tree/shrub cover
35542908,2018-08-02,d0034d47-7925-46f2-aa7b-d6d92649e562,ffd4f85a-4567-4193-9594-fac93bf017cb,2015-08-02,48.79335591,-0.476125812,24.1,23.016920936000005,tC/acre,0.2,1.1800000000000002,Grassland without tree/shrub cover
35562198,2018-07-15,0e774fb5-6ffb-4ee5-a15e-a61d8eeb6ed8,58cafba2-65ed-49d6-96cb-4a24fdbf2abf,2015-07-15,42.4617417,0.702752371,29.6,28.269745216000008,tC/acre,0.2,1.1800000000000002,Grassland without tree/shrub cover
35562300,2018-05-29,6b1e5191-e1e5-41db-82a0-7172bea7cb21,b90f4364-3e17-4648-be6e-c08e638a0fe1,2015-05-29,43.37453409,0.557603999,9.9,12.584075387400002,tC/acre,0.2,1.5705,Temporary grassland
35563894,2018-05-22,4802f34b-7815-4150-9dac-510a9173e409,9b621d0b-e130-4f2b-b1df-374a826c2815,2015-05-22,57.52792376,-2.833630152,32.6,31.134922096000004,tC/acre,0.2,1.1800000000000002,Grassland without tree/shrub cover
35563912,2018-05-21,fbb3d8fa-978b-4c03-bfaa-a84d36c369c5,95ab8561-421b-4387-9dd8-f2fca3d5b4ac,2015-05-21,57.68669794,-2.889611003,38.1,34.105802959200005,tC/acre,0.2,1.106,Grassland without tree/shrub cover
35582326,2018-06-26,7e90ae3b-2d6c-48fc-a0a7-33c3ab72e6bb,b69efd81-cdfb-4957-8587-0f0627ab0bc7,2015-06-26,43.60931726,0.544197796,25.5,30.906881535000004,tC/acre,0.2,1.4975,Grassland without tree/shrub cover
35583622,2018-10-04,5d7d9069-ca02-4693-86d5-30932be73a90,7632c23d-6e23-4350-a050-74761b7f1f5e,2015-10-04,55.12885632,-2.020913798,79.8,76.21370500800002,tC/acre,0.2,1.1800000000000002,Grassland without tree/shrub cover
35603400,2018-10-23,046f01ff-0fbb-4705-8e22-e2d20d848a21,f6c5ff62-d90c-4e63-84ef-78909a35c6c1,2015-10-23,53.16722815,-1.432914582,53.8,34.726510346,tC/acre,0.2,0.7975,Grassland without tree/shrub cover
35622928,2018-07-21,7089b53c-2422-42c1-83d3-2f3fa1435444,067366ef-31ba-4c01-ae2a-81061e15e21b,2015-07-21,48.98135528,-0.405745327,33.6,32.08998105600001,tC/acre,0.2,1.1800000000000002,Grassland without tree/shrub cover
35643196,2018-04-25,9433a6eb-8b1c-4b35-a698-7f7f0dce768d,0f80f9bc-db5b-4447-aa89-02de887cc7ab,2015-04-25,51.36430514,-0.916031272,30.1,28.74727469600001,tC/acre,0.2,1.1800000000000002,Grassland without tree/shrub cover
35662888,2018-08-08,8875525a-5bfb-45c5-a283-93fa7df4c962,879a959a-70d5-4005-b108-d4b867c22259,2015-08-08,48.63065061,-0.277081724,50.9,48.61250106400001,tC/acre,0.2,1.1800000000000002,Grassland without tree/shrub cover
35663500,2018-06-27,6a288d65-0aae-42fe-b43d-83ad835c45a1,d153661f-6573-4907-bdc5-0c7b6982923a,2015-06-27,54.06123814,-1.585432856,59.9,56.38384819640001,tC/acre,0.2,1.163,Grassland without tree/shrub cover
35663630,2018-06-12,7bf78527-dead-4444-a62b-eb410be3858e,8797965e-674e-49e0-b90f-f79896bbbf63,2015-06-12,55.21148923,-1.91819354,38.1,36.38774637600001,tC/acre,0.2,1.1800000000000002,Grassland without tree/shrub cover
35682398,2018-06-13,99e68648-38b2-4445-aed7-2365e5085e33,d5a96913-9bf9-40f2-83d0-8c8a61b856c7,2015-06-13,44.26430998,0.561378402,17.4,20.962653862800003,tC/acre,0.2,1.4885000000000002,Grassland without tree/shrub cover
35702222,2018-07-07,9212a988-3bc5-4753-bc97-a4d9b58243ca,ac12b298-38b9-458a-b5ce-d2a711fbdcd4,2015-07-07,42.69210998,0.838476836,39.3,36.22967602439999,tC/acre,0.2,1.1389999999999998,Grassland without tree/shrub cover
35703180,2018-05-16,20c3cb82-2524-4eaf-a581-1442f7b71a41,c044afb5-a445-4e21-bbf7-6779c1ff98b2,2015-05-16,51.23031415,-0.796915342,29.9,28.556262904000004,tC/acre,0.2,1.1800000000000002,Grassland without tree/shrub cover
35742184,2018-08-12,7d474414-7005-45b4-a5ab-fd26858d8670,3ed5617e-b496-4e93-a20c-31c382e8e899,2015-08-12,42.35612315,0.938745119,26.1,24.927038856000006,tC/acre,0.2,1.1800000000000002,Grassland without tree/shrub cover
35743146,2018-08-21,150bb334-2eab-40b9-b856-9b0c427a1f86,ead099eb-d7ab-436d-b092-ba02af0b2468,2015-08-21,50.9337546,-0.669633514,65.4,53.753389196400015,tC/acre,0.2,1.0155,Grassland without tree/shrub cover
35743470,2018-07-11,4086610a-c70b-4a73-a944-8dc85736f891,5ecb3445-bf0b-4fb0-806f-5585d0a22bfc,2015-07-11,53.80696451,-1.391675756,39.6,35.64085789440001,tC/acre,0.2,1.112,Grassland without tree/shrub cover
35762800,2018-06-22,599047af-6b42-4696-922b-155aa24d9b4e,6f0725f2-7461-49a5-bf9f-2a494e70dd94,2015-06-22,47.85974595,0.01467972,32.2,30.75289851200001,tC/acre,0.2,1.1800000000000002,Grassland without tree/shrub cover
35782360,2018-05-23,a2d49160-fb80-40a1-ba0f-40fef2d65918,4dfb5b91-8d4d-47c5-8c5f-54c3d3323b91,2015-05-23,43.93582993,0.741055954,22.7,25.400319133,tC/acre,0.2,1.3824999999999998,Grassland without tree/shrub cover
35782882,2018-08-06,a9ecb32e-05f7-4673-986b-1d1735359af4,b3d9ef54-267e-4df5-8baf-ac80037e4e05,2015-08-06,48.59215221,-0.104692054,32.5,31.03941620000001,tC/acre,0.2,1.1800000000000002,Grassland without tree/shrub cover
35783904,2018-08-10,d69bb911-1d5d-4860-a52b-3fb1a05ee0e9,70cab77c-4fc1-48fe-b6c5-95ab3509b30a,2015-08-10,57.65107319,-2.502120104,66.5,63.511420840000014,tC/acre,0.2,1.1800000000000002,Grassland without tree/shrub cover
35822566,2018-07-09,4e43ed48-f826-4b29-a599-239f6a85850d,43406586-42f8-43a4-8514-d83be925905c,2015-07-09,45.78072553,0.480750396,29.2,26.576053368800004,tC/acre,0.2,1.1245,Grassland without tree/shrub cover
35822836,2018-10-16,aeb8d286-c334-4493-a40b-2238ba1878c3,3e2e0d52-d20c-4efa-9fe4-db873c970839,2015-10-16,48.18757351,0.03117944,42.1,40.20798221600001,tC/acre,0.2,1.1800000000000002,Grassland without tree/shrub cover
35823214,2018-05-18,edff82ff-093c-41ed-9674-a62b4b5f9d83,dc497e5d-f047-492f-a5f9-6c52acf89fec,2015-05-18,51.54792808,-0.697598491,87.9,83.94968258400003,tC/acre,0.2,1.1800000000000002,Grassland without tree/shrub cover
35842502,2018-05-24,f4b77b07-cef8-4e8c-8705-da2f39162611,003414cb-14eb-43bb-8270-0a8959f74bb6,2015-05-24,45.21160075,0.605120702,19.4,15.0187877692,tC/acre,0.2,0.9565,Grassland without tree/shrub cover
35842892,2018-08-08,ab6ee0fc-f073-4276-8033-46f5c2e10d4d,cadf17d0-c5cc-41fb-8502-3f4952b75b18,2015-08-08,48.68850531,-0.042013421,33.8,32.280992848000004,tC/acre,0.2,1.1800000000000002,Grassland without tree/shrub cover
35843162,2018-08-16,7020454d-802f-40e7-8808-d7accd6997df,156113c0-9c5b-4958-945a-76aaf2af26a9,2015-08-16,51.0888467,-0.561241932,52.6,50.23610129600001,tC/acre,0.2,1.1800000000000002,Grassland without tree/shrub cover
35843846,2018-07-10,ec048281-9e46-4882-b377-f30997bddd1c,0d55f2b4-2057-497e-afb9-d2d5fb6c69de,2015-07-10,57.14802083,-2.231602112,47.5,45.365300600000005,tC/acre,0.2,1.1800000000000002,Grassland without tree/shrub cover
35883900,2018-08-09,6987155f-5b38-4df8-a999-a4e5d8e099c5,9eeef1a3-7331-44c9-a00d-0481b4cf31b2,2015-08-09,57.63128985,-2.325169624,50.8,37.7034614992,tC/acre,0.2,0.917,Grassland without tree/shrub cover
35902584,2018-06-22,4ebfab4a-173e-404a-89e9-34e4d9ce9e0f,18ac3320-25e6-49f8-b4f5-47beb24a3276,2015-06-22,45.95054538,0.554777867,16.6,15.853978736000004,tC/acre,0.2,1.1800000000000002,Grassland without tree/shrub cover
35922558,2018-07-09,e26b88c8-310d-4e1a-bb1e-e05d5ccd48c0,a4eb7001-4c24-4322-85b0-f5267aefdaf7,2015-07-09,45.72072173,0.620746523,12.4,13.754629642400005,tC/acre,0.2,1.3705,Grassland without tree/shrub cover
35922760,2018-07-04,151b792c-a59a-4e85-b19c-bcac9c0e90d4,95c84b1c-cafd-48ea-b7a7-a2c18eef4770,2015-07-04,47.52253478,0.294900671,21.1,20.151744056000005,tC/acre,0.2,1.1800000000000002,Grassland without tree/shrub cover
35923246,2018-06-12,d5bbbb41-2503-4fec-9e66-799058f361f3,8ecd0769-8649-4ad9-a8a9-94a43e55a682,2015-06-12,51.84508983,-0.62168737,29.2,27.88772163200001,tC/acre,0.2,1.1800000000000002,Grassland without tree/shrub cover
35923894,2018-08-23,927fb5d4-b237-4a75-85b7-969a81ad9026,d83c02b6-d905-423c-a1ee-75a892ca6e5e,2015-08-23,57.58442857,-2.241410995,57.0,54.43836072000001,tC/acre,0.2,1.1800000000000002,Grassland without tree/shrub cover
35942416,2018-07-11,3dc8bcd2-bf57-42c7-bfcc-f752b8003336,5e242fba-1a49-4ba1-ab44-aa2a2c9e1898,2015-07-11,44.45426697,0.858479739,35.7,34.09560487200001,tC/acre,0.2,1.1800000000000002,Grassland without tree/shrub cover
35942898,2018-07-19,0465f1a1-08c3-4bf3-99d7-0838cac5a41b,e37296ec-d397-4576-9977-4788cc5374ff,2015-07-19,48.75406403,0.082057565,32.4,30.94391030400001,tC/acre,0.2,1.1800000000000002,Grassland without tree/shrub cover
35962540,2018-07-03,8d35e92b-883d-431b-9b39-9cda3cb4120b,f8ff1fd6-c786-4bf3-9f7d-b045c62e0d17,2015-07-03,45.56450417,0.69928261,35.1,12.414714296400003,tC/acre,0.2,0.437,Grassland without tree/shrub cover
35962590,2018-05-31,013e7198-712a-4ee5-b02f-d497da72c325,ee9b45aa-957f-4b3b-91ea-d1d9ff428a40,2015-05-31,46.01092399,0.622261711,17.0,16.236002320000004,tC/acre,0.2,1.1800000000000002,Temporary grassland
35982366,2018-05-31,4dc870dc-ef7f-41b6-a397-51c4a9d8913f,6c6fb1bf-966e-4615-b723-09eca6e8c2ec,2015-05-31,44.01146207,0.979755488,20.2,19.292190992,tC/acre,0.2,1.1800000000000002,Grassland without tree/shrub cover
35982532,2018-06-21,7e6e7c6b-94a4-4cca-bff1-4bc970af8f7a,c726d35a-3cb5-4dd0-a226-6f70aeebf480,2015-06-21,45.49529617,0.73685053,14.6,13.943860816000004,tC/acre,0.2,1.1800000000000002,Temporary grassland
36002386,2018-05-25,ad15f0b1-8f95-426b-9abb-15a0da37b2a7,f92b91ea-5ab4-4d4a-84d8-3b0de198c8fe,2015-05-25,44.19253918,0.976196797,11.5,10.983178040000002,tC/acre,0.2,1.1800000000000002,Temporary grassland
36002398,2018-06-01,d6fda4d6-546d-471d-b654-e9661eec88f4,7f75b5cb-8158-483b-b8e3-6b50e00d2d10,2015-06-01,44.29986907,0.959099565,27.2,25.977603712000004,tC/acre,0.2,1.1800000000000002,Grassland without tree/shrub cover
36002584,2018-06-23,efcc3545-2c83-43a6-8202-531feff9d3c8,f8c5f582-9df5-48c4-9b6e-ca3cc1ad838f,2015-06-23,45.96187997,0.682809743,27.7,26.45513319200001,tC/acre,0.2,1.1800000000000002,Grassland without tree/shrub cover
36022744,2018-06-14,ccae511f-85ec-457d-b45b-6b59daec11fc,2c57e808-f4fd-46f2-8e07-5bc7ba1cd21f,2015-06-14,47.39159654,0.453225121,15.0,14.325884400000003,tC/acre,0.2,1.1800000000000002,Grassland without tree/shrub cover
36023158,2018-06-07,237367fa-9679-414e-811c-6c394a5d04f0,ca4eb35d-e5f6-4e16-b63b-894780875cf3,2015-06-07,51.07633733,-0.298473294,36.7,35.05066383200001,tC/acre,0.2,1.1800000000000002,Grassland without tree/shrub cover
36042956,2018-07-27,b31597f3-13b4-480c-aac9-64a8b4a7fa5d,776dfba1-1717-401c-a263-7ca22501ef7f,2015-07-27,49.28239798,0.113370469,53.0,33.931302356,tC/acre,0.2,0.7909999999999999,Grassland without tree/shrub cover
36043406,2018-09-03,8f8b569e-ad04-43b5-922b-b400008b18e3,9bfa6379-dbfa-47c8-879f-6a6dc12e4029,2015-09-03,53.28078133,-0.794681496,18.7,17.390409603600002,tC/acre,0.2,1.149,Grassland without tree/shrub cover
36062262,2018-06-28,80c00aca-f38f-46d1-a6ad-a80e66da2a24,bd8ed9ec-f294-4f70-b06e-270a65b2ce60,2015-06-28,43.08903667,1.221113239,24.6,25.694566323600004,tC/acre,0.2,1.2905,Grassland without tree/shrub cover
36062860,2018-09-07,c2c2bc45-7851-4bb0-9dcd-1d9c36a6aee6,f5d58637-c889-4be1-8433-84696976cdff,2015-09-07,48.43000264,0.310324131,22.2,20.27695390440001,tC/acre,0.2,1.1285,Grassland without tree/shrub cover
36062928,2018-07-31,35c2e775-0d56-4122-8223-47e7573dcbb0,7d732246-1331-4a82-b37b-641c7a40356c,2015-07-31,49.03555668,0.190905804,44.9,42.882147304000014,tC/acre,0.2,1.1800000000000002,Grassland without tree/shrub cover
36083178,2018-06-04,81498ae6-ba65-41c3-a7c9-5b86bc080cdb,ec180c64-b236-4360-9b4a-d1dbee021a4d,2015-06-04,51.26162635,-0.253343128,35.9,34.7515199408,tC/acre,0.2,1.1960000000000002,Grassland without tree/shrub cover
36122898,2018-08-10,08f4656e-bd3d-4013-b20b-623bd4a45bda,3c6b8023-892f-47c7-9575-54697eadc81a,2015-08-10,48.77554183,0.325068394,24.7,21.710756402400005,tC/acre,0.2,1.086,Grassland without tree/shrub cover
36122992,2018-07-03,6192c2a4-65b9-4d10-9afb-a501c1c38cb2,94275e12-d489-4e55-ac9b-541042eddc96,2015-07-03,49.61243186,0.157469607,15.4,14.707907984000006,tC/acre,0.2,1.1800000000000002,Grassland without tree/shrub cover
36142824,2018-08-23,ef10ef1a-d5c2-498f-99a6-99f0e2d8339c,2e497539-2e86-4b50-81ad-8e3dd98a0a26,2015-08-23,48.11859168,0.478741244,41.3,43.3214744256,tC/acre,0.2,1.2959999999999998,Grassland without tree/shrub cover
36142896,2018-08-10,d2464456-29f5-4632-8cd4-78438f4c56ac,8cbe6833-edc8-4167-9935-07cdb895e0f3,2015-08-10,48.7600817,0.355560416,35.1,33.52256949600001,tC/acre,0.2,1.1800000000000002,Grassland without tree/shrub cover
36143134,2018-06-14,12d0b3a8-f0f1-45f3-aef4-fc5873066cfc,4d9c15d1-dbee-44e1-90a7-26a38d17847a,2015-06-14,50.87800628,-0.081757371,72.0,68.76424512000001,tC/acre,0.2,1.1800000000000002,Grassland without tree/shrub cover
36162564,2018-07-16,46e8f3bf-4c11-4f31-8fc6-2ee30a3a04fe,d90f704d-9915-4611-a716-fffd144380df,2015-07-16,45.80105756,0.917862899,12.8,12.224754688000004,tC/acre,0.2,1.1800000000000002,Grassland without tree/shrub cover
36163144,2018-06-14,7f719e8f-804d-4f2f-b5f5-27969dd23a29,d626dcf3-29b0-459c-bf9a-6fa575e5553d,2015-06-14,50.96938599,-0.072973935,28.1,26.83715677600001,tC/acre,0.2,1.1800000000000002,Grassland without tree/shrub cover
36182452,2018-07-20,8061c87a-9f4c-4216-ad0c-f3eac1ab91ff,d3159d96-eb81-4319-a9fc-56dce1b5c32b,2015-07-20,44.80222043,1.10689278,46.5,44.41024164000001,tC/acre,0.2,1.1800000000000002,Grassland without tree/shrub cover
36182542,2018-08-08,915d8713-eb8f-4601-93cb-cd74a76dc7de,e8ff372c-6e33-430d-b141-3ee77d646c6a,2015-08-08,45.60670014,0.976135522,29.9,28.556262904000004,tC/acre,0.2,1.1800000000000002,Grassland without tree/shrub cover
36183136,2018-06-15,2bc15444-265f-44ef-83f0-1672651de839,65be72cf-0df4-4092-86b3-5775245e1266,2015-06-15,50.90071975,-0.029234627,37.1,35.43268741600001,tC/acre,0.2,1.1800000000000002,Grassland without tree/shrub cover
36183172,2018-06-01,efe8d0d8-3a6b-4927-904d-420a70888a2f,524a3447-8712-4d90-b92b-e6e5f10bf5ce,2015-06-01,51.22078624,-0.099415736,45.1,43.07315909600001,tC/acre,0.2,1.1800000000000002,Grassland without tree/shrub cover
36202438,2018-07-23,efbf6be9-c82f-4e7a-9a30-f48c35068db1,e7a6c9d7-77bb-4928-b8eb-88e5dc32a2f5,2015-07-23,44.67915137,1.151834032,22.5,21.488826600000007,tC/acre,0.2,1.1800000000000002,Grassland without tree/shrub cover
36202514,2018-05-25,0c7186f2-8222-448c-a941-c778fe2ee102,b28e4dc0-3d98-4cc0-a9fb-dd69edf0ed54,2015-05-25,45.35865439,1.042692523,30.8,28.904778487200005,tC/acre,0.2,1.1595,Grassland without tree/shrub cover
36202856,2018-07-23,06fa9774-c1c1-4236-bb20-2a95fda13f1d,05f05d5b-e9f2-41c5-a0ff-9f363684ba6c,2015-07-23,48.41070604,0.504948077,56.4,53.865325344000006,tC/acre,0.2,1.1800000000000002,Grassland without tree/shrub cover
36202996,2018-06-13,242bd8e0-d360-4f82-af68-4eb48c93cbe2,64e8e731-d8b2-466f-853d-119e995bf104,2015-06-13,49.65760057,0.26013699,20.0,19.1011792,tC/acre,0.2,1.1800000000000002,Grassland without tree/shrub cover
36203536,2018-08-21,0637daa3-01ae-4373-81a5-8c78fa6acd5e,c3bc1c74-d81a-4259-8080-a98dc478f623,2015-08-21,54.45526387,-0.852576481,49.8,37.2434144544,tC/acre,0.2,0.924,Grassland without tree/shrub cover
36222614,2018-06-19,6839e679-723f-47bd-a2ff-313cbddaa7a8,4ca700c7-fd26-4885-baef-7d8c61d5e2bf,2015-06-19,46.25420817,0.919382842,23.5,22.443885560000005,tC/acre,0.2,1.1800000000000002,Grassland without tree/shrub cover
36242590,2018-07-10,963a284e-8c8a-47b9-8f36-9dd73349f8c1,74eb9f1d-a874-421c-a2a3-ca3dba8641dc,2015-07-10,46.04205005,0.981299183,23.2,22.157367872000005,tC/acre,0.2,1.1800000000000002,Grassland without tree/shrub cover
36243486,2018-08-17,45106e32-1ed1-4388-941e-5e96a4ba12b3,3b24a505-36b5-4924-b581-d9c92e46320f,2015-08-17,54.01707063,-0.676139071,72.7,69.43278639200001,tC/acre,0.2,1.1800000000000002,Grassland without tree/shrub cover
36282504,2018-04-30,10b00759-73c2-4f9b-ba92-bb072391293a,b02c17a6-bd1b-4750-8dd5-9a91c98c81b6,2015-04-30,45.27785367,1.158484004,26.5,23.228571714,tC/acre,0.2,1.083,Grassland without tree/shrub cover
36282598,2018-06-22,aa230320-1e86-4f1c-b91f-f632a3cfea7a,2a4bcd1c-554e-4537-95e5-a5b2499e5a0a,2015-06-22,46.11786017,1.020675664,17.8,17.000049488000005,tC/acre,0.2,1.1800000000000002,Grassland without tree/shrub cover
36282894,2018-07-26,be76ae2a-b1d5-49b4-a2bd-963c0ad01eea,016c3697-67d2-4e6b-9663-5254f0494d87,2015-07-26,48.75854709,0.548059212,23.3,22.252873768000004,tC/acre,0.2,1.1800000000000002,Grassland without tree/shrub cover
36282966,2018-07-23,6b341350-cb86-413d-b282-213378c7658f,afc7a1f4-6ddf-4834-9945-cf54d5623c24,2015-07-23,49.39992597,0.42333275,38.9,37.151793544,tC/acre,0.2,1.1800000000000002,Grassland without tree/shrub cover
36302530,2018-08-14,d6f2ea99-debf-4007-9109-b57ca60bb91c,79fe071f-710d-4d52-8dd6-05fbc2a3b5bb,2015-08-14,45.51240791,1.146333235,18.1,18.5757348976,tC/acre,0.2,1.268,Grassland without tree/shrub cover
36302560,2018-07-18,6abc358d-d007-485d-b87e-28093e6184ac,b64baead-4c53-4008-ae0c-4a3e8b5d8c39,2015-07-18,45.78052149,1.102590153,14.5,13.848354920000004,tC/acre,0.2,1.1800000000000002,Grassland without tree/shrub cover
36302578,2018-07-11,825b3500-8fef-4aff-9dbe-4b3a46f61174,e6d24300-8fcf-4017-8e8c-b4f415e61d61,2015-07-11,45.94135481,1.076074601,26.2,25.022544752000005,tC/acre,0.2,1.1800000000000002,Grassland without tree/shrub cover
36303142,2018-05-17,59f7cb95-8049-468f-9c5e-9cf01de5c8fe,439e6311-4be7-4d0a-932f-e86ce2ab2b45,2015-05-17,50.96871962,0.128629936,20.7,22.5676385388,tC/acre,0.2,1.347,Grassland without tree/shrub cover
36303160,2018-05-24,e138aa21-4621-4541-8c4f-cd7d9543c9bd,27f4ebea-ea9c-478a-84a1-493b43a040de,2015-05-24,51.12881462,0.094162752,34.7,34.74140279080001,tC/acre,0.2,1.237,Grassland without tree/shrub cover
36322428,2018-06-14,6c09572c-342d-4f51-a38b-69dfea67dbb9,597cd4b6-d345-4f76-ac8e-66a55b567704,2015-06-14,44.60236016,1.31599236,26.8,25.59558012800001,tC/acre,0.2,1.1800000000000002,Grassland without tree/shrub cover
36322504,2018-06-25,d4a036c0-e91d-4eec-9261-1a798226bec3,6b046ef8-df7e-4f48-9c48-41c429087f97,2015-06-25,45.28210711,1.209109799,21.9,24.017709414,tC/acre,0.2,1.355,Temporary grassland
36322774,2018-10-23,9b356dc0-0413-4cb3-baf3-4cee019586f4,0febe240-4173-431b-b88f-577b4fc21431,2015-10-23,47.69325944,0.800052699,15.9,15.185437464000003,tC/acre,0.2,1.1800000000000002,Grassland without tree/shrub cover
36382514,2018-06-25,1bb9fe5b-8f82-4a99-86b4-33e21c83a164,e9111738-592a-45d2-874a-3ec9dd4bdbb2,2015-06-25,45.37785817,1.270862583,38.1,30.821654663400004,tC/acre,0.2,0.9995,Grassland without tree/shrub cover
36382568,2018-07-17,1c796150-8df6-487e-8bc0-c39296231ceb,ff65785c-f0b5-4768-94a4-0605c5841321,2015-07-17,45.86056721,1.193138142,74.0,50.250669992000006,tC/acre,0.2,0.839,Grassland without tree/shrub cover
36402614,2018-06-15,2eec72cc-729d-46ca-b747-20685909eec4,384415bd-73c0-44bb-9662-655135450f07,2015-06-15,46.27372445,1.151273136,18.0,17.191061280000003,tC/acre,0.2,1.1800000000000002,Grassland without tree/shrub cover
36462594,2018-06-27,b5a18e5b-7723-4a81-a0b7-5a312df4b6fa,f0173336-3bfc-4ff8-8993-4ada67df2b85,2015-06-27,46.1014044,1.25784011,17.5,16.713531800000005,tC/acre,0.2,1.1800000000000002,Grassland without tree/shrub cover
36462652,2018-04-30,92777a97-fe52-4549-8193-1ac892a0b480,d97fae7a-c949-46ab-9b12-00b2b09cb341,2015-04-30,46.61958989,1.172354431,20.8,22.1884477568,tC/acre,0.2,1.318,Grassland without tree/shrub cover
36482614,2018-06-15,c95583a4-78ae-4d0f-b45a-c66f5e3d1273,0920f907-0d98-485a-8485-4e38452edaf3,2015-06-15,46.28223709,1.254383947,17.6,16.809037696000004,tC/acre,0.2,1.1800000000000002,Grassland without tree/shrub cover
36483340,2018-10-11,659d31c1-1601-4dc3-89f4-c2351db31d74,de28b45c-cd1c-4ea3-ba75-1e162a4efc5d,2015-10-11,52.75118064,-0.003219756,27.6,26.359627296000006,tC/acre,0.2,1.1800000000000002,Grassland without tree/shrub cover
36502504,2018-07-10,f29e97cd-da49-43c0-bda9-831f3c84624e,a7faf394-dbdb-475d-9e24-aad90da298f1,2015-07-10,45.30094672,1.437011752,33.1,31.61245157600001,tC/acre,0.2,1.1800000000000002,Grassland without tree/shrub cover
36502698,2018-06-07,bea8ea39-f9f8-49c8-b7ae-9a8a0adfc27f,6ac8470f-3ebf-4c71-a72e-9ed0e8a8bdca,2015-06-07,47.03468452,1.155294101,13.0,12.86294451,tC/acre,0.2,1.2225,Grassland without tree/shrub cover
36503184,2018-05-14,73428fd7-eefd-4322-be5f-f998838f2b66,74eb0501-d629-462f-8cb8-1bb86360e7c9,2015-05-14,51.36633231,0.332668426,34.9,33.331557704000005,tC/acre,0.2,1.1800000000000002,Grassland without tree/shrub cover
36542470,2018-06-21,c4c234ba-bb60-4f32-a5bc-cdd86b1b1b4d,9643ba47-5053-4d65-b38b-d62fecea6f83,2015-06-21,45.00088382,1.534419479,36.8,28.5041393472,tC/acre,0.2,0.957,Grassland without tree/shrub cover
36542974,2018-06-27,edd02468-e2da-48c4-a0a4-2c88ed8e0c28,0151ba27-f7b2-4c7a-8266-1801a2b9a155,2015-06-27,49.50104638,0.765575747,66.2,63.22490315200002,tC/acre,0.2,1.1800000000000002,Grassland without tree/shrub cover
36562280,2018-05-19,0dac0c70-f013-48e8-88e3-a4ad5c026d01,7c26fad8-64b6-468b-8d83-6542aebbad06,2015-05-19,43.30122114,1.808253021,24.8,29.5767191216,tC/acre,0.2,1.4735,Grassland without tree/shrub cover
36582596,2018-05-07,8972b55b-7879-4631-9d23-2092e182854d,b187cb1a-5102-48f7-96e9-4e337b6c7041,2015-05-07,46.1318536,1.409184494,47.0,35.891196654000005,tC/acre,0.2,0.9435,Grassland without tree/shrub cover
36602258,2018-05-19,edaf7da5-7d4d-4ee7-bbe0-6de2d0d182ba,4382889c-c28c-4bb3-8f64-e78605ac3232,2015-05-19,43.10788329,1.884593534,27.0,25.524355392,tC/acre,0.2,1.168,Grassland without tree/shrub cover
36602384,2018-05-23,492a86fc-738c-4b15-8fa4-14b1dd7c91f4,ab008722-9fb6-4402-a1d6-0fda0b188dd3,2015-05-23,44.23705412,1.72431494,28.0,25.801160616,tC/acre,0.2,1.1385,Grassland without tree/shrub cover
36602546,2018-07-31,691498a3-3496-410d-8228-0089b72cf5fc,4cf60dee-5f9c-44f6-98a8-88a9491dba0d,2015-07-31,45.68687559,1.505517326,48.5,38.86199658,tC/acre,0.2,0.99,Grassland without tree/shrub cover
36602618,2018-06-14,6dddcb64-a918-453a-9bc2-82c0e3ba9cb8,350a63f7-e209-4fab-85ee-08063be650de,2015-06-14,46.33057023,1.403345654,35.2,27.96283135360001,tC/acre,0.2,0.9815,Grassland without tree/shrub cover
36643156,2018-05-08,34188ea6-6022-4581-a1dc-c85c37bbfe69,4e314977-1674-458e-938d-06c4b8db0668,2015-05-08,51.13352547,0.583825266,38.6,37.2245560868,tC/acre,0.2,1.1915,Grassland without tree/shrub cover
36663142,2018-05-08,973bc61c-ee38-424e-bf1b-0bc6935a5114,93810bfd-e9f7-4aae-b5b6-5ed0622c18ed,2015-05-08,51.01118131,0.637641766,67.2,64.17996211200003,tC/acre,0.2,1.1800000000000002,Grassland without tree/shrub cover
36702348,2018-07-03,ca2e3fb6-fcc6-4b1d-9211-751f17a82de3,0e59c608-a8ce-4350-a2a0-4bfcc71a66e1,2015-07-03,43.92439079,1.894624814,16.6,15.853978736000004,tC/acre,0.2,1.1800000000000002,Grassland without tree/shrub cover
36702442,2018-06-19,4a16f046-dc3f-4a03-9689-bf22c1b3d719,cb3f3512-b4e9-4751-a77e-2dcd8a1280e0,2015-06-19,44.76635863,1.773163261,87.5,62.95902445,tC/acre,0.2,0.889,Grassland without tree/shrub cover
36702532,2018-07-10,31409c02-0735-48f9-b349-17c44ba298c9,0fd35546-9f0b-494e-bc7b-3e6789b66235,2015-07-10,45.57182077,1.65230356,30.6,29.224804176000006,tC/acre,0.2,1.1800000000000002,Grassland without tree/shrub cover
36703150,2018-06-12,ac64110a-edac-4b0d-9686-34e87432732b,1ae55e1c-a26b-481a-bb79-f04df540596e,2015-06-12,51.08700038,0.679819296,21.8,20.29095604,tC/acre,0.2,1.15,Grassland without tree/shrub cover
36722152,2018-08-23,b7087546-aba1-47b1-b944-d7bea0e7e471,6a5a6824-a447-4274-a6ac-75b4aca73500,2015-08-23,42.16820189,2.157328875,36.2,34.57313435200001,tC/acre,0.2,1.1800000000000002,Grassland without tree/shrub cover
36722386,2018-05-23,d007290c-52e2-4ec7-8bb5-06c881e9ec22,9e13d249-64f1-463b-89d2-f2e830885b9f,2015-05-23,44.26680876,1.870976416,55.6,53.10127817600001,tC/acre,0.2,1.1800000000000002,Grassland without tree/shrub cover
36742492,2018-05-09,5e5425d0-86ed-4d96-918f-57d7bdf86915,7aeaeb16-ab55-4b14-928b-defd0d64cc09,2015-05-09,45.2179064,1.757186689,30.9,32.049795736200004,tC/acre,0.2,1.2815,Grassland without tree/shrub cover
36782654,2018-08-13,3478ec78-4859-4903-87cf-db366f0944c5,a96fd593-4027-4ce5-b375-659d25ab1a1a,2015-08-13,46.67086803,1.58479706,12.3,11.747225208000003,tC/acre,0.2,1.1800000000000002,Grassland without tree/shrub cover
36822426,2018-06-04,9c35d342-6825-4b64-8b55-5231d732bbf7,b23cc7e4-b0f3-4bb8-8b49-50355e883e6b,2015-06-04,44.63484615,1.944425364,22.5,18.11981565,tC/acre,0.2,0.995,Temporary grassland
36822720,2018-09-07,01f6db35-796c-487e-970e-d351c59a7f8f,ef3a237d-10fe-481c-861d-288e86fc681d,2015-09-07,47.26476111,1.541913974,21.5,20.533767640000004,tC/acre,0.2,1.1800000000000002,Grassland without tree/shrub cover
36842170,2018-05-24,f19e691c-0525-4fc0-9806-d28ee4dc4724,38c869bf-4724-414c-82e0-c275f5a19346,2015-05-24,42.34099921,2.280800881,47.5,45.365300600000005,tC/acre,0.2,1.1800000000000002,Grassland without tree/shrub cover
36842746,2018-09-05,de38722d-c78d-410b-baaa-1581a4113b00,9fe3e6d1-46a1-4543-b62f-b77b67ae3145,2015-09-05,47.49909355,1.530177975,11.6,11.078683936000004,tC/acre,0.2,1.1800000000000002,Grassland without tree/shrub cover
36862148,2018-07-16,94dc194b-2abb-4dc3-859c-2d01f78c94e4,fc6642da-cf53-4882-9511-f8d10ab2345b,2015-07-16,42.14527113,2.330093508,31.8,30.37087492800001,tC/acre,0.2,1.1800000000000002,Grassland without tree/shrub cover
36862396,2018-08-13,4a8665fa-203c-4315-a36b-97f2b8103a63,e426164d-c8f5-4251-9442-831d89eda4de,2015-08-13,44.36995612,2.032607937,51.2,43.2631996416,tC/acre,0.2,1.044,Grassland without tree/shrub cover
36882370,2018-07-03,487ed864-ce55-431a-8af5-d7abec4aadaf,dfaea22b-615f-4466-8591-a6fb6a24fb47,2015-07-03,44.13887779,2.090067383,39.2,37.43831123200002,tC/acre,0.2,1.1800000000000002,Grassland without tree/shrub cover
36882384,2018-08-20,9f5b5e46-77e4-4b8e-b8f0-f54e320534ad,07ef38a5-5a9d-486e-94ff-de7f9b2d36b2,2015-08-20,44.26434248,2.072597021,36.0,33.72653124000001,tC/acre,0.2,1.1575,Grassland without tree/shrub cover
36882640,2018-07-12,89c951cd-50a0-454c-ab14-a4858e7ac297,21abde5d-1281-47b3-ab7f-8414e474e8a7,2015-07-12,46.55580945,1.734304269,53.1,31.438153315800008,tC/acre,0.2,0.7315,Grassland without tree/shrub cover
36922448,2018-08-20,ebaf26bb-b123-424a-bd20-2f62907940c9,2264719f-8244-413b-8129-4c870d53103d,2015-08-20,44.84153839,2.041701621,24.0,22.921415040000007,tC/acre,0.2,1.1800000000000002,Temporary grassland
36942362,2018-07-03,66c38228-e29c-4119-af22-d7b5a1d63c75,4a7ae1b0-d097-43a2-9422-f48edf17a947,2015-07-03,44.07284907,2.174422183,17.0,16.236002320000004,tC/acre,0.2,1.1800000000000002,Grassland without tree/shrub cover
36962384,2018-08-19,facb31e6-bc51-4548-b889-1c9937febfa3,8a94ffea-40ce-446f-89b3-80ccb8d47be2,2015-08-19,44.27192447,2.172160465,53.4,45.2518266456,tC/acre,0.2,1.047,Grassland without tree/shrub cover
36982170,2018-07-13,eb41c7ca-1ba3-4981-b7cb-c42b8d58f86f,d6293d84-d877-467f-aa78-5d27e077615b,2015-07-13,42.35379316,2.44949953,44.1,42.11810013600001,tC/acre,0.2,1.1800000000000002,Grassland without tree/shrub cover
36982404,2018-08-08,6b4656f4-c130-4df6-b521-db6a4eee2487,7e437a63-bd25-4f8a-8cfb-090342751e68,2015-08-08,44.45304684,2.172307568,29.7,27.752273227800003,tC/acre,0.2,1.1545,Grassland without tree/shrub cover
37002426,2018-06-06,14b6bf0c-f811-47b2-8436-f2f861224000,6ea5273b-7953-4521-a15a-d8490f4d587a,2015-06-06,44.65206442,2.169905551,11.8,12.1579005608,tC/acre,0.2,1.273,Grassland without tree/shrub cover
37002606,2018-09-10,a3c3eaf4-4ded-4bc1-9a03-2b339ccf5411,b8a2fd94-acc1-499f-922b-ed11ac2f50e4,2015-09-10,46.26358017,1.936118555,32.2,26.100871067600007,tC/acre,0.2,1.0015,Grassland without tree/shrub cover
37022386,2018-05-28,91ba2022-c8c4-4392-90eb-19280c7dedaa,7ff1391a-08bb-4a70-bcfd-954548c63d06,2015-05-28,44.29547533,2.244398493,26.8,27.37425603520001,tC/acre,0.2,1.262,Grassland without tree/shrub cover
37022614,2018-09-10,41df0a75-2999-49a1-a6ea-23e205fec2f4,77ae69b4-e1e5-466c-a0e5-e01679fe949b,2015-09-10,46.33709773,1.951133438,47.7,45.55631239200002,tC/acre,0.2,1.1800000000000002,Grassland without tree/shrub cover
37042554,2018-09-18,25a89c29-34c0-49cc-ad32-c4caba469390,9f5828f0-49a3-4a7e-969f-eb85429b1468,2015-09-18,45.80213477,2.056660948,18.6,18.6824101272,tC/acre,0.2,1.241,Temporary grassland
37062618,2018-09-14,b6214974-1613-4bcc-825d-b2f988048bc6,544ec1f8-b901-4e24-bf06-3afafa88d464,2015-09-14,46.37676716,1.99742524,66.4,63.415914944000015,tC/acre,0.2,1.1800000000000002,Grassland without tree/shrub cover
37082380,2018-05-28,bc422b8b-1e24-4c4c-8a6f-61717fd4c54e,24f05406-9412-47d2-a3a7-01880af29cb6,2015-05-28,44.24725936,2.326397519,20.8,20.51337146560001,tC/acre,0.2,1.2185,Grassland without tree/shrub cover
37102474,2018-07-18,e9d8954c-06c4-4a6a-9639-a37b0f26d6b6,edbae8e6-c81d-4a7d-9a61-f8b8d4e322b0,2015-07-18,45.09148445,2.235565997,42.4,40.494499904,tC/acre,0.2,1.1800000000000002,Grassland without tree/shrub cover
37102564,2018-09-18,80102c50-cad3-4923-89e2-c94cb4bb8e6a,4af1b51e-521f-4b7d-945a-08503b7e2368,2015-09-18,45.89737948,2.120389607,58.9,44.74018213580001,tC/acre,0.2,0.9385,Grassland without tree/shrub cover
37122992,2018-07-30,3932c189-1f39-4ef2-b00c-64acc44603fa,4a303c38-d7e2-48a3-9734-84f65e0709ac,2015-07-30,49.72427222,1.533718711,52.6,43.0199833556,tC/acre,0.2,1.0105,Grassland without tree/shrub cover
37182570,2018-09-19,afcc9e64-a8f4-47a2-957b-c55a3ca16071,e3e3a5cb-47e9-490c-82e4-2180a6a6285b,2015-09-19,45.95866222,2.21516839,23.6,22.539391456000004,tC/acre,0.2,1.1800000000000002,Grassland without tree/shrub cover
37202494,2018-07-19,4aa55aeb-e0de-4e44-87dc-1a96022632e9,8b970185-b96e-491a-88f7-53bf32478022,2015-07-19,45.27994719,2.337062332,61.2,58.44960835200001,tC/acre,0.2,1.1800000000000002,Grassland without tree/shrub cover
37202566,2018-09-20,c4d2343b-94c3-4a2a-ab2f-b9b0a119bb5f,9870e0dd-dff9-4df4-82cd-bca1ad7ef25d,2015-09-20,45.92473112,2.245969526,23.3,16.2464836874,tC/acre,0.2,0.8614999999999999,Grassland without tree/shrub cover
37202638,2018-07-11,edb49ad8-216f-4fbb-9bca-75f28db99cc1,9f3e7f81-e91b-4e96-bdf9-604bf7300a1a,2015-07-11,46.56913832,2.152022607,25.9,23.8346294676,tC/acre,0.2,1.137,Grassland without tree/shrub cover
37222482,2018-06-05,70a002f7-2fe4-4142-8c91-608d8104dfa5,2ceabfde-30cc-485b-b68b-535ef8cfcd8d,2015-06-05,45.17428745,2.377274148,28.55,21.23585738140001,tC/acre,0.2,0.919,Grassland without tree/shrub cover
37223008,2018-05-07,1da840fe-c43b-440c-a117-317ff2b155ac,5674659c-5c98-40c2-ad9d-ca0c771a7821,2015-05-07,49.87734044,1.646791868,32.2,25.3190177156,tC/acre,0.2,0.9715,Grassland without tree/shrub cover
37242384,2018-07-30,21eae04f-d1fc-4a4e-be86-2c6bf8d5eefc,03813914-7a29-4ad7-a3af-98a506d94c87,2015-07-30,44.29770932,2.520816483,19.7,18.814661512,tC/acre,0.2,1.1800000000000002,Temporary grassland
37242430,2018-07-03,805e57e6-4350-4e77-9980-66961dee1906,b22c9b33-1ce0-4ccf-8314-a078d1af636c,2015-07-03,44.71011947,2.465919313,64.9,61.983326504000026,tC/acre,0.2,1.1800000000000002,Grassland without tree/shrub cover
37242460,2018-07-17,0e3bfb2f-c155-4350-84b3-5b016f6af9ff,2b58440b-2c09-47e8-951f-ed7e0d353e0a,2015-07-17,44.97899325,2.429543319,33.5,23.887400522000004,tC/acre,0.2,0.881,Grassland without tree/shrub cover
37242582,2018-09-25,853b8d4d-84ce-4165-b896-5aca24ed7894,a3f474aa-a9d8-49c4-b726-230404f5c21a,2015-09-25,46.07171285,2.276764508,36.4,34.76414614400001,tC/acre,0.2,1.1800000000000002,Grassland without tree/shrub cover
37242654,2018-10-08,91b63f9e-2788-47f9-a049-7a3b3baa2d42,c3ffc405-47db-4298-b414-388c3849e0e7,2015-10-08,46.71609099,2.18278006,33.2,31.707957472000007,tC/acre,0.2,1.1800000000000002,Grassland without tree/shrub cover
37242694,2018-06-27,242f4719-6a81-497e-9e33-9559bb19d9d0,4fed0d0f-5ac8-4363-953a-ffd4bad06ead,2015-06-27,47.07392393,2.129282279,80.3,76.691234488,tC/acre,0.2,1.1800000000000002,Grassland without tree/shrub cover
37262116,2018-06-25,a246cdc4-0052-47e4-9486-cb1f2a0cc7e5,524d0117-e165-450b-ad6d-9bc33f02eac0,2015-06-25,41.89317291,2.844749984,17.6,20.320417180800003,tC/acre,0.2,1.4265,Temporary grassland
37262440,2018-05-31,5b3ba91b-9acf-4535-a7aa-85e772b18700,6f590037-dc36-49d5-b01a-9681e7d3665a,2015-05-31,44.80156738,2.478978761,39.7,40.5506703208,tC/acre,0.2,1.262,Grassland without tree/shrub cover
37262444,2018-07-03,bc0fd4e3-869f-4eb5-97ea-3be54cebeb42,76ac37bf-aeb6-4895-9f4c-d28383f44b86,2015-07-03,44.83741949,2.474150625,55.6,53.10127817600001,tC/acre,0.2,1.1800000000000002,Grassland without tree/shrub cover
37262452,2018-07-10,6ff3a240-bb7d-414e-9b16-defb006045e1,169b5cb2-f623-4cf3-ad73-0b33782fcd09,2015-07-10,44.90911999,2.464469991,29.1,27.79221573600001,tC/acre,0.2,1.1800000000000002,Grassland without tree/shrub cover
37262560,2018-10-12,2e659518-3505-4a8e-9e11-7cefcb6be4d4,8dfd2fc6-d6ec-42c7-9c92-c7af5c2742fd,2015-10-12,45.87660307,2.330526084,29.0,27.696709840000008,tC/acre,0.2,1.1800000000000002,Grassland without tree/shrub cover
37282370,2018-07-23,ed211ae3-b614-43e7-b814-4ea6a5e1e52e,13caf6cb-034c-4b3c-b055-982936172fdd,2015-07-23,44.17573855,2.587039522,46.1,44.028218056000014,tC/acre,0.2,1.1800000000000002,Grassland without tree/shrub cover
37282474,2018-07-18,6855968a-9117-4241-955f-172a20871e63,c4cadb3a-90fc-420a-bc51-2c8f2798f8ed,2015-07-18,45.108092,2.462950617,86.4,50.69906208000002,tC/acre,0.2,0.7250000000000001,Grassland without tree/shrub cover
37302458,2018-07-11,1754d1db-e740-4ca8-99dc-47246d627ccf,53ed00a8-28b5-47fa-bcf2-bec46c22b331,2015-07-11,44.96651723,2.507603449,89.2,48.29911222560001,tC/acre,0.2,0.669,Grassland without tree/shrub cover
37302488,2018-06-13,37d3549a-7b21-4c03-8307-d934f29d6a30,3e8e6698-b216-406c-b5ac-5edb749878af,2015-06-13,45.23535698,2.471157587,46.1,44.028218056000014,tC/acre,0.2,1.1800000000000002,Grassland without tree/shrub cover
37302542,2018-10-11,b6180fd2-fb8e-4dda-9bfc-8eb7645a534d,f2d3f3b0-61c2-4ad9-a3fc-17ecb187dc9e,2015-10-11,45.71909875,2.404376638,79.7,76.11819911200001,tC/acre,0.2,1.1800000000000002,Grassland without tree/shrub cover
37322374,2018-07-24,7f0cca10-23c7-462b-993c-55d143de2f83,dd502da1-c4a4-40d1-a8b5-e69b7e47455e,2015-07-24,44.21517167,2.632124987,20.7,19.769720472000003,tC/acre,0.2,1.1800000000000002,Temporary grassland
37323104,2018-06-22,21a85066-c79a-4b6e-81c5-1aef1c2ba16c,d034214e-de34-4110-9c66-44af9a51122b,2015-06-22,50.74421891,1.634518252,52.6,50.23610129600001,tC/acre,0.2,1.1800000000000002,Grassland without tree/shrub cover
37362444,2018-07-02,37aed11b-55eb-4952-8b8f-413b116521ee,e8aba11b-1c80-40f7-b7c9-9c811e01f619,2015-07-02,44.84641342,2.599921335,29.2,27.88772163200001,tC/acre,0.2,1.1800000000000002,Grassland without tree/shrub cover
37362486,2018-06-05,06c8b5ca-ce15-45db-a236-e0a17494c36a,ae1f357e-537b-4e32-a7e4-a6b372a1d325,2015-06-05,45.22285691,2.549572962,101.5,67.939090366,tC/acre,0.2,0.827,Grassland without tree/shrub cover
37362504,2018-06-10,c990a774-eb44-4fed-9f66-5a21f4093688,df71c98d-8c67-4425-9d24-6e1b8eab6195,2015-06-10,45.38414923,2.527720192,45.4,43.359676784,tC/acre,0.2,1.1800000000000002,Grassland without tree/shrub cover
37362534,2018-05-23,c6b91b19-9c88-4fa0-a126-153e2df187cf,4be807d1-b70a-4a3b-819f-c66cc3816279,2015-05-23,45.65291656,2.490925814,34.1,31.5739254688,tC/acre,0.2,1.144,Grassland without tree/shrub cover
37362588,2018-10-09,802dc1f4-ef87-427a-9866-16284bfa6d4b,6e7b8905-bbe3-4808-a48e-1a1040265312,2015-10-09,46.13653347,2.423496551,21.6,22.150245398400003,tC/acre,0.2,1.267,Grassland without tree/shrub cover
37382484,2018-06-05,06c08143-af2f-4fcc-9123-d15d1a6f385e,0e27947c-49bb-4df2-9de9-f331d5ca38a0,2015-06-05,45.20672802,2.577309426,175.9,76.09598185060001,tC/acre,0.2,0.5345,Grassland without tree/shrub cover
37382614,2018-07-07,aa98e100-bf7b-4c18-924b-dc79a741da0a,35843d22-c166-4e34-9914-df4ab6a02476,2015-07-07,46.37115121,2.416326326,45.3,32.558121820800004,tC/acre,0.2,0.888,Grassland without tree/shrub cover
37382632,2018-07-10,ca25c0d2-10c9-4898-91ba-8cb1315f79f0,29fab634-9eb4-4284-b9d5-b0ef2b483f8c,2015-07-10,46.53228471,2.393319337,18.0,17.191061280000003,tC/acre,0.2,1.1800000000000002,Grassland without tree/shrub cover
37402320,2018-06-27,3b394809-7572-4b80-adce-ee019716948a,6beced7b-56f1-4fd4-812e-cf776021129f,2015-06-27,43.73768289,2.79287141,66.8,63.79793852800001,tC/acre,0.2,1.1800000000000002,Grassland without tree/shrub cover
37402630,2018-07-06,dee5c329-2ca4-4606-910a-de77eb4ee258,095e0fcd-dc74-4d94-9c9a-4b57d44475b4,2015-07-06,46.51622043,2.421812545,24.1,23.016920936000005,tC/acre,0.2,1.1800000000000002,Grassland without tree/shrub cover
37422586,2018-10-10,4412ec0f-1938-42ff-bee0-f728ecf20475,f31e38f7-6110-48a8-b4cc-388e6a1d0bfa,2015-10-10,46.1240938,2.503244494,25.6,26.687261081600003,tC/acre,0.2,1.288,Temporary grassland
37423108,2018-05-25,f68190d1-0cda-4447-9ba1-89f8c9fbc369,4aa35e08-b9fc-4911-829f-aa96048120d7,2015-05-25,50.79008628,1.769126719,54.0,51.573183840000006,tC/acre,0.2,1.1800000000000002,Grassland without tree/shrub cover
37442606,2018-07-15,9d99fa77-c084-4222-aef0-fbe4f518396c,bacabb66-681e-41e2-b0fb-3c33b508a1ea,2015-07-15,46.30499991,2.503975558,33.6,25.22326900800001,tC/acre,0.2,0.9275,Grassland without tree/shrub cover
37442620,2018-07-08,fd8b73b9-b91d-42ad-8175-46577bcb4168,918422f4-9640-49b5-ad2f-e317df92c64b,2015-07-08,46.43035046,2.486337561,35.1,33.52256949600001,tC/acre,0.2,1.1800000000000002,Grassland without tree/shrub cover
37462438,2018-08-15,73e0716e-aa34-475c-a00d-2fdec255d9ad,bc2c60b6-a735-4aaf-a0c5-b824c73ad266,2015-08-15,44.80145783,2.732729248,54.0,51.573183840000006,tC/acre,0.2,1.1800000000000002,Grassland without tree/shrub cover
37462484,2018-06-02,f45128ea-68de-4d5c-be29-0d6a16921e1c,bb2bfede-e53d-4382-a057-83fa10cfff2f,2015-06-02,45.21384302,2.678598662,150.3,71.34691070340001,tC/acre,0.2,0.5865,Grassland without tree/shrub cover
37462568,2018-10-13,1b1c651e-58ad-48af-b155-614ce78e7ed5,0a6503cb-e973-4a36-9a3c-0ac15db036bc,2015-10-13,45.96649206,2.576986739,79.1,75.54516373600002,tC/acre,0.2,1.1800000000000002,Grassland without tree/shrub cover
37482560,2018-10-08,5be9d7d5-2fde-46ea-aedf-122e80b718cd,cc8da700-b75b-4718-bb51-4e67c6a28f04,2015-10-08,45.89662209,2.612459809,39.9,38.10685250400001,tC/acre,0.2,1.1800000000000002,Grassland without tree/shrub cover
37482588,2018-07-14,e45c3a76-566a-4c64-a4ac-cfc769873627,f71ee3f8-3244-42f6-bdbc-af52223d48a9,2015-07-14,46.14741852,2.578006443,42.0,40.112476320000006,tC/acre,0.2,1.1800000000000002,Grassland without tree/shrub cover
37502424,2018-08-10,06dafd69-e4b8-4c61-b53e-a891e6a6bca4,448a1161-d1b0-41e7-8224-47093a82fa72,2015-08-10,44.67939939,2.799171292,77.8,74.303587088,tC/acre,0.2,1.1800000000000002,Grassland without tree/shrub cover
37502442,2018-08-12,7087a766-ba47-48dd-b5d5-3eb6d4871f2d,2320089e-8bde-4084-8ac9-261ec8a89e11,2015-08-12,44.84081728,2.77838045,88.4,84.42721206400003,tC/acre,0.2,1.1800000000000002,Grassland without tree/shrub cover
37502514,2018-05-25,178fbdfe-cb5e-4eef-9d17-97ed94cf7ef7,0d3d1f90-53b2-496a-98fe-10f966e6b16e,2015-05-25,45.48624588,2.693622446,191.3,72.30694730120001,tC/acre,0.2,0.467,Grassland without tree/shrub cover
37502546,2018-10-11,6541e364-cb23-43bc-9558-aaa9d8d5934a,55825b63-1cb6-49bb-bdc4-1d031d770d70,2015-10-11,45.77298125,2.655113303,40.3,38.488876088000005,tC/acre,0.2,1.1800000000000002,Grassland without tree/shrub cover
37502622,2018-07-17,89e7d652-afbb-4db9-9852-ec504918fbe7,748e1b49-4d12-4582-a976-0f285643ee31,2015-07-17,46.45368807,2.561509456,59.5,56.82600812,tC/acre,0.2,1.1800000000000002,Grassland without tree/shrub cover
37522476,2018-06-12,64852aee-99f0-4efe-be49-9e1c8548aac5,05eda3e0-43e1-4fe7-a9c5-2b5c1bd8d55c,2015-06-12,45.14739967,2.76397358,84.2,80.41596443200002,tC/acre,0.2,1.1800000000000002,Grassland without tree/shrub cover
37542526,2018-10-11,05f99eb6-6359-4ab9-9ec0-6c99e38d2b4e,b16cb50e-f836-43a1-84e5-2df6657589c8,2015-10-11,45.59730463,2.730244854,43.0,32.62780875,tC/acre,0.2,0.9375,Grassland without tree/shrub cover
37542570,2018-10-09,99f8b181-cf52-4784-905e-44b9e6120293,721441b5-a81c-470e-8636-de893f815a50,2015-10-09,45.99153882,2.677251294,75.7,72.29796327200002,tC/acre,0.2,1.1800000000000002,Grassland without tree/shrub cover
37562412,2018-08-09,924f4e99-2746-4d38-b89a-03564ceba8b1,51f353c4-5667-45f9-9b1f-e961ea000393,2015-08-09,44.57693995,2.888075058,55.5,53.00577228000001,tC/acre,0.2,1.1800000000000002,Grassland without tree/shrub cover
37562422,2018-05-29,57c8cce2-2eba-424a-9331-8d29eeb314b2,a296100a-434e-471c-9501-651b52e718a5,2015-05-29,44.66663832,2.876719794,104.3,59.93642471600001,tC/acre,0.2,0.71,Grassland without tree/shrub cover
37562430,2018-05-30,8349dd06-5ad2-440f-90b1-942f8cea4968,149eab3c-2643-4722-ab7d-546c0c19e300,2015-05-30,44.73839152,2.867601292,137.6,72.668655648,tC/acre,0.2,0.6525000000000001,Grassland without tree/shrub cover
37562458,2018-06-29,4a735856-f2f9-4ce4-b9f2-5b2fe4233636,6e68e5e2-3479-4326-b8f7-b1520691bf6f,2015-06-29,44.98948963,2.835444345,39.0,37.24729944,tC/acre,0.2,1.1800000000000002,Grassland without tree/shrub cover
37562584,2018-10-10,f69dcf02-f6c4-4520-8c5b-cfc51840d836,deb54a20-e5fa-4a68-a473-67662023b20e,2015-10-10,46.11872087,2.685923903,32.8,31.325933888,tC/acre,0.2,1.1800000000000002,Grassland without tree/shrub cover
37562596,2018-07-27,586f9324-ee84-4425-ba6b-de1fb09956c9,dfa0a3e2-9ebd-4d4e-8703-adcf5152b299,2015-07-27,46.22620811,2.671259236,27.9,24.0831471402,tC/acre,0.2,1.0665,Grassland without tree/shrub cover
37582396,2018-07-18,7c061e93-6d68-4192-9cee-6c23bd6117c9,d7eba894-721e-4d7a-afc5-091597dc8641,2015-07-18,44.43511163,2.931128507,43.0,41.06753528000001,tC/acre,0.2,1.1800000000000002,Grassland without tree/shrub cover
37582414,2018-05-29,11f3a163-c43f-42c8-8234-cd3584a9601a,ff04e79b-ccd5-416a-99a5-9487dd379b3f,2015-05-29,44.59659093,2.910861743,87.0,56.684368020000015,tC/acre,0.2,0.805,Grassland without tree/shrub cover
37582662,2018-05-01,21321e4a-a547-414d-9dbb-e7e304edf281,954a23ee-e381-4a53-849c-edc750d51432,2015-05-01,46.81900643,2.615309344,17.3,18.4268104496,tC/acre,0.2,1.3159999999999998,Grassland without tree/shrub cover
37602384,2018-07-21,233274eb-c53d-48b5-bc4d-47157bc986b0,d21d6aad-0499-4e11-b769-4aaa2e22b2ba,2015-07-21,44.32914019,2.969493455,43.9,41.92708834400001,tC/acre,0.2,1.1800000000000002,Grassland without tree/shrub cover
37602502,2018-06-15,ab0d9c19-b413-474c-ac29-9369aa8d083f,5cde4ac0-af12-4641-9d5a-b1768e4bc300,2015-06-15,45.38742624,2.834952725,31.9,30.46638082400001,tC/acre,0.2,1.1800000000000002,Grassland without tree/shrub cover
37622620,2018-07-26,6416e39d-c43a-476f-b15d-e151c6537676,d526f765-849b-46e1-a11e-ebee3e9d011c,2015-07-26,46.44646992,2.719403982,44.7,42.69113551200002,tC/acre,0.2,1.1800000000000002,Grassland without tree/shrub cover
37623100,2018-06-21,161290a6-79f4-4205-83c7-b3425377f62f,08a0d473-afe8-4e33-99b1-3604e2a88d9e,2015-06-21,50.73850122,2.063570469,47.9,43.2467289214,tC/acre,0.2,1.1155,Grassland without tree/shrub cover
37642442,2018-06-23,79117a49-ff8c-4fbb-9601-9d0682ef107f,d7dcedee-5767-4c6d-8ec0-b2fac5b2bf34,2015-06-23,44.85285417,2.954532975,32.8,31.325933888,tC/acre,0.2,1.1800000000000002,Grassland without tree/shrub cover
37642496,2018-05-24,70fa37c7-79f8-4588-b830-22b369922abd,7fb80943-a8e0-4b39-9e88-aab584eaf050,2015-05-24,45.33708344,2.892727251,158.1,68.459516562,tC/acre,0.2,0.535,Grassland without tree/shrub cover
37642574,2018-10-09,73a445ae-23a2-4730-aa7f-f9bfdf9da51c,adae2f34-9b7d-4b41-9082-32fc51cd28ea,2015-10-09,46.03615486,2.800912784,26.2,25.117969710800004,tC/acre,0.2,1.1845,Grassland without tree/shrub cover
37662452,2018-06-23,e07d92ca-cfb8-4b7e-9d7a-359699429d15,fd654ff2-2bf4-480c-9cd5-661c4de92d5f,2015-06-23,44.94424102,2.968403459,30.2,28.842780592000008,tC/acre,0.2,1.1800000000000002,Grassland without tree/shrub cover
37662458,2018-06-29,88ea85f0-7d5f-413c-a444-d5b033c69309,5d6a49e5-a0d4-487f-b14f-1c50514070c9,2015-06-29,44.99805235,2.961600786,44.5,42.50012372000001,tC/acre,0.2,1.1800000000000002,Grassland without tree/shrub cover
37662516,2018-05-24,d5d811cc-e118-4f24-9408-d7a95cdd81a6,fdfb5526-867d-4c16-8dca-979f4617ef7e,2015-05-24,45.51809268,2.894944689,127.3,62.5410647492,tC/acre,0.2,0.607,Grassland without tree/shrub cover
37662638,2018-07-22,734d3ab5-798f-4729-9df2-2efe14b5336e,20035e21-06f5-40be-9b03-138fc8c1ff18,2015-07-22,46.61119731,2.749229832,25.5,24.354003480000003,tC/acre,0.2,1.1800000000000002,Grassland without tree/shrub cover
37682496,2018-09-25,66da2a62-bf7b-4307-9206-2b1c36e4f36c,9c7447b3-aff5-4f0a-b2d1-0c07957d429d,2015-09-25,45.34050242,2.943503738,88.3,51.456634272,tC/acre,0.2,0.72,Grassland without tree/shrub cover
37682550,2018-09-27,83cae434-8035-4f2e-824d-753caf678c5a,bd31950f-8605-40df-b06b-c8008e9181eb,2015-09-27,45.82455569,2.880711098,33.1,29.76392686520001,tC/acre,0.2,1.111,Grassland without tree/shrub cover
37702434,2018-06-23,de2d39ff-fd85-4763-addd-bc989fe261f0,eb34c847-15e0-4f3b-b50c-777074c03f99,2015-06-23,44.78615856,3.038989599,62.6,59.78669089600001,tC/acre,0.2,1.1800000000000002,Grassland without tree/shrub cover
37702506,2018-09-26,0e890cd3-3998-43fb-9a32-3881c92baaa5,daa29d9f-d063-474d-9eb9-b481eb1d00a8,2015-09-26,45.43186109,2.957415263,68.2,65.13502107200001,tC/acre,0.2,1.1800000000000002,Grassland without tree/shrub cover
37722426,2018-05-30,b2159f42-4893-4304-968b-469c0b107a3c,8da27581-1ec6-4880-9bc7-fcef5e388f01,2015-05-30,44.71606247,3.073012376,386.0,54.51686980400001,tC/acre,0.2,0.1745,Grassland without tree/shrub cover
37722444,2018-06-24,c3660555-d0ce-4c2f-be94-bbf5f46530c0,2ca1f954-5da2-4f9d-ac96-5409542b47d1,2015-06-24,44.8775401,3.052989606,30.9,29.511321864000006,tC/acre,0.2,1.1800000000000002,Grassland without tree/shrub cover
37722454,2018-06-24,5a3749f0-0bff-4212-a777-36eaaa9da354,eacde4d4-dc54-4067-9859-05cfba5bc21e,2015-06-24,44.96723949,3.041800223,43.3,41.35405296800001,tC/acre,0.2,1.1800000000000002,Grassland without tree/shrub cover
37722468,2018-06-11,7fd84464-73d5-45cf-b600-d557d21b3189,e822134d-e533-455f-8fae-dd2adc62784e,2015-06-11,45.09280626,3.026055687,53.5,51.09565436000001,tC/acre,0.2,1.1800000000000002,Grassland without tree/shrub cover
37722504,2018-05-24,0c98552d-80ac-4b3b-9676-9a3ad70708cd,8b628546-47dc-4f68-8b95-45f33bf07afd,2015-05-24,45.41562676,2.985139338,82.4,65.358407744,tC/acre,0.2,0.98,Grassland without tree/shrub cover
37722516,2018-09-26,a1e2967b-a095-4696-aefd-0f0d5a7ab527,62bb48ac-8403-4738-a23a-214dbd188eb9,2015-09-26,45.5232129,2.97136113,51.8,49.47205412800001,tC/acre,0.2,1.1800000000000002,Grassland without tree/shrub cover
37722594,2018-10-10,c9a91c49-7cb4-47e9-9fa9-29192eaf3d78,efa3d3da-3291-49c6-a819-4eab0bc4dd12,2015-10-10,46.22227726,2.88006029,32.6,31.134922096000004,tC/acre,0.2,1.1800000000000002,Grassland without tree/shrub cover
37722612,2018-07-28,4e6b2b9f-f085-430c-9d86-d9554cb1181b,0b70f2e6-e4be-4741-9e2d-a6873d01772c,2015-07-28,46.38354073,2.85855255,25.0,23.876474000000005,tC/acre,0.2,1.1800000000000002,Grassland without tree/shrub cover
37722648,2018-07-25,a63a226e-e6f5-4aec-888c-b55d5cded899,69f5ca38-154f-45c9-8f26-2a089c2b2854,2015-07-25,46.70600308,2.815030654,15.8,12.7880776,tC/acre,0.2,1.0,Grassland without tree/shrub cover
37722688,2018-10-05,3a967e32-404c-4895-919d-fad68eade7f7,a6364d9d-d569-4f7e-9891-6c7bfab0aced,2015-10-05,47.06419562,2.765865705,46.6,44.50574753600001,tC/acre,0.2,1.1800000000000002,Grassland without tree/shrub cover
37742430,2018-06-18,41a72b0d-6e66-494c-b450-9f82a134d5f1,355fb748-90d3-460d-9b13-ba5ef3f743b8,2015-06-18,44.75361594,3.093703855,80.2,76.59572859200001,tC/acre,0.2,1.1800000000000002,Grassland without tree/shrub cover
37742434,2018-05-30,41b27858-68ca-4849-a936-33063ad4f536,f5883543-25eb-4f72-9a0f-6406b3896dc3,2015-05-30,44.78950198,3.089275834,31.8,26.355742310400004,tC/acre,0.2,1.024,Grassland without tree/shrub cover
37742466,2018-06-11,7d891806-1075-485a-80a9-e05fd96fc076,9b45ac52-a3fb-4a3f-977c-28ec05c1a027,2015-06-11,45.07654767,3.053582304,43.7,41.73607655200001,tC/acre,0.2,1.1800000000000002,Grassland without tree/shrub cover
37742488,2018-05-22,9a2f3dec-e971-42d2-9bda-7e3b3fd39fb4,2882e306-8979-4b98-a47e-975267b967ef,2015-05-22,45.27384811,3.028762041,58.3,55.67993736800001,tC/acre,0.2,1.1800000000000002,Grassland without tree/shrub cover
37782456,2018-06-24,edb974c8-406c-4f81-a5bf-df6c2c34b7e8,ce782858-1bf6-4a4e-a2a2-14f865b8b033,2015-06-24,44.99018684,3.115255407,19.3,15.628690039800006,tC/acre,0.2,1.0005000000000002,Grassland without tree/shrub cover
37782538,2018-09-26,b092b477-8ee4-4c95-8a8a-2bb94eccdd27,de071a8a-2501-405a-b3f1-af910ab50793,2015-09-26,45.72551386,3.022619162,35.6,34.00009897600001,tC/acre,0.2,1.1800000000000002,Grassland without tree/shrub cover
37782618,2018-07-21,ec86451f-2f55-4976-9d79-036ca775f307,8f1b3952-9aa5-4fc3-9beb-e8fa7fef68fa,2015-07-21,46.44245526,2.929059965,50.2,47.94395979200001,tC/acre,0.2,1.1800000000000002,Grassland without tree/shrub cover
37783054,2018-07-30,1f85d03c-64f3-468a-896f-0d112beab04e,86ba9465-0e68-4dd5-b95e-c83fbf0cd351,2015-07-30,50.34292576,2.356537607,15.7,9.7972052484,tC/acre,0.2,0.771,Grassland without tree/shrub cover
37802422,2018-06-18,0116b433-d827-4e3a-ab8f-5e81966dc7a9,a0812101-6d9a-4019-8098-3d137971c04c,2015-06-18,44.68679906,3.17783438,61.9,59.118149624,tC/acre,0.2,1.1800000000000002,Grassland without tree/shrub cover
37802434,2018-05-30,623781a8-423c-4099-bcd3-19f0d66ad425,b112a83e-5911-45b4-bdf9-016baa335aad,2015-05-30,44.7944718,3.164715233,80.3,43.35004525720001,tC/acre,0.2,0.667,Grassland without tree/shrub cover
37802452,2018-06-29,e2534402-7479-4644-802b-c38906a95f1e,26b7a107-08c8-483b-81ee-afef16c081ed,2015-06-29,44.95596091,3.14491212,24.9,21.120724214400003,tC/acre,0.2,1.048,Grassland without tree/shrub cover
37802632,2018-07-19,b2eae34d-2349-4065-bf33-6906a196bbaa,2d181398-d5a8-455c-8566-1b5acb6513af,2015-07-19,46.56958971,2.938320288,25.2,16.571891700000002,tC/acre,0.2,0.8125,Grassland without tree/shrub cover
37822406,2018-05-23,8ac2f3fc-955c-4d0b-9593-592e8c7eeb5e,b4851eda-fb1d-45d7-8fbf-5f6e4752e5ce,2015-05-23,44.54485473,3.220262784,60.2,49.6499540936,tC/acre,0.2,1.019,Grassland without tree/shrub cover
37822466,2018-06-11,656d8a94-6d2a-4093-bb15-b5861d6e0fbe,8165b1da-bb4a-46f2-ab7c-82c82f8af4aa,2015-06-11,45.08320146,3.154682754,32.6,31.134922096000004,tC/acre,0.2,1.1800000000000002,Grassland without tree/shrub cover
37822478,2018-05-23,5c8ab6bb-8fcb-4b0e-b737-675a732fa083,a56ea004-e1b3-40db-9df0-da564575d5a3,2015-05-23,45.19083917,3.141366781,25.2,18.8256689712,tC/acre,0.2,0.923,Grassland without tree/shrub cover
37842408,2018-05-24,be7e89a4-ef8b-48b3-a8fc-c57d5db6d315,0c530145-1ada-4b71-9995-eea1c145da3d,2015-05-24,44.56443456,3.243150911,19.7,18.814661512,tC/acre,0.2,1.1800000000000002,Grassland without tree/shrub cover
37842498,2018-07-13,647ebded-cd63-43ad-82b9-bf52aaaa7d52,751d4135-9a69-4cfb-82a7-5408b71c4712,2015-07-13,45.37187053,3.144430931,33.0,31.516945680000003,tC/acre,0.2,1.1800000000000002,Grassland without tree/shrub cover
37862420,2018-05-29,ed239773-f89e-41d9-a258-5baf61aa6ade,9cb7ce70-4b72-4b06-961c-9228ae7c76d1,2015-05-29,44.67375528,3.255299361,22.3,25.9273821794,tC/acre,0.2,1.4365,Grassland without tree/shrub cover
37862460,2018-06-25,b8aeb530-dcfb-45b2-a35f-7410ae6c8c4f,143add00-b0d6-4870-bde3-3aa7cbe56fc9,2015-06-25,45.03266543,3.21182554,44.2,42.213606032000015,tC/acre,0.2,1.1800000000000002,Grassland without tree/shrub cover
37862536,2018-09-26,d4b688ca-7585-4b38-b8fc-0b4d07a56352,d3e1db00-fb77-409f-a4ed-96ae145d3d92,2015-09-26,45.7142775,3.127172854,48.5,38.744232954,tC/acre,0.2,0.987,Grassland without tree/shrub cover
37862654,2018-07-20,b8455adc-b568-4780-ad3a-0586730dcce4,266d66d5-f4d5-4103-ac0e-86c1684474fb,2015-07-20,46.7717865,2.990153883,31.1,29.702333656000008,tC/acre,0.2,1.1800000000000002,Grassland without tree/shrub cover
37882398,2018-06-12,961441dd-0509-46f7-9120-c7ad03ebd4f0,43e6b285-6051-4139-8a2e-4671403ca2bf,2015-06-12,44.4779198,3.30391189,29.4,28.078733424000003,tC/acre,0.2,1.1800000000000002,Grassland without tree/shrub cover
37882494,2018-07-23,f2a238c2-8465-4451-91d4-59f371f37708,9dadc765-5da3-4fcf-98dc-ef2418906b51,2015-07-23,45.33929242,3.199686598,26.8,25.59558012800001,tC/acre,0.2,1.1800000000000002,Grassland without tree/shrub cover
37882620,2018-07-18,9dbd4a24-4527-4248-8398-3fb2af23dac8,13104e7d-fbf2-4ab9-8e19-207f57d1f606,2015-07-18,46.46885961,3.056275528,40.2,38.393370192000006,tC/acre,0.2,1.1800000000000002,Grassland without tree/shrub cover
37902480,2018-05-23,742b9731-00d9-449f-a6b0-947eac1a02ef,f19dcc22-df76-4eea-a6a3-89e2bdacb039,2015-05-23,45.21535148,3.240489229,28.7,27.410192152000008,tC/acre,0.2,1.1800000000000002,Grassland without tree/shrub cover
37902580,2018-07-29,0826fcd8-69ca-4699-a2b9-e0bb8007d546,5a99b836-3191-4825-ac12-824dc280387e,2015-07-29,46.11204878,3.128399388,43.4,41.449558864,tC/acre,0.2,1.1800000000000002,Grassland without tree/shrub cover
37902630,2018-07-19,f3651423-915f-4a8f-beec-c762ef48dab8,0008b42c-48e2-47db-86cb-df46d5bdb554,2015-07-19,46.56014406,3.070523636,28.6,27.314686256000005,tC/acre,0.2,1.1800000000000002,Grassland without tree/shrub cover
37922362,2018-06-06,8c32e9af-74d9-45be-9ddc-f2fae7d7de12,e656fb59-0b21-47c6-914e-c7631d867c26,2015-06-06,44.15792064,3.391674074,80.8,77.16876396800001,tC/acre,0.2,1.1800000000000002,Grassland without tree/shrub cover
37922448,2018-06-07,490b901a-5120-4d3d-bba9-d84003b2b006,a457d31f-b166-4be0-ab20-009a5c279adb,2015-06-07,44.92987835,3.300575265,68.4,48.3578726328,tC/acre,0.2,0.8734999999999999,Grassland without tree/shrub cover
37922466,2018-06-25,08399bae-f9ea-444f-a71e-5d7732b76942,33b2deef-28f2-4d6f-b746-5ee359808f72,2015-06-25,45.0913819,3.281088651,51.0,48.708006960000006,tC/acre,0.2,1.1800000000000002,Grassland without tree/shrub cover
37942418,2018-06-20,ef4dca52-430e-48aa-828c-8c5155c0f636,d2e4ee93-bc79-4118-8fd6-f31d8f278a85,2015-06-20,44.66225682,3.357820332,22.4,23.3332235136,tC/acre,0.2,1.287,Temporary grassland
37962654,2018-10-02,829d2c68-9aba-4621-931d-960e6b7e5d90,e582b666-b316-4ed2-a888-4b902be2c661,2015-10-02,46.78020324,3.120516143,19.9,19.005673304,tC/acre,0.2,1.1800000000000002,Grassland without tree/shrub cover
37963036,2018-07-12,4204134f-82ee-47a7-8371-ea07311532b0,d38e6a56-5238-43f1-a1d0-bb2b5d88f99f,2015-07-12,50.19861181,2.63344855,28.4,19.5152539152,tC/acre,0.2,0.849,Grassland without tree/shrub cover
37982422,2018-06-20,e4a9b178-63a3-45ad-9f33-0a2cfa9bd29c,988a1b6b-8ebb-4216-b3a0-c519abd921e6,2015-06-20,44.70134975,3.403795196,48.9,46.70238314400001,tC/acre,0.2,1.1800000000000002,Grassland without tree/shrub cover
37982642,2018-10-02,3e0812df-ff51-45a1-8149-9ff97f585078,5ce7c298-83ec-4ef8-87e4-f6e72860501e,2015-10-02,46.67434259,3.160535626,19.0,17.085033548,tC/acre,0.2,1.111,Grassland without tree/shrub cover
38002496,2018-07-31,0a19fbbe-161b-4642-b256-d3deedb55aeb,1541cf77-a5cf-4823-9a70-1eedafee999e,2015-07-31,45.36697403,3.349915465,73.2,69.91031587200003,tC/acre,0.2,1.1800000000000002,Grassland without tree/shrub cover
38022434,2018-06-19,ad1b492b-f8ae-42d6-b0bb-3b06625009ec,c004b4e8-b94b-4b35-ba9d-44d0898a058d,2015-06-19,44.81222895,3.441427573,49.5,47.27541852000002,tC/acre,0.2,1.1800000000000002,Grassland without tree/shrub cover
38022606,2018-08-03,027aecbc-bd51-4ac3-a63e-4cb5aaf35184,af92efca-9de9-460e-af42-af478adf05c4,2015-08-03,46.35499137,3.253672616,23.0,20.495727156,tC/acre,0.2,1.101,Grassland without tree/shrub cover
38082616,2018-08-03,d70c7d65-78a0-4de9-900c-ba07045a1717,7b44766c-1bb7-462f-9132-0df594fdf5ef,2015-08-03,46.44950708,3.320079174,41.0,39.15741736,tC/acre,0.2,1.1800000000000002,Grassland without tree/shrub cover
38082624,2018-08-03,ba833e61-0955-42cf-8469-eb515621e02c,e534ded7-6f2f-4d27-8b79-5f0cb398438d,2015-08-03,46.52121747,3.311068911,26.9,21.336664664,tC/acre,0.2,0.98,Grassland without tree/shrub cover
38102458,2018-07-20,d4e258ba-d21f-4b39-98fd-78bb1eaafe1c,928ebe53-c93f-48e9-9ba9-87f179c266b0,2015-07-20,45.03392559,3.517091265,51.3,48.99452464800001,tC/acre,0.2,1.1800000000000002,Grassland without tree/shrub cover
38102502,2018-08-01,8a81a92a-1c29-4e0a-8218-2804d71e1490,e9a42953-7df5-4702-be0b-3a8320f5bbf1,2015-08-01,45.42875816,3.470598977,35.4,33.80908718400001,tC/acre,0.2,1.1800000000000002,Grassland without tree/shrub cover
38102638,2018-08-04,ce571757-d554-40c7-8389-6d495c7ee1f3,bd906c6b-0ddf-4749-b035-fea92323221c,2015-08-04,46.64832241,3.321241452,17.2,16.427014112000005,tC/acre,0.2,1.1800000000000002,Grassland without tree/shrub cover
38122428,2018-06-19,ead02113-7849-42de-802f-a39ec31ed3bc,a1f470fa-9f49-4cd4-9975-0a551b272048,2015-06-19,44.76619501,3.573443452,46.3,44.21922984800001,tC/acre,0.2,1.1800000000000002,Grassland without tree/shrub cover
38122896,2018-10-08,b40951a4-b2ea-468f-a7f1-95c5898c2e61,c35a5c64-a31c-4ea2-9d03-eafe4299c82c,2015-10-08,48.96050779,3.039405305,16.0,15.280943360000004,tC/acre,0.2,1.1800000000000002,Grassland without tree/shrub cover
38142406,2018-06-28,59da7ff5-2c90-4471-9247-bc30075b4c6a,41743623-bb71-4782-a87c-594605739140,2015-06-28,44.57021317,3.621052013,43.6,41.64057065600001,tC/acre,0.2,1.1800000000000002,Temporary grassland
38142430,2018-06-19,8b8b7575-931b-4bd1-b46f-f5120e140923,98dd4025-b5a6-46fd-b296-5d20911edda1,2015-06-19,44.78569638,3.596536909,29.9,28.556262904000004,tC/acre,0.2,1.1800000000000002,Grassland without tree/shrub cover
38142586,2018-08-07,e5507a0b-95e8-4403-8595-2bd64b655eed,4e4feb2e-9b09-4794-9765-49efa3b1085e,2015-08-07,46.18535368,3.430973237,29.2,27.88772163200001,tC/acre,0.2,1.1800000000000002,Grassland without tree/shrub cover
38142600,2018-08-06,9304f765-12f5-4785-84c8-69193fee63f7,24117dd3-fd17-4c27-8f3f-fd746952c91f,2015-08-06,46.31088416,3.415567444,34.6,33.045040016000016,tC/acre,0.2,1.1800000000000002,Grassland without tree/shrub cover
38162422,2018-05-29,7f8ace2b-b47b-44e8-bc90-1c1e59a93b12,6a7fd867-9fa2-4700-a08c-088d523c8c8c,2015-05-29,44.71541156,3.629859256,171.9,39.7914793848,tC/acre,0.2,0.286,Grassland without tree/shrub cover
38182406,2018-06-28,d9e78fd8-8eac-4f47-86b0-2cc3d6e63578,eccdf2a9-d6af-45f1-9071-99f92518c68f,2015-06-28,44.57327463,3.671173096,44.8,49.059598156800014,tC/acre,0.2,1.3530000000000002,Temporary grassland
38182646,2018-10-03,a5600d2c-6ab9-4e34-8cef-dccdc1449cb5,2183319d-47a5-4ed6-af35-34791c796591,2015-10-03,46.72645756,3.416397132,14.1,13.466331336,tC/acre,0.2,1.1800000000000002,Grassland without tree/shrub cover
38222464,2018-07-23,b2623ac2-83dd-479f-8ea1-76feefb53e41,52a75bcc-c572-483c-8f94-75c2735e4755,2015-07-23,45.09705807,3.662554187,41.4,39.539440944000006,tC/acre,0.2,1.1800000000000002,Grassland without tree/shrub cover
38222618,2018-08-05,70855bdd-2fd7-4991-a112-ab7f42f83fd4,297f6d27-df38-4e61-800b-cb5c6b0a8bc0,2015-08-05,46.47861026,3.499365917,22.5,21.488826600000007,tC/acre,0.2,1.1800000000000002,Grassland without tree/shrub cover
38242692,2018-10-03,3996e6e3-1d73-4abe-a85b-a0f9dbe777ea,080351ed-efbf-49ef-9523-abb587e36031,2015-10-03,47.14352661,3.443267805,40.6,38.775393776,tC/acre,0.2,1.1800000000000002,Grassland without tree/shrub cover
38262468,2018-07-23,4ddd6490-f7be-44b1-aba6-29614c94282f,a40d8193-5180-4324-88c2-d7e0f0725283,2015-07-23,45.13601095,3.709076069,35.6,34.00009897600001,tC/acre,0.2,1.1800000000000002,Grassland without tree/shrub cover
38262598,2018-08-06,02ba5c2c-3d6c-4f2b-aae4-59b98f02980b,2fdc812d-9d26-4c48-9992-342202e2e393,2015-08-06,46.30240012,3.572882416,36.5,34.85965204000001,tC/acre,0.2,1.1800000000000002,Grassland without tree/shrub cover
38262652,2018-08-08,ba5b0487-21cf-4540-90ab-d0d0c619b0cd,6701378f-9762-4b3b-9073-c24c9856d98f,2015-08-08,46.78657886,3.514029951,33.1,31.61245157600001,tC/acre,0.2,1.1800000000000002,Grassland without tree/shrub cover
38282854,2018-07-06,f8d71f50-1f76-45e0-a981-c5c7715af8a1,5e78b359-6b97-400a-9445-8aa90cc703d7,2015-07-06,48.59787918,3.308045954,22.0,21.011297120000005,tC/acre,0.2,1.1800000000000002,Grassland without tree/shrub cover
38282962,2018-09-28,229ddf80-6f37-4306-b989-9be0cad7ace4,1ab76e06-db27-4fee-b9f7-8ab36ae57f97,2015-09-28,49.56456581,3.17501899,17.5,16.713531800000005,tC/acre,0.2,1.1800000000000002,Grassland without tree/shrub cover
38302518,2018-08-15,042e2c8d-af46-4d3c-b6d0-2e541c6cf031,1288743c-ced9-4ea6-a114-459ecca12d7b,2015-08-15,45.58780804,3.708627784,29.6,28.269745216000008,tC/acre,0.2,1.1800000000000002,Grassland without tree/shrub cover
38302644,2018-05-24,d7428646-730f-4b96-911d-1589fa386b0c,c2017d58-48b6-46a7-9ac4-81872ca4991c,2015-05-24,46.71798735,3.574947509,11.3,14.697467085200003,tC/acre,0.2,1.607,Grassland without tree/shrub cover
38342452,2018-07-27,1e662925-40dd-4453-9c6c-c17c8bb4f84e,c3539d32-737c-4e31-9589-70e4a48584fd,2015-07-27,44.99838137,3.8263328,68.8,65.70805644800002,tC/acre,0.2,1.1800000000000002,Grassland without tree/shrub cover
38362592,2018-07-26,a03c43a3-5684-4e5d-937e-459256dd0591,e6df1662-f1d5-4a09-9bcb-ec63831a5487,2015-07-26,46.25628401,3.708503042,32.6,31.134922096000004,tC/acre,0.2,1.1800000000000002,Grassland without tree/shrub cover
38382422,2018-07-04,08d3c6ba-c73e-4fe5-8222-8c1f13f60e09,3690d45e-0ace-4451-a195-93c449a98a8f,2015-07-04,44.73193381,3.90629498,37.4,35.71920510400001,tC/acre,0.2,1.1800000000000002,Grassland without tree/shrub cover
38382614,2018-08-01,7023ae2d-ba00-4abe-adff-b02f74c3f641,ff3ed6d9-4265-4ce4-92c4-2b27b4245f32,2015-08-01,46.45513146,3.711157816,20.4,19.483202784000003,tC/acre,0.2,1.1800000000000002,Grassland without tree/shrub cover
38402492,2018-08-03,636b2bc4-9e3e-449b-96b8-03b6c61e1f0f,9e6219c8-34de-460d-b28a-e8e4f6d2b85c,2015-08-03,45.36195357,3.862413365,53.9,51.47767794400001,tC/acre,0.2,1.1800000000000002,Grassland without tree/shrub cover
38402982,2018-10-02,e4a841df-207c-43ee-bf0e-7f58cf19f8c9,1387864b-5500-48e9-b9e9-b87f933aa207,2015-10-02,49.75345084,3.31555156,28.0,26.74165088000001,tC/acre,0.2,1.1800000000000002,Grassland without tree/shrub cover
38422434,2018-07-24,34a17847-8ede-47fd-b76d-dced6cd6be75,b0a3a910-0cf8-489c-a84a-f204215e2e1f,2015-07-24,44.84263888,3.944931762,21.9,21.545037485400005,tC/acre,0.2,1.2155,Temporary grassland
38422440,2018-07-18,eaf29198-8a38-4f18-892d-2670c0b799ec,4c240a20-ea70-4348-bb1a-8acc75383b6b,2015-07-18,44.89652487,3.939089805,80.5,76.88224628,tC/acre,0.2,1.1800000000000002,Grassland without tree/shrub cover
38422548,2018-05-31,6f747945-a0ba-41c8-a03d-4d0fd1a56d7f,870db94d-5cce-4f87-8612-c3feec76c258,2015-05-31,45.86605228,3.831355864,29.0,26.945612624,tC/acre,0.2,1.148,Temporary grassland
38422584,2018-06-06,e35a93e3-8006-402a-909e-ef8c67a5797b,d6a41cc2-89c1-43a2-801e-6e8d8b8656f3,2015-06-06,46.18905717,3.794325849,26.9,25.691086024000004,tC/acre,0.2,1.1800000000000002,Grassland without tree/shrub cover
38442450,2018-07-21,176b2bb9-96cc-4d6b-98ac-6dc92bf5cac2,d4b60b81-9733-41a5-8c2d-59e70f1d4301,2015-07-21,44.98779053,3.954572463,28.0,22.481116672,tC/acre,0.2,0.992,Grassland without tree/shrub cover
38462430,2018-05-28,2c7dca80-a72e-49ff-91a0-c36defc6ea15,5ae68b79-e56a-4c00-a060-342454171acb,2015-05-28,44.80961908,3.999163252,59.6,45.7301654976,tC/acre,0.2,0.948,Grassland without tree/shrub cover
38462488,2018-07-30,19b08bfb-9c3f-4700-9637-908a1e5c6912,f91723aa-c753-4bd7-86f0-dad410e2f967,2015-07-30,45.33046031,3.942631581,21.5,22.79596238000001,tC/acre,0.2,1.31,Temporary grassland
38462556,2018-06-11,9afd46e5-8f15-4927-8b66-cb65c99c646b,f0a82e2e-d449-4d3d-92dc-6cecb0ff1d2e,2015-06-11,45.94081369,3.874554657,41.4,32.6200387788,tC/acre,0.2,0.9735,Temporary grassland
38482522,2018-05-30,8898408a-8408-4768-83a6-1bad6e625e3b,af840f81-29c4-4ce4-9424-2ab9b7eb1dfe,2015-05-30,45.63714387,3.934389092,29.1,27.79221573600001,tC/acre,0.2,1.1800000000000002,Grassland without tree/shrub cover
38502676,2018-08-06,6343a4cc-9e58-4b53-945a-7ca19c2ce9ff,00b58f35-3f2b-4ae6-b179-0a932d400d70,2015-08-06,47.02021335,3.801863661,75.8,58.2215273224,tC/acre,0.2,0.949,Grassland without tree/shrub cover
38522458,2018-08-01,98b0a25f-457a-489d-9616-a9c36d9fffde,3cea73dd-8e92-4306-8024-2de1c7ed44e4,2015-08-01,45.06542408,4.047908841,22.6,21.584332496000005,tC/acre,0.2,1.1800000000000002,Grassland without tree/shrub cover
38522602,2018-07-27,cec17470-6750-4cce-90bb-713b50bce1d2,3adde937-b4c7-40cb-8b9c-9995fdc9e37b,2015-07-27,46.35798648,3.9050272,24.1,23.4460499704,tC/acre,0.2,1.202,Grassland without tree/shrub cover
38522650,2018-08-07,a250d41e-6eae-4521-b2b0-5f78336bd333,a746d7ef-4cd8-41e2-a4e4-17d46e615f3e,2015-08-07,46.78854965,3.855396341,38.8,35.53321141839999,tC/acre,0.2,1.1315,Grassland without tree/shrub cover
38523118,2018-05-09,f9b0a525-cc4e-47dd-b1f5-9d16877089d7,c98da78c-a247-4f8e-9299-e05863628f83,2015-05-09,50.98013865,3.311100805,49.5,29.386880919000003,tC/acre,0.2,0.7335,Grassland without tree/shrub cover
38542564,2018-06-18,d232ace5-2145-4521-971a-205396fd10a7,3669426c-41ac-4e2a-b359-dc5367f0a721,2015-06-18,46.01848555,3.969321158,37.2,26.0740808544,tC/acre,0.2,0.866,Grassland without tree/shrub cover
38543096,2018-07-31,4a82a634-8c9a-4ccd-94b0-57860cceba18,9e7b8c4d-2761-4e3c-8e44-891e7711bb9a,2015-07-31,50.78495334,3.367677968,14.9,14.230378504000004,tC/acre,0.2,1.1800000000000002,Grassland without tree/shrub cover
38562650,2018-08-07,6e4bec27-5c5d-4079-b193-b88df0c15365,1d40644f-a16b-497e-a330-a63d1f1cacd7,2015-08-07,46.79151656,3.907595381,35.5,32.137531661000004,tC/acre,0.2,1.1185,Grassland without tree/shrub cover
38583130,2018-10-03,89f3c5c1-6dab-4dac-a3ab-82933e24b3fd,b1db4c2f-f551-4c30-94c1-34cd38664842,2015-10-03,51.09239395,3.380869524,67.2,64.17996211200003,tC/acre,0.2,1.1800000000000002,Grassland without tree/shrub cover
38622498,2018-06-14,28ff3b65-c0ab-4d0e-98e0-52fa96b4e571,260c3a78-1f47-4232-84e3-baa6836db5a6,2015-06-14,45.43176314,4.136375445,42.2,33.199144444800005,tC/acre,0.2,0.972,Grassland without tree/shrub cover
38622634,2018-06-21,6eccfe16-b2c6-44d8-893f-6e9dfad755ae,ed7c0ce2-2b98-4cdf-ab89-e7fda6383a5f,2015-06-21,46.65239093,4.002212984,33.1,34.67993098740001,tC/acre,0.2,1.2945,Grassland without tree/shrub cover
38642470,2018-08-06,2b91749f-fd74-48c1-bfc6-4df5a51b7319,fe509fb7-7d32-4fbb-8936-1383616262ef,2015-08-06,45.18171562,4.188385361,35.2,33.61807539200001,tC/acre,0.2,1.1800000000000002,Grassland without tree/shrub cover
38662548,2018-05-28,bab145bc-2c97-4249-8a51-38f9a0cb58c2,6d497841-559d-4e1b-ad5c-3eb7d66c174f,2015-05-28,45.88350579,4.13929656,18.8,17.955108448000004,tC/acre,0.2,1.1800000000000002,Grassland without tree/shrub cover
38663098,2018-07-10,b2b0d725-3db8-406e-ab6f-1bc3e2aced94,f92c9dc1-ea92-4d5a-b5fe-d23539cdd616,2015-07-10,50.81249196,3.534795882,38.3,36.578758168,tC/acre,0.2,1.1800000000000002,Grassland without tree/shrub cover
38682466,2018-08-08,25906ae8-f8a1-45c3-a8f3-8fcbe6aedae0,0fe49786-5733-4956-9931-a69c9fd96a7d,2015-08-08,45.14857938,4.242813132,39.4,37.629323024,tC/acre,0.2,1.1800000000000002,Grassland without tree/shrub cover
38682502,2018-06-20,b0d5ec01-1f87-4965-8428-cee47fbd7825,bc77125d-2a89-4a7e-93ba-b1b03255b5d7,2015-06-20,45.47190491,4.208971143,18.3,17.477578968000007,tC/acre,0.2,1.1800000000000002,Grassland without tree/shrub cover
38722460,2018-08-02,6c357a24-2337-49b8-8a57-0ed0aad41846,20eb259e-4fcf-4b52-8fe0-2d72b21be3ee,2015-08-02,45.09744688,4.299019788,13.5,12.89329596,tC/acre,0.2,1.1800000000000002,Grassland without tree/shrub cover
38722484,2018-05-14,d3d2c99f-cac2-4cd3-8fb4-4286d18a7c6d,95ab6d22-414f-497a-92b3-a573959bddf3,2015-05-14,45.31302884,4.276768678,44.7,38.04214321260001,tC/acre,0.2,1.0515,Grassland without tree/shrub cover
38722618,2018-07-01,cbbd2339-4d44-4aa7-b0cc-98a964eb1817,b32173af-97de-42ad-9acd-335cf1760b27,2015-07-01,46.51601419,4.148251056,41.0,39.15741736,tC/acre,0.2,1.1800000000000002,Grassland without tree/shrub cover
38722676,2018-05-25,92a32c9d-20eb-4d62-8864-30e21e269777,77c7437f-c34b-465c-940a-25b84832cbd9,2015-05-25,47.03637065,4.090271178,53.6,51.19116025600002,tC/acre,0.2,1.1800000000000002,Grassland without tree/shrub cover
38722694,2018-08-04,8a2183f9-2603-4d54-bbd2-1b888787575d,29616d55-0383-4cf6-bf82-ca4372831fb7,2015-08-04,47.19782126,4.071975791,52.9,50.522618984000005,tC/acre,0.2,1.1800000000000002,Grassland without tree/shrub cover
38723036,2018-07-15,fbab6fa9-5837-4225-85aa-051b0d1d8c71,e402a62d-08e9-4a3c-9525-3ad8808591b9,2015-07-15,50.26224188,3.694674387,42.6,39.754572021600005,tC/acre,0.2,1.153,Grassland without tree/shrub cover
38762486,2018-08-07,82f174a3-5f4d-4631-bbd9-a56f49202972,eb05b1e0-7c4e-4063-b262-6ffdb8ea1934,2015-08-07,45.33374477,4.325737033,66.2,63.22490315200002,tC/acre,0.2,1.1800000000000002,Grassland without tree/shrub cover
38762586,2018-07-31,b2408e97-eb9d-47f9-9d26-3cb1e1897e76,e536936f-8826-4699-9965-e7ed6cada33c,2015-07-31,46.23164117,4.231289012,30.4,29.033792384000005,tC/acre,0.2,1.1800000000000002,Grassland without tree/shrub cover
38762644,2018-06-19,70bd99cc-9768-4584-b19a-b5bad5c44b33,5139e56f-8f64-4b50-a3f9-eb18b707af9e,2015-06-19,46.75213894,4.174613991,30.1,25.677650448800005,tC/acre,0.2,1.054,Grassland without tree/shrub cover
38782548,2018-06-01,6efed4a5-a77e-4802-a9ae-cf21ec11710c,1eeb5b74-8920-479d-8965-29c7ab685a3c,2015-06-01,45.89189813,4.293332754,22.2,21.202308912,tC/acre,0.2,1.1800000000000002,Grassland without tree/shrub cover
38782566,2018-05-16,3abf082f-0f1c-440c-a38c-d57a5afd1e08,e0b500c6-a334-46be-a675-5f0b8de953ab,2015-05-16,46.05350016,4.276256008,26.9,25.582225489999995,tC/acre,0.2,1.1749999999999998,Grassland without tree/shrub cover
38782602,2018-08-03,f4f37ff7-6f99-451e-80b2-791106edcbbe,6e43d075-7ccf-4471-bbe2-3a2ccf5ced50,2015-08-03,46.37664451,4.24170234,47.4,45.26979470400001,tC/acre,0.2,1.1800000000000002,Grassland without tree/shrub cover
38802318,2018-05-01,75428b74-9a67-4190-a47e-33e2620b82ef,85ba79b0-a63f-48e0-8ee7-6376722b2eab,2015-05-01,43.82641843,4.525188452,11.2,12.9900968512,tC/acre,0.2,1.433,Grassland without tree/shrub cover
38803134,2018-09-26,487a542a-7dac-407a-be6d-21c66269502f,9be7124f-2fdc-4b5e-9fb6-70776411ff5d,2015-09-26,51.14565749,3.689017398,20.6,19.674214576000004,tC/acre,0.2,1.1800000000000002,Temporary grassland
38842414,2018-06-19,9ed79a09-0fda-4428-92d5-12e072d0ad73,de63addf-8b6d-4fdd-85ee-32de79e9efc6,2015-06-19,44.69221412,4.491809712,44.8,42.786641408,tC/acre,0.2,1.1800000000000002,Grassland without tree/shrub cover
38842486,2018-06-12,4f3d6179-725a-47b9-84d8-9006d4dc1564,c77ea406-1fb7-4967-8aea-9686b5614838,2015-06-12,45.33917627,4.427416341,99.3,28.3708357788,tC/acre,0.2,0.353,Grassland without tree/shrub cover
38842590,2018-07-30,3748b444-7c70-4b16-992b-839d8404bb16,610825bd-97ef-43b7-b25b-5084d3b28af2,2015-07-30,46.27308432,4.33084932,23.6,22.539391456000004,tC/acre,0.2,1.1800000000000002,Grassland without tree/shrub cover
38862448,2018-07-02,b59e6b2f-e3ed-48c7-bab1-58ce5c72f8f1,898eb060-e345-41e7-a288-b0f38c2021f2,2015-07-02,44.9991004,4.486913558,13.6,11.612869456,tC/acre,0.2,1.055,Grassland without tree/shrub cover
38863036,2018-07-20,cbc722f5-9070-486f-a336-dcb1fc6e6fe6,aa331a4f-083f-49bd-b721-a0938effab44,2015-07-20,50.27288833,3.890437646,25.9,22.744567258000004,tC/acre,0.2,1.085,Grassland without tree/shrub cover
38882614,2018-07-29,07997310-2e8a-4029-b9a1-7beadee3cd32,7913c4c4-d24b-437b-81cd-0eb874e26f95,2015-07-29,46.49125247,4.359869495,22.1,22.8418537724,tC/acre,0.2,1.277,Grassland without tree/shrub cover
38882650,2018-06-09,05833d9e-dafb-4b3e-9a52-05ed0ad832bd,65ccb0c6-cf48-4c9c-909a-61b19a571b1a,2015-06-09,46.81434237,4.32537424,47.1,29.6584656936,tC/acre,0.2,0.778,Grassland without tree/shrub cover
38903014,2018-07-18,72aedda0-cfa4-48f0-8ddd-93615ae91a29,ab3dc3f9-abeb-4f96-8fd9-3cd65a370d70,2015-07-18,50.07883905,3.971451772,58.4,42.422424008,tC/acre,0.2,0.8975,Grassland without tree/shrub cover
38903114,2018-07-19,191ad6f4-9317-469f-a333-0f08a6eb3303,185b35ac-4238-4fb2-9fa4-427e55113c66,2015-07-19,50.97427912,3.855379254,30.7,29.32031007200001,tC/acre,0.2,1.1800000000000002,Grassland without tree/shrub cover
38922722,2018-07-30,fa2cd955-87c2-4b06-8cb8-7b9f055f2dbc,1aad4b75-3ef1-48ba-b326-5e6f835e816b,2015-07-30,47.46308123,4.307618078,35.5,33.904593080000005,tC/acre,0.2,1.1800000000000002,Grassland without tree/shrub cover
38922812,2018-07-16,a4fa99e6-8ce7-4279-b970-d137db5f75c8,1df35700-f435-47f2-90c7-52fc672a33e8,2015-07-16,48.27019313,4.216912542,35.2,25.484210540800003,tC/acre,0.2,0.8945,Grassland without tree/shrub cover
38942522,2018-06-14,e9a17bd2-7128-4378-824c-f097b127cb62,c397b5f4-21d1-428b-936c-6a6925fde32c,2015-06-14,45.66922621,4.522343535,67.0,63.988950320000015,tC/acre,0.2,1.1800000000000002,Grassland without tree/shrub cover
38942568,2018-06-13,2b6dbf2a-271f-4e36-929f-6f3c7f6883bb,f103a375-e57c-4c72-b1ef-8b5f7c8a56c4,2015-06-13,46.08233909,4.480474568,47.0,33.513666404000006,tC/acre,0.2,0.881,Grassland without tree/shrub cover
38942636,2018-07-01,df2285dc-1d20-4aa9-94ca-f7b57bb13b0d,2f075344-486b-4ff8-8663-5ff4f7820b58,2015-07-01,46.69279373,4.417038467,30.4,29.033792384000005,tC/acre,0.2,1.1800000000000002,Grassland without tree/shrub cover
38943000,2018-09-19,3f377e6a-8349-49ad-a29c-cb18227808d6,c02d8ec9-0d37-4a23-ba5e-4b551688edcc,2015-09-19,49.95637661,4.042849192,39.7,35.02395455600001,tC/acre,0.2,1.09,Grassland without tree/shrub cover
38943054,2018-06-18,b9e4bf41-36ec-408d-9159-3bd68b4e2c8b,7f3fe396-a1c3-4547-937c-e7d5d2db87f8,2015-06-18,50.4400252,3.981823767,25.0,23.876474000000005,tC/acre,0.2,1.1800000000000002,Grassland without tree/shrub cover
38962578,2018-06-19,92973adb-5a16-4dea-96f4-fce0526aff57,a057eaf3-e0c0-419d-a296-18714b02a28e,2015-06-19,46.17346418,4.497075835,23.9,22.3229653832,tC/acre,0.2,1.154,Grassland without tree/shrub cover
38982480,2018-06-25,2ab5a97f-d3bb-4142-b7bb-624ac7c88675,3da8b6fc-a334-4a17-b39d-11276c671bb3,2015-06-25,45.2945347,4.610667061,36.5,30.516966574,tC/acre,0.2,1.033,Grassland without tree/shrub cover
38982634,2018-07-01,987732b1-986a-47ea-975a-5a1edd40fd79,76bb3ef7-0d4c-4fb6-8ac9-6f9f5159c778,2015-07-01,46.67753615,4.471042994,21.5,20.533767640000004,tC/acre,0.2,1.1800000000000002,Grassland without tree/shrub cover
38983092,2018-07-17,ce350584-9fba-4df1-b3f0-5a71e3b0e3d7,13b51792-0fe5-4cfa-afaa-1ff321d46362,2015-07-17,50.78326544,3.994491023,13.2,12.606778272,tC/acre,0.2,1.1800000000000002,Grassland without tree/shrub cover
39002440,2018-06-28,12388853-a897-4448-a7d4-cd1c85bedf28,2462d7f5-2447-4dc8-a9d0-f1fcb6dfb881,2015-06-28,44.9363578,4.670697537,37.9,36.196734584,tC/acre,0.2,1.1800000000000002,Grassland without tree/shrub cover
39002614,2018-07-29,3eecc037-b787-442a-94c9-d376a927c5be,a5c3f32b-c9d3-4d96-b606-707d1ab9aacd,2015-07-29,46.499338,4.515675409,25.5,22.021798062,tC/acre,0.2,1.067,Grassland without tree/shrub cover
39002980,2018-09-21,70499b73-4a22-4dd7-ab76-f3a54e7478e7,16f96dcf-dc26-4000-bb81-afe664493e99,2015-09-21,49.78154367,4.148135877,31.8,26.9991930504,tC/acre,0.2,1.049,Grassland without tree/shrub cover
39022590,2018-05-25,00a4e3c5-6b31-44fd-a601-1b0b0482bcc2,dcaf7e9d-a3d3-47ee-b98a-311edb9a014f,2015-05-25,46.28518443,4.563621186,15.4,16.7832187292,tC/acre,0.2,1.3465,Temporary grassland
39062686,2018-09-06,d562f361-3f02-47a7-8572-9870bf67a6f6,b3aee9d2-5c18-49b6-b401-84cb8d56bc9b,2015-09-06,47.1495732,4.526910561,54.8,32.2894103168,tC/acre,0.2,0.728,Grassland without tree/shrub cover
39082600,2018-07-20,0f83da41-46fa-49ff-ac63-974dd77ce26b,c4a06991-d8bd-44e1-afa8-0405a79b54cd,2015-07-20,46.37889997,4.632233742,30.1,28.74727469600001,tC/acre,0.2,1.1800000000000002,Grassland without tree/shrub cover
39082636,2018-06-27,2715c3ef-4a4b-4d83-b8b1-e7023fa2286c,c0d49993-1e5e-45f5-9a0a-c3c7871aa71f,2015-06-27,46.70211291,4.599512118,44.1,42.11810013600001,tC/acre,0.2,1.1800000000000002,Grassland without tree/shrub cover
39082654,2018-06-13,9031845d-4500-4629-a0f1-f518b3eda975,3eb7a1f4-cadc-4831-9023-3de401d065b4,2015-06-13,46.86369172,4.582957702,13.2,14.6901018,tC/acre,0.2,1.375,Grassland without tree/shrub cover
39082982,2018-09-24,68d6c793-83b3-4126-98cc-8127309a096f,fc32633d-cc1e-4d16-8a22-93c57691c7a2,2015-09-24,49.80513745,4.256781538,41.4,39.539440944000006,tC/acre,0.2,1.1800000000000002,Grassland without tree/shrub cover
39122978,2018-09-22,8de79066-5d8a-459c-b465-04ee46e9c250,c2ecc0ef-5479-4cf0-910d-4e966633ed1d,2015-09-22,49.77209023,4.316442061,42.5,40.59000580000001,tC/acre,0.2,1.1800000000000002,Grassland without tree/shrub cover
39162684,2018-08-23,b444bc10-6ec8-4045-a737-4978888690db,2041424b-6d62-4947-a0e6-1cef78191aa7,2015-08-23,47.13818549,4.660222107,50.0,47.75294800000001,tC/acre,0.2,1.1800000000000002,Grassland without tree/shrub cover
39242836,2018-07-12,7a988a31-c4d0-42c8-bb1b-36e859a67c71,60e34fed-923e-4497-97b9-33d117956e25,2015-07-12,48.50716017,4.623900324,65.7,62.74737367200001,tC/acre,0.2,1.1800000000000002,Grassland without tree/shrub cover
39242962,2018-09-20,7689b89d-dca9-45ff-b63f-b4dbc54a30db,0cf8440c-ca80-4e1c-b730-d021bef90f1d,2015-09-20,49.63690032,4.499006741,42.5,30.958479,tC/acre,0.2,0.8999999999999999,Grassland without tree/shrub cover
39262942,2018-08-30,0cd4ff67-6a93-4765-9499-78c45d3e47f7,b52ebc35-55da-4fbb-9f71-a740b1e55c90,2015-08-30,49.45895763,4.54683683,67.3,64.275468008,tC/acre,0.2,1.1800000000000002,Grassland without tree/shrub cover
39262964,2018-09-20,b3d68560-7685-407f-a849-e035677a0218,e79108de-77c6-4c05-aabd-9cb1d64838dc,2015-09-20,49.65616995,4.524595518,37.5,21.57988095,tC/acre,0.2,0.711,Grassland without tree/shrub cover
39342306,2018-08-24,d7ae80d2-e9e6-47e7-a635-69583f25a9c0,a3ce1399-2d86-435f-8e10-370cde9052de,2015-08-24,43.75178604,5.202894047,31.2,29.797839552000006,tC/acre,0.2,1.1800000000000002,Grassland without tree/shrub cover
39342594,2018-05-22,3ee8e1cc-fdee-4bfd-8aa8-50248d37a7c6,14bf86a0-87d0-461c-bcb7-548e37cdea79,2015-05-22,46.3413764,4.974293761,60.6,57.87657297600001,tC/acre,0.2,1.1800000000000002,Grassland without tree/shrub cover
39342598,2018-05-21,574c1966-1577-4b72-ab4c-6d5c57d81a09,0a7a600d-629c-4326-9aa6-c1c47b6f0a46,2015-05-21,46.37730672,4.970916878,36.4,34.76414614400001,tC/acre,0.2,1.1800000000000002,Grassland without tree/shrub cover
39362394,2018-07-09,f331ade8-96a5-4572-96df-39e846c89027,df4abe30-432b-4cb2-bd5f-42beb04b967e,2015-07-09,44.54479484,5.161041903,17.2,16.427014112000005,tC/acre,0.2,1.1800000000000002,Grassland without tree/shrub cover
39382558,2018-05-30,0fcbc8a3-0650-470a-9e9e-72af25303613,be0f30e3-1e13-4db8-9e68-980a05e32c46,2015-05-30,46.02036701,5.055925423,11.5,12.765617527000002,tC/acre,0.2,1.3715000000000002,Temporary grassland
39382810,2018-07-13,03ebb48b-78da-4dc6-ba2a-85a6075ee751,ee421929-b369-40c7-b9af-5b6e50005dc7,2015-07-13,48.28291503,4.836940947,57.6,55.01139609600002,tC/acre,0.2,1.1800000000000002,Grassland without tree/shrub cover
39382972,2018-09-13,c1ebd63c-9e63-4bf7-ad4d-05a4b19eb5e9,69530e23-ef63-4da7-b25d-a08db6e122eb,2015-09-13,49.73580626,4.682506383,77.2,73.73055171200002,tC/acre,0.2,1.1800000000000002,Grassland without tree/shrub cover
39402960,2018-09-13,c0f4d849-00c4-48f5-bcb9-7bacb24f9c6a,d81b05d1-c23c-46a9-8575-3dcbfd66918c,2015-09-13,49.62951615,4.721964748,57.8,55.20240788800001,tC/acre,0.2,1.1800000000000002,Grassland without tree/shrub cover
39442388,2018-07-09,26d105f5-887e-4a1a-a2d5-4672a34e76e3,dd2a0670-62e4-4633-96bf-2dde0f5497e5,2015-07-09,44.49543215,5.265882472,41.0,39.15741736,tC/acre,0.2,1.1800000000000002,Grassland without tree/shrub cover
39442442,2018-05-22,3cc0adb2-5e79-48bc-acd4-b3114dac247b,8b82725f-e194-4ed6-9e8d-7f54e53d7629,2015-05-22,44.98115285,5.224763075,11.4,12.2347909008,tC/acre,0.2,1.326,Grassland without tree/shrub cover
39442970,2018-09-13,26d49168-f7fa-4727-a73f-f1f485928097,b2a15b67-961e-46c7-b911-b22f7413471c,2015-09-13,49.72174678,4.767499573,32.6,31.134922096000004,tC/acre,0.2,1.1800000000000002,Grassland without tree/shrub cover
39462794,2018-09-18,75dab187-54cb-4d7b-b97b-5edab36a70d1,ca00d9a6-522e-4be4-b931-32f006e29500,2015-09-18,48.14431891,4.958823484,48.7,46.51137135200001,tC/acre,0.2,1.1800000000000002,Grassland without tree/shrub cover
39482622,2018-05-16,cd66c109-ed59-4f22-8d9a-e162f3930a44,083d7935-9e40-4469-ad55-d97cced3012b,2015-05-16,46.60128209,5.132734481,31.1,25.9517847452,tC/acre,0.2,1.031,Grassland without tree/shrub cover
39522304,2018-05-03,c2e377ad-17b5-49fc-9c0f-ef38a0cbb582,ba17ec27-b6fb-43ae-b1d7-f83e5d1993d2,2015-05-03,43.74391982,5.426959898,17.0,20.253724928000004,tC/acre,0.2,1.472,Grassland without tree/shrub cover
39542764,2018-09-25,74a5c6f5-fc3e-4d05-912f-461736e83449,b618c705-3046-4523-b02f-43f80cb06a18,2015-09-25,47.87991286,5.092132514,54.9,52.43273690400001,tC/acre,0.2,1.1800000000000002,Grassland without tree/shrub cover
39562320,2018-08-23,351ea729-2931-42bf-8b98-f6a982383b40,c2846e3c-1dd1-4150-b292-f69cc4578641,2015-08-23,43.89015624,5.465127082,43.3,41.35405296800001,tC/acre,0.2,1.1800000000000002,Grassland without tree/shrub cover
39563112,2018-08-16,32adc0be-eab1-4222-8cc4-fd641dc6d8a2,8a5ff386-9191-4960-b0b3-d33fe85a2d88,2015-08-16,51.00235798,4.795165913,33.2,31.707957472000007,tC/acre,0.2,1.1800000000000002,Grassland without tree/shrub cover
39582456,2018-07-23,4b3e6016-0316-4c68-8467-058213e4df91,f3711cf4-44ab-476f-b64e-5da133e8d96f,2015-07-23,45.11498559,5.391284692,38.5,36.76976996000001,tC/acre,0.2,1.1800000000000002,Grassland without tree/shrub cover
39582636,2018-07-12,e6de37ed-d763-4844-a4bc-aed9ac701e2c,e0205776-0a39-49a2-a68f-a283740e0879,2015-07-12,46.73287115,5.251657038,26.3,25.118050648000004,tC/acre,0.2,1.1800000000000002,Grassland without tree/shrub cover
39622388,2018-05-21,7411ea9c-f9ff-4fcb-a281-6a2d79a9cf15,044b4c1e-3d76-411c-ac33-bd70bb52f028,2015-05-21,44.50545353,5.491435906,39.8,37.35097999319999,tC/acre,0.2,1.1595,Grassland without tree/shrub cover
39642470,2018-06-22,a99b07f8-22d2-4b45-9243-216dc799b8c1,7af57dd8-91dd-4363-be9a-f73c2cf987b8,2015-06-22,45.24420887,5.456993131,160.4,76.0764355168,tC/acre,0.2,0.586,Grassland without tree/shrub cover
39642578,2018-06-26,a43bda74-f1a3-4902-966d-7013559cb592,c4d2afd0-0a5d-4114-b8d8-1daf33ae3c5a,2015-06-26,46.21514461,5.375382067,15.5,14.803413880000004,tC/acre,0.2,1.1800000000000002,Grassland without tree/shrub cover
39662942,2018-06-01,50c343e7-74bf-440b-9c98-0a8964b4ddee,3991cdb1-0a8c-4960-a69e-3a45e1418564,2015-06-01,49.48427402,5.097498945,26.5,25.309062440000005,tC/acre,0.2,1.1800000000000002,Grassland without tree/shrub cover
39662968,2018-09-12,7b905c7f-6b48-44b8-a4cd-907ab71d7caf,bb53156e-38cc-46bd-8405-4f6e7e4d1470,2015-09-12,49.71748152,5.073824571,29.6,28.269745216000008,tC/acre,0.2,1.1800000000000002,Grassland without tree/shrub cover
39663018,2018-06-05,997f2c48-ee58-4f05-80a7-4b2f345432a5,f5ec8ac2-8ae3-4d4d-840f-fcd1f9737d7b,2015-06-05,50.16588804,5.027481981,16.6,16.196585903600003,tC/acre,0.2,1.2055,Grassland without tree/shrub cover
39682512,2018-07-04,c21d18d1-728a-4e54-8ca2-8fe4c0818286,c700b978-4ee9-4601-b384-2d85b824a0df,2015-07-04,45.62407641,5.47684639,42.3,40.39899400800001,tC/acre,0.2,1.1800000000000002,Grassland without tree/shrub cover
39702634,2018-05-22,d702f173-c11b-4986-a960-63835da2dce4,b789a383-7dbb-4695-b1b5-512b86e410b5,2015-05-22,46.72169664,5.409829764,28.4,27.123674464000004,tC/acre,0.2,1.1800000000000002,Temporary grassland
39702750,2018-10-08,0fefa326-3226-4d93-b4ab-8b2981957fa2,5da26460-bdbe-48fe-9252-d0ce9813503f,2015-10-08,47.76356065,5.317096535,46.1,44.028218056000014,tC/acre,0.2,1.1800000000000002,Grassland without tree/shrub cover
39722556,2018-06-18,731a0141-611f-4d8e-a8b4-06919c5f6917,f6bbf6f6-8b17-440e-a959-1c1098a53786,2015-06-18,46.02182711,5.495346792,48.2,46.03384187200001,tC/acre,0.2,1.1800000000000002,Grassland without tree/shrub cover
39722592,2018-06-06,02dec90e-839c-450f-a307-9eb4f0c82c2d,ac6a4176-11ed-4859-b0a6-3036214e8b9b,2015-06-06,46.34539788,5.468171923,25.9,24.736027064000005,tC/acre,0.2,1.1800000000000002,Grassland without tree/shrub cover
39722602,2018-06-06,e519afc2-4ae4-4558-b3cf-4813189bd189,79b0832d-87db-4846-ab9d-ff9bdc710b37,2015-06-06,46.43526581,5.460547858,50.1,47.84845389600002,tC/acre,0.2,1.1800000000000002,Grassland without tree/shrub cover
39742788,2018-05-23,31c48e99-2201-4507-abc4-48b7ebdd7306,12cc6d11-91c0-46b4-b6ea-ce19c218d09e,2015-05-23,48.10700067,5.339261598,35.2,28.062545984000003,tC/acre,0.2,0.985,Grassland without tree/shrub cover
39743134,2018-08-31,11426245-645f-4452-a61b-64a78bafa3bf,0e64f699-ed89-4de1-a2d3-9c7fc19f813c,2015-08-31,51.21081227,5.029903618,24.1,23.016920936000005,tC/acre,0.2,1.1800000000000002,Temporary grassland
39762892,2018-06-19,9a160afb-f38e-49c9-8aed-c12739b8a34e,faa1e40a-ad87-4f79-8a22-688555b532be,2015-06-19,49.04157178,5.278731421,37.9,36.196734584,tC/acre,0.2,1.1800000000000002,Grassland without tree/shrub cover
39782516,2018-06-14,bc9c58b7-7450-4488-b30c-cf578f68d7cc,44bf8718-ffe2-4db4-b5c0-3b0a6536d36a,2015-06-14,45.66543442,5.601828146,51.3,48.99452464800001,tC/acre,0.2,1.1800000000000002,Grassland without tree/shrub cover
39782614,2018-05-16,23c44475-a880-46d2-9782-2d160ac862cc,73c8a538-7a27-491c-add9-e8c19aed60e8,2015-05-16,46.54637889,5.529388996,35.3,27.7994191468,tC/acre,0.2,0.973,Grassland without tree/shrub cover
39783128,2018-09-12,ac1d25ae-3660-4df3-a95a-5dd2c2f42744,4c309ff0-11f6-4934-83b0-7895de843f40,2015-09-12,51.15944996,5.092775544,30.2,28.842780592000008,tC/acre,0.2,1.1800000000000002,Temporary grassland
39783196,2018-06-14,7dacc18a-fd75-43f5-82cb-e512fe282255,5c8abe53-b39c-44ba-b5a5-42825ca37615,2015-06-14,51.76903309,5.02674845,82.4,68.39290524640002,tC/acre,0.2,1.0255,Grassland without tree/shrub cover
39802484,2018-07-16,d6c553f9-c290-4041-9375-08ca2881f6bf,e5ba6986-0cec-47f5-b2d1-ac46cd758835,2015-07-16,45.37871235,5.65028992,34.3,31.3149264288,tC/acre,0.2,1.128,Grassland without tree/shrub cover
39802646,2018-05-23,13cf4115-316b-4e0d-8106-077efdb4593d,72d28157-5ffe-4c4e-a902-5dec43094d9e,2015-05-23,46.83500668,5.531214456,52.9,50.522618984000005,tC/acre,0.2,1.1800000000000002,Grassland without tree/shrub cover
39803204,2018-05-14,6fe73f43-23a9-45f4-be2c-c501d1469305,4534d1fe-fd52-44b2-bf7e-8da98f20f777,2015-05-14,51.84196423,5.047798058,59.4,50.74495347240001,tC/acre,0.2,1.0555,Grassland without tree/shrub cover
39822452,2018-07-09,94027e5e-0c87-4176-b53d-fcb98e6877f0,02956db8-5b8c-4da6-9f19-1832bdd2de69,2015-07-09,45.09190936,5.698178841,29.1,27.79221573600001,tC/acre,0.2,1.1800000000000002,Grassland without tree/shrub cover
39842492,2018-07-16,29978459-906a-438f-94fc-1969fa0209f6,51ddf63e-650b-4416-a7bc-83dd3604785a,2015-07-16,45.45275589,5.695593487,35.4,32.791949391600006,tC/acre,0.2,1.1445,Grassland without tree/shrub cover
39842528,2018-07-09,fe6bff0a-629c-4d22-820f-1bd91c8561ce,80a571e7-a47e-4ccd-a326-00f4d3674665,2015-07-09,45.77650383,5.670058009,26.0,24.831532960000004,tC/acre,0.2,1.1800000000000002,Grassland without tree/shrub cover
39882450,2018-07-10,e7c7268f-8550-4975-b978-fff3585b7f16,37f52171-b849-447c-b87f-4d3aee6a4351,2015-07-10,45.07700279,5.775543434,45.2,44.3393406528,tC/acre,0.2,1.212,Grassland without tree/shrub cover
39882486,2018-07-16,66e34876-31e4-4854-8423-d105bf4d006b,ca8691b4-5eb1-4925-8045-119a0ce00a51,2015-07-16,45.40085567,5.750756363,54.4,51.95520742400001,tC/acre,0.2,1.1800000000000002,Grassland without tree/shrub cover
39882756,2018-10-01,7f342459-1939-4bea-acad-a9af789f15db,15123ec9-e2d8-4779-a46e-149209a64282,2015-10-01,47.82743327,5.552043419,82.7,46.95494767660001,tC/acre,0.2,0.7015,Grassland without tree/shrub cover
39883120,2018-09-16,911c1379-0e1f-4b3c-a9dd-60e416c2e35d,e5377243-ec16-4b4f-8672-449ef0031a27,2015-09-16,51.09365844,5.242872444,34.7,33.140545912000015,tC/acre,0.2,1.1800000000000002,Grassland without tree/shrub cover
39902632,2018-06-07,8c6e7566-6751-4c32-95c0-78ed4f295a3f,a74d67c9-fbaf-4200-b386-99d55e5ad72c,2015-06-07,46.71453735,5.67231306,37.7,36.005722792000014,tC/acre,0.2,1.1800000000000002,Grassland without tree/shrub cover
39903190,2018-07-12,21cc81fd-6cf4-4090-a73c-8c05d3cfb31c,5e7a4e9f-90e2-4f98-9889-c8a5d3208545,2015-07-12,51.72246187,5.205977711,38.6,36.86527585600001,tC/acre,0.2,1.1800000000000002,Grassland without tree/shrub cover
39922770,2018-09-28,6b5f764d-22e3-4845-a507-88e9ee7f58be,c756af98-33e5-43ab-bd6a-d602e41cd151,2015-09-28,47.9553125,5.594528974,45.9,43.83720626400001,tC/acre,0.2,1.1800000000000002,Grassland without tree/shrub cover
39962440,2018-05-22,239906a0-c7bc-4981-8829-7019e80d6776,50cc52c7-be78-436d-9e67-5ade09de3073,2015-05-22,44.9910514,5.883508224,36.9,33.3451956222,tC/acre,0.2,1.1165,Grassland without tree/shrub cover
39962570,2018-06-27,8dfebe8a-7277-452b-98ff-739c860eac9c,83d90157-6af3-4f83-a7ce-96a43345e431,2015-06-27,46.16033562,5.794731377,75.8,72.393469168,tC/acre,0.2,1.1800000000000002,Grassland without tree/shrub cover
39982762,2018-10-01,c032e5e2-8f79-4517-b624-122ca5eb06aa,ac468081-3bd6-46c9-a264-8ac6312f8f9f,2015-10-01,47.88665118,5.680793273,59.8,56.507520238,tC/acre,0.2,1.1675,Grassland without tree/shrub cover
39982916,2018-06-05,8c494b1d-7c17-4c54-8393-3150fbdd63a2,d93ed5dc-1946-43d9-9980-58166133a348,2015-06-05,49.2692571,5.559689849,86.3,43.2713338302,tC/acre,0.2,0.6194999999999999,Grassland without tree/shrub cover
40002632,2018-06-12,d4d4761f-e91d-43ce-8b13-89cfc620c88f,24572f92-be26-4501-9847-c5066ebcb1bb,2015-06-12,46.71970533,5.802811322,62.6,36.4040147532,tC/acre,0.2,0.7184999999999999,Grassland without tree/shrub cover
40002938,2018-06-14,aeaa5734-8551-40f4-9d6b-f983d80f9578,3265e640-3d76-4a4f-9f21-3ce334f14bf2,2015-06-14,49.46778171,5.569227822,19.4,20.7106963592,tC/acre,0.2,1.319,Temporary grassland
40022388,2018-06-17,6916954f-4c49-4990-b77e-38f92ba6418e,4b31e957-288c-48a8-9caf-2a2a87bc1acb,2015-06-17,44.52597365,5.992911405,26.6,20.076067774,tC/acre,0.2,0.9325,Grassland without tree/shrub cover
40022690,2018-07-19,86270a49-c0e1-4fed-b133-19aa19853bcc,0bec12fa-409d-4f1b-b179-eb99a8597869,2015-07-19,47.24193844,5.787318259,33.1,31.61245157600001,tC/acre,0.2,1.1800000000000002,Grassland without tree/shrub cover
40023184,2018-07-11,19870e06-c9e0-422a-a2cf-4365faad56c1,5e059e2a-9bc2-435c-afb4-784ae9280ba7,2015-07-11,51.67561477,5.384830969,23.3,22.252873768000004,tC/acre,0.2,1.1800000000000002,Grassland without tree/shrub cover
40043010,2018-07-18,90916f41-594f-46ee-b349-83ddecaafb6f,ed74fb02-0973-4dfe-b1bb-e7dc1ec41feb,2015-07-18,50.1160249,5.565194023,34.1,32.56751053600001,tC/acre,0.2,1.1800000000000002,Temporary grassland
40062390,2018-06-17,1ffe65fc-98a9-45c2-9373-959eaa6df2ab,a7248a06-ad4e-4730-b826-19e5f240b098,2015-06-17,44.54589791,6.041816115,27.4,26.168615504,tC/acre,0.2,1.1800000000000002,Temporary grassland
40062886,2018-05-27,2e55c94c-4ad7-43e9-abd1-f25ffe247e1e,1e2cde35-980c-4d68-9102-1013a243c073,2015-05-27,49.00425354,5.693102198,17.1,16.331508216000007,tC/acre,0.2,1.1800000000000002,Grassland without tree/shrub cover
40082416,2018-06-18,f6e1488b-9b1e-489a-9ce5-880dbc6723f2,746a5560-f0c9-4cb9-936d-3a62d128db67,2015-06-18,44.78089584,6.050529925,30.6,29.224804176000006,tC/acre,0.2,1.1800000000000002,Grassland without tree/shrub cover
40082614,2018-06-20,7178d80d-8a8f-4f73-8426-35d5e76f3d82,79fd0071-3f5d-4670-b0f6-92dc67e4146a,2015-06-20,46.56192282,5.919684673,53.0,50.61812488000001,tC/acre,0.2,1.1800000000000002,Grassland without tree/shrub cover
40082884,2018-05-27,c9d502fa-93f7-40b8-a3f4-d8acb77644d9,a462d332-0900-4a30-abb5-7490cde3a727,2015-05-27,48.98734744,5.72194857,38.4,29.758989696,tC/acre,0.2,0.9575,Grassland without tree/shrub cover
40102530,2018-06-29,aa60d5de-1f41-48db-bc5b-1f203e2fbfba,c604c9d2-34f3-4dd2-a219-bde0ed6cec5d,2015-06-29,45.80758126,6.002219737,26.6,27.966554464800005,tC/acre,0.2,1.299,Grassland without tree/shrub cover
40102644,2018-07-11,590264f0-1248-46ed-a283-652f571bce6a,54781ef1-1424-40bd-8b72-1b0e15df60ea,2015-07-11,46.83257699,5.925025169,38.3,36.578758168,tC/acre,0.2,1.1800000000000002,Grassland without tree/shrub cover
40102680,2018-07-18,b01f15f6-1f9e-4ea3-a0f0-7e803c969635,9030741d-a995-4874-9d76-070cea8ca55f,2015-07-18,47.1561185,5.899839703,34.6,31.546811506800005,tC/acre,0.2,1.1265,Grassland without tree/shrub cover
40142552,2018-07-05,25b3f7ae-55e3-4af5-8dc4-7e190695d7c9,510e035f-1c52-45af-ab6b-86dbb4520088,2015-07-05,46.00737221,6.039138674,32.3,30.848404408000007,tC/acre,0.2,1.1800000000000002,Grassland without tree/shrub cover
40142776,2018-06-28,1e113eef-56cf-4327-93e8-e6d2c9e0dedd,813ca266-8102-4a01-91af-6e5e9013397e,2015-06-28,48.02060803,5.884208323,27.4,25.580930494800008,tC/acre,0.2,1.1535000000000002,Grassland without tree/shrub cover
40162496,2018-06-06,a7891652-78cc-446d-978b-b1b4f738578c,a65fa6d9-65d8-4d9f-9bb2-cc82c0af5143,2015-06-06,45.50459528,6.101092775,30.7,29.32031007200001,tC/acre,0.2,1.1800000000000002,Grassland without tree/shrub cover
40162726,2018-07-27,badfbe46-9b23-4da5-94d1-eeae4343b8ad,93cee050-7327-47b1-b88b-65b3ffa53619,2015-07-27,47.57242555,5.946663272,31.8,21.027970183200004,tC/acre,0.2,0.817,Grassland without tree/shrub cover
40162784,2018-06-29,03ebe700-7a93-464f-8776-400ba245682e,9daedadb-ea6d-4e00-a288-c5e002239e8c,2015-06-29,48.09346534,5.905187527,35.0,33.42706360000001,tC/acre,0.2,1.1800000000000002,Grassland without tree/shrub cover
40163006,2018-09-12,b78c5132-1bc5-4f78-b734-de142406c827,e9fb6f61-f266-4785-88a9-55f972080472,2015-09-12,50.08652615,5.73593503,22.8,21.775344288000003,tC/acre,0.2,1.1800000000000002,Grassland without tree/shrub cover
40182638,2018-07-09,bdda4eff-6a2a-448a-9464-13cda21e597d,e7285e49-238f-4bb5-bcda-070c3769bf33,2015-07-09,46.78254574,6.033722852,32.9,31.421439784000004,tC/acre,0.2,1.1800000000000002,Grassland without tree/shrub cover
40202392,2018-06-14,4f96cdb2-44e2-4174-a0c6-e8e5ddd97a50,553650f1-c63f-496b-9729-0b59d6764149,2015-06-14,44.57043452,6.216267631,49.6,47.370924416000015,tC/acre,0.2,1.1800000000000002,Grassland without tree/shrub cover
40202554,2018-07-05,36fb6dd7-25a6-4c05-a8ab-f68c4e282899,85b82068-dd78-435d-a941-abaa7f147e1d,2015-07-05,46.02820767,6.115134717,26.7,25.500074232000006,tC/acre,0.2,1.1800000000000002,Grassland without tree/shrub cover
40222800,2018-07-04,7e168ea5-117f-49f1-9fc5-2543f18b6c53,371ba214-2f58-4042-ae66-fb94d73ce6d6,2015-07-04,48.24014578,5.974193502,63.6,60.74174985600002,tC/acre,0.2,1.1800000000000002,Grassland without tree/shrub cover
40243138,2018-05-29,4f6c0931-1183-4fcc-ba60-427d0ba56554,8a326ba1-bbe4-4082-aae0-ebdfc84ae435,2015-05-29,51.27504818,5.741121701,19.7,18.814661512,tC/acre,0.2,1.1800000000000002,Grassland without tree/shrub cover
40243210,2018-07-17,110934b6-a6e1-47ba-a793-d85194618ff6,cf21dae3-5549-4296-9666-66a5a2637527,2015-07-17,51.9208923,5.680151171,70.1,66.949633096,tC/acre,0.2,1.1800000000000002,Grassland without tree/shrub cover
40262560,2018-07-05,9317e3a7-b4c1-4d79-96f1-1b7a04998837,d655123d-69ed-4710-9c07-4cca45d41b3e,2015-07-05,46.08496582,6.188650434,29.2,27.88772163200001,tC/acre,0.2,1.1800000000000002,Grassland without tree/shrub cover
40263330,2018-09-04,bbb599cd-162f-4729-8d15-e0ee2fff73d7,2e56c568-0f02-4275-b1bf-930b4e5d4423,2015-09-04,52.99815229,5.603342987,48.0,45.84283008000001,tC/acre,0.2,1.1800000000000002,Grassland without tree/shrub cover
40282972,2018-08-21,4f6c0726-c509-43ab-b286-5c11a7748edc,f7266f7c-c03e-4d1d-8462-dc84b591b8f1,2015-08-21,49.7874991,5.929382498,28.3,27.02816856800001,tC/acre,0.2,1.1800000000000002,Grassland without tree/shrub cover
40283004,2018-09-11,2018c102-bc22-4c6d-bc4d-99cb439732cd,627da8b9-cdd2-43f9-b108-a201da4a3892,2015-09-11,50.07472065,5.904920076,25.3,26.128794401600004,tC/acre,0.2,1.276,Temporary grassland
40302366,2018-06-12,373ccc0f-7937-4a5d-9d42-77a1297c06aa,be13d4fa-6c97-44b1-b570-07cdbb614b1a,2015-06-12,44.34078354,6.356879559,42.0,40.112476320000006,tC/acre,0.2,1.1800000000000002,Grassland without tree/shrub cover
40302370,2018-06-12,7783482e-8b40-4ef7-b77a-a91066580c01,dba17cca-db4e-4fab-a9e1-1a7739ab3bff,2015-06-12,44.37680717,6.354570114,40.6,38.775393776,tC/acre,0.2,1.1800000000000002,Grassland without tree/shrub cover
40303258,2018-06-11,0365fd29-a3fa-4bad-a38c-a067a9ac3478,a35810b0-6ebf-4db0-9954-e5c68e62dcaa,2015-06-11,52.35458861,5.726218546,27.5,26.264121400000004,tC/acre,0.2,1.1800000000000002,Grassland without tree/shrub cover
40322650,2018-08-05,4a870834-492c-4ba9-a992-e207446164a4,0796a5a9-d664-4e08-94d5-687447dc8fbc,2015-08-05,46.89700743,6.20895501,66.6,63.60692673600001,tC/acre,0.2,1.1800000000000002,Grassland without tree/shrub cover
40342820,2018-05-22,6ca4bd78-2e40-47c3-ae50-5318590ba048,11aa45bc-826c-4c32-888c-da2766a6939e,2015-05-22,48.42556894,6.121696389,62.8,59.97770268800002,tC/acre,0.2,1.1800000000000002,Grassland without tree/shrub cover
40363052,2018-07-11,e9c2e699-7b54-4808-9011-590bfe99311b,75174d59-750f-4d00-9180-285b9bb9c687,2015-07-11,50.50949256,5.980151995,77.1,73.63504581600002,tC/acre,0.2,1.1800000000000002,Grassland without tree/shrub cover
40382762,2018-07-30,4bb703d2-d771-4cb8-8fa6-7de7fc55861e,ff1be6a3-952b-485f-a6d6-284d627650dc,2015-07-30,47.90637312,6.214792798,31.8,30.37087492800001,tC/acre,0.2,1.1800000000000002,Grassland without tree/shrub cover
40382968,2018-07-06,6dd4332c-5be8-43ed-9f57-5715400591cb,096c9cbe-0c5f-4690-8958-1c0b7d40ff39,2015-07-06,49.75648669,6.070996623,69.1,65.99457413600003,tC/acre,0.2,1.1800000000000002,Grassland without tree/shrub cover
40382996,2018-08-29,07357c07-3222-4e4a-ad2f-847260801b32,376bb308-6c89-4750-a657-9ec9f2bf4e2f,2015-08-29,50.00784052,6.050375657,28.1,26.83715677600001,tC/acre,0.2,1.1800000000000002,Temporary grassland
40383036,2018-07-10,1b59a63d-e211-43a9-ba82-6e0442585fb2,4055a1b4-eefd-4fc9-9758-07664587ae8b,2015-07-10,50.36687488,6.020442814,48.5,46.320359560000014,tC/acre,0.2,1.1800000000000002,Grassland without tree/shrub cover
40383310,2018-08-23,4442efa2-611d-482d-a748-30c12ae805b1,5efd5d70-35f6-4d29-a655-23d2fdbee447,2015-08-23,52.82516472,5.799159338,73.2,69.91031587200003,tC/acre,0.2,1.1800000000000002,Grassland without tree/shrub cover
40402524,2018-05-29,e339f125-c00e-4738-8ede-0c622771932e,56b669e2-6fd0-4a96-8aaa-10bc36311640,2015-05-29,45.76740423,6.390884454,33.2,31.707957472000007,tC/acre,0.2,1.1800000000000002,Grassland without tree/shrub cover
40442638,2018-08-07,92a21934-1227-4364-a0dd-0b6c6b542406,a1375945-49d8-4207-87a9-0b4de5581b05,2015-08-07,46.7945166,6.373566883,39.6,37.820334816000006,tC/acre,0.2,1.1800000000000002,Grassland without tree/shrub cover
40442880,2018-05-23,aaa5c317-8524-4b89-a39d-da0f5fe78f5e,17e935ab-60ba-4468-af11-8ef9f8f2ad60,2015-05-23,48.96914578,6.215918187,41.4,36.9928328832,tC/acre,0.2,1.104,Grassland without tree/shrub cover
40462680,2018-08-01,34762d1c-7246-4486-b379-e90694172086,4957aabf-cec7-49da-8fcd-5b69da3d0ab4,2015-08-01,47.17300398,6.373746927,61.3,42.8173166068,tC/acre,0.2,0.863,Grassland without tree/shrub cover
40462792,2018-06-29,1d5f265f-a8eb-45ec-aa73-ba7a488d552a,2f35782c-9366-4539-a572-1c9df6f3b96e,2015-06-29,48.17956649,6.302089471,44.6,42.59562961600001,tC/acre,0.2,1.1800000000000002,Grassland without tree/shrub cover
40482780,2018-07-23,ae440f8a-8188-4a3d-b726-b4f91808c7c4,826e12d7-4cfe-48b2-8693-2c0f224f7282,2015-07-23,48.07264206,6.336737472,20.0,19.1011792,tC/acre,0.2,1.1800000000000002,Grassland without tree/shrub cover
40502692,2018-07-27,06a50c35-036f-4a8e-ba5e-b6a70a75d655,b5d3c583-a304-4ac7-ae0b-8f248653c3a9,2015-07-27,47.28262979,6.41902067,33.2,31.707957472000007,tC/acre,0.2,1.1800000000000002,Grassland without tree/shrub cover
40522492,2018-05-18,74f13594-5005-4e28-993d-462c39cfb11c,33697864-f7cb-45c7-b816-5d757a0fc0f4,2015-05-18,45.48455614,6.562942661,48.1,38.65827764760001,tC/acre,0.2,0.993,Grassland without tree/shrub cover
40522906,2018-06-26,c79c27f7-ac0c-484e-b53d-5297a8291968,d9823721-f6c9-4e95-af02-1afc270ff356,2015-06-26,49.20630316,6.307570453,26.1,17.406677980800005,tC/acre,0.2,0.8240000000000001,Grassland without tree/shrub cover
40562312,2018-05-23,063075e0-2a01-4bc1-9304-375d16dde9b1,31d3d67f-af5d-4d6d-b6ac-d3bdf726a723,2015-05-23,43.86515389,6.710065175,59.1,56.44398453600001,tC/acre,0.2,1.1800000000000002,Grassland without tree/shrub cover
40562532,2018-05-18,21eaee51-3ce9-4d66-82dd-68c4f0e2f916,d35856e3-8134-4817-b2c3-8035affc7c24,2015-05-18,45.84617559,6.591627118,37.9,29.1107636612,tC/acre,0.2,0.949,Grassland without tree/shrub cover
40563284,2018-05-26,75768f86-3f6f-4e4e-b665-d990bf2c0a16,0eacc339-1a2c-4ce9-bdb3-4769abedab4a,2015-05-26,52.60095605,6.086738866,51.9,40.620195375600005,tC/acre,0.2,0.967,Grassland without tree/shrub cover
40582782,2018-06-22,57ee29b0-8bac-4a6a-928e-1027ac2c0205,4bda4f89-27ba-4655-a4b2-afb3fc8de4ad,2015-06-22,48.09499291,6.469489449,27.0,27.469276308000005,tC/acre,0.2,1.257,Grassland without tree/shrub cover
40602678,2018-05-25,58be0f80-7ad9-400a-85ec-40c6749708ec,81d452f5-f4bb-480f-80b1-c1514daf3942,2015-05-25,47.16102963,6.559300807,39.6,37.820334816000006,tC/acre,0.2,1.1800000000000002,Grassland without tree/shrub cover
40602864,2018-07-16,e1cc5810-deae-4bcb-9909-37f9638fe407,556efbf7-53fa-4795-8fef-78ebabc810b4,2015-07-16,48.8325982,6.444510733,35.6,34.00009897600001,tC/acre,0.2,1.1800000000000002,Grassland without tree/shrub cover
40622664,2018-07-31,dee7beac-af2c-4072-b91d-4acd9ef46064,f74aca0c-2afe-4ccc-8d3c-4dd290c7ff34,2015-07-31,47.03598089,6.593831182,66.2,43.212613891600014,tC/acre,0.2,0.8065,Grassland without tree/shrub cover
40622800,2018-07-24,32316f3f-1b80-44a9-9acd-3245bc630ff3,53a0b084-f7d2-40b9-abfe-1c595c3ab156,2015-07-24,48.25845076,6.511995358,31.9,30.46638082400001,tC/acre,0.2,1.1800000000000002,Grassland without tree/shrub cover
40623226,2018-07-16,4e37d902-1365-41c0-975b-b7f5131303a8,b8185f4d-5df9-4d71-8ccb-50114f776cbb,2015-07-16,52.08340249,6.219800114,64.1,52.37361227940001,tC/acre,0.2,1.0095,Grassland without tree/shrub cover
40623316,2018-08-07,475ccb06-ea4a-4c38-aff1-3d98fbcb5050,97506003-8214-49b4-9f7c-4b625d2f5998,2015-08-07,52.89092851,6.150015955,51.3,48.99452464800001,tC/acre,0.2,1.1800000000000002,Grassland without tree/shrub cover
40642558,2018-06-27,04f6ed22-6992-4eab-a822-7c454ee5b742,f5ecea49-5b96-4be3-9acb-d5b3493e44e1,2015-06-27,46.08337359,6.680102034,37.3,35.623699208000005,tC/acre,0.2,1.1800000000000002,Grassland without tree/shrub cover
40662730,2018-08-04,bdc27504-cef8-4514-9dd6-2f298cb10371,20301a10-f5f9-4a8d-ae08-e358a5d17c05,2015-08-04,47.63100323,6.607878421,26.4,25.213556544000003,tC/acre,0.2,1.1800000000000002,Grassland without tree/shrub cover
40663302,2018-07-18,4cfd7eff-f52b-46cf-91e5-af3958d82a03,0c24a14b-aa16-4513-a64b-c7f3f43f7024,2015-07-18,52.76720443,6.220266266,30.0,28.65176880000001,tC/acre,0.2,1.1800000000000002,Grassland without tree/shrub cover
40682920,2018-06-25,7c24513c-1b66-4094-a7c1-0568dc80d3aa,83c1691f-b2e0-4aa2-b5e4-81d52292ff53,2015-06-25,49.33905606,6.517959871,27.35,22.1805968484,tC/acre,0.2,1.002,Temporary grassland
40702664,2018-05-25,dc61acee-88c9-45de-8ad4-d26409fb3621,4549d6c4-d53b-41e8-9b07-310509422c29,2015-05-25,47.03923726,6.698917032,66.3,58.2762408696,tC/acre,0.2,1.086,Grassland without tree/shrub cover
40702780,2018-07-23,8dd48863-e4b7-4f9d-be0a-32083f33fbe4,481c89d8-5713-4f7d-95cf-dfc86b63c544,2015-07-23,48.08205921,6.631566337,42.9,40.97202938400001,tC/acre,0.2,1.1800000000000002,Grassland without tree/shrub cover
40723226,2018-05-24,fafae7d9-99fa-4c9b-84b2-0ee1aff9df7e,d8080243-f477-4411-8bb6-ef6c8a6e7194,2015-05-24,52.08797324,6.365525391,30.6,31.391897706000005,tC/acre,0.2,1.2675,Grassland without tree/shrub cover
40742708,2018-07-23,487fde27-a85b-497d-978f-ffe44b98906e,fabd08d1-49e9-43d5-b031-5fce1eb91a6e,2015-07-23,47.43646512,6.726724404,32.4,30.94391030400001,tC/acre,0.2,1.1800000000000002,Grassland without tree/shrub cover
40743266,2018-07-13,353ddfcd-7df1-418c-a733-0673e2da59a8,f058a748-c399-417b-9d1a-036dd2e7d46f,2015-07-13,52.44783326,6.365454898,33.5,33.11970458300001,tC/acre,0.2,1.2215,Grassland without tree/shrub cover
40743284,2018-05-29,18bf57cf-4424-4dba-84e9-2302a19f0981,3292c951-4320-4880-9928-639c57ed6741,2015-05-29,52.60936018,6.352115882,18.2,17.382073072000004,tC/acre,0.2,1.1800000000000002,Grassland without tree/shrub cover
40782846,2018-05-28,47390897-af43-4fc7-9e85-0e391cf8cfb3,f6f86b28-419b-40b1-b41f-f52a92894fb0,2015-05-28,48.67840811,6.700153528,16.9,19.9978015016,tC/acre,0.2,1.462,Temporary grassland
40783020,2018-07-11,412bbad0-9369-45d3-8d94-679c9a75679c,637dc456-2a5d-4cad-89e2-dcd8afb431c0,2015-07-11,50.24134447,6.592470268,30.5,29.129298280000004,tC/acre,0.2,1.1800000000000002,Grassland without tree/shrub cover
40803286,2018-05-24,08a3d097-d9a6-4c6e-87a2-92d111bed5d5,e7565935-08bf-4bc5-a301-3e7dc34c7b2b,2015-05-24,52.62997896,6.439141755,52.3,51.431139054,tC/acre,0.2,1.215,Grassland without tree/shrub cover
40822860,2018-05-22,142f018e-fcac-410c-bb4f-c90c30d7c574,f446ac2c-3fc5-4d7f-880a-58201594036a,2015-05-22,48.80580135,6.746197623,24.5,18.689411195,tC/acre,0.2,0.9425,Grassland without tree/shrub cover
40822936,2018-05-16,109d13bf-572f-4266-bd42-eb9fa7bebabb,17be94aa-cfba-4f01-8b91-2a451c72feab,2015-05-16,49.48857498,6.700690639,83.0,79.26989368000002,tC/acre,0.2,1.1800000000000002,Grassland without tree/shrub cover
40823260,2018-05-30,459442ab-c6c3-4844-b819-8a543c44859a,12d6aec3-a35b-4e5f-933e-bfe38786dfa6,2015-05-30,52.39751604,6.487277459,17.9,17.095555384000004,tC/acre,0.2,1.1800000000000002,Grassland without tree/shrub cover
40842690,2018-07-25,f4f8ab23-c607-4d50-b19a-3ab5717c1fd5,f6358b74-c38a-4d5d-8241-4ee758f6edcf,2015-07-25,47.27850735,6.868871277,48.0,45.84283008000001,tC/acre,0.2,1.1800000000000002,Grassland without tree/shrub cover
40862692,2018-07-25,c1a83d60-7e42-4626-9c44-082ce6e6bbc3,2e08f888-4973-4245-b5e3-1d4f470b0b29,2015-07-25,47.29724971,6.894194474,43.8,41.831582448000006,tC/acre,0.2,1.1800000000000002,Grassland without tree/shrub cover
40862974,2018-07-17,e99021d2-ab63-4206-b63f-f8556c5a18eb,add862f5-ad2c-4c7a-8b87-c902462a2a8e,2015-07-17,49.83150303,6.732872478,21.1,20.151744056000005,tC/acre,0.2,1.1800000000000002,Grassland without tree/shrub cover
40882942,2018-05-16,8be7b227-d615-42f2-a659-f8377b6d51fd,ac076993-f786-4dcc-b0c8-1adc8edfb1e5,2015-05-16,49.54486319,6.779852384,36.7,35.05066383200001,tC/acre,0.2,1.1800000000000002,Grassland without tree/shrub cover
40883024,2018-05-25,cabbcda8-1586-428d-8b03-4e6aa2ee35e0,4a4b20da-60c2-4f33-99ff-a5baade17611,2015-05-25,50.28135716,6.73005161,52.7,36.8316464494,tC/acre,0.2,0.8634999999999999,Grassland without tree/shrub cover
40923018,2018-05-24,587b23fc-ae29-43cf-9d98-76f7968f6f34,d37007a7-611d-484b-9ca1-c605d58cb07d,2015-05-24,50.22906159,6.789768107,31.0,29.60682776000001,tC/acre,0.2,1.1800000000000002,Grassland without tree/shrub cover
40942872,2018-06-05,33819ce0-3e9c-4b37-bfc8-70e369552d4d,4441bad7-6649-4732-abba-341b14533c26,2015-06-05,48.9182779,6.902666485,29.5,28.174239320000005,tC/acre,0.2,1.1800000000000002,Grassland without tree/shrub cover
40943358,2018-06-27,507047b5-1490-4b3a-8159-484d49fcb542,7c9e1b5d-9c46-4f1f-aee8-57c056bb87d4,2015-06-27,53.28216721,6.595484407,30.0,28.65176880000001,tC/acre,0.2,1.1800000000000002,Grassland without tree/shrub cover
40963290,2018-06-02,a27447b9-6969-4649-8a7a-5917000c4208,537c487e-124e-4256-a020-4333289c83a6,2015-06-02,52.67268587,6.672511019,85.0,81.18001160000001,tC/acre,0.2,1.1800000000000002,Grassland without tree/shrub cover
40982506,2018-06-06,c8838fb5-03f2-4503-83d3-ce6bf1467710,04d02748-ee84-451b-a83f-83d1142c16a5,2015-06-06,45.6280709,7.143592603,30.4,29.033792384000005,tC/acre,0.2,1.1800000000000002,Grassland without tree/shrub cover
40982812,2018-07-24,29b134f5-d759-46c3-8162-6d4541f904dd,d9294728-34f9-474f-8bcf-6c75fab056c6,2015-07-24,48.38054799,6.989870231,23.0,23.54867834,tC/acre,0.2,1.265,Grassland without tree/shrub cover
41002860,2018-05-31,36f8502a-de40-46bb-9f09-026ced03fde7,d72b9fb5-22de-49d9-a73c-8883f0cec74d,2015-05-31,48.8126794,6.991000252,18.7,17.859602552000005,tC/acre,0.2,1.1800000000000002,Grassland without tree/shrub cover
41022528,2018-06-05,51bee54a-2dad-4083-aa72-ca077f7078d0,cd24bf56-31a3-4baa-bebe-5dd225eb1bfc,2015-06-05,45.82748976,7.184592289,51.7,49.37654823200002,tC/acre,0.2,1.1800000000000002,Grassland without tree/shrub cover
41043298,2018-06-05,787faa7a-6e16-4439-8e14-985a25eecee7,644c18bd-bd13-4bd1-afe5-6c292f038894,2015-06-05,52.74772737,6.785414648,26.2,25.022544752000005,tC/acre,0.2,1.1800000000000002,Grassland without tree/shrub cover
41062402,2018-05-28,6861718f-a034-4c50-8da6-ae95e3c35d92,ab50fd64-30f7-4a40-b68a-7a9e854f36db,2015-05-28,44.69415082,7.292045345,29.5,28.174239320000005,tC/acre,0.2,1.1800000000000002,Grassland without tree/shrub cover
41062784,2018-08-13,79e36326-cbc3-46b2-b020-0f7624d9c50c,1c925c50-e77a-4490-8a5a-83bb3da95847,2015-08-13,48.13172663,7.112170959,49.4,47.1199381588,tC/acre,0.2,1.1785,Grassland without tree/shrub cover
41062870,2018-05-22,1bb46b45-09d5-4aaf-8349-289272ce5920,c969214b-52cc-4db3-8db6-7998cf9218d0,2015-05-22,48.90472178,7.067307164,43.5,37.760238945000005,tC/acre,0.2,1.0725,Grassland without tree/shrub cover
41063212,2018-05-17,cdf098c1-8fae-4687-9752-96170865c36d,7054a8b1-21c8-46bc-a0df-99cf767afc9c,2015-05-17,51.97648288,6.869975888,21.5,23.100488595,tC/acre,0.2,1.3275,Grassland without tree/shrub cover
41102442,2018-05-10,9fc20037-29a3-4fcd-bbf9-67051c9c5fa9,e68ca172-a4bd-4e8c-b98c-d32c893722d1,2015-05-10,45.05577201,7.325236962,30.4,29.033792384000005,tC/acre,0.2,1.1800000000000002,Grassland without tree/shrub cover
41122362,2018-06-16,7b6a96ac-82e7-424d-9781-0beef97c3727,7d52353a-7466-46e6-abb7-ccb1e31716a3,2015-06-16,44.33565357,7.384268609,28.3,17.430878203600003,tC/acre,0.2,0.761,Grassland without tree/shrub cover
41122412,2018-05-28,73fcd9d1-1938-4e9c-8dcb-2eb90631403a,c12ee586-108d-4a32-be9c-a9dbde36f4b2,2015-05-28,44.78617443,7.363341271,25.7,15.507041428200004,tC/acre,0.2,0.7455,Grassland without tree/shrub cover
41122890,2018-06-08,de6ee8a5-4db3-44b7-9c6d-b89888c6711e,cf6426de-c9de-4036-a74f-b10fc6c24e6c,2015-06-08,49.08657636,7.138684645,65.1,62.174338296,tC/acre,0.2,1.1800000000000002,Grassland without tree/shrub cover
41122926,2018-06-02,3b9a7ba9-c645-49be-8fb6-dbbd7f29aa90,0aa91e7a-1dc6-4c8e-9b52-dada352ad6d5,2015-06-02,49.41006839,7.119738239,23.8,22.730403248000005,tC/acre,0.2,1.1800000000000002,Grassland without tree/shrub cover
41242460,2018-06-28,5fd9bf0b-2699-43e6-b62b-ac4de435e1ba,c27881d4-9149-433b-af8a-2c2a166a876d,2015-06-28,45.22227313,7.495294982,28.9,21.472801034400003,tC/acre,0.2,0.918,Grassland without tree/shrub cover
41242466,2018-06-28,dc68f537-4c7d-45d3-b734-2bbc25c1f5ae,6e2b6936-8c14-40aa-b5e0-2e7b553c2645,2015-06-28,45.27631282,7.492850338,35.6,34.00009897600001,tC/acre,0.2,1.1800000000000002,Grassland without tree/shrub cover
41242892,2018-06-08,a7529e48-6d23-41e1-be7e-18f9aa3f0bf0,910fb678-9590-4a04-9332-fb34a77c643e,2015-06-08,49.10862433,7.30185019,64.3,55.711624281800006,tC/acre,0.2,1.0705,Grassland without tree/shrub cover
41263244,2018-08-21,5299716d-af03-4d04-9d01-ddbb29316c96,9d4aa99a-1744-4ec7-aa5a-995148c438c3,2015-08-21,52.27117669,7.142544955,20.2,22.2514168984,tC/acre,0.2,1.361,Temporary grassland
41342398,2018-05-24,b7e876b9-725a-42e0-93f9-3f917f0c6a31,1eba5130-43ba-4365-af23-5403f9000069,2015-05-24,44.66665452,7.646001153,19.5,18.62364972,tC/acre,0.2,1.1800000000000002,Temporary grassland
41342836,2018-07-19,3094eb07-b4ac-4d8f-aad2-e9e429b0266e,1dbeb1a1-77a4-434c-b1f9-d3db6ae991d2,2015-07-19,48.60845762,7.464561685,42.7,46.60440866340001,tC/acre,0.2,1.3485,Grassland without tree/shrub cover
41382456,2018-05-09,fc827a56-af77-48af-8c58-eaa11ed6aa47,fa8d8249-c27e-4bb6-83fd-fee69a955eff,2015-05-09,45.19032634,7.67470223,33.0,31.516945680000003,tC/acre,0.2,1.1800000000000002,Grassland without tree/shrub cover
41402848,2018-07-06,b20cf802-f784-4693-929a-61b294f0d8f5,a7ab4dcf-a61e-46db-a7d0-96c302377dec,2015-07-06,48.71816387,7.540549622,16.2,15.471955152000003,tC/acre,0.2,1.1800000000000002,Grassland without tree/shrub cover
41403376,2018-09-18,9e5017a2-708e-42dd-b3ac-6c2e45605fc9,7922d7c5-f173-42c7-a0b7-e3c399a21323,2015-09-18,53.46121102,7.274454427,42.5,42.41311623000001,tC/acre,0.2,1.233,Grassland without tree/shrub cover
41422376,2018-06-15,e9cf1b31-18d9-4233-8655-187588df68f6,5c148518-1095-4d6a-8338-17e88659f7dc,2015-06-15,44.47061154,7.754542797,22.1,21.106803016000008,tC/acre,0.2,1.1800000000000002,Temporary grassland
41423356,2018-06-11,dc0e155e-2bf5-4f96-8996-32f6b894cdc9,2ae8112d-d5f1-4047-a32e-f4df6b400fcb,2015-06-11,53.28230272,7.315805436,75.2,71.82043379200002,tC/acre,0.2,1.1800000000000002,Grassland without tree/shrub cover
41442372,2018-06-15,8b26ce12-dc9e-468e-b012-0945adb6daa4,915b7071-5e42-41e7-b60f-75297b512fdc,2015-06-15,44.43509794,7.781029739,34.2,32.66301643200001,tC/acre,0.2,1.1800000000000002,Grassland without tree/shrub cover
41462518,2018-06-06,0b70f5ac-a0ee-4bb2-b719-2865a3d50328,3b7072bd-0820-4d4d-8237-d0cc483153da,2015-06-06,45.75092461,7.753623569,33.7,20.156843099600003,tC/acre,0.2,0.739,Grassland without tree/shrub cover
41462942,2018-06-07,cecc921d-1263-434b-a3e4-78f81e6f39a5,75371611-4b55-4ea1-9520-a9576288641e,2015-06-07,49.56486644,7.580825792,34.3,32.758522328000005,tC/acre,0.2,1.1800000000000002,Grassland without tree/shrub cover
41482350,2018-06-15,54b155d0-19d3-43e3-b4b0-fa66e08f2e1b,a3e9f7ed-c6cf-4af1-b024-d0c57f451237,2015-06-15,44.2378489,7.838694334,37.4,35.71920510400001,tC/acre,0.2,1.1800000000000002,Grassland without tree/shrub cover
41483196,2018-08-27,4fd3443c-012c-482a-9624-5244d6677e90,e4571477-3437-4e16-9c73-b8c2cdaf1536,2015-08-27,51.84740518,7.488947567,14.9,14.230378504000004,tC/acre,0.2,1.1800000000000002,Temporary grassland
41502390,2018-05-24,9cb3716f-95db-47ee-bb23-193517c4106a,f5e1499a-4b99-460b-baa9-b7d130609669,2015-05-24,44.59890518,7.850062046,21.7,20.724779432,tC/acre,0.2,1.1800000000000002,Temporary grassland
41502436,2018-05-09,27f93b75-5fc1-4d11-ab38-9b2c9c5b5a06,4210facb-ae38-4b92-9ec0-1762e8e95b34,2015-05-09,45.0134058,7.834128771,22.3,21.297814808000005,tC/acre,0.2,1.1800000000000002,Grassland without tree/shrub cover
41502948,2018-06-08,6d6295f9-df58-49ab-a279-69626f43839b,eea5e006-af0d-4c76-beae-b18b6f59bc5b,2015-06-08,49.61996044,7.633456633,27.6,26.359627296000006,tC/acre,0.2,1.1800000000000002,Grassland without tree/shrub cover
41522376,2018-06-15,c3df1cf7-1aa6-477b-bc7f-c537e603050a,29fd45cd-4942-4eba-a6b4-921df99e7e4b,2015-06-15,44.47324172,7.879928344,19.9,19.005673304,tC/acre,0.2,1.1800000000000002,Temporary grassland
41522386,2018-05-24,9deb7a83-5ecf-42d8-a862-7d6a152823fe,8804b420-cc80-4c83-8603-64b074f00913,2015-05-24,44.5633706,7.876550856,41.0,39.15741736,tC/acre,0.2,1.1800000000000002,Grassland without tree/shrub cover
41522818,2018-07-14,9be4507e-1dca-4d04-9aa7-5a2df27c6302,6e0a87cb-dc09-491d-9d0e-d40b6de4b994,2015-07-14,48.45191238,7.715852291,49.3,47.08440672800001,tC/acre,0.2,1.1800000000000002,Grassland without tree/shrub cover
41543076,2018-05-24,9885923a-53de-4a21-bead-b18434570c7a,8ced6845-79d9-40ce-8f06-a21fce39d1da,2015-05-24,50.77127831,7.632228983,26.5,24.247368719000004,tC/acre,0.2,1.1305,Grassland without tree/shrub cover
41602856,2018-07-13,3ddbb8b8-fe4d-45e3-9e15-aabf6f4bbcfc,b936cf66-6aa1-4c08-a968-ea38e4841dd5,2015-07-13,48.79576081,7.808997373,22.7,21.679838392,tC/acre,0.2,1.1800000000000002,Grassland without tree/shrub cover
41643360,2018-08-23,00dbf361-1007-46b2-8e63-805edac292ea,2612e424-3131-4173-825b-4c9981681d17,2015-08-23,53.32508729,7.643506571,43.0,41.06753528000001,tC/acre,0.2,1.1800000000000002,Temporary grassland
41663232,2018-07-16,f737f2a4-1195-441c-977b-ace69f2dea54,786593d0-3f3c-41ad-96c8-4119140756a7,2015-07-16,52.17604985,7.733779992,26.2,16.7311761096,tC/acre,0.2,0.789,Grassland without tree/shrub cover
41682724,2018-09-11,503e6131-f69f-42db-aca3-c0ebf2684541,34903172-a26b-4128-8377-d79d09320f13,2015-09-11,47.610693,7.966051056,41.9,40.016970424000014,tC/acre,0.2,1.1800000000000002,Grassland without tree/shrub cover
41702722,2018-09-12,fea3152e-1200-4704-93c4-b8c3ab59894d,c34b949b-708a-4d4b-acbc-8b453dbbcd46,2015-09-12,47.59319182,7.993326851,25.5,24.354003480000003,tC/acre,0.2,1.1800000000000002,Grassland without tree/shrub cover
41722446,2018-05-16,f49da36c-ab58-43eb-8c0b-0d295b1bbd9e,ab54dfe4-5570-4fd6-a49b-250b03d0cd0f,2015-05-16,45.10888907,8.109614764,20.6,19.674214576000004,tC/acre,0.2,1.1800000000000002,Grassland without tree/shrub cover
41723044,2018-06-07,df39822f-6793-4a19-b3d5-b6cdf1fa6e53,f5ecf1a9-6624-4b14-940d-db157c1de6e3,2015-06-07,50.48869064,7.90020559,34.0,32.47200464000001,tC/acre,0.2,1.1800000000000002,Grassland without tree/shrub cover
41743032,2018-05-29,dc39184e-91c5-466a-b2ad-46a12109eb86,3bebf208-08fb-488e-9ba7-b88f093ca351,2015-05-29,50.38136774,7.933101778,24.4,23.303438624000005,tC/acre,0.2,1.1800000000000002,Grassland without tree/shrub cover
41743302,2018-09-07,074b2d5e-81d0-48e4-9158-d57486b3cff3,924ba6c5-5dd1-4c1f-9a43-cafd17155e54,2015-09-07,52.80698149,7.819872541,62.8,59.97770268800002,tC/acre,0.2,1.1800000000000002,Grassland without tree/shrub cover
41763118,2018-05-31,bf666d1b-0fc7-45b0-be63-aeddf672f1ad,33f66d8d-e0f8-42a0-a507-345da3f27024,2015-05-31,51.15462441,7.927211251,43.9,39.7596710652,tC/acre,0.2,1.119,Grassland without tree/shrub cover
41763334,2018-06-05,0f4dafe0-4c26-41b3-9f65-538d32d74a3e,d1ddd243-b13f-474a-b9bf-5228140198d1,2015-06-05,53.09493419,7.835266057,30.9,32.825093175,tC/acre,0.2,1.3125,Grassland without tree/shrub cover
41782772,2018-09-08,e3fdafe0-a56f-4dfb-9340-faaa207900f2,2feec381-1fb3-40f0-8329-de5532f241d0,2015-09-08,48.04487784,8.082848902,66.6,63.60692673600001,tC/acre,0.2,1.1800000000000002,Grassland without tree/shrub cover
41783068,2018-05-24,0b819708-9117-4ed2-856d-a61026f07df8,1285c37b-80c6-4e17-8907-a545484cd54c,2015-05-24,50.70586968,7.975449471,60.4,47.1261703232,tC/acre,0.2,0.964,Grassland without tree/shrub cover
41783392,2018-09-12,4a2ad594-56e9-4f06-805c-1d05ee078ebb,4e2ecd46-513e-4461-80f8-0f11da130f50,2015-09-12,53.61639888,7.839043743,55.8,53.29228996800001,tC/acre,0.2,1.1800000000000002,Grassland without tree/shrub cover
41823184,2018-06-12,f3ddf7ae-d90c-4243-a9c9-eeb8f2cec28e,5eb75e63-b740-4331-9cf5-0a4a7309e147,2015-06-12,51.74908772,7.986996131,39.1,37.342805336000005,tC/acre,0.2,1.1800000000000002,Temporary grassland
41861958,2018-04-24,91704af3-1760-4586-9568-ace75fc2855a,2f3da005-05ab-480e-bbb7-122c3943769e,2015-04-24,40.70697896,8.409768137,11.7,11.174189832,tC/acre,0.2,1.1800000000000002,Grassland without tree/shrub cover
41863092,2018-07-02,84fd9570-36c0-483f-856f-7dc59e2bf54c,a4429af1-7c43-4995-8e9d-457217ba9e9e,2015-07-02,50.92346448,8.079807728,38.2,36.48325227200001,tC/acre,0.2,1.1800000000000002,Grassland without tree/shrub cover
41902738,2018-08-23,336bff4d-d9fe-458b-9d84-25bf91a25802,3638d71e-afed-470d-9f81-016ec86b4619,2015-08-23,47.74169965,8.25414483,36.9,35.241675624,tC/acre,0.2,1.1800000000000002,Grassland without tree/shrub cover
41903350,2018-07-03,6eab9176-ff6a-4cd5-9667-90cff6cdcd7b,f0a08291-e082-4558-8e1c-ebdbc9572045,2015-07-03,53.24222227,8.037657717,30.1,27.102833135,tC/acre,0.2,1.1124999999999998,Grassland without tree/shrub cover
41942506,2018-06-14,4dae63d5-aaff-443c-aa87-0e22223286ef,28e0eb89-daa6-42ba-aab1-9770647099b0,2015-06-14,45.65409032,8.372791037,26.4,25.213556544000003,tC/acre,0.2,1.1800000000000002,Grassland without tree/shrub cover
41981944,2018-04-22,48a55537-3308-472c-9fa9-e170f676512f,98b424db-e274-4dbe-8ee9-a619aed5454d,2015-04-22,40.5825138,8.553984545,45.3,30.13826141520001,tC/acre,0.2,0.8220000000000001,Grassland without tree/shrub cover
41982398,2018-07-03,765ce51e-5f86-4b14-8e14-003d5ca30b03,7686b2fe-1a36-4931-b64f-5fd7fcaea01f,2015-07-03,44.68171162,8.451399497,26.5,25.309062440000005,tC/acre,0.2,1.1800000000000002,Grassland without tree/shrub cover
41982722,2018-09-13,4b70d244-862f-475b-a9c2-bc6169fd0aa6,d89ff1cc-ee76-40db-9af8-d5f8b77f6b10,2015-09-13,47.59939062,8.36530609,58.1,45.0494836456,tC/acre,0.2,0.958,Grassland without tree/shrub cover
42003148,2018-07-19,3ab8ce76-8226-4858-8259-fe72b62893e7,1e7f526b-3cff-40c2-a9e7-32825dbc38a7,2015-07-19,51.42980184,8.259985642,45.5,43.45518268000001,tC/acre,0.2,1.1800000000000002,Grassland without tree/shrub cover
42003608,2018-08-07,22c6dfe5-a840-4feb-a58e-b79cd97c9302,cba51bda-d0c5-4285-8945-07e50a469887,2015-08-07,55.56211879,8.083091135,14.7,14.039366712,tC/acre,0.2,1.1800000000000002,Grassland without tree/shrub cover
42061926,2018-05-24,6f5d3196-0577-4259-9442-9f08a1d6c3ff,ceaae6bc-bd20-46b2-831d-7c8991a8956a,2015-05-24,40.42099672,8.651472305,32.2,30.75289851200001,tC/acre,0.2,1.1800000000000002,Grassland without tree/shrub cover
42063100,2018-07-04,cac9f411-e3fe-44ec-8f73-2ee6bcd6070a,37ff1caa-1822-4c0f-8f38-1fad48b0b7db,2015-07-04,50.99972565,8.361652136,42.2,40.30348811200001,tC/acre,0.2,1.1800000000000002,Grassland without tree/shrub cover
42081806,2018-07-02,730ab036-4572-436e-9a30-d8ee194cc70a,1ed79777-8cbb-42be-a740-9fe963688823,2015-07-02,39.33490583,8.696954311,17.1,16.331508216000007,tC/acre,0.2,1.1800000000000002,Grassland without tree/shrub cover
42081910,2018-07-10,248f893f-a02e-4578-8410-96ec10ab5b34,879b03aa-9211-4c7e-b7bf-a6f3f084fbe0,2015-07-10,40.2765342,8.677918567,59.3,36.3327900172,tC/acre,0.2,0.757,Grassland without tree/shrub cover
42083674,2018-08-03,d2476c59-4860-42fe-bafb-2530720eb90e,99136f85-3063-491c-a623-5d058a2a16e9,2015-08-03,56.15691528,8.182631977,57.8,55.20240788800001,tC/acre,0.2,1.1800000000000002,Grassland without tree/shrub cover
42101830,2018-04-15,96c10441-0508-4a30-9b25-2467cad14a32,82ef8087-39f1-4024-bdff-04dc6c5f5eee,2015-04-15,39.55259938,8.715764981,12.4,13.985462536800002,tC/acre,0.2,1.3935,Grassland without tree/shrub cover
42101926,2018-05-24,d0a5a99d-dfb1-4248-a0f9-195e3437bf3b,d9f8959b-3b66-47f0-987c-a4dc0a2d6cd6,2015-05-24,40.42162854,8.69837001,20.7,19.769720472000003,tC/acre,0.2,1.1800000000000002,Grassland without tree/shrub cover
42143366,2018-08-24,95084bd6-331a-4a95-bae6-05422deb3e63,392279c7-858e-4efd-bc11-f509d26729a4,2015-08-24,53.39125652,8.391680622,52.9,50.522618984000005,tC/acre,0.2,1.1800000000000002,Grassland without tree/shrub cover
42161822,2018-04-15,3c76f923-b91b-4c80-b213-2569fdb3a5ff,7a196eca-fc44-4b5b-a8d0-fde6318d6db2,2015-04-15,39.48103367,8.786517178,22.9,17.505947456599998,tC/acre,0.2,0.9445,Grassland without tree/shrub cover
42163298,2018-07-17,a912efee-5716-4f92-8e63-e22baa1b1510,bbb21fb3-2fd5-414f-91ee-86b0d29385b5,2015-07-17,52.78074741,8.443831956,76.1,72.679986856,tC/acre,0.2,1.1800000000000002,Grassland without tree/shrub cover
42182100,2018-07-03,7e1a4b08-0a46-4c6f-bba5-f8e95d371762,aa913bd3-eaa2-44ae-b008-082273efcdc6,2015-07-03,41.99600083,8.761312631,32.1,30.65739261600001,tC/acre,0.2,1.1800000000000002,Grassland without tree/shrub cover
42182510,2018-06-19,309fe42f-3c66-4411-a146-20427df9838b,de138496-fa98-4871-8148-99dd5f930141,2015-06-19,45.69439919,8.679363518,44.4,38.0743157496,tC/acre,0.2,1.0595,Grassland without tree/shrub cover
42183342,2018-06-30,96a44623-06e8-4735-a9b6-12707e810876,d829d181-9860-4b35-aeaf-4f2c739f1070,2015-06-30,53.17642652,8.459523641,40.8,38.966405568000006,tC/acre,0.2,1.1800000000000002,Grassland without tree/shrub cover
42223056,2018-05-23,3ebdf127-9496-49c2-8535-bdae16e3e7b3,4c1f6687-ca22-4c76-abcf-cc44c444df1e,2015-05-23,50.60726911,8.601438468,24.9,25.4234671722,tC/acre,0.2,1.2614999999999998,Grassland without tree/shrub cover
42223066,2018-07-06,92526fb6-db32-412c-8064-9996f1aeff68,a81c1c08-7784-4de9-9db7-b2ac500c4f17,2015-07-06,50.69714852,8.598756275,19.9,19.005673304,tC/acre,0.2,1.1800000000000002,Grassland without tree/shrub cover
42242404,2018-06-20,a2e5edbd-5ca4-4701-a5f5-721a270d8f99,5c91c8f0-1731-4c58-ba20-ce82c378199f,2015-06-20,44.74013969,8.777515772,30.6,20.655497188800005,tC/acre,0.2,0.8340000000000001,Grassland without tree/shrub cover
42261960,2018-06-12,13aad772-4252-49cd-84f8-ab44aecc0c00,c111ab20-d716-4195-b006-8f29f1da1f03,2015-06-12,40.73153462,8.880560262,27.4,26.168615504,tC/acre,0.2,1.1800000000000002,Grassland without tree/shrub cover
42263098,2018-09-16,f4ad76dd-36a0-423f-bf81-6bbbea2e7c56,799abf33-ac55-4855-b0c2-77076ae9a19b,2015-09-16,50.98542761,8.647040629,35.0,33.42706360000001,tC/acre,0.2,1.1800000000000002,Grassland without tree/shrub cover
42283198,2018-07-04,c2d69020-d678-4ca9-8e2f-6aacc9e58c68,68054522-eef0-429e-95aa-786755e6d2f4,2015-07-04,51.88440935,8.649239383,27.4,26.168615504,tC/acre,0.2,1.1800000000000002,Grassland without tree/shrub cover
42303596,2018-07-25,0f7eaa10-a948-4a4d-991c-1a3bc3616825,b43dc254-ea85-478f-8672-f920d87bc769,2015-07-25,55.46058794,8.562108389,68.7,65.61255055200002,tC/acre,0.2,1.1800000000000002,Grassland without tree/shrub cover
42323666,2018-08-02,17abc761-d993-43bc-84a0-bcba34ea4829,f43ad891-f249-4098-87f6-7cf51c71d57a,2015-08-02,56.08990549,8.571143694,49.0,46.79788904000001,tC/acre,0.2,1.1800000000000002,Grassland without tree/shrub cover
42361906,2018-04-28,23f35d58-956a-4b58-9e2e-ef1f4a30ba9f,e94f9e01-923d-40b2-b385-19e09e194cd3,2015-04-28,40.24419758,9.006040165,11.8,11.398628687600002,tC/acre,0.2,1.1935,Grassland without tree/shrub cover
42361916,2018-06-05,6d52201a-db35-4918-a5f4-881642f53fe3,737309bf-1e52-40a4-af71-33eace15b217,2015-06-05,40.33469824,9.004634573,11.9,11.365201624000004,tC/acre,0.2,1.1800000000000002,Grassland without tree/shrub cover
42363374,2018-09-16,6ee4535d-1bb2-4b0c-b231-52921e501a83,837a827c-fad1-4d31-b163-a0a8cbb04a99,2015-09-16,53.46706461,8.720144844,29.3,27.983227528000008,tC/acre,0.2,1.1800000000000002,Grassland without tree/shrub cover
42363576,2018-07-12,8cce6ec8-6951-4aaf-906b-3ed72ecc978b,d29f05de-ee1c-4e3b-8759-21c6fab07148,2015-07-12,55.28193,8.66290019,40.2,38.393370192000006,tC/acre,0.2,1.1800000000000002,Grassland without tree/shrub cover
42381944,2018-06-14,0e778196-91f8-4829-8f51-17942663d250,ba5405fd-855d-48f5-ba5d-b59d0575efd0,2015-06-14,40.5882901,9.02418106,18.9,18.050614344000003,tC/acre,0.2,1.1800000000000002,Grassland without tree/shrub cover
42403002,2018-08-11,fa09fc3a-9a46-4916-afc9-7c226f6aaa6a,42c65e5c-c3f6-455f-9234-2f092a2950c0,2015-08-11,50.1246571,8.867354054,23.4,25.842681399600004,tC/acre,0.2,1.3645,Grassland without tree/shrub cover
42403344,2018-08-20,701b137f-b82c-47fc-b85f-9e4c185a6012,fceb290a-56b1-4f7e-8bb1-f6fbed3e7959,2015-08-20,53.19814281,8.78798828,101.3,60.54915978860001,tC/acre,0.2,0.7385,Grassland without tree/shrub cover
42403530,2018-05-16,9534bb72-bb64-46e8-80a7-289af473f126,c8a0530c-261d-40d6-a4b9-b932c092d9d0,2015-05-16,54.8692772,8.738746942,23.5,22.443885560000005,tC/acre,0.2,1.1800000000000002,Grassland without tree/shrub cover
42422520,2018-07-03,2efa5488-60b6-4752-9b7c-7777a1e63830,59de914a-b38c-42d8-b89e-6db17937f142,2015-07-03,45.78787098,8.985374387,37.4,35.71920510400001,tC/acre,0.2,1.1800000000000002,Grassland without tree/shrub cover
42443310,2018-09-08,29554452-4502-4993-bff1-e2e535d8b019,432471b3-afa5-4d57-ba13-3e25eb1c961b,2015-09-08,52.89323742,8.855914872,33.3,31.803463368000006,tC/acre,0.2,1.1800000000000002,Grassland without tree/shrub cover
42463356,2018-05-21,da41b7af-b803-4705-a0af-309b5e20d19f,84972fff-bac4-4914-836b-c4f2a07482ed,2015-05-21,53.30682904,8.874941422,38.8,30.3516118744,tC/acre,0.2,0.9665,Grassland without tree/shrub cover
42502766,2018-09-12,2f8475bf-bfd4-4f09-8c43-edf10ed3968a,7f716fc3-b6ba-4dee-ad23-a7236b47c066,2015-09-12,48.00347065,9.04899325,46.1,44.028218056000014,tC/acre,0.2,1.1800000000000002,Grassland without tree/shrub cover
42502820,2018-09-24,d99fef11-34f5-4106-a8f7-6e5d20dd3cc3,80c79873-6960-4246-831c-9cbeb194baa4,2015-09-24,48.48928324,9.03981867,35.6,30.542461792000005,tC/acre,0.2,1.06,Grassland without tree/shrub cover
42543054,2018-05-23,c6fa934a-4940-46bc-8a56-4c721af6e66e,7e019393-a088-4434-8720-eecadc9f8966,2015-05-23,50.59389624,9.053803998,33.1,23.736128895200004,tC/acre,0.2,0.886,Grassland without tree/shrub cover
42562962,2018-05-16,ef9b059e-9380-4f69-b3f9-c26bce7c9d32,6c44fbc1-f5bd-4c7d-8e99-5caf40fe0691,2015-05-16,49.76702472,9.097850758,13.8,17.6587164216,tC/acre,0.2,1.581,Grassland without tree/shrub cover
42582462,2018-05-23,f79087cf-f233-453f-84c2-f6cd8a5d4b65,707b23a2-0feb-41c4-97b6-5e1dffa7c783,2015-05-23,45.26704672,9.198509722,15.2,14.516896192000004,tC/acre,0.2,1.1800000000000002,Grassland without tree/shrub cover
42583038,2018-05-22,c5168535-b333-466a-b7a9-68c3b861bbe6,370059da-3780-4dc5-ad61-20d14d9c2db6,2015-05-22,50.45051683,9.113000293,19.5,16.603457208,tC/acre,0.2,1.052,Grassland without tree/shrub cover
42583062,2018-07-03,b668f17c-454c-4e30-933d-a4cfd0d4f9b5,065fc8fb-6d5c-4877-985b-ae2bd82a2855,2015-07-03,50.66625983,9.108924216,37.7,36.005722792000014,tC/acre,0.2,1.1800000000000002,Grassland without tree/shrub cover
42583080,2018-09-15,6b997653-78c2-4dc1-945a-04947b61438b,f1a3513b-08e8-4e9a-95c0-d709da6ab971,2015-09-15,50.82805911,9.105836397,26.3,24.8838993284,tC/acre,0.2,1.169,Grassland without tree/shrub cover
42622490,2018-07-10,f4ab689d-d430-4fe8-af49-562619c7e763,8d437531-cd1b-4a32-918d-5795b2a98d71,2015-07-10,45.51973027,9.245955152,34.2,32.66301643200001,tC/acre,0.2,1.1800000000000002,Grassland without tree/shrub cover
42623368,2018-09-13,09c7dead-2b45-4e6e-a165-d381ac581e3e,b3cbd2a6-dd40-459f-bec2-3b93973bc5b5,2015-09-13,53.41664479,9.11270304,31.4,29.8363656592,tC/acre,0.2,1.174,Grassland without tree/shrub cover
42641970,2018-06-18,56c1ece5-90fe-43aa-a22c-82e22b886a6e,877f2939-a42a-4141-829e-2fa4abc8d636,2015-06-18,40.82605423,9.327347828,18.6,17.764096656000003,tC/acre,0.2,1.1800000000000002,Grassland without tree/shrub cover
42683042,2018-05-22,b252942e-0502-4bd7-94e5-8af049cc256e,225eb6bd-278b-4a2b-8a4b-c6c73a882512,2015-05-22,50.48747753,9.253215375,45.9,32.1720513768,tC/acre,0.2,0.866,Grassland without tree/shrub cover
42683096,2018-09-22,7e23b954-b8bd-4e7c-9843-38e2af613ef7,9dda425a-21d8-41af-9143-5afd4d783935,2015-09-22,50.97288993,9.245429085,11.7,13.1202034002,tC/acre,0.2,1.3855,Temporary grassland
42723126,2018-09-17,443a4e70-8c69-4b9e-9fbc-d56312faf31a,c58300d5-5bc6-448b-ac64-eef1e31166b4,2015-09-17,51.24289834,9.298293903,35.4,33.80908718400001,tC/acre,0.2,1.1800000000000002,Grassland without tree/shrub cover
42723522,2018-05-16,7b5a25db-4e67-4751-9b9c-42b50febe77f,20dfe345-91ac-4b8a-b818-cd17da5ca9ef,2015-05-16,54.80142341,9.238314898,32.9,30.822302161000003,tC/acre,0.2,1.1575,Temporary grassland
42723778,2018-05-23,a897a260-3a75-4a81-8a30-9419747d8f17,7fb68947-700e-4f46-8c30-7d56df2948e8,2015-05-23,57.1020883,9.19235457,15.5,19.670977088000008,tC/acre,0.2,1.568,Temporary grassland
42762490,2018-07-06,28d64c56-6d4a-4bc4-93fb-cfdff4dd3bbe,b1c24462-4130-4d89-b54f-63e0070cab7a,2015-07-06,45.52085482,9.424873963,24.9,23.780968104000003,tC/acre,0.2,1.1800000000000002,Grassland without tree/shrub cover
42763074,2018-09-10,2c2d0f29-d4e2-4518-b79f-84a4cfbce5fe,e5cea622-8ae3-495b-9c47-1efeb57b8bc8,2015-09-10,50.77581896,9.362034855,21.8,20.026291396000005,tC/acre,0.2,1.135,Grassland without tree/shrub cover
42763462,2018-07-30,8544198d-8a0f-4dbd-8d4b-3f71562be9cc,fb1a24c3-ba69-4014-9c3e-6a5108d2b384,2015-07-30,54.2626466,9.309568687,29.1,27.79221573600001,tC/acre,0.2,1.1800000000000002,Grassland without tree/shrub cover
42782830,2018-09-17,2024cd33-9bc6-42d2-b121-538abee1085b,1ae09fb3-8975-42f5-a647-0d08622ced33,2015-09-17,48.58187438,9.417419086,55.2,52.71925459200001,tC/acre,0.2,1.1800000000000002,Grassland without tree/shrub cover
42843466,2018-07-16,2b8220ed-84e7-40d9-887b-8e98e959fac7,d10c8ad1-7503-4eea-b5e3-b57a028c5c99,2015-07-16,54.29921478,9.431816334,30.5,29.129298280000004,tC/acre,0.2,1.1800000000000002,Grassland without tree/shrub cover
42862532,2018-07-31,e923a1ca-9246-47d7-aea5-f38a72e13444,b8f7608d-c36b-4f38-b2ac-b5bc2ca6728d,2015-07-31,45.89987209,9.54956944,62.6,59.78669089600001,tC/acre,0.2,1.1800000000000002,Grassland without tree/shrub cover
42882682,2018-07-24,79dcac6a-4c8d-4093-876b-0fee75a61ccd,e805ac50-a0a4-445e-a1d2-be5d5cd7f9b1,2015-07-24,47.2507092,9.564397972,44.4,42.404617824,tC/acre,0.2,1.1800000000000002,Grassland without tree/shrub cover
42883028,2018-08-24,5b25fa19-8c47-4b8c-8502-fedbfbf2074b,bdb1380f-85cc-4ac5-805d-9e2d7f15bf13,2015-08-24,50.36310195,9.536248684,88.0,84.04518848000002,tC/acre,0.2,1.1800000000000002,Grassland without tree/shrub cover
42903450,2018-07-16,eca7bd43-b6ac-4579-a679-d9f0cc8af1f6,e6d6d518-09f4-48c0-a498-5240205f31ab,2015-07-16,54.15583067,9.525589937,146.0,75.450467212,tC/acre,0.2,0.6385000000000001,Grassland without tree/shrub cover
42923790,2018-08-22,941642df-251b-473e-a96c-76df09483eb5,3ef963e3-608c-45a7-ae95-3905b975c132,2015-08-22,57.21157455,9.520620813,39.3,37.533817128,tC/acre,0.2,1.1800000000000002,Grassland without tree/shrub cover
42942690,2018-07-25,35ae1531-9c6a-4e73-8762-dc9fee96a7dc,0bac1faf-2729-417f-a598-28afbf090133,2015-07-25,47.32300903,9.643104368,47.7,45.55631239200002,tC/acre,0.2,1.1800000000000002,Grassland without tree/shrub cover
42942810,2018-09-18,f027cb19-499d-4ea0-a4ec-9d212a3a6e6e,b0b1364e-5d01-4b6c-97af-7a42d016aea7,2015-09-18,48.40287369,9.635497544,43.1,30.85483891540001,tC/acre,0.2,0.8845000000000001,Grassland without tree/shrub cover
42942840,2018-09-26,2efa7209-dcae-45b5-b1bb-81e295aa502e,a4a15945-6c42-4d59-a760-5d891ef24a08,2015-09-26,48.67275769,9.633530647,48.2,33.823170256800005,tC/acre,0.2,0.867,Grassland without tree/shrub cover
42962764,2018-09-16,67ac5d18-1825-4ab6-8e28-571f73d02c87,c1462563-d4be-4adb-8996-ee46703a112b,2015-09-16,47.98907492,9.665242261,46.8,44.696759328000006,tC/acre,0.2,1.1800000000000002,Grassland without tree/shrub cover
42963078,2018-07-23,8c5c618a-700a-4b91-af60-3f3ab18efab2,1cb5a64b-0fe2-4153-be18-2a7bc770b29c,2015-07-23,50.81299522,9.645296268,41.8,39.92146452800001,tC/acre,0.2,1.1800000000000002,Grassland without tree/shrub cover
42982676,2018-07-24,a4fd913e-e4e6-455d-9375-c8fe830fc448,3ee2f09b-5643-4f61-b133-61e4af418283,2015-07-24,47.19714783,9.696710862,55.4,52.91026638400002,tC/acre,0.2,1.1800000000000002,Grassland without tree/shrub cover
43022722,2018-09-18,1e1302d2-5900-4238-a4fc-f516373b8028,e0b8d3bb-6cc9-4308-8e11-29be5769bba2,2015-09-18,47.61132489,9.747450877,49.7,43.5041901546,tC/acre,0.2,1.0815,Grassland without tree/shrub cover
43022764,2018-05-28,ab628a69-1138-436e-97da-d6de9294fa3f,e63bd818-6612-4e9d-b1b0-5a3f75fce7a9,2015-05-28,47.98929011,9.745583466,25.1,22.17408140380001,tC/acre,0.2,1.0915,Grassland without tree/shrub cover
43022782,2018-09-10,c9382805-52ad-40b7-8608-25fe7269ef52,aca6cb59-0967-40aa-90f9-f336e17e4fbb,2015-09-10,48.15125477,9.744772308,21.2,20.247249952,tC/acre,0.2,1.1800000000000002,Grassland without tree/shrub cover
43023484,2018-07-09,c4a909ed-0961-4cf6-8485-b21ae344b6bb,72d9bc16-4cfc-4530-bf0c-479291441dbe,2015-07-09,54.4619246,9.707085963,39.3,37.533817128,tC/acre,0.2,1.1800000000000002,Grassland without tree/shrub cover
43042730,2018-09-18,cf172b21-61be-4a63-8508-4eeae648a6a4,bf278748-230d-4ece-bd6a-b5c1f1a9cdd9,2015-09-18,47.68338183,9.773719,32.8,31.325933888,tC/acre,0.2,1.1800000000000002,Grassland without tree/shrub cover
43062470,2018-06-25,c25b9883-89d5-4656-99dc-0640b08ce8e3,6218c126-142f-425c-a69a-0ae096213166,2015-06-25,45.34201945,9.808914193,10.6,10.123624976,tC/acre,0.2,1.1800000000000002,Temporary grassland
43083518,2018-08-11,a2c4f72e-3f51-4ba5-943f-f1260202c3ee,0e828137-f917-43b5-a9bf-6a5ac0640716,2015-08-11,54.76763762,9.798091128,23.2,22.157367872000005,tC/acre,0.2,1.1800000000000002,Grassland without tree/shrub cover
43103646,2018-08-27,0c170244-ff71-4964-9735-0463976ae0fe,c01aab3b-1f83-4f38-aecc-776ef9539b96,2015-08-27,55.91798428,9.824185623,24.1,23.016920936000005,tC/acre,0.2,1.1800000000000002,Grassland without tree/shrub cover
43122702,2018-07-04,6897cb25-174c-48c3-8777-8305c93204fe,9d3df21c-6eb6-4d8b-a9e6-d7a1af0278bd,2015-07-04,47.43154245,9.880786578,27.4,26.168615504,tC/acre,0.2,1.1800000000000002,Grassland without tree/shrub cover
43122714,2018-06-01,9483dd93-f03c-46a2-9e6b-c439de28bee2,265be360-4cf7-4fe9-80ee-149d2eade40c,2015-06-01,47.53954963,9.880537765,35.8,26.8313292976,tC/acre,0.2,0.926,Grassland without tree/shrub cover
43123092,2018-09-19,6e04c76a-25b5-4b9e-9b8a-92b26faadbd5,23442861-cd26-4606-9734-925cb18d6716,2015-09-19,50.93931968,9.871960406,25.8,25.3609431852,tC/acre,0.2,1.2145,Grassland without tree/shrub cover
43123128,2018-09-29,9e04734d-3a6a-460b-90dc-25f0972cd1b2,d7316f19-fab7-4344-ae25-1d99e0fca6b5,2015-09-29,51.26291854,9.871061336,12.0,13.140963792000004,tC/acre,0.2,1.353,Grassland without tree/shrub cover
43162536,2018-07-26,54644ea4-88df-4d50-9dcf-02e6881d3f1c,9a7f89c8-e968-4e7f-a012-4a7163e75c57,2015-07-26,45.93684044,9.935609413,46.3,44.21922984800001,tC/acre,0.2,1.1800000000000002,Grassland without tree/shrub cover
43162706,2018-07-03,c6b7b883-8ad8-4b07-a526-7efbbef37880,2852a301-1add-42d9-b4bd-21a8fd281c48,2015-07-03,47.46759061,9.933724292,35.2,33.61807539200001,tC/acre,0.2,1.1800000000000002,Grassland without tree/shrub cover
43162972,2018-05-21,a33558e1-7aea-491f-a07f-c9a3414a0b84,f6301333-3f19-41fd-a435-d3cbd4d6c08f,2015-05-21,49.86051268,9.930471134,19.9,19.005673304,tC/acre,0.2,1.1800000000000002,Grassland without tree/shrub cover
43163688,2018-08-31,afeb50fd-74a2-4de0-9fdc-1cbe4d6c4757,a8ba0848-7db0-4bfa-adcf-fbe864964484,2015-08-31,56.29556203,9.919308425,18.3,17.477578968000007,tC/acre,0.2,1.1800000000000002,Grassland without tree/shrub cover
43182690,2018-07-09,1f6fd9fe-a860-4175-a2c0-9949c0120122,d3ddb885-787c-4c38-ac6a-761cc8dec220,2015-07-09,47.32358721,9.960344663,59.9,41.83943335640001,tC/acre,0.2,0.863,Grassland without tree/shrub cover
43182730,2018-09-09,4edbb242-22a1-4f25-9bc1-c9d4d1584d19,4efe8f12-0182-4bb2-a5d8-d546790a2ab7,2015-09-09,47.6836085,9.960067952,33.2,31.707957472000007,tC/acre,0.2,1.1800000000000002,Grassland without tree/shrub cover
43182744,2018-07-23,66027983-50fb-4462-ba8a-402edb3923d3,d53d41e1-160a-470e-89b1-9cd27a9c0e25,2015-07-23,47.80960091,9.959969931,62.1,59.30916141600001,tC/acre,0.2,1.1800000000000002,Grassland without tree/shrub cover
43202722,2018-07-13,477a56cc-abb2-4e6e-9fa4-5ec06eefbc99,cb72c8e8-45e3-4e41-89ff-a127ad3f14c7,2015-07-13,47.61161585,9.986707895,35.5,33.904593080000005,tC/acre,0.2,1.1800000000000002,Grassland without tree/shrub cover
43202746,2018-05-29,59d5d489-051c-4126-8390-3ad956c9a889,0331cd21-d72e-42f5-b7be-9634eaaeb4a6,2015-05-29,47.82760571,9.986651958,38.4,28.9353727488,tC/acre,0.2,0.931,Grassland without tree/shrub cover
43203034,2018-08-26,ec2c351d-34da-40e3-8a3f-f74718382ac3,c79c2ec5-25ad-441c-b788-eda913a219cf,2015-08-26,50.4179823,9.985930727,28.1,26.83715677600001,tC/acre,0.2,1.1800000000000002,Grassland without tree/shrub cover
43203502,2018-08-18,1b8fdfd9-19f4-4980-a0c5-f89f4cdccdc8,3d475f1c-6fab-46f9-8463-dd92df9a09f2,2015-08-18,54.62402036,9.984522829,24.6,23.494450416000006,tC/acre,0.2,1.1800000000000002,Grassland without tree/shrub cover
43222730,2018-09-10,489b9245-94de-4a73-851d-1f13ee4917f5,a90b864e-49a7-4052-b59e-26aed5d30e08,2015-09-10,47.68361497,10.01331068,23.0,21.966356080000004,tC/acre,0.2,1.1800000000000002,Grassland without tree/shrub cover
43223636,2018-06-30,bdec745b-a720-439e-b5ca-9d41a5e63379,919581c2-f234-48c6-8591-f3b4a730afbc,2015-06-30,55.8282308,10.01594673,22.8,21.775344288000003,tC/acre,0.2,1.1800000000000002,Grassland without tree/shrub cover
43242350,2018-07-12,088e6a68-ab01-4765-824b-521519428bef,37264611-e3e0-46ff-a1dd-6f57967bc055,2015-07-12,44.26035909,10.03748815,20.7,19.769720472000003,tC/acre,0.2,1.1800000000000002,Grassland without tree/shrub cover
43262410,2018-07-18,97b5462a-d13c-479d-81d9-187761838a33,592e7989-31bb-406d-aeb9-d312ba3702a4,2015-07-18,44.80136341,10.06308012,31.2,26.224624046399995,tC/acre,0.2,1.0385,Grassland without tree/shrub cover
43262834,2018-05-28,7b8259a7-5729-4f51-b999-49eb75dec7e0,29a58bbe-701a-454e-86bd-1455ac0dc120,2015-05-28,48.61936548,10.06779193,16.4,11.8666885152,tC/acre,0.2,0.894,Grassland without tree/shrub cover
43283052,2018-05-22,4facad92-3ff3-4643-8234-351eed6df84a,fe0c8d87-0681-4f07-a751-32d6d2ce6c75,2015-05-22,50.57976424,10.09882346,61.7,38.2527013384,tC/acre,0.2,0.766,Grassland without tree/shrub cover
43302778,2018-08-07,1c97d766-c20a-43db-827e-c2ba2cbfd5e1,1752a800-d4d8-4e3f-83ef-8621581f5dec,2015-08-07,48.11549254,10.120812,56.4,53.865325344000006,tC/acre,0.2,1.1800000000000002,Grassland without tree/shrub cover
43342544,2018-07-24,b13a0bd6-964d-4058-9bcb-cc41e733b242,4e3fde18-a3fa-4d2d-960d-df21fc15567a,2015-07-24,46.00879374,10.16763792,64.3,61.41029112800001,tC/acre,0.2,1.1800000000000002,Grassland without tree/shrub cover
43342756,2018-08-04,10054b4b-67a8-4d5a-8294-23343761a460,44dbc513-62ed-4e20-98c3-a75f4886585f,2015-08-04,47.9174582,10.17382956,45.3,43.26417088800001,tC/acre,0.2,1.1800000000000002,Grassland without tree/shrub cover
43362748,2018-08-04,5d98b53c-883d-4ef6-8113-927b506be30b,4d0b5eb1-d44b-447c-841b-52437e8a62ca,2015-08-04,47.84542186,10.20029052,42.5,40.59000580000001,tC/acre,0.2,1.1800000000000002,Grassland without tree/shrub cover
43363356,2018-05-22,651ff5e4-27ed-4c3d-8947-3c0264945e72,a861edbf-80e2-45ce-9437-95bd509797a9,2015-05-22,53.31184447,10.22502792,75.7,64.79245437300003,tC/acre,0.2,1.0575,Grassland without tree/shrub cover
43382746,2018-08-04,45b2cc6f-6a9e-4df8-a040-7574987666a4,b78c35dc-8656-4593-bd01-6617e8c3df6e,2015-08-04,47.82737181,10.22691608,39.1,37.342805336000005,tC/acre,0.2,1.1800000000000002,Grassland without tree/shrub cover
43383736,2018-05-18,76bcebad-0bc5-40d1-9966-e70a03767c42,263885ba-34d0-455d-9e00-3960fd54ac4a,2015-05-18,56.72673226,10.27744066,12.8,12.224754688000004,tC/acre,0.2,1.1800000000000002,Temporary grassland
43402550,2018-07-24,4f7185ff-18be-4b35-9221-9880d4857d27,f7b19d20-8ced-4f55-be9e-b66fd31aca0b,2015-07-24,46.06269076,10.24525359,55.1,38.4866907836,tC/acre,0.2,0.863,Grassland without tree/shrub cover
43403168,2018-05-26,e85b3c9b-7c30-4815-ad3c-01a559a088f5,fe273a7c-9298-4b9e-a981-8f9e933b4e56,2015-05-26,51.62219834,10.27435101,40.5,42.908451894,tC/acre,0.2,1.3090000000000002,Grassland without tree/shrub cover
43443464,2018-07-25,74867ba3-0448-49db-847b-f3b1a729b3bc,e7b6a7e1-1a22-432b-a6ea-7d875c24b69b,2015-07-25,54.28204423,10.35304695,28.8,27.50569804800001,tC/acre,0.2,1.1800000000000002,Grassland without tree/shrub cover
43502746,2018-08-06,7aae3915-abb9-4eb4-8440-a18d20c32e73,8d0acbbc-d471-4803-9c80-32ebf7078213,2015-08-06,47.82692351,10.38709008,42.1,40.20798221600001,tC/acre,0.2,1.1800000000000002,Grassland without tree/shrub cover
43502764,2018-08-27,8699c076-c7c0-4296-9ff6-b7708ec9da55,53422544-af35-460a-b822-e1d50133efb0,2015-08-27,47.98889886,10.38831816,49.8,47.561936208000006,tC/acre,0.2,1.1800000000000002,Grassland without tree/shrub cover
43542718,2018-06-26,6d6cbb54-71a2-4cb9-b2b9-8921ded15a0d,3a7089b1-50a9-486f-9b4d-235fec0d5b38,2015-06-26,47.57473671,10.43832919,38.8,30.3359100576,tC/acre,0.2,0.966,Grassland without tree/shrub cover
43542748,2018-08-06,a56161af-18dd-49b4-a1fa-534d002e1b07,d2aa9018-9d6e-4059-b31e-44396e293c73,2015-08-06,47.8447199,10.44063548,50.9,48.61250106400001,tC/acre,0.2,1.1800000000000002,Grassland without tree/shrub cover
43562476,2018-07-12,1dbc41ed-353c-4d92-986e-8deaa8af4bb4,404d96cc-1447-43f7-8b52-ef4afdc10716,2015-07-12,45.39531906,10.44629988,33.7,29.948868367200006,tC/acre,0.2,1.098,Grassland without tree/shrub cover
43583302,2018-08-16,8e8cfb58-e385-4f40-a842-ad5e40a274b6,b9d895b4-65eb-4815-9e4b-47bd11c7f989,2015-08-16,52.82553738,10.54888324,29.9,28.556262904000004,tC/acre,0.2,1.1800000000000002,Temporary grassland
43602314,2018-07-11,30785ce6-6056-4111-861e-d81688ca6d52,db9d9d25-f6f1-4277-958e-6631b35a46bd,2015-07-11,43.9345147,10.48458864,27.0,25.786591920000003,tC/acre,0.2,1.1800000000000002,Grassland without tree/shrub cover
43602380,2018-07-14,bdbb601e-47c3-480d-a585-e7baeecbc8b6,ea435ce1-92b3-400a-9618-91bee201428d,2015-07-14,44.52974986,10.48966479,24.1,21.836816091400003,tC/acre,0.2,1.1195,Grassland without tree/shrub cover
43622366,2018-07-14,70e95de8-655c-4c1e-9df9-2528badcfde4,2e521389-1ffc-475d-9e52-d29fc3483d20,2015-07-14,44.40338918,10.51363085,23.4,19.2518033292,tC/acre,0.2,1.0165,Grassland without tree/shrub cover
43622622,2018-06-28,30a1a260-c8a4-491c-a973-6ecc42819192,e1be7d34-6361-4a23-a81f-ae963a31c431,2015-06-28,46.71007188,10.53567093,35.5,33.904593080000005,tC/acre,0.2,1.1800000000000002,Grassland without tree/shrub cover
43622816,2018-07-23,ad3b4955-16e1-4a01-bd67-3299fa672cc8,4da42dc1-3d9a-4438-b09a-7c604b5982b7,2015-07-23,48.45606867,10.55409257,30.0,27.3770079,tC/acre,0.2,1.1275,Grassland without tree/shrub cover
43622838,2018-06-15,28a8db46-82bc-4cec-a797-4401e12553f9,0ae56a57-609e-4e5a-a9e6-676e6f7ad90b,2015-06-15,48.6539785,10.55628477,40.8,38.966405568000006,tC/acre,0.2,1.1800000000000002,Grassland without tree/shrub cover
43642800,2018-07-21,1f1cdead-f53c-4b97-bfc5-4ccc9f632b95,90448b6a-e7da-48cf-b16d-b873d46fbf71,2015-07-21,48.31198581,10.57946279,52.5,50.14059540000001,tC/acre,0.2,1.1800000000000002,Grassland without tree/shrub cover
43662306,2018-07-11,88b7bfff-795a-4bde-baea-d104743e658f,a2b6fb79-02a8-43ba-87a2-617a490b2102,2015-07-11,43.86197048,10.55843948,15.8,15.089931568000004,tC/acre,0.2,1.1800000000000002,Grassland without tree/shrub cover
43662342,2018-07-12,6c994463-157a-4a91-a1ce-e34a84a6779b,02c7416a-ef56-4fb5-b6da-08424ae6d61e,2015-07-12,44.18669252,10.56160365,44.0,42.02259424000001,tC/acre,0.2,1.1800000000000002,Grassland without tree/shrub cover
43662756,2018-09-03,2712ed1c-d330-4a23-82c4-3eb7a7812ca5,307b65bf-0356-447a-a6f1-628bce0e9db0,2015-09-03,47.91594783,10.60170692,69.3,66.185585928,tC/acre,0.2,1.1800000000000002,Grassland without tree/shrub cover
43662760,2018-07-03,3263f2f3-ba17-4d2d-bb1a-8a7d7806c52f,aae50f7a-43ac-4d74-84fd-3768126e5de8,2015-07-03,47.95194111,10.60213095,35.6,34.00009897600001,tC/acre,0.2,1.1800000000000002,Grassland without tree/shrub cover
43682776,2018-08-25,fde9c52d-79b4-466b-960c-50e325181ec2,1322f96f-3ab0-4e79-86b3-062fbd41b7b0,2015-08-25,48.09575789,10.63067067,56.3,53.769819448000014,tC/acre,0.2,1.1800000000000002,Grassland without tree/shrub cover
43682854,2018-05-19,16474c05-0f5b-46dc-ad3d-deb0f2329687,e3d2ac57-024a-45c9-a620-b1cbc4cffb7a,2015-05-19,48.79746434,10.6395324,47.5,40.59809952000001,tC/acre,0.2,1.056,Grassland without tree/shrub cover
43723032,2018-08-28,0564889f-3d25-4a86-909f-de0e6bf0a5a8,87a4c682-721e-46ad-bf17-7f6b38059847,2015-08-28,50.39775897,10.71723928,37.8,36.101228688000006,tC/acre,0.2,1.1800000000000002,Grassland without tree/shrub cover
43742362,2018-07-13,70aadd2d-db9d-4a65-a187-865e444acb5f,1f0094c7-b684-4cc7-ae0d-171257f85e7c,2015-07-13,44.36646791,10.66353483,37.4,28.666175621600004,tC/acre,0.2,0.947,Grassland without tree/shrub cover
43742782,2018-08-30,5a3e9c1c-e8ce-4235-9ff7-9d97d1281bb4,79bcfcdd-73bc-4b1f-b2ea-068bfca06d76,2015-08-30,48.14925208,10.71193386,57.2,54.62937251200001,tC/acre,0.2,1.1800000000000002,Grassland without tree/shrub cover
43742902,2018-06-29,3eebcca5-e1e5-45b5-aa73-f1f5885c44aa,fd1d841a-ea35-41aa-9430-57acfdd6b5b9,2015-06-29,49.22868054,10.72749905,18.7,17.859602552000005,tC/acre,0.2,1.1800000000000002,Grassland without tree/shrub cover
43762406,2018-07-02,e00e65f4-5e38-4751-9aae-e96d856920ab,974ed762-d834-4373-b43d-b997327b0e71,2015-07-02,44.76302135,10.69341931,12.9,12.320260584000003,tC/acre,0.2,1.1800000000000002,Grassland without tree/shrub cover
43762910,2018-06-29,c74d63a9-eeb0-42c8-8e41-a3cf932c7471,5d1ef2b0-4dca-48e9-83ae-52c70b76405b,2015-06-29,49.30044462,10.75605889,57.2,54.62937251200001,tC/acre,0.2,1.1800000000000002,Grassland without tree/shrub cover
43782612,2018-07-14,deeafeed-ee18-4fa0-b5ea-9ee9285ef7b7,5ebff97b-1d4d-46fa-8190-7ba4c7a2dd5a,2015-07-14,46.61878932,10.74344133,36.9,24.937965378,tC/acre,0.2,0.835,Grassland without tree/shrub cover
43802352,2018-07-06,948e6191-df39-4138-bc2b-87837dc8b0b4,11009af5-011e-46b6-8e2d-d0be9d29848e,2015-07-06,44.27578288,10.73747976,41.7,34.22332377360001,tC/acre,0.2,1.014,Grassland without tree/shrub cover
43802684,2018-06-25,84eae21e-cb91-4c1e-a69e-0b0c89ef18d9,f86eba0c-69bf-41cc-b608-98ae74041ec4,2015-06-25,47.26679362,10.7790551,143.5,83.217807953,tC/acre,0.2,0.7165,Grassland without tree/shrub cover
43802766,2018-06-04,1d942434-eb93-488f-aa37-c9ef14d73dd9,d81b16eb-8f90-4747-b3b2-32d72b4e057f,2015-06-04,48.00474266,10.79028519,98.0,52.42949941600001,tC/acre,0.2,0.661,Grassland without tree/shrub cover
43803090,2018-07-04,dcdef443-42dd-4fd9-bd06-d4eb756ff12d,a56873f7-fb5f-4029-a387-c62115d61272,2015-07-04,50.91837108,10.83901336,53.6,52.7963068064,tC/acre,0.2,1.217,Grassland without tree/shrub cover
43822458,2018-07-27,889d701a-e8ae-4d8b-b42e-933d3b121b77,ffcd3bd0-f906-4f21-ac7d-9e10d61fd0f7,2015-07-27,45.23118983,10.77554315,42.1,37.3627563558,tC/acre,0.2,1.0965,Grassland without tree/shrub cover
43822560,2018-07-03,fb963d46-f090-4048-b55d-056a2f59348b,711ac44f-6794-48f3-829f-39ac14f62364,2015-07-03,46.15013477,10.78868401,48.0,45.84283008000001,tC/acre,0.2,1.1800000000000002,Grassland without tree/shrub cover
43842504,2018-07-04,aff08cf0-c717-4957-8c21-c41b7505f167,27d40626-3294-4176-88e8-6ebb7bc5b617,2015-07-04,45.64549101,10.80701622,75.4,72.01144558400003,tC/acre,0.2,1.1800000000000002,Grassland without tree/shrub cover
43862296,2018-07-16,daac3791-7f02-4127-9acd-b6efcc6bbc07,46393572-7822-4339-b497-e24ddb99d944,2015-07-16,43.77011622,10.80536367,14.3,14.837893127200005,tC/acre,0.2,1.282,Temporary grassland
43862362,2018-07-13,08a6cb6c-9b61-4a56-89f1-cffa7abc6282,21fc31a9-1502-4189-b4cb-093b61b63743,2015-07-13,44.36540009,10.81375997,19.5,18.62364972,tC/acre,0.2,1.1800000000000002,Grassland without tree/shrub cover
43882346,2018-07-10,ebd31567-cfa0-46e2-986a-d228e4f0e600,868fbce8-01a8-44e3-96b0-7bf18d401d53,2015-07-10,44.22091509,10.836677,18.7,17.859602552000005,tC/acre,0.2,1.1800000000000002,Grassland without tree/shrub cover
43882738,2018-09-18,6343b864-87d1-47de-9090-529d3783d9fd,7ec5c34f-ba7f-430d-9f6f-99244be8de3e,2015-09-18,47.75197272,10.89302666,51.0,48.708006960000006,tC/acre,0.2,1.1800000000000002,Grassland without tree/shrub cover
43882878,2018-06-07,2f84377f-d063-4a7c-be23-aaaddcc786c0,875dd107-80ca-45ce-8faa-cc2254afa90d,2015-06-07,49.01143038,10.91563055,47.2,45.07878291200001,tC/acre,0.2,1.1800000000000002,Grassland without tree/shrub cover
43903000,2018-08-18,5d242956-6d77-4f41-aa8e-645a0e851008,579b90c1-7510-4216-88e9-bb94052a7a87,2015-08-18,50.10821883,10.96450215,50.5,48.23047748000002,tC/acre,0.2,1.1800000000000002,Grassland without tree/shrub cover
43903090,2018-07-04,bf0a3016-cf71-466d-bcc7-80f093b8ee84,207b7558-fc98-40b6-933d-2f40781d8483,2015-07-04,50.91725294,10.98120455,29.3,27.983227528000008,tC/acre,0.2,1.1800000000000002,Temporary grassland
43942996,2018-05-29,7a711480-26c8-44b7-9a65-9aa68e9f4934,92d9e9f7-c7ca-4949-a0d7-17afc01842f7,2015-05-29,50.07177141,11.01964097,57.6,46.68975694080001,tC/acre,0.2,1.0015,Grassland without tree/shrub cover
43982510,2018-07-06,10acc647-4a52-405a-8fd5-fa825615749e,6d6d4a83-d12e-41e3-9d8d-dda386bd4bea,2015-07-06,45.69802731,10.98731141,73.0,69.71930408000001,tC/acre,0.2,1.1800000000000002,Grassland without tree/shrub cover
43982888,2018-05-05,9742e62d-797d-4378-b9b9-43b59b2b2416,6c5ca464-3638-4924-a57b-7e3ba9839745,2015-05-05,49.10016216,11.05419585,32.1,30.65739261600001,tC/acre,0.2,1.1800000000000002,Grassland without tree/shrub cover
44042800,2018-08-20,5a426482-132f-4968-a220-8e2db8d70101,ad9bc614-313c-4451-b408-718ca3382b10,2015-08-20,48.30784757,11.1184422,60.1,57.39904349600001,tC/acre,0.2,1.1800000000000002,Grassland without tree/shrub cover
44042830,2018-08-12,927958fc-3951-4513-a67a-6db487d3311e,227d7820-a55a-4313-b196-261bbe8da349,2015-08-12,48.57771045,11.12445974,61.4,58.64062014400002,tC/acre,0.2,1.1800000000000002,Grassland without tree/shrub cover
44062500,2018-06-05,7f962bb2-ef36-4b64-8999-0a18dc89f883,2572fa18-a452-41b1-997d-3948e88a2c04,2015-06-05,45.60693326,11.08808544,94.7,47.138229966,tC/acre,0.2,0.615,Grassland without tree/shrub cover
44062504,2018-06-05,bca444b3-1d71-4e5a-8621-f3c19cc1c4da,c9507300-739b-4db4-accc-562578e86354,2015-06-05,45.64296961,11.0888012,59.3,31.053256461200004,tC/acre,0.2,0.647,Grassland without tree/shrub cover
44062508,2018-05-24,08947e79-a1a3-4218-b824-96777d5444b8,f9521a05-0ad0-4ab1-9643-3e27018ba971,2015-05-24,45.67900513,11.08951819,60.2,33.765866719200005,tC/acre,0.2,0.6930000000000001,Grassland without tree/shrub cover
44102336,2018-05-19,54805a20-cd21-4b6a-a8f0-880e4ef219c8,c2586852-3167-43ea-9eec-7492dee8ad7e,2015-05-19,44.12815271,11.10962635,13.0,12.415766480000002,tC/acre,0.2,1.1800000000000002,Grassland without tree/shrub cover
44122502,2018-06-05,752c3033-f5b1-4364-8ac6-0c5e990c1cf3,8d83e1de-78dc-42af-801a-1f4c442b0847,2015-06-05,45.62413413,11.16526398,78.1,44.2167612634,tC/acre,0.2,0.6995,Grassland without tree/shrub cover
44122636,2018-05-05,feba1892-630a-49c7-8554-d6ebace15321,f653b54d-b374-4523-bf13-3cd9489eda3a,2015-05-05,46.83088078,11.19169091,35.9,34.286616664,tC/acre,0.2,1.1800000000000002,Grassland without tree/shrub cover
44163400,2018-07-02,7c7cd642-74d4-4cb8-94d4-e0d569b551c4,df4d23ff-ad0b-4e73-ab51-7a5ec235858d,2015-07-02,53.69897082,11.43825375,12.9,11.625940813800002,tC/acre,0.2,1.1135000000000002,Grassland without tree/shrub cover
44202504,2018-07-17,a436805d-1966-4b8b-a0d8-cbaf01725f3c,ed0d24f0-1100-4262-afe6-56eb8380b70d,2015-07-17,45.64097488,11.26810534,21.6,20.629273536000007,tC/acre,0.2,1.1800000000000002,Grassland without tree/shrub cover
44222668,2018-07-16,28e9b4ae-772f-4842-a1d1-faca7d660f84,14f35720-3c18-4d92-8d71-773c3ed3ed11,2015-07-16,47.11739919,11.329884,81.6,77.93281113600001,tC/acre,0.2,1.1800000000000002,Grassland without tree/shrub cover
44223286,2018-06-17,e44c3e3b-b0fd-4c9d-977d-3d9bef9dedac,36409405-ebb7-4691-98ca-52bcc128c9ba,2015-06-17,52.67368988,11.49322517,17.1,18.98191823580001,tC/acre,0.2,1.3715000000000002,Grassland without tree/shrub cover
44242606,2018-05-11,3d986ebc-afdc-4446-a4c2-b65420d6c252,774d6ef3-c281-4bc4-9688-91ce933dea80,2015-05-11,46.55895038,11.34196019,26.7,22.4314212312,tC/acre,0.2,1.038,Grassland without tree/shrub cover
44243278,2018-07-09,a1e86ead-ad91-49f6-8241-96f2a2da1a62,9e2245b0-1cb6-48c7-a3e4-28b05c10d841,2015-07-09,52.60144236,11.52029923,74.6,71.24739841600001,tC/acre,0.2,1.1800000000000002,Grassland without tree/shrub cover
44262496,2018-06-05,a861991c-b99d-4612-8972-fe1ab28ac8ef,07a6d747-ea3b-4abe-a963-750d3e6b7051,2015-06-05,45.56795802,11.34317957,30.2,20.972123515200003,tC/acre,0.2,0.858,Grassland without tree/shrub cover
44262538,2018-06-04,fa246063-d465-4205-ac6f-f449f4f57f80,64803b00-ec54-4f67-ac91-5ecc450ed65a,2015-06-04,45.94628339,11.35252233,67.1,33.8615749582,tC/acre,0.2,0.6234999999999999,Grassland without tree/shrub cover
44262982,2018-07-11,715a3025-4cd0-4cad-9774-1f1241ec00b8,6867b05f-11ef-459c-955f-6c767b750ab1,2015-07-11,49.94104573,11.46266637,38.3,36.578758168,tC/acre,0.2,1.1800000000000002,Grassland without tree/shrub cover
44283316,2018-06-13,1a8d3c19-9724-49b2-888f-ed9cbe7a0539,446c651f-a6af-4775-836c-928213a0924c,2015-06-13,52.94207035,11.59168639,33.7,32.185486952000005,tC/acre,0.2,1.1800000000000002,Grassland without tree/shrub cover
44302680,2018-06-22,710fc3e3-b3c4-47f5-9f13-71933a402078,dcbae086-7e46-414d-a360-9528f4d9eac9,2015-06-22,47.22405776,11.4381661,56.2,53.67431355200002,tC/acre,0.2,1.1800000000000002,Grassland without tree/shrub cover
44302682,2018-06-22,783a59bc-2fcc-43de-8843-aad79b9d5e59,f0cebfac-d530-47a5-a38b-faacacc342c3,2015-06-22,47.24205742,11.43866214,45.9,43.83720626400001,tC/acre,0.2,1.1800000000000002,Grassland without tree/shrub cover
44322650,2018-05-12,59f17f4b-59eb-4a3d-aba4-ec180d4b19b7,5dedc063-b36a-4093-93e0-b53ddb2c6dbc,2015-05-12,46.95369155,11.45702478,30.0,20.991062820000007,tC/acre,0.2,0.8645,Grassland without tree/shrub cover
44322920,2018-05-30,352883b2-63f7-4551-866e-00e214aebecf,ae474b62-b9f8-4e20-8e94-5ffbc7743f94,2015-05-30,49.38254761,11.52852354,32.6,32.480583983200006,tC/acre,0.2,1.231,Grassland without tree/shrub cover
44342838,2018-08-13,44e390cf-8dab-4c14-8b3f-31a77d394a02,a159b103-2c74-4e3b-ba3b-98f027bfc8b4,2015-08-13,48.64480308,11.53300371,36.0,34.382122560000006,tC/acre,0.2,1.1800000000000002,Grassland without tree/shrub cover
44362656,2018-05-13,6a55c48e-5c78-47ae-a805-cef38d33d974,9e836d89-912f-47bc-9cc2-fefeacd052b7,2015-05-13,47.00697652,11.51106836,42.5,40.59000580000001,tC/acre,0.2,1.1800000000000002,Grassland without tree/shrub cover
44382228,2018-06-25,50ed74a6-3b24-4047-8469-a531d5ef76dc,b1b43c8d-0fc1-4231-86b2-243788763f8d,2015-06-25,43.14953567,11.43440796,25.5,24.354003480000003,tC/acre,0.2,1.1800000000000002,Grassland without tree/shrub cover
44382670,2018-06-20,4da78154-52cd-4a75-8dd9-1f7820138f16,49665b33-c819-4515-8a67-5ccb6cee8e96,2015-06-20,47.13261103,11.54103862,50.8,48.51699516800001,tC/acre,0.2,1.1800000000000002,Grassland without tree/shrub cover
44402962,2018-07-10,274fd97b-71ac-4694-a902-0c49e8f73bab,cd0a4c3c-edf1-427a-ad03-72e450af7282,2015-07-10,49.75858497,11.65145058,43.4,36.9533355296,tC/acre,0.2,1.052,Grassland without tree/shrub cover
44422360,2018-06-12,37727a63-ca13-4b4c-9ca4-299115b130e2,a9115d28-7eee-4e28-8da3-362af9e35cac,2015-06-12,44.33951376,11.51424028,16.0,15.280943360000004,tC/acre,0.2,1.1800000000000002,Grassland without tree/shrub cover
44423832,2018-05-21,91514d0f-7906-468d-a41e-ab18817cb58a,f5ba65f3-014c-4820-98c1-d953c10c823f,2015-05-21,57.57467356,12.02002391,31.8,30.37087492800001,tC/acre,0.2,1.1800000000000002,Temporary grassland
44442154,2018-06-14,10fa7722-db59-4ded-ba17-e45f2dbd8a5b,9ebcffda-784c-4378-b1d9-0cc89e4ab28c,2015-06-14,42.48046506,11.49112585,12.6,12.033742896000003,tC/acre,0.2,1.1800000000000002,Temporary grassland
44482636,2018-07-20,5f700230-9e3b-4e8d-8e41-d681e7ff3bda,a58b96f1-ab4a-4aec-8278-6d2bf0ab3d3a,2015-07-20,46.82464674,11.66301037,31.8,21.954539248800003,tC/acre,0.2,0.853,Grassland without tree/shrub cover
44483006,2018-07-08,a881ba53-6c0e-43c3-be5e-88969cf1482d,d1ad99ed-8ac5-4a0d-96b5-de258b25cdcb,2015-07-08,50.15241221,11.77702961,36.0,28.234132848000005,tC/acre,0.2,0.969,Grassland without tree/shrub cover
44503370,2018-06-04,f8fd52eb-fd85-4ada-a218-7053de2729d0,e14db4e2-93c3-4777-8a16-2b66ddfbd407,2015-06-04,53.42235353,11.94049283,16.8,16.044990528000007,tC/acre,0.2,1.1800000000000002,Grassland without tree/shrub cover
44522536,2018-05-28,09f663f3-2000-4162-b8e7-e56bdafb2e55,3606bac0-fc48-4c58-9bcb-5e45f144f835,2015-05-28,45.92348977,11.68678322,75.4,72.01144558400003,tC/acre,0.2,1.1800000000000002,Grassland without tree/shrub cover
44523310,2018-06-11,26988f8a-5a40-40c5-8cfb-34fb1c7d929a,865c7847-4c52-4b83-892e-f9a509e672bc,2015-06-11,52.88292058,11.94614652,38.6,36.86527585600001,tC/acre,0.2,1.1800000000000002,Grassland without tree/shrub cover
44543646,2018-08-23,835f3e49-0024-400d-a84c-c7f311defa4a,9ba4cdb3-58ec-483f-919f-4aeaa1501c2e,2015-08-23,55.90044592,12.12516608,49.1,46.893394936000014,tC/acre,0.2,1.1800000000000002,Grassland without tree/shrub cover
44562976,2018-07-13,a503cc25-1b9a-44e0-9ce1-aecc4e262f59,3d5dd500-505c-4824-8ee0-f83b5dc357ae,2015-07-13,49.8809741,11.87831359,36.5,33.604113725,tC/acre,0.2,1.1375,Grassland without tree/shrub cover
44563260,2018-07-06,bf4e1f6a-2537-4ade-a149-6f69e8c3b823,11745bfa-a802-4dbf-8dff-cc2a63f069e9,2015-07-06,52.43280802,11.98514803,14.2,13.561837232000002,tC/acre,0.2,1.1800000000000002,Grassland without tree/shrub cover
44563938,2018-06-19,01a1bd35-62b9-4380-b5bb-7d44e803e9d0,763b44c3-49d8-4268-af3e-60a9701879e1,2015-06-19,58.52349269,12.31333992,23.9,22.825909144,tC/acre,0.2,1.1800000000000002,Grassland without tree/shrub cover
44564074,2018-10-11,cadfbbe9-0444-4f07-b095-06d0169dc022,a144849c-0a29-48e4-8447-4bb0d6076f54,2015-10-11,59.74610353,12.39567782,64.7,45.55874050800001,tC/acre,0.2,0.87,Grassland without tree/shrub cover
44582206,2018-05-14,64008b80-d80a-4dc5-b1b3-c7782c394cc3,a7163e2a-5810-49fa-86c6-88314fd29510,2015-05-14,42.9472498,11.67391239,41.3,29.332248309,tC/acre,0.2,0.8775,Grassland without tree/shrub cover
44582530,2018-06-19,2589a11b-a369-4c97-a47d-414028a93461,1e98ffd7-0403-4129-8d11-2bfc94ced101,2015-06-19,45.86820256,11.76226296,42.7,40.78101759200001,tC/acre,0.2,1.1800000000000002,Grassland without tree/shrub cover
44602522,2018-06-04,c58b5c27-2e42-48fb-b475-c8f17309bb7c,a7fc774b-6317-4ba6-95b9-00e1cfdf9105,2015-06-04,45.79572471,11.78561669,31.7,31.301652728,tC/acre,0.2,1.22,Grassland without tree/shrub cover
44602792,2018-09-16,c6028484-33b6-46ff-8e67-9d5a7c825530,13d13fda-3a90-4ed4-9fe3-02cabc7b2d72,2015-09-16,48.22568923,11.87016062,37.5,35.81471100000001,tC/acre,0.2,1.1800000000000002,Grassland without tree/shrub cover
44603778,2018-07-03,210be0a2-0b76-4969-9720-9496fb274152,9258f099-29d8-442a-9b1d-517cca586690,2015-07-03,57.08459538,12.29041264,31.9,30.46638082400001,tC/acre,0.2,1.1800000000000002,Grassland without tree/shrub cover
44603904,2018-06-14,e05448f2-ae87-41b2-a21f-f2b56876af26,732d20ab-1bc0-4dbc-b295-c67238edcd2e,2015-06-14,58.21674706,12.36169188,40.1,38.29786429600001,tC/acre,0.2,1.1800000000000002,Grassland without tree/shrub cover
44623270,2018-06-20,dcac8264-e76b-48bc-b496-ae45af155154,b218e395-aaa8-4075-9716-47c3c24cadc3,2015-06-20,52.52113052,12.07755095,88.5,84.52271796000002,tC/acre,0.2,1.1800000000000002,Grassland without tree/shrub cover
44663072,2018-08-03,10f3eeb8-f2e5-462a-b56b-be0115e6a93b,cfbc4598-39cc-4875-ab53-98dc81a316bb,2015-08-03,50.74131149,12.05442986,38.6,36.86527585600001,tC/acre,0.2,1.1800000000000002,Grassland without tree/shrub cover
44683628,2018-08-28,a909d7c2-914b-4d57-8123-6ff042f8eb23,80d3e528-5043-4eff-8e2e-592b38981ca5,2015-08-28,55.73486302,12.33911822,25.6,24.44950937600001,tC/acre,0.2,1.1800000000000002,Grassland without tree/shrub cover
44683766,2018-06-04,4a75770a-ed61-43d0-8ff2-9a220cc99eb6,e0b5174a-977e-4faa-80df-b7efe6673007,2015-06-04,56.97442991,12.4152404,89.7,38.4057535836,tC/acre,0.2,0.529,Temporary grassland
44702744,2018-09-25,8d6b177d-0b32-40ba-8368-c1fb2dd34d18,7c23e078-6959-4330-aaeb-72f2fa8fd18f,2015-09-25,47.7915883,11.98773629,68.6,65.51704465600001,tC/acre,0.2,1.1800000000000002,Grassland without tree/shrub cover
44703914,2018-06-13,f1e11cd0-e71d-48a1-871d-e28d0698b7da,9f3f2ea2-3392-49ad-a4c5-127d2ef72474,2015-06-13,58.30352434,12.53776735,46.8,44.696759328000006,tC/acre,0.2,1.1800000000000002,Grassland without tree/shrub cover
44742594,2018-06-15,0ee4510b-92fd-410b-834a-a4314e24d26f,4ddb3d7d-1855-4810-a584-4543fb1019a8,2015-06-15,46.44082248,11.98913859,61.5,58.73612604000001,tC/acre,0.2,1.1800000000000002,Grassland without tree/shrub cover
44762764,2018-05-20,8c58a6c9-860d-47e1-b0b3-6a8268f1c937,3a6b12a6-70d4-41af-b8b0-38e80ac42ded,2015-05-20,47.97000493,12.07502674,87.3,46.7757122472,tC/acre,0.2,0.6619999999999999,Grassland without tree/shrub cover
44783296,2018-06-07,a583a639-f856-4d1b-a215-7b87906dbf18,afb24582-a4cf-4344-b72b-335c47b2adf3,2015-06-07,52.75030802,12.32547864,17.6,19.928681132800005,tC/acre,0.2,1.399,Grassland without tree/shrub cover
44783454,2018-07-04,5de6e7cb-f241-4d88-be75-195bfb30609b,e75320d8-dd58-4a67-b6d7-b49b14bdd256,2015-07-04,54.16924888,12.40392242,18.8,17.955108448000004,tC/acre,0.2,1.1800000000000002,Grassland without tree/shrub cover
44783818,2018-08-21,eed02b99-fc63-4d4a-80c1-6cab2956eab4,490aa731-3178-4fe0-b6a8-bb041b098959,2015-08-21,57.43840736,12.61170075,59.1,32.216121682200004,tC/acre,0.2,0.6735,Grassland without tree/shrub cover
44802636,2018-07-20,e4ea12cd-99c0-4a28-b8ac-7fea45041b7f,2c63796b-ffab-44f4-88f5-78f2b21faa5d,2015-07-20,46.81737776,12.08186335,21.6,21.888008870400004,tC/acre,0.2,1.252,Grassland without tree/shrub cover
44802780,2018-09-18,893674b9-d885-4dc4-b077-f7ca052c06bc,0784a2af-019a-46e4-bce5-d1cd9eb26e53,2015-09-18,48.11288436,12.13457534,33.2,31.707957472000007,tC/acre,0.2,1.1800000000000002,Grassland without tree/shrub cover
44822524,2018-05-31,90818c26-ae0f-4839-9ba6-39c5344fce4f,0ed22853-17f3-4bac-ac31-98f660697f82,2015-05-31,45.80860785,12.06879859,30.8,29.41581596800001,tC/acre,0.2,1.1800000000000002,Grassland without tree/shrub cover
44823928,2018-08-12,420d276e-a8d8-4ff9-9a7e-a2c3d8a40f47,251dcb7f-4a70-4112-b82d-b2c980fbbd57,2015-08-12,58.42532373,12.7515634,40.4,38.584381984,tC/acre,0.2,1.1800000000000002,Grassland without tree/shrub cover
44843702,2018-06-26,0b9e36db-63e5-4b31-b6a0-2958ff6593ec,d83a13b4-731b-4a61-a6cc-483747e5ffb0,2015-06-26,56.39450655,12.63796322,25.6,24.44950937600001,tC/acre,0.2,1.1800000000000002,Grassland without tree/shrub cover
44862290,2018-07-02,c77f9958-2aed-4c14-a8b7-0d0a9d79c261,d1a0c61a-63ce-410b-8cd0-403e6267e302,2015-07-02,43.69886974,12.04211544,38.5,36.76976996000001,tC/acre,0.2,1.1800000000000002,Grassland without tree/shrub cover
44862606,2018-06-16,a3fb91e4-e274-4bb8-bbf6-9e38ce684fc9,e17e75fb-1bd4-41fb-91d2-d61863dfdb29,2015-06-16,46.54583016,12.14942211,77.1,73.63504581600002,tC/acre,0.2,1.1800000000000002,Grassland without tree/shrub cover
44862714,2018-06-21,94e25a22-a7da-4b52-8023-5fdb3d434985,a331f07b-1b61-47b8-b041-e66737633e64,2015-06-21,47.51765133,12.18957868,45.5,43.45518268000001,tC/acre,0.2,1.1800000000000002,Grassland without tree/shrub cover
44862732,2018-07-07,12b1fa43-74b5-4833-91ca-d6656d16e9a5,a31ab2ce-2be4-48a7-a0fc-30088302bbe0,2015-07-07,47.67957179,12.19645997,75.7,72.29796327200002,tC/acre,0.2,1.1800000000000002,Grassland without tree/shrub cover
44882226,2018-04-27,fd81df84-02fc-47f1-8685-457cda1d0bf2,a5f4ed72-6df9-4735-940b-36a36688fa0e,2015-04-27,43.12103955,12.04656002,21.5,13.520963946000002,tC/acre,0.2,0.777,Grassland without tree/shrub cover
44882514,2018-05-31,fc796e2a-9bf7-4a15-a0ad-630687420ab7,6df9f314-72d8-456f-81bc-7f05aeaa858e,2015-05-31,45.7170271,12.14232148,19.2,18.337132032000007,tC/acre,0.2,1.1800000000000002,Temporary grassland
44882726,2018-07-07,5ac08d6c-5f3e-4f83-b20f-fc155f737035,2623e6cc-b616-455b-95bf-341d249bb0e1,2015-07-07,47.62506295,12.22074192,46.9,44.79226522400001,tC/acre,0.2,1.1800000000000002,Grassland without tree/shrub cover
44883184,2018-07-28,91364549-8e11-466d-a486-d1bbd01247cc,eb841ac4-06a1-43dd-86db-dc9c4f8037ef,2015-07-28,51.74144616,12.41825012,15.9,15.185437464000003,tC/acre,0.2,1.1800000000000002,Grassland without tree/shrub cover
44922246,2018-07-03,8f4b7d3f-7426-4a4b-bb25-145af919e6f7,892818c8-bb1d-4804-8119-ee8074816d3b,2015-07-03,43.30048884,12.10199446,14.8,14.134872608000004,tC/acre,0.2,1.1800000000000002,Grassland without tree/shrub cover
44922292,2018-07-02,65544635-ec89-434d-ab59-c353b8b3e1d1,fccac3b4-8097-4033-9850-adeb9d7e97ba,2015-07-02,43.71540668,12.11699979,25.6,24.44950937600001,tC/acre,0.2,1.1800000000000002,Grassland without tree/shrub cover
44922558,2018-06-26,ec381a2d-4448-4451-bcea-3aac72a08cd1,06572ac8-fded-45b5-8936-2d0c8d715ebe,2015-06-26,46.11215657,12.20966986,50.5,37.215126903,tC/acre,0.2,0.9105,Grassland without tree/shrub cover
44922728,2018-06-03,ca77a2db-ba45-46f2-a88a-b336dbfb53b8,81864700-f67f-4414-8b78-fb257e185036,2015-06-03,47.64196001,12.27469785,46.6,34.925696795200004,tC/acre,0.2,0.926,Grassland without tree/shrub cover
44923048,2018-06-11,25e49d6b-e57e-42d5-9dc0-07b9d5bfb22a,9b1472d7-8095-4a91-a84a-1ba12ac362b8,2015-06-11,50.51854369,12.41147915,47.9,45.74732418400001,tC/acre,0.2,1.1800000000000002,Grassland without tree/shrub cover
44942974,2018-05-23,d4de38ea-73cf-4c8d-8a2c-3788321aa078,5e2191bd-67d9-4cdd-ba6b-aafc9449eb1a,2015-05-23,49.85303262,12.40581971,50.6,39.31605427200001,tC/acre,0.2,0.96,Grassland without tree/shrub cover
44943870,2018-06-04,eb0b963a-9489-4b68-b842-b45e8100f23b,4d6dcfa3-88af-4c4b-9842-0884ef7abb94,2015-06-04,57.89996981,12.91423596,27.2,25.977603712000004,tC/acre,0.2,1.1800000000000002,Grassland without tree/shrub cover
44943880,2018-10-17,4f544e68-6ae7-4b54-82de-2066f3647132,abf584f3-5828-4d44-a4ec-889882f2d6eb,2015-10-17,57.98979859,12.92140897,27.4,26.168615504,tC/acre,0.2,1.1800000000000002,Grassland without tree/shrub cover
44963908,2018-10-16,8c527153-28ec-4fee-8b77-850a1adf545c,69552992-0f76-474b-be27-955cb77d7249,2015-10-16,58.24058481,12.97568627,28.9,25.800108432400005,tC/acre,0.2,1.103,Grassland without tree/shrub cover
45004036,2018-10-03,684f20d1-26bf-4736-b4a3-53f6c43b43d1,a697cb5d-ad67-4763-9875-51ea43699b86,2015-10-03,59.38908054,13.14420506,19.1,16.7962091498,tC/acre,0.2,1.0865,Grassland without tree/shrub cover
45022322,2018-07-09,7fc495a9-7bf9-49e5-81df-11b102e749fe,fbdfe713-3c0f-4c9c-865c-74dde79a08c6,2015-07-09,43.98329577,12.25126135,15.1,14.421390296000004,tC/acre,0.2,1.1800000000000002,Grassland without tree/shrub cover
45023702,2018-06-27,bec26698-daa7-4c91-b42e-1f8cba3535bf,d999d286-33e9-47a7-a662-ba792f1a08e5,2015-06-27,56.38823692,12.92897616,53.4,51.00014846400001,tC/acre,0.2,1.1800000000000002,Grassland without tree/shrub cover
45042696,2018-06-21,372d8f09-6754-40e1-9e1c-56fc6c6af3c4,e36afd4c-8d71-4993-af2d-0e302a9b94f7,2015-06-21,47.35068321,12.42072863,133.2,64.0381601376,tC/acre,0.2,0.594,Grassland without tree/shrub cover
45062714,2018-06-21,d8432b83-562d-4cc0-9cc7-a0a22af0a241,aadf4430-d1f8-4891-a6d0-8a79a95cdb4a,2015-06-21,47.51200559,12.45481969,49.5,37.579951332,tC/acre,0.2,0.938,Grassland without tree/shrub cover
45062784,2018-09-17,40483dcd-de1a-4be2-9164-d666eb30d0b6,f22cc909-444f-46a9-8fc5-b39f6db0ac0d,2015-09-17,48.14154177,12.48516821,43.4,41.449558864,tC/acre,0.2,1.1800000000000002,Grassland without tree/shrub cover
45062870,2018-09-09,1bd6e31a-638e-4e01-a985-0d22b25df7bc,c2e81de3-09f7-4828-8f1b-6fea26ceb6c6,2015-09-09,48.91471288,12.52378992,60.3,57.59005528800001,tC/acre,0.2,1.1800000000000002,Grassland without tree/shrub cover
45063428,2018-05-29,06c5c512-d206-4567-896f-fdf5710293ee,af244931-0fbd-42fc-af8d-d5659dbc961d,2015-05-29,53.92671596,12.81654292,115.1,69.35666495539999,tC/acre,0.2,0.7444999999999999,Grassland without tree/shrub cover
45063950,2018-07-29,974e3507-b070-4f88-877f-39c8b11c1979,b90f6dbb-8ed3-427e-b70c-b306649bb4eb,2015-07-29,58.61400446,13.17875423,36.6,34.95515793600001,tC/acre,0.2,1.1800000000000002,Grassland without tree/shrub cover
45102292,2018-07-04,a46aa4ff-ceb3-497f-8538-6f4aeed28433,1ba3cb69-f11d-47dc-8163-95e2f79150c3,2015-07-04,43.71058364,12.33972548,46.2,44.12372395200001,tC/acre,0.2,1.1800000000000002,Grassland without tree/shrub cover
45102684,2018-05-30,43d855fb-cf1a-492a-afaf-0821c5b4938a,f9c002f6-b8b0-482a-b40b-1e7ddcb5a587,2015-05-30,47.24094208,12.49486781,67.8,64.752997488,tC/acre,0.2,1.1800000000000002,Grassland without tree/shrub cover
45102712,2018-07-08,31298dc9-275f-40e4-8f08-8426b1070dac,c9dc4e86-9cd9-4699-85a8-559fd047cb8f,2015-07-08,47.49280984,12.50698978,57.4,54.820384304000015,tC/acre,0.2,1.1800000000000002,Grassland without tree/shrub cover
45122434,2018-07-03,0d3056f4-73b7-421a-a624-d193d0bac181,404335e1-f875-4f53-a6e6-cc38dd581077,2015-07-03,44.98985563,12.41826453,16.3,17.427640715600003,tC/acre,0.2,1.321,Temporary grassland
45122688,2018-07-09,d0a72e62-635c-4c01-8d9c-fb8829fad6a6,c786108f-3e6a-4029-b855-92c74e35458a,2015-07-09,47.27631556,12.52299138,38.0,36.29224048000001,tC/acre,0.2,1.1800000000000002,Grassland without tree/shrub cover
45122758,2018-06-03,2d3a54a9-d2d8-40d7-83f9-0b6cd1077ce6,658cf6b8-a74d-4b69-b028-225f018bf6a1,2015-06-03,47.90590165,12.55395982,38.4,36.67426406400001,tC/acre,0.2,1.1800000000000002,Grassland without tree/shrub cover
45142936,2018-07-10,3505cbab-25aa-4643-b08d-507163f5230e,ea57ed5b-0ad3-4ae8-84c3-3e989233002f,2015-07-10,49.50535005,12.66485678,23.8,26.46743564640001,tC/acre,0.2,1.374,Grassland without tree/shrub cover
45143008,2018-07-19,a3ef3cd0-399c-4aa3-9c81-ef2457497f15,a7fa3a3a-a418-4509-88db-5201e24f82b7,2015-07-19,50.15227538,12.70091611,43.3,41.35405296800001,tC/acre,0.2,1.1800000000000002,Grassland without tree/shrub cover
45143706,2018-06-09,7c413570-488b-4f9b-bf79-40e44e25af69,6864df08-c34b-45a0-89af-43e0e6902d7c,2015-06-09,56.41960618,13.12583824,17.2,16.427014112000005,tC/acre,0.2,1.1800000000000002,Grassland without tree/shrub cover
45143818,2018-09-07,c9349440-f900-4b47-b83c-c7a874398a17,b7803e91-090a-4f8b-9fe8-1f6582d76eab,2015-09-07,57.42524543,13.2098534,52.0,49.66306592000001,tC/acre,0.2,1.1800000000000002,Grassland without tree/shrub cover
45162820,2018-09-16,ae77a139-4637-4b58-ad7e-67e546a98cfc,ca87776d-ed76-42e4-b306-02166e85aaa6,2015-09-16,48.46209643,12.63624948,31.6,31.33079012000001,tC/acre,0.2,1.225,Grassland without tree/shrub cover
45182998,2018-07-16,9c9090a3-eb6d-41f3-8346-ea5e6d6c7b9a,3580f715-738c-4f25-915e-aec92326c8fa,2015-07-16,50.06109875,12.75166006,31.0,29.60682776000001,tC/acre,0.2,1.1800000000000002,Grassland without tree/shrub cover
45183718,2018-10-20,bd53ebc5-a615-447c-a657-3ee00939f7cb,7f1bbf6d-1b22-430c-b5b3-fce485be281f,2015-10-20,56.52575991,13.1994736,62.4,54.444188198400006,tC/acre,0.2,1.078,Grassland without tree/shrub cover
45202610,2018-06-25,12fc9e23-2442-4173-bdac-938ab968fddd,fb07c469-418e-44fc-814f-56f576c73300,2015-06-25,46.57205528,12.59379844,39.8,38.011346608,tC/acre,0.2,1.1800000000000002,Grassland without tree/shrub cover
45222602,2018-06-16,8f08baac-8b58-41f0-95ec-d7ec650432f8,fa413a3c-6955-48d6-afd0-40518500c473,2015-06-16,46.49943282,12.61631129,55.8,47.15012773440001,tC/acre,0.2,1.044,Grassland without tree/shrub cover
45242722,2018-06-21,cf5b56d9-d8bf-440a-bf49-75ba98252881,1173d89a-915d-4cc5-b947-48f4cfe7d0f8,2015-06-21,47.57832152,12.69724159,227.0,62.467330959999984,tC/acre,0.2,0.3399999999999999,Grassland without tree/shrub cover
45243004,2018-07-19,116f022e-5cb6-4351-9946-cfd115be4bba,7b8e1268-2021-4b82-aaa9-4ccf7eedd079,2015-07-19,50.11294649,12.83859564,28.5,27.219180360000006,tC/acre,0.2,1.1800000000000002,Grassland without tree/shrub cover
45262146,2018-07-07,b5c16df1-f6a6-49c0-8bf7-5f05dbe2a4e3,8f5f1440-18d1-4911-b362-e973492800fb,2015-07-07,42.38871578,12.48175021,15.1,14.421390296000004,tC/acre,0.2,1.1800000000000002,Grassland without tree/shrub cover
45282264,2018-07-04,530e777b-4b64-43d3-aa19-f98bd517d139,71cc008b-8379-4590-b50b-999361299977,2015-07-04,43.45278779,12.55132349,30.6,29.224804176000006,tC/acre,0.2,1.1800000000000002,Grassland without tree/shrub cover
45282274,2018-07-04,9ea9551b-ec96-4790-b8d0-900e5673389d,231366d7-be36-480b-bca3-4bf0a2e1d7c8,2015-07-04,43.54296919,12.55527051,82.8,35.98759285920001,tC/acre,0.2,0.537,Grassland without tree/shrub cover
45282706,2018-06-21,f5a939b1-9d73-4d61-b725-36ffbc85cd2d,3fb663b2-a480-4ae9-9841-c050381941fc,2015-06-21,47.43310202,12.74270783,62.0,40.57139024400001,tC/acre,0.2,0.8085,Grassland without tree/shrub cover
45282904,2018-06-15,20410574-8523-47f5-9299-5a8bc196729a,be9f23ba-7018-4104-8120-896c1cce6e63,2015-06-15,49.21308154,12.8412195,81.5,77.83730524000003,tC/acre,0.2,1.1800000000000002,Grassland without tree/shrub cover
45282972,2018-07-20,d61e78e3-f4be-4bb4-94c3-21d0dbe854f4,fa5ddcdf-bde0-441e-afc4-de0224b60ca7,2015-07-20,49.82406712,12.87716318,21.1,20.151744056000005,tC/acre,0.2,1.1800000000000002,Grassland without tree/shrub cover
45302988,2018-07-19,24744cd3-e0ed-4014-872b-9f69df5bcd92,9017779d-56b2-400d-b304-e1f7838ef650,2015-07-19,49.96709777,12.91364293,32.0,28.852493056000004,tC/acre,0.2,1.114,Grassland without tree/shrub cover
45322594,2018-06-16,78eea164-7f21-4145-9c36-7e9b9a953c79,42f9313e-4bc9-4d55-9f34-9b5d2d97fbbb,2015-06-16,46.4241947,12.74267578,53.7,43.39808148540001,tC/acre,0.2,0.9985,Grassland without tree/shrub cover
45322990,2018-07-19,b0eededf-ff83-4f4b-aaf3-71384947f3e8,ac017d00-c705-4f7e-b455-a34b3c0203d9,2015-07-19,49.98434718,12.94260118,40.7,38.870899672000014,tC/acre,0.2,1.1800000000000002,Grassland without tree/shrub cover
45323152,2018-06-03,1da26a3c-9f18-4737-91c2-27f9a606663d,2a40ccda-bd0e-4e3a-9c65-bdc29f40e80b,2015-06-03,51.4392894,13.03554683,10.5,13.261762563,tC/acre,0.2,1.5605,Grassland without tree/shrub cover
45342100,2018-06-24,e09f312a-7176-4a88-ab48-f670b3eb1665,2bc476a0-835d-4c2b-a811-0dcff9ce8bea,2015-06-24,41.97098805,12.56093343,12.1,11.3995189968,tC/acre,0.2,1.164,Temporary grassland
45342564,2018-05-08,dc58ce83-4eff-4b35-9fab-75c7c925a17f,297e6d48-8cde-49f8-87af-f9e75d67f2bb,2015-05-08,46.15354495,12.75476383,63.4,60.550738064000015,tC/acre,0.2,1.1800000000000002,Grassland without tree/shrub cover
45342706,2018-07-12,c8eda1dd-16e1-4aa8-81b6-2343f6a36e6e,7a4f0062-c672-4297-9a16-64b23ef18983,2015-07-12,47.43107322,12.82213968,27.1,24.785398756000003,tC/acre,0.2,1.13,Grassland without tree/shrub cover
45362200,2018-04-27,cd69db3d-9d68-4ee8-94e6-423e4b9a012d,0a3c1bd7-61b7-4aa9-ba78-1f2e78634c4a,2015-04-27,42.87299179,12.62401753,17.6,14.7648877728,tC/acre,0.2,1.0365,Grassland without tree/shrub cover
45382568,2018-07-02,d046ce57-7ab1-4fec-b5aa-49d4e887acf1,613308c2-b155-4221-9b8c-bb5ec849107b,2015-07-02,46.18819758,12.80832996,78.9,52.23703075440002,tC/acre,0.2,0.8180000000000001,Grassland without tree/shrub cover
45382978,2018-07-19,b409bb31-a429-4362-9dcc-73fb8f2be4d3,376a8a5a-600e-463d-9fde-3ab12059e20d,2015-07-19,49.87435918,13.01940026,25.7,28.7467890728,tC/acre,0.2,1.382,Grassland without tree/shrub cover
45402772,2018-06-01,d9d1ba70-b86e-4572-9e06-5f80800d5a4b,5e7c083b-80c7-4028-a5d0-9aafcd51874f,2015-06-01,48.0224279,12.93527024,62.0,59.21365552000002,tC/acre,0.2,1.1800000000000002,Grassland without tree/shrub cover
45462760,2018-06-01,3b4a2e52-acd4-4da3-ab8f-43c1f1bb5403,44685225-728a-43a8-b781-d2b1091d474b,2015-06-01,47.91237505,13.00923883,25.6,23.972951142400003,tC/acre,0.2,1.157,Grassland without tree/shrub cover
45462768,2018-06-08,bdf5f492-8667-4f79-8c3d-691d98ea9280,8c6ef418-7825-4f75-acbd-6c86be7ff4f6,2015-06-08,47.98429539,13.01348275,33.5,31.994475160000007,tC/acre,0.2,1.1800000000000002,Grassland without tree/shrub cover
45463044,2018-08-09,d565f690-3271-450c-8ffd-db39dd67482d,d1fdbc98-7e54-4f36-b096-2680c995cb11,2015-08-09,50.46412605,13.16981929,37.5,35.81471100000001,tC/acre,0.2,1.1800000000000002,Grassland without tree/shrub cover
45463614,2018-05-30,a0833470-1db6-440c-b64d-b64b5ef61272,8da6e092-ffd4-4d80-84c0-79d824a7d8a4,2015-05-30,55.58041262,13.56734692,19.4,13.9118096848,tC/acre,0.2,0.886,Grassland without tree/shrub cover
45482768,2018-06-01,6bba1a9d-20ad-476a-9db9-d1efae514f0c,085ef515-2939-4667-8608-ceab6beba508,2015-06-01,47.98355852,13.04024258,28.0,26.74165088000001,tC/acre,0.2,1.1800000000000002,Grassland without tree/shrub cover
45502702,2018-05-22,068c2fb8-689b-4396-92b1-d724b6692a51,3745e258-3341-45b4-986a-0c11768f239a,2015-05-22,47.38941082,13.03182701,16.8,16.452914015999998,tC/acre,0.2,1.21,Grassland without tree/shrub cover
45502932,2018-08-02,42b5b6cf-8a51-45a5-a8bd-dcb245d556e3,5eac70b0-d8ee-43c1-a2e2-621a1b081640,2015-08-02,49.45659121,13.15908597,33.4,31.898969264000005,tC/acre,0.2,1.1800000000000002,Grassland without tree/shrub cover
45503652,2018-08-14,9cd8002e-86df-40f7-8bb4-fc9e576ed430,747bbd82-fe70-44f3-a04b-9ee0ed64b4f7,2015-08-14,55.91961847,13.66212724,33.6,31.124562134400005,tC/acre,0.2,1.1445,Grassland without tree/shrub cover
45542620,2018-06-11,e8a00494-a70a-4a16-a4c7-ef75ff9e5031,19180029-782e-4631-a64e-12aef50c044a,2015-06-11,46.65041528,13.04170233,58.1,55.48892557600001,tC/acre,0.2,1.1800000000000002,Grassland without tree/shrub cover
45542694,2018-05-23,9a7222a9-2ad7-498e-a957-943d147b13ac,22c1c164-0e0b-4467-8263-f78f8562f929,2015-05-23,47.31598608,13.08046439,36.2,34.57313435200001,tC/acre,0.2,1.1800000000000002,Grassland without tree/shrub cover
45543016,2018-07-24,80e676dc-ee4c-4692-a13d-69a52f4dd6b3,dad9bc3d-321a-40fa-ac05-574c9f0149b9,2015-07-24,50.20951276,13.26500495,32.1,30.65739261600001,tC/acre,0.2,1.1800000000000002,Grassland without tree/shrub cover
45544090,2018-06-22,22941f3f-2b9a-4cec-b21b-2ebdb7cb96d4,c94a23c2-fbb7-48b8-bda6-7d3729f01f4b,2015-06-22,59.84926538,14.14913962,46.6,37.1132674368,tC/acre,0.2,0.984,Grassland without tree/shrub cover
45562556,2018-05-20,27ab0fda-da00-4241-b375-0c74b40e1813,216184f3-bd21-4b4a-85a8-15126d03fedc,2015-05-20,46.07383806,13.03497989,52.2,49.85407771200001,tC/acre,0.2,1.1800000000000002,Temporary grassland
45562568,2018-05-20,1ff2fc8d-dfb2-40aa-9004-8ef622b31e1a,124d2e6c-8e14-4fb5-9d07-df88b4c1ff34,2015-05-20,46.18182345,13.04106176,25.1,23.971979896000004,tC/acre,0.2,1.1800000000000002,Grassland without tree/shrub cover
45562852,2018-09-14,b5b4a1e6-c40f-41ff-b0a2-32646acef6c3,24349b0c-4575-425f-99c9-4cd309cd0c86,2015-09-14,48.73549081,13.19478697,23.9,25.505051869800003,tC/acre,0.2,1.3185,Grassland without tree/shrub cover
45562982,2018-06-12,a78d2016-a86b-4912-a448-ed126fb53161,9e1bdd55-c107-4624-bfba-caf873cf568a,2015-06-12,49.90335581,13.27201577,34.1,24.0944378796,tC/acre,0.2,0.873,Grassland without tree/shrub cover
45564058,2018-10-16,3488bbe7-c5fa-4ac1-b541-0ad5dc3dd203,dae072be-c589-4cef-b1f4-21b5af8bcfc2,2015-10-16,59.56086428,14.14963596,10.9,10.410142664000002,tC/acre,0.2,1.1800000000000002,Grassland without tree/shrub cover
45582602,2018-06-11,70455b39-a1f5-46a5-b4ec-331a3cb324ed,0086e9bd-bad4-49be-b792-277f419f1c41,2015-06-11,46.48699717,13.08446999,51.9,49.56756002400002,tC/acre,0.2,1.1800000000000002,Grassland without tree/shrub cover
45642688,2018-05-23,4c7d931d-7c97-4ca3-a92b-bc281b111a34,84c09ff8-d055-4301-b333-a7eb033f9b65,2015-05-23,47.25821271,13.20920368,61.1,58.354102456000014,tC/acre,0.2,1.1800000000000002,Grassland without tree/shrub cover
45642750,2018-05-30,dc093af7-8000-43bd-929d-c00da74b2c01,5214c33f-3b22-4896-8d01-29bb872b3dcc,2015-05-30,47.8156297,13.24400882,85.8,74.2010396556,tC/acre,0.2,1.0685,Grassland without tree/shrub cover
45662602,2018-06-02,f6350e51-912c-43fe-8c5b-bd73e0989371,8071a608-34c4-4bb0-8246-18c718cd305a,2015-06-02,46.48395651,13.18847735,50.6,48.32598337600001,tC/acre,0.2,1.1800000000000002,Grassland without tree/shrub cover
45662866,2018-09-24,07a87281-4932-493f-87a1-7bdc812fb0a8,28d90e2c-2725-4b06-80a3-3efd988b82ae,2015-09-24,48.85729683,13.33901271,33.6,32.08998105600001,tC/acre,0.2,1.1800000000000002,Grassland without tree/shrub cover
45662902,2018-08-08,fd6281ca-0515-4302-98fd-8cd38f16deb8,0e5a0157-2dd0-4d68-ba80-48953559b444,2015-08-08,49.1807149,13.36096424,40.3,38.488876088000005,tC/acre,0.2,1.1800000000000002,Grassland without tree/shrub cover
45682752,2018-05-30,10adaacd-f332-4258-a2d6-7a6ceaa36fa9,e67e6e1c-313e-4a6f-acbc-d9f6364c404b,2015-05-30,47.83201585,13.29850348,39.8,38.011346608,tC/acre,0.2,1.1800000000000002,Grassland without tree/shrub cover
45702942,2018-07-18,4d9cc226-08d2-48e1-ab75-01a3d4492222,64d997d5-d54b-4e59-8e31-697d4f3fe50a,2015-07-18,49.53834597,13.44099174,13.7,13.084307752,tC/acre,0.2,1.1800000000000002,Grassland without tree/shrub cover
45702964,2018-08-08,1662ec2c-b060-4f64-94d7-5fb47e0f27b2,bdf7cff6-1b2c-4ee8-bfa9-37816f4a2c71,2015-08-08,49.73593117,13.45506618,28.2,27.343499899200005,tC/acre,0.2,1.198,Grassland without tree/shrub cover
45703626,2018-09-21,d956e4ca-a966-4d4b-9e46-d443701de59a,f22e5003-d33f-4605-a19c-2565f2b4b105,2015-09-21,55.67681778,13.95789155,37.3,35.623699208000005,tC/acre,0.2,1.1800000000000002,Grassland without tree/shrub cover
45722786,2018-06-07,0cf86ccf-5746-4612-8a32-799967097bc7,7911e9e6-b777-4cb4-8d35-5e14cb8357d1,2015-06-07,48.13598242,13.37201318,43.1,41.163041176000014,tC/acre,0.2,1.1800000000000002,Grassland without tree/shrub cover
45762134,2018-07-18,f137d6dc-67c7-45b6-88a1-31b51dbd4ec9,1a8c05bb-2177-41f2-9aed-fe0f0ad069b5,2015-07-18,42.26374329,13.08101475,15.5,15.411859281000003,tC/acre,0.2,1.2285,Grassland without tree/shrub cover
45763802,2018-06-05,3cd3ad1a-94f7-48e3-bfff-bd3bbea85e02,b01583e3-8bab-4428-8ac1-98ae049b49f3,2015-06-05,57.25270016,14.22267548,32.7,18.9102888138,tC/acre,0.2,0.7145,Grassland without tree/shrub cover
45782694,2018-06-19,14753c59-3a27-4d8d-9382-61322c28d1bb,1e0943bf-d70f-434f-974e-5a1e937fc401,2015-06-19,47.30654331,13.39739192,58.7,56.06196095200002,tC/acre,0.2,1.1800000000000002,Grassland without tree/shrub cover
45842754,2018-05-29,0c315358-b86e-461b-8d03-cea13b322698,414089c6-ad67-41d2-b0c2-3e4312304931,2015-05-29,47.84336232,13.51312906,27.7,22.408394597800005,tC/acre,0.2,0.9995,Grassland without tree/shrub cover
45842920,2018-06-28,5785a343-beaa-40dd-b737-b83b59fd5e2b,5025fb7f-20e5-4339-a71c-7f4fb4dd9ca7,2015-06-28,49.3347164,13.61947412,10.8,10.314636768000003,tC/acre,0.2,1.1800000000000002,Grassland without tree/shrub cover
45882538,2018-06-22,12a002b5-343a-4abf-80e8-8b9ceb9dfe38,355458b4-fa95-4a48-b589-99f6ac89fe01,2015-06-22,45.89933493,13.43747809,28.6,27.314686256000005,tC/acre,0.2,1.1800000000000002,Grassland without tree/shrub cover
45882618,2018-06-14,f82cf714-1f00-4738-9192-cbe702e6175d,d1e2b3c1-01e0-456b-8e6b-a1c2d61c253e,2015-06-14,46.61897682,13.48384238,52.3,38.837917763,tC/acre,0.2,0.9175,Grassland without tree/shrub cover
45902074,2018-06-13,082d851c-b6bc-40ce-a5e4-cf83c62be08e,0d997123-9963-4820-af4f-2e09ebd04097,2015-06-13,41.71684974,13.22124347,13.7,13.084307752,tC/acre,0.2,1.1800000000000002,Grassland without tree/shrub cover
45922898,2018-06-27,1220075e-7818-44ff-bd75-170a02b0e1a7,94249c52-aa21-4efa-9094-52eeb0e2d72f,2015-06-27,49.13355096,13.71440306,39.5,37.72482892000001,tC/acre,0.2,1.1800000000000002,Grassland without tree/shrub cover
45962662,2018-05-14,08324474-d19b-449a-abe7-919ce6847648,f686eac2-f29a-47b8-b094-a73cacd5c7d0,2015-05-14,47.01118125,13.6150654,43.7,31.885655094600004,tC/acre,0.2,0.9015,Grassland without tree/shrub cover
45962820,2018-06-18,1cd7c5ab-92d0-4527-9ce6-237f78d9b175,a88b6a4d-9adb-4c81-bac9-51dedb72a55d,2015-06-18,48.4311225,13.71639425,44.1,42.11810013600001,tC/acre,0.2,1.1800000000000002,Grassland without tree/shrub cover
46003080,2018-07-16,8157b007-fb80-41d1-bb0b-7524d1ecf537,9201927c-85f8-48e6-b723-d17b23ae2547,2015-07-16,50.76371508,13.95652302,26.9,25.985009465800005,tC/acre,0.2,1.1935,Grassland without tree/shrub cover
46042706,2018-07-21,39922484-b5b8-4992-8bfc-846a01bcc090,2e65ed10-37c9-4a9f-aac3-9a753c2c6e10,2015-07-21,47.40312874,13.74837926,31.2,29.797839552000006,tC/acre,0.2,1.1800000000000002,Grassland without tree/shrub cover
46042842,2018-07-15,367951d9-db80-4f8d-a54f-3713cac5a094,3f9b2e89-8c04-45c7-aca2-813b86e53257,2015-07-15,48.62505863,13.83945042,22.1,21.106803016000008,tC/acre,0.2,1.1800000000000002,Grassland without tree/shrub cover
46043076,2018-07-16,e65659dc-4af4-4ddc-ad6c-181cc771d242,19eac4bc-20ea-40e4-a368-84396a08df4e,2015-07-16,50.72586214,14.01006183,19.3,18.432637928000005,tC/acre,0.2,1.1800000000000002,Grassland without tree/shrub cover
46082614,2018-07-03,7add9383-3118-4735-b935-d44182ea681f,68a40a84-6764-407b-8fa7-f4d8021c57b8,2015-07-03,46.57424737,13.74189902,81.7,75.052660874,tC/acre,0.2,1.135,Grassland without tree/shrub cover
46102952,2018-06-19,eaee001e-7740-4dfe-9ac6-ab41e387b7e4,b6f45865-2e6d-48ac-9d3b-dea5de6ef64c,2015-06-19,49.6099391,14.00024713,18.4,17.573084864000005,tC/acre,0.2,1.1800000000000002,Grassland without tree/shrub cover
46103060,2018-07-19,fd5178c3-aafb-48b7-a4a3-3d9035bb8e07,b63f4723-8cef-48ef-8673-4c8577e0227d,2015-07-19,50.5792987,14.08239089,21.9,20.915791224000003,tC/acre,0.2,1.1800000000000002,Grassland without tree/shrub cover
46122128,2018-07-03,33fd36e1-2a5d-4d3f-bd12-4125420dfdd1,175d4304-b78a-481b-901e-931e54f2e490,2015-07-03,42.19538671,13.51234669,23.7,22.634897352000007,tC/acre,0.2,1.1800000000000002,Grassland without tree/shrub cover
46142896,2018-07-18,87eddedd-1839-4325-ac27-3ce833977e05,dc3ee783-f6b3-419a-af7b-80095ff6e5ab,2015-07-18,49.1052085,14.01395884,16.0,20.460924160000005,tC/acre,0.2,1.58,Grassland without tree/shrub cover
46142928,2018-06-21,98abe527-e539-402b-9f25-adca64f2e063,17173309-63f5-4ae7-8955-bf83c2110fb6,2015-06-21,49.39251359,14.03757232,17.1,16.331508216000007,tC/acre,0.2,1.1800000000000002,Grassland without tree/shrub cover
46143814,2018-08-24,cdb9020d-1906-4717-8573-4912e027e31b,33cbb615-a663-412a-bfbe-9ed811883d5d,2015-08-24,57.33865848,14.86416878,56.2,53.67431355200002,tC/acre,0.2,1.1800000000000002,Grassland without tree/shrub cover
46164168,2018-10-04,33fd35ca-9322-456a-bf17-f129789e5d23,1f3f6bf3-7430-4909-9ee9-86b17841b4c5,2015-10-04,60.51201842,15.3602737,21.7,20.391075356400005,tC/acre,0.2,1.161,Grassland without tree/shrub cover
46181644,2018-04-23,c72708fc-c769-4647-a46a-850cc0165117,954c9ab6-a80a-482a-832d-ac32b7a385a6,2015-04-23,37.81573174,13.34932448,16.7,17.774213806,tC/acre,0.2,1.315,Grassland without tree/shrub cover
46182646,2018-05-28,335f71bb-3bc8-4c64-9b31-1e3666de1f8c,f89c756c-caa9-4249-8809-bf2e173ebc12,2015-05-28,46.85732008,13.89316375,52.9,50.522618984000005,tC/acre,0.2,1.1800000000000002,Grassland without tree/shrub cover
46182828,2018-07-14,1c06ef68-f937-4e91-b7af-ff74ae402f95,9c2d652d-8113-4e78-b877-720f824e6257,2015-07-14,48.4926105,14.01895007,30.8,29.41581596800001,tC/acre,0.2,1.1800000000000002,Grassland without tree/shrub cover
46184046,2018-08-01,8a1f823e-a091-4f23-bcb5-32fae79255ed,9f09067d-a278-4369-bf65-eedcf53d4055,2015-08-01,59.41640604,15.22456326,28.3,27.02816856800001,tC/acre,0.2,1.1800000000000002,Grassland without tree/shrub cover
46202044,2018-06-12,2f3e4a59-2f4a-461d-881a-0354ff836172,e7fb60cb-78a7-486f-98d1-317a06e1f319,2015-06-12,41.43381132,13.56437997,22.5,21.05176572,tC/acre,0.2,1.156,Grassland without tree/shrub cover
46202116,2018-05-02,384dcc9d-291a-48a2-987f-cd2f007b32da,a6166b0e-03b8-4f6d-b3ef-8d320fe44831,2015-05-02,42.08370133,13.6023499,30.3,13.745686081800002,tC/acre,0.2,0.5605,Grassland without tree/shrub cover
46203078,2018-08-22,a7290e0a-a9cf-42ed-92fc-65f21a4b4238,55a977e2-a0e0-4d47-90d3-d6f1d209595e,2015-08-22,50.73570951,14.23795664,20.8,20.749060592000003,tC/acre,0.2,1.2325,Grassland without tree/shrub cover
46242910,2018-07-17,c8ceba17-402a-4a80-82c5-5e5ec46fa0cc,04200f88-5b3a-4439-809d-7ca7238cbb59,2015-07-17,49.22590903,14.16133441,41.4,39.539440944000006,tC/acre,0.2,1.1800000000000002,Grassland without tree/shrub cover
46262116,2018-07-03,0f1e6ea9-557d-459e-b91c-dae05c41f690,9e1615fd-02e2-495f-ac9b-fd9bf4d4ed83,2015-07-03,42.08108822,13.674544,45.3,43.26417088800001,tC/acre,0.2,1.1800000000000002,Grassland without tree/shrub cover
46263946,2018-07-08,69e035bc-719f-4034-b02a-6477916112d5,4576168d-553d-4465-ab34-7246b92ab349,2015-07-08,58.51447652,15.22953765,20.4,19.1034454416,tC/acre,0.2,1.157,Grassland without tree/shrub cover
46263992,2018-07-21,08228748-db3e-4fbb-9852-6df3bba84215,99c2b1e6-b31a-46c2-94af-d745c6af8043,2015-07-21,58.92688202,15.2907446,53.7,51.28666615200001,tC/acre,0.2,1.1800000000000002,Grassland without tree/shrub cover
46282550,2018-05-31,72529d00-4379-4031-ab97-6e384c104c0a,0605e2f8-ef46-4ae1-b0c9-a1697cad413c,2015-05-31,45.98938519,13.95954517,56.8,39.8350235984,tC/acre,0.2,0.8665,Grassland without tree/shrub cover
46282586,2018-08-13,bd6c7f78-03fb-4d1d-b9e6-b799d8564717,a47fdf24-273c-4d3b-b1e2-e126061dcae1,2015-08-13,46.31311783,13.9834107,44.1,42.11810013600001,tC/acre,0.2,1.1800000000000002,Grassland without tree/shrub cover
46282852,2018-07-31,3ff56299-c860-4bbf-a002-4d003ab65b2b,547d5fd5-31fe-4bd9-9953-49af210dc564,2015-07-31,48.70313968,14.17196585,21.4,20.438261744,tC/acre,0.2,1.1800000000000002,Grassland without tree/shrub cover
46283360,2018-09-15,7514a46a-3e93-4b8d-947f-d077b60e71a5,ded2a078-cee7-492a-ad18-d85eadb9e817,2015-09-15,53.26046087,14.60364611,11.8,11.269695728000002,tC/acre,0.2,1.1800000000000002,Grassland without tree/shrub cover
46322834,2018-05-28,b5e2256b-6e73-44cc-83c8-f112f3bd2da9,74a85e07-90e9-47d0-81b6-eb1a00147639,2015-05-28,48.53946822,14.21256397,27.7,23.876878686,tC/acre,0.2,1.065,Grassland without tree/shrub cover
46322946,2018-08-21,1ccd3894-6316-4522-b2c1-4d5216662389,7170dc57-53c7-4792-8fd8-9ac1c2b688d3,2015-08-21,49.54491636,14.29937972,20.3,19.387696888,tC/acre,0.2,1.1800000000000002,Grassland without tree/shrub cover
46323072,2018-07-31,81913c39-d0d0-44a9-a87a-5eface1177e1,58df28b7-7d5f-4f42-89b8-d770e3b52d14,2015-07-31,50.6755168,14.40260366,20.8,19.949401056000003,tC/acre,0.2,1.185,Grassland without tree/shrub cover
46342926,2018-08-21,0397dd8f-24c8-403b-8daf-9d873a81c771,95765df7-9d7f-4ac3-ad93-5d2caf64a1fa,2015-08-21,49.36435638,14.31103731,20.3,19.387696888,tC/acre,0.2,1.1800000000000002,Grassland without tree/shrub cover
46363066,2018-08-21,e513b51b-56c3-4b15-a427-7e70c915c979,4834e750-16a0-49b4-af28-39bf37b6bf90,2015-08-21,50.61951793,14.45398158,26.3,25.118050648000004,tC/acre,0.2,1.1800000000000002,Grassland without tree/shrub cover
46363092,2018-08-23,29e44d5d-bfa1-4352-9e6f-cdcf3ccca494,44711d0a-8785-4e4c-be3b-f4723692aa5e,2015-08-23,50.8527475,14.47627593,28.0,26.74165088000001,tC/acre,0.2,1.1800000000000002,Grassland without tree/shrub cover
46363102,2018-09-03,f197c135-8602-4d96-a69c-0d25df67d1c2,4b328940-b94c-4ad3-967e-f3e713e1a5d0,2015-09-03,50.94244603,14.48492468,21.7,20.6896526872,tC/acre,0.2,1.178,Grassland without tree/shrub cover
46382834,2018-06-13,04abd25a-cb15-4e01-b09d-883ad88f0e02,d43e0735-f170-42b7-ae51-dcb848169de4,2015-06-13,48.53635735,14.29367308,32.1,30.65739261600001,tC/acre,0.2,1.1800000000000002,Grassland without tree/shrub cover
46402674,2018-06-22,2f779b21-273b-425b-9cd4-7e497c061ee3,b9d5309b-2b29-4df9-8cf5-d34ee9740f6b,2015-06-22,47.09817091,14.20110096,15.9,15.185437464000003,tC/acre,0.2,1.1800000000000002,Grassland without tree/shrub cover
46402688,2018-08-07,965489ca-1987-42dd-9642-f1eaf52e27f6,d3ad3471-93ac-43e7-a7c4-9dc82e0cb9e2,2015-08-07,47.22396819,14.21122967,85.1,43.7716876006,tC/acre,0.2,0.6355,Grassland without tree/shrub cover
46402932,2018-08-22,3b5acd9c-709d-4977-b880-b5f04db7c1cc,cbf90f0a-f537-4556-bee9-126f8bb2bfdf,2015-08-22,49.41501398,14.39835703,27.2,26.638051264,tC/acre,0.2,1.21,Grassland without tree/shrub cover
46422528,2018-07-23,a98ef8cc-ec11-4f0f-b4c8-d7aa3aca46ae,64d942ce-96b3-45f3-9b60-c2ecc070623b,2015-07-23,45.78468234,14.12473914,35.3,33.71358128800001,tC/acre,0.2,1.1800000000000002,Grassland without tree/shrub cover
46422624,2018-05-14,4f822a14-b04a-491d-b343-1383a69c58e1,9a8cef67-d6bd-48be-a5a4-a2da835530d1,2015-05-14,46.64780123,14.19149875,19.1,20.02714123660001,tC/acre,0.2,1.2955,Grassland without tree/shrub cover
46422682,2018-06-23,2cea959c-2204-4a9d-8222-b412c4967c88,f8fcba96-9dbd-4591-8b10-501574a7e94f,2015-06-23,47.16903157,14.23320629,34.4,32.85402822400001,tC/acre,0.2,1.1800000000000002,Grassland without tree/shrub cover
46442110,2018-07-03,3547c514-65d5-4694-baa5-bcaa07af55b0,b9a4f1fc-072f-47ec-a1cf-c67341687210,2015-07-03,42.01880757,13.88763046,30.1,28.74727469600001,tC/acre,0.2,1.1800000000000002,Grassland without tree/shrub cover
46462636,2018-05-17,ee2ba844-8450-4842-a8d7-33a2b94017d4,e077fbac-5eaf-4993-b1cd-89ae11c401e1,2015-05-17,46.7536063,14.25227846,23.4,22.348379664000003,tC/acre,0.2,1.1800000000000002,Grassland without tree/shrub cover
46462856,2018-08-01,7688871c-704b-41df-991e-961851d61950,7cac47c9-0d5f-4bc6-a5be-0187558fc1f6,2015-08-01,48.72962107,14.41925342,18.0,20.133937872,tC/acre,0.2,1.382,Grassland without tree/shrub cover
46462874,2018-07-25,b8efcc80-a2d0-418e-a4be-c9d65b2effbd,520c6d08-eb4e-4452-b86b-1ac3e669012f,2015-07-25,48.8912003,14.43366082,18.3,21.995088786000004,tC/acre,0.2,1.485,Grassland without tree/shrub cover
46462946,2018-08-21,27664e1f-4463-436a-bd18-e00f9d47c94e,bb4a633f-ba18-4057-9be3-237024239ba4,2015-08-21,49.53739095,14.49249583,36.8,35.14616972800001,tC/acre,0.2,1.1800000000000002,Grassland without tree/shrub cover
46482614,2018-05-16,d84a52ea-a197-4213-85e5-a2f4b3aa62ca,9f9af0e3-9dcd-4b37-b42e-4b219777ef0b,2015-05-16,46.55484536,14.26247896,27.8,26.550639088000004,tC/acre,0.2,1.1800000000000002,Grassland without tree/shrub cover
46483334,2018-08-22,bc36c5eb-fab3-4a92-b461-a6fe9c1f5b64,0109edca-224d-453d-9dfc-3d89cac875ca,2015-08-22,53.01566816,14.87634227,11.6,11.078683936000004,tC/acre,0.2,1.1800000000000002,Grassland without tree/shrub cover
46502878,2018-08-03,4d0b1f21-5460-40d4-8f84-acfcc3488483,fcaca232-7f4f-4af2-a239-fc313833d1ef,2015-08-03,48.92492573,14.49136585,22.8,21.775344288000003,tC/acre,0.2,1.1800000000000002,Grassland without tree/shrub cover
46503054,2018-08-15,b791cf74-9f18-4cd2-9e14-5d9ac54ae89a,84757bca-35b6-4dc3-8cbf-e8e13afd077a,2015-08-15,50.50406743,14.64081538,16.5,18.836716899,tC/acre,0.2,1.4105,Grassland without tree/shrub cover
46522674,2018-06-22,495d198f-d4be-460a-bc7e-dac01ac20087,efa7decb-c2d5-46a4-ae93-ace608e2c02c,2015-06-22,47.09193694,14.35882195,40.4,38.584381984,tC/acre,0.2,1.1800000000000002,Grassland without tree/shrub cover
46522722,2018-08-09,1e9270f7-0710-448e-ac33-899dbfb4e648,26beb144-32f5-47fb-a6d0-ffe22f35c286,2015-08-09,47.52314219,14.39511742,62.0,47.897825588,tC/acre,0.2,0.9545,Grassland without tree/shrub cover
46522836,2018-07-02,55acd67a-e824-4930-938b-1186b56f7a43,0e55bcaa-b120-41d4-974b-378874b90523,2015-07-02,48.54682264,14.48449934,67.2,47.50948890240001,tC/acre,0.2,0.8734999999999999,Grassland without tree/shrub cover
46542882,2018-07-26,27016efb-b941-46c7-a623-217981f11c4e,3bf2a428-8ea3-4a1b-b68e-18e0aaee9d7b,2015-07-26,48.95862029,14.54915103,23.2,22.157367872000005,tC/acre,0.2,1.1800000000000002,Grassland without tree/shrub cover
46543084,2018-08-23,e67de7c6-191d-4414-a028-f12c941d8fba,2017533b-7c6d-4556-ad36-4524af6adf63,2015-08-23,50.7708301,14.72415022,17.5,16.713531800000005,tC/acre,0.2,1.1800000000000002,Grassland without tree/shrub cover
46562646,2018-05-26,6b2cc0bd-5e30-4f18-99be-ccf19e7c5476,c5485ae5-36dc-45b8-9bda-85e86cc83635,2015-05-26,46.83823007,14.39031807,22.1,21.106803016000008,tC/acre,0.2,1.1800000000000002,Grassland without tree/shrub cover
46563388,2018-08-02,0215ed2f-494b-424e-a39c-a5cfd0c72524,41af9aea-d60f-478a-b145-cbd79d65c334,2015-08-02,53.49469446,15.05182821,16.9,16.140496424000002,tC/acre,0.2,1.1800000000000002,Grassland without tree/shrub cover
46582774,2018-05-18,295481f0-f6c8-4a40-a900-f767ac832b9b,4daf2536-ae85-468c-9469-b88b252a0ce7,2015-05-18,47.98688891,14.51554383,35.2,33.61807539200001,tC/acre,0.2,1.1800000000000002,Grassland without tree/shrub cover
46583314,2018-08-09,480e4c7e-e14d-4d73-bd12-240c83fc83f3,4bf8225b-ed8f-469d-9e65-75f12b7b3167,2015-08-09,52.83031482,15.00435697,67.5,64.4664798,tC/acre,0.2,1.1800000000000002,Grassland without tree/shrub cover
46602618,2018-05-19,df62806f-5c9e-4461-b350-6c43c6af9ae2,dbd70552-0383-44bb-96f0-6c6ed9041715,2015-05-19,46.58448055,14.42157118,41.5,39.63494684000001,tC/acre,0.2,1.1800000000000002,Grassland without tree/shrub cover
46602700,2018-07-16,e092a912-1693-4425-aa9a-8f1e6e77045f,995aa612-176a-4c02-aaf1-49ba46ffb19e,2015-07-16,47.32121487,14.48398337,31.9,30.46638082400001,tC/acre,0.2,1.1800000000000002,Grassland without tree/shrub cover
46622668,2018-06-21,06b5219c-85e3-48cd-9fc8-c9ba892297eb,3aea9c90-da55-4742-98e8-4578f310f5c6,2015-06-21,47.03266438,14.48561227,42.2,40.30348811200001,tC/acre,0.2,1.1800000000000002,Grassland without tree/shrub cover
46622720,2018-06-25,8dea6f2c-77d1-4817-a168-81b29931cfb1,bf1974da-2230-47ad-9928-8b0054d152d5,2015-06-25,47.49975789,14.52603893,37.1,35.43268741600001,tC/acre,0.2,1.1800000000000002,Grassland without tree/shrub cover
46642772,2018-05-18,48cf4833-34f4-4cce-a74f-f1fdb5ec21c5,fed87871-568c-4cb5-bdb7-5d88e4fe4762,2015-05-18,47.96560539,14.59413724,38.6,36.86527585600001,tC/acre,0.2,1.1800000000000002,Grassland without tree/shrub cover
46643054,2018-08-15,5600beee-5014-4c11-a766-b65132fb2826,1e167126-a838-4e75-872c-f68d3b42e50a,2015-08-15,50.49593032,14.83778501,11.7,11.174189832,tC/acre,0.2,1.1800000000000002,Grassland without tree/shrub cover
46643330,2018-08-10,842ece81-5695-49a5-bed7-2dce29687502,b90f3868-69e5-40aa-9df5-124597ad3199,2015-08-10,52.96994429,15.10999739,10.5,10.028119080000002,tC/acre,0.2,1.1800000000000002,Grassland without tree/shrub cover
46662780,2018-05-18,ad549128-40bd-40e4-8449-e1555a7601e1,119c766c-3978-4753-97c1-bcb03d095b7b,2015-05-18,48.03630958,14.62738906,37.3,35.623699208000005,tC/acre,0.2,1.1800000000000002,Grassland without tree/shrub cover
46682698,2018-05-10,c19c9a77-0cbf-42aa-8eec-031e8525f35e,db62861b-6fbc-4a96-a248-efcf1b68b837,2015-05-10,47.29884348,14.58797894,51.6,39.967760606400006,tC/acre,0.2,0.957,Grassland without tree/shrub cover
46703430,2018-06-06,d71d1f15-c889-4af3-80ef-cc089b0da61b,d9fc7e68-28aa-4e73-920e-0034e4b8a02c,2015-06-06,53.86200461,15.30918817,15.5,14.803413880000004,tC/acre,0.2,1.1800000000000002,Grassland without tree/shrub cover
46703916,2018-07-21,840b6d9a-6fe1-4c07-a5f0-9c4c6730013f,3a1e798a-8af7-4eda-a1f7-2df02a60e0a7,2015-07-21,58.21471171,15.93612837,25.5,24.354003480000003,tC/acre,0.2,1.1800000000000002,Grassland without tree/shrub cover
46722156,2018-05-29,20298900-9b52-4a9b-9689-d81b1b1ff2fe,753101d0-16bc-48ed-b6b8-7ebc09d4d801,2015-05-29,42.42003684,14.25313794,15.0,14.325884400000003,tC/acre,0.2,1.1800000000000002,Grassland without tree/shrub cover
46722576,2018-05-22,4df95919-c80e-49a7-9f67-38e6c32c5b89,4286ea87-91a8-4157-856b-839a132ebc14,2015-05-22,46.20050025,14.54554301,34.8,25.434029476800003,tC/acre,0.2,0.903,Temporary grassland
46722638,2018-05-14,7257bd39-4e2c-4c6a-9c50-1e662744be27,188cd885-9b9a-4aa7-8a27-aa1ecceb8589,2015-05-14,46.75763449,14.59328973,46.4,39.1133875232,tC/acre,0.2,1.0415,Grassland without tree/shrub cover
46722642,2018-07-26,23f0959c-79f7-452e-8866-4f4693fbb23d,125c3c30-b252-4ec3-8686-0e680ff82d16,2015-07-26,46.79357148,14.59641469,31.0,23.459647420000003,tC/acre,0.2,0.935,Grassland without tree/shrub cover
46722876,2018-08-08,f6b7630f-afd7-45e0-9bd2-add4c9d01db1,741bc192-e21c-48ad-871d-caf6b5fd78f8,2015-08-08,48.89451869,14.78922841,14.7,14.039366712,tC/acre,0.2,1.1800000000000002,Grassland without tree/shrub cover
46742542,2018-06-10,effa0385-a71a-4d6c-ac77-08032eb0d4e8,b2801076-bd31-4ea7-bac6-9693d41f5b8d,2015-06-10,45.89378738,14.54559777,30.7,24.909839701,tC/acre,0.2,1.0025,Grassland without tree/shrub cover
46742758,2018-06-05,697dcd04-5234-4de3-9d3b-15e6a87361f9,59ae2d31-94a3-4978-a276-66fab8312841,2015-06-05,47.83424481,14.7161331,25.7,24.51381398140001,tC/acre,0.2,1.1785,Grassland without tree/shrub cover
46742980,2018-08-28,9ea50644-6b31-45b1-9343-0c7be339fb38,dfde9a78-b70c-41de-b259-221042c70bd2,2015-08-28,49.82631225,14.90945896,16.7,18.3756986078,tC/acre,0.2,1.3595,Grassland without tree/shrub cover
46762724,2018-06-12,60491905-7608-4f95-8409-18332cec327f,5ad78aae-f0ab-445b-bc09-9553c3b168fc,2015-06-12,47.52781882,14.71470133,25.6,24.44950937600001,tC/acre,0.2,1.1800000000000002,Grassland without tree/shrub cover
46782546,2018-07-12,0757fca8-498a-4c07-b7d4-9c0e91146c39,915d2de9-1e45-4e04-ad61-2b0b0687de9a,2015-07-12,45.92753159,14.60004141,76.2,72.77549275200002,tC/acre,0.2,1.1800000000000002,Grassland without tree/shrub cover
46782690,2018-07-13,a2a60905-56ba-4138-a73c-a650f084f476,f021ad51-0774-40ce-ba7b-464f4ca265f7,2015-07-13,47.22134535,14.71337834,27.7,26.45513319200001,tC/acre,0.2,1.1800000000000002,Grassland without tree/shrub cover
46782778,2018-07-18,00216240-50f9-4c5d-9923-c238db5b2a4b,3c8f239a-13ff-417f-8e46-fe32652f09bb,2015-07-18,48.01148064,14.78625884,31.7,30.275369032000008,tC/acre,0.2,1.1800000000000002,Temporary grassland
46801570,2018-05-23,8efdf870-6c39-417c-95d0-74b45b33512c,79bcb300-b50f-45a5-83ab-1c96e9f48e99,2015-05-23,37.11764887,14.00858853,28.3,27.02816856800001,tC/acre,0.2,1.1800000000000002,Grassland without tree/shrub cover
46802588,2018-08-16,f455e703-bc4e-4040-94e6-fdbb3ac237ae,539c04c2-df49-41d8-a593-7749309ba665,2015-08-16,46.30388672,14.65826068,76.3,72.87099864800001,tC/acre,0.2,1.1800000000000002,Grassland without tree/shrub cover
46822568,2018-05-30,9111f3d2-d56a-4ab8-b447-cb554565a1ab,3dd6e4fb-e7c2-4867-970d-6338e4b8b218,2015-05-30,46.12302424,14.66851387,48.4,28.596731504000005,tC/acre,0.2,0.73,Grassland without tree/shrub cover
46842602,2018-08-22,bc975a70-1e3a-43a7-aeb0-35dea430b6d6,04a97120-1ae5-4cc8-b786-a73525af19b8,2015-08-22,46.42741325,14.72113137,39.6,37.820334816000006,tC/acre,0.2,1.1800000000000002,Grassland without tree/shrub cover
46842710,2018-07-05,16229af4-9918-4db1-ace9-129d9aab05a7,f99b7582-dbc7-4cb7-856e-715ff854019b,2015-07-05,47.39747867,14.80898806,29.3,27.983227528000008,tC/acre,0.2,1.1800000000000002,Grassland without tree/shrub cover
46842852,2018-06-29,b35b2a4f-9b8d-4f62-9e87-73d70118efc4,89342041-7133-4716-bd53-7fc448b34b36,2015-06-29,48.67205479,14.93110419,38.3,36.578758168,tC/acre,0.2,1.1800000000000002,Grassland without tree/shrub cover
46843046,2018-06-07,ba1ae7ec-5b7c-4815-a4b5-259a15b21ca3,2e05cdbb-5a86-4879-85a2-9f4e5503f214,2015-06-07,50.41199966,15.1112731,30.4,30.337852550400008,tC/acre,0.2,1.233,Grassland without tree/shrub cover
46862528,2018-07-07,8bcbba63-eb03-409a-b996-bd3ea55bc47b,c958bc15-09a7-4f44-ac38-ae3efc952aaa,2015-07-07,45.76123757,14.68890836,21.4,22.2915617496,tC/acre,0.2,1.287,Grassland without tree/shrub cover
46862582,2018-08-17,d970eabf-ebe4-42d7-9780-37e69d091da3,069897e9-6e08-45cc-af30-1731156b0af9,2015-08-17,46.24655977,14.73117528,66.7,53.12135060160001,tC/acre,0.2,0.984,Grassland without tree/shrub cover
46862842,2018-06-09,38de687d-b6ff-463b-a192-84a7860a5ed0,46aa0fd8-866d-401c-92c1-8abf12b43523,2015-06-09,48.5811226,14.94929368,30.6,29.224804176000006,tC/acre,0.2,1.1800000000000002,Grassland without tree/shrub cover
46862914,2018-08-28,38243b35-afac-4bd8-9784-1e6540caa54f,e8679f3f-c9d3-48c7-aafc-2c8f225bbbe6,2015-08-28,49.22705733,15.01433491,59.3,56.63499632800001,tC/acre,0.2,1.1800000000000002,Grassland without tree/shrub cover
46863932,2018-07-18,537cf9ce-554a-454e-8c60-ba3d65aebc47,315e6c77-ae92-41c0-bb53-09d55f752c2a,2015-07-18,58.34572602,16.231703,13.3,13.0951938054,tC/acre,0.2,1.2165,Temporary grassland
46903074,2018-08-29,a9ab20fc-30fe-4532-a90f-b18c37173000,052a18a9-7cd0-4ebe-b328-f192e1ae034c,2015-08-29,50.65919882,15.22332958,36.9,35.241675624,tC/acre,0.2,1.1800000000000002,Grassland without tree/shrub cover
46903962,2018-07-02,0448176a-77f8-4a0d-afee-f864c0e7a898,29f1252a-ba0e-4e2f-b0ab-d8584fefc400,2015-07-02,58.61112511,16.34718138,29.4,28.078733424000003,tC/acre,0.2,1.1800000000000002,Grassland without tree/shrub cover
46922908,2018-08-09,f83262fd-21be-4755-b485-67cb59a3d92a,ad292a28-3ffc-469b-bbb5-e7bfab311600,2015-08-09,49.16953738,15.09093555,27.8,26.550639088000004,tC/acre,0.2,1.1800000000000002,Grassland without tree/shrub cover
46942572,2018-06-04,978c29a9-bc91-4fb5-9f17-653354f66be4,0112a54b-c2aa-458d-bf4c-02f5b13eab27,2015-06-04,46.15207451,14.8265475,103.7,62.277452288800006,tC/acre,0.2,0.742,Grassland without tree/shrub cover
46943314,2018-06-03,c699b7e3-e1bb-4d89-8ebd-d6710f31aee3,29a56570-0971-4d5c-8792-d2291675bbcf,2015-06-03,52.80687169,15.53711353,16.9,16.140496424000002,tC/acre,0.2,1.1800000000000002,Grassland without tree/shrub cover
46944012,2018-08-14,2c9593de-11b2-4d5d-8bd9-89ead68fc427,4a07d8fe-c76b-4727-9d57-1702ecd09d19,2015-08-14,59.05546376,16.49759806,25.6,25.2679463424,tC/acre,0.2,1.2195,Grassland without tree/shrub cover
46962676,2018-07-10,0ce0d719-0bb6-4781-a010-789311681e2e,9ec226d9-050e-48ef-977c-50ce3c1b235e,2015-07-10,47.08507624,14.93852025,77.8,74.303587088,tC/acre,0.2,1.1800000000000002,Grassland without tree/shrub cover
46963720,2018-07-19,8a280fe4-87b5-48f2-810e-b65e87c5e199,9947547c-fd86-49b1-8415-3da7a8d564e7,2015-07-19,56.44029532,16.0830238,33.0,31.516945680000003,tC/acre,0.2,1.1800000000000002,Grassland without tree/shrub cover
46982902,2018-08-15,ae81881c-e157-4c2a-a741-46b92986c440,a0fbdb9e-5f78-426d-81cd-16480805ce98,2015-08-15,49.11196532,15.16736158,22.3,21.297814808000005,tC/acre,0.2,1.1800000000000002,Grassland without tree/shrub cover
46984018,2018-06-26,669e7019-2eec-4362-a370-f6f81701c1dc,2cc209ad-5bba-44a9-856d-f0a68ce3623a,2015-06-26,59.10586699,16.57699645,43.2,41.25854707200001,tC/acre,0.2,1.1800000000000002,Grassland without tree/shrub cover
47022650,2018-07-26,310a13b4-1782-450c-911c-11c6da0b8e04,0c27e694-bff0-495b-8261-eac7e16c4a2e,2015-07-26,46.84798219,14.99507212,101.2,44.51724061840001,tC/acre,0.2,0.5435,Grassland without tree/shrub cover
47023118,2018-07-19,44ab99ef-1800-4a6e-9600-af132546225a,f495072d-31ff-4699-a58c-70c527c3bccd,2015-07-19,51.04566902,15.43855795,15.9,14.644938842399998,tC/acre,0.2,1.138,Grassland without tree/shrub cover
47042684,2018-07-10,80148534-30d0-492e-aaf6-91b24dc13a9a,1c6efcb7-0d28-4f51-a977-b8073737d222,2015-07-10,47.1520581,15.05052746,52.1,49.758571816000014,tC/acre,0.2,1.1800000000000002,Grassland without tree/shrub cover
47042978,2018-08-02,3824fead-36fc-4f1c-b9df-16a66c0ee08f,dfbf6681-8f1d-4fe0-a7c0-efdd66845ca7,2015-08-02,49.78959637,15.32343785,26.4,25.213556544000003,tC/acre,0.2,1.1800000000000002,Grassland without tree/shrub cover
47043954,2018-07-03,5319ef07-ced0-45dd-b1e1-5b516f156bd8,228d0c91-1a2e-4ce5-bf22-73687799ce9a,2015-07-03,58.52812462,16.57344212,19.1,18.241626136000004,tC/acre,0.2,1.1800000000000002,Temporary grassland
47083012,2018-08-30,8e24d717-78f0-4b54-bd91-42e7ef8a7043,2909d7f7-f4f9-463c-a216-3ed9cacc2f1c,2015-08-30,50.09174321,15.41320762,22.6,21.584332496000005,tC/acre,0.2,1.1800000000000002,Grassland without tree/shrub cover
47084016,2018-07-02,bd89d497-4d46-4ba2-b100-c30445afbef7,168cfcf0-2b95-4665-8806-ff02928c5411,2015-07-02,59.07955729,16.74697275,45.8,35.586468096,tC/acre,0.2,0.96,Grassland without tree/shrub cover
47103106,2018-08-05,66eb33f2-f700-4420-9722-c71866e9e7af,b8d8d1be-c59b-4f0f-a2ef-74964c84eec4,2015-08-05,50.93275733,15.5394762,28.9,27.601203944000005,tC/acre,0.2,1.1800000000000002,Grassland without tree/shrub cover
47122706,2018-05-28,c1723bd6-f01d-4f06-9c4e-be5bb47a8792,a12f39b6-4b2f-4952-9b98-f41f2310dba6,2015-05-28,47.34458953,15.17531885,34.1,32.56751053600001,tC/acre,0.2,1.1800000000000002,Grassland without tree/shrub cover
47122726,2018-07-31,6c58a9b0-9ee2-4116-a427-130d9b32c4d8,0efe1dff-91b6-426f-b223-14d825d9334b,2015-07-31,47.52410118,15.19329717,81.4,49.1815705172,tC/acre,0.2,0.7464999999999999,Grassland without tree/shrub cover
47142600,2018-05-28,e3d52b48-2bea-4645-96db-7e405a9508bd,21a57d4e-dff5-44e7-867b-5839b769e44e,2015-05-28,46.39158751,15.10855772,27.6,30.559296729600007,tC/acre,0.2,1.368,Grassland without tree/shrub cover
47142960,2018-08-02,e43782b0-1a06-4d15-becd-745a4e867c8d,fad3e332-acf5-403c-8c53-ead4642e9e84,2015-08-02,49.62164934,15.44373234,29.6,27.646852524800003,tC/acre,0.2,1.154,Grassland without tree/shrub cover
47143320,2018-07-09,cbbbed13-6af3-40ee-b3aa-f64aee3bad22,6d242ecb-01ce-4530-8fb6-b26e1b967e63,2015-07-09,52.84654411,15.84004556,79.6,62.332165836,tC/acre,0.2,0.9675,Grassland without tree/shrub cover
47162666,2018-05-29,a5e229ca-aa3b-437a-afd8-60cd9e722126,c3585d35-4d0c-4e35-93d8-5f6c814523a8,2015-05-29,46.98299658,15.19226672,32.0,30.561886720000008,tC/acre,0.2,1.1800000000000002,Grassland without tree/shrub cover
47162890,2018-08-15,15a9f387-fb7e-4043-a5e9-61634fcdc638,553839c6-a3e8-4313-9c94-64af2560c4ed,2015-08-15,48.99274007,15.40148245,26.1,25.34953104000001,tC/acre,0.2,1.2000000000000002,Grassland without tree/shrub cover
47163064,2018-07-25,217c3231-2d3b-4d0f-a175-636ebcdb5b09,e2598aec-64a8-4a42-be3d-41852bb0f9bb,2015-07-25,50.55235467,15.5794333,15.4,14.707907984000006,tC/acre,0.2,1.1800000000000002,Grassland without tree/shrub cover
47182690,2018-07-08,9fd85c22-d3c2-4803-a044-6ffb73d2c636,2726cb0a-33c1-4953-8182-daf46e28a1ba,2015-07-08,47.19717734,15.24001763,43.5,41.54506476000001,tC/acre,0.2,1.1800000000000002,Grassland without tree/shrub cover
47182934,2018-07-30,8c45d53c-3dd9-4eba-8b2c-50a96bdeeb97,1d217fe9-5fe8-4002-8e58-949c041e3487,2015-07-30,49.38590511,15.47261039,38.2,32.000140764,tC/acre,0.2,1.035,Grassland without tree/shrub cover
47184094,2018-08-20,550b1bc1-022d-473f-a49a-b9cd6a38dbe0,4714cab3-89cd-470d-8091-6c2d3e2a1406,2015-08-20,59.76868274,17.0618311,22.3,16.0275080928,tC/acre,0.2,0.888,Grassland without tree/shrub cover
47184436,2018-07-02,37fddff7-7661-449f-b599-6549ede6bdeb,6c1de450-c73e-48b1-8e1f-baf78efafcd2,2015-07-02,62.82858167,17.7712989,36.8,35.14616972800001,tC/acre,0.2,1.1800000000000002,Grassland without tree/shrub cover
47202670,2018-05-29,395a652d-4662-49b0-911c-d98d38505e74,c819cb77-bc18-46fd-ab5d-13e4400c894e,2015-05-29,47.01637264,15.24828514,21.1,20.151744056000005,tC/acre,0.2,1.1800000000000002,Grassland without tree/shrub cover
47202848,2018-05-28,2a16857f-26fe-4679-a704-d6ed43a46a43,817ca630-1364-4d1d-9725-d4f4b2551ab6,2015-05-28,48.61346751,15.41474181,43.6,30.2423466544,tC/acre,0.2,0.857,Grassland without tree/shrub cover
47222024,2018-07-02,fdd9324d-ca1e-4cde-ad11-e0b35d6bad48,c9841ec3-0c0a-4dc3-a8e6-54274caaf1db,2015-07-02,41.20254731,14.76413978,24.0,22.921415040000007,tC/acre,0.2,1.1800000000000002,Grassland without tree/shrub cover
47223706,2018-07-04,68418dea-d369-4c16-b4d6-0da2810f554f,6f67bc52-9f21-416f-81de-9bf72cb2478d,2015-07-04,56.29460105,16.48155826,63.8,38.6251743328,tC/acre,0.2,0.748,Grassland without tree/shrub cover
47242638,2018-07-02,97031a2c-c696-4ba7-9983-4901b4ca110f,b79a840e-8625-4cbe-9365-2bc04f238357,2015-07-02,46.72653684,15.27190355,38.8,37.056287648000016,tC/acre,0.2,1.1800000000000002,Grassland without tree/shrub cover
47263434,2018-05-25,b2aa0e48-0cfa-4e85-a422-07ec2c2e2aa0,860a142f-8e6b-414c-8ff3-fff18f743601,2015-05-25,53.8579982,16.16273414,12.0,11.460707520000003,tC/acre,0.2,1.1800000000000002,Grassland without tree/shrub cover
47284000,2018-06-18,dc1091c8-9fcc-45bc-a88c-f569d1217d64,c760ccdc-7615-4a53-a423-e140e1b44a13,2015-06-18,58.91899987,17.06450365,34.2,24.192776577600004,tC/acre,0.2,0.874,Grassland without tree/shrub cover
47302630,2018-08-29,cfb00dbb-e4aa-4f6a-b7f9-049af2615e59,37693163-34be-4093-8b70-b6ab550eae27,2015-08-29,46.65085203,15.34290522,47.7,45.55631239200002,tC/acre,0.2,1.1800000000000002,Grassland without tree/shrub cover
47302694,2018-07-23,1cce8e7d-30a4-47cb-ab78-29d71ffe7e44,c46027b4-c585-45eb-ac90-b10a1352bfa2,2015-07-23,47.22532737,15.40164026,66.8,40.92799954720001,tC/acre,0.2,0.757,Grassland without tree/shrub cover
47303242,2018-08-07,03e1d9a2-00e1-4d97-ba57-d5039b0ea8e9,612a77de-9c10-4598-898f-6bce3f564ff3,2015-08-07,52.13657996,15.98127092,58.5,55.870949160000016,tC/acre,0.2,1.1800000000000002,Grassland without tree/shrub cover
47303742,2018-08-21,dd94c6ff-c84f-40af-950b-2ae1bf884a40,d4044128-f3a9-42cb-941c-98188cb876e5,2015-08-21,56.61001917,16.66575325,68.0,64.94400928000002,tC/acre,0.2,1.1800000000000002,Grassland without tree/shrub cover
47304048,2018-07-02,6501c39f-0705-4e62-ac7c-cf73d04faa32,d9744150-2721-4de6-befa-e7a8f3fec86e,2015-07-02,59.3464455,17.18703398,21.8,20.820285328000004,tC/acre,0.2,1.1800000000000002,Grassland without tree/shrub cover
47323072,2018-07-26,a7bbded1-c457-45f2-9138-e057bf6dba4f,026ff86a-81a5-4477-8532-80ebd695886c,2015-07-26,50.61284577,15.81346793,17.0,16.236002320000004,tC/acre,0.2,1.1800000000000002,Grassland without tree/shrub cover
47323770,2018-08-22,5f838bcb-1d70-4914-85da-bb9c4911aa05,b959767a-875d-416a-a7be-b4cf97efc798,2015-08-22,56.85874305,16.74238086,18.2,17.382073072000004,tC/acre,0.2,1.1800000000000002,Grassland without tree/shrub cover
47343766,2018-08-22,55d49f8b-0571-4ce6-a385-9cc3c324063d,6d2a3469-8aeb-44c3-b8b3-9c0a751cd2c8,2015-08-22,56.82128162,16.76861319,46.3,44.21922984800001,tC/acre,0.2,1.1800000000000002,Temporary grassland
47361656,2018-07-01,e4028cf2-d684-4d1c-abb7-aecc942f3d44,01644bc7-305a-496e-9b5c-d2341863ee05,2015-07-01,37.86834532,14.68522597,14.6,17.223031474,tC/acre,0.2,1.4575,Grassland without tree/shrub cover
47363036,2018-05-25,19c402eb-27f6-4697-94bc-3f9d231b49f9,dd46dfde-7308-47ef-b3d5-493acc756b2c,2015-05-25,50.28751643,15.82976368,44.8,42.786641408,tC/acre,0.2,1.1800000000000002,Grassland without tree/shrub cover
47364544,2018-07-26,cc4a6775-d1ae-4cee-b11c-78409f8b71ef,6a54a83c-a58f-47bf-9bdb-9bc2057be4c2,2015-07-26,63.77613881,18.39143478,29.6,28.269745216000008,tC/acre,0.2,1.1800000000000002,Grassland without tree/shrub cover
47382700,2018-05-09,605acc12-ae82-4d5f-bab9-e7ac6f7cd8d1,8893eb8e-2a95-4172-bd19-989839949da9,2015-05-09,47.27386952,15.51265654,25.4,22.1615766064,tC/acre,0.2,1.0779999999999998,Grassland without tree/shrub cover
47383118,2018-07-20,fcef5001-f16f-4690-8263-21c618addbce,f9419a79-6b10-4ae1-8974-938b380d0752,2015-07-20,51.02049031,15.95045145,17.2,16.427014112000005,tC/acre,0.2,1.1800000000000002,Grassland without tree/shrub cover
47402590,2018-05-24,4632ce27-9764-4b15-a127-788f0eae6e7d,08204c79-869a-4f3a-b33d-9293e0d8da7a,2015-05-24,46.28518443,15.43637881,41.2,35.063451909600005,tC/acre,0.2,1.0515,Grassland without tree/shrub cover
47402604,2018-05-24,1dc8f536-a49d-47a6-b86e-48ba79b52aaa,de8b36bc-fa4d-4305-9ef9-69ca71b4962b,2015-05-24,46.41088472,15.44916917,42.2,33.848098914400005,tC/acre,0.2,0.991,Grassland without tree/shrub cover
47402780,2018-05-29,78e35c43-9129-4789-9a9e-c05371cd68bb,3c0471c9-06be-4510-9dfe-155721b85215,2015-05-29,47.9901826,15.61683824,41.7,33.582058338,tC/acre,0.2,0.995,Grassland without tree/shrub cover
47404022,2018-06-12,cfdd9b1d-ff31-43dc-bca6-be9c643757f9,6ee7a1bc-381e-4502-aa44-27c243673b30,2015-06-12,59.10482236,17.31238232,14.8,14.134872608000004,tC/acre,0.2,1.1800000000000002,Temporary grassland
47422704,2018-06-23,3fcff1b8-8772-455b-b916-c52e60cc3d90,cbc50f37-70d4-4607-8ebb-4220a91a6a3a,2015-06-23,47.30706912,15.56920571,75.3,71.91593968800002,tC/acre,0.2,1.1800000000000002,Grassland without tree/shrub cover
47442702,2018-06-23,00d4bfbd-3808-4a40-bc40-c552b99d4c9b,e3dfdd7d-9b1b-4aef-afa9-ed0b361dc28c,2015-06-23,47.28776926,15.59364242,31.1,29.702333656000008,tC/acre,0.2,1.1800000000000002,Grassland without tree/shrub cover
47443056,2018-07-11,865b5139-53bb-431a-9533-6a3debebb8f2,a78d47e1-28cb-488b-b245-035c7de90212,2015-07-11,50.46087433,15.96429623,23.0,21.966356080000004,tC/acre,0.2,1.1800000000000002,Grassland without tree/shrub cover
47443326,2018-07-06,a3ca8bba-58af-41e4-a543-44aea6e81454,ab5e3947-f23b-4b97-a9b9-d26c7c441d94,2015-07-06,52.87776391,16.29161026,140.6,77.8376289888,tC/acre,0.2,0.6839999999999999,Grassland without tree/shrub cover
47461596,2018-07-14,33f3157f-df49-4169-8288-102db1f23959,2d3a183a-e8b1-4fa2-8e85-324a814ad7a4,2015-07-14,37.31917236,14.76025122,25.1,23.971979896000004,tC/acre,0.2,1.1800000000000002,Grassland without tree/shrub cover
47462548,2018-07-08,297bc4bd-17f3-4664-b70e-3e2f0a1391e4,cbe611d5-dccd-495d-bae8-34643b2c9b93,2015-07-08,45.9040683,15.47553378,28.0,26.74165088000001,tC/acre,0.2,1.1800000000000002,Grassland without tree/shrub cover
47462692,2018-07-12,62cc2396-23c5-4ea0-9300-f5229ac7fa08,04f28ed9-58c9-4d4d-8799-dbe2054eb9a9,2015-07-12,47.19668628,15.61032163,16.3,15.567461048000002,tC/acre,0.2,1.1800000000000002,Grassland without tree/shrub cover
47462712,2018-06-23,28e5ce94-fb72-4c26-9b52-880405c8406f,0376e945-c43f-4e5a-b40f-ab37d660af73,2015-06-23,47.37612375,15.62972284,47.5,45.365300600000005,tC/acre,0.2,1.1800000000000002,Grassland without tree/shrub cover
47462736,2018-07-17,816fd368-2daf-4d10-b7c6-fd8e880addd1,70d4be29-11c1-41ed-b909-f0eeeb7df1f7,2015-07-17,47.59142043,15.65323206,48.1,45.93833597600002,tC/acre,0.2,1.1800000000000002,Grassland without tree/shrub cover
47463124,2018-07-20,1adc3dd8-8c5e-47f2-980e-54b393e26160,6e070b00-d51c-4020-901a-aaddec372a03,2015-07-20,51.06830828,16.07119181,13.5,12.89329596,tC/acre,0.2,1.1800000000000002,Grassland without tree/shrub cover
47482608,2018-08-26,a1078884-2d54-40f2-a127-cd95842ebead,5089188b-b8ca-471f-90d5-28bddf1b826f,2015-08-26,46.44146308,15.55661397,23.9,22.825909144,tC/acre,0.2,1.1800000000000002,Grassland without tree/shrub cover
47482612,2018-08-26,7970dba0-c6e3-4e5a-b425-f013ac1ad48b,6406a799-120f-4af4-bad7-be98b1848dcf,2015-08-26,46.47737025,15.56035829,30.0,28.65176880000001,tC/acre,0.2,1.1800000000000002,Grassland without tree/shrub cover
47482986,2018-07-30,872341de-c396-401c-8ed8-3df0a135a91c,d485e744-63b3-4354-9b00-7290a375804d,2015-07-30,49.8309673,15.94158005,19.0,18.146120240000005,tC/acre,0.2,1.1800000000000002,Grassland without tree/shrub cover
47484120,2018-07-04,2ad93a2a-3557-4b42-a8e7-5d8292997369,c1ffb0dd-924a-4206-a4ed-49fa73aed9b8,2015-07-04,59.9732426,17.64386917,43.2,32.325022684800004,tC/acre,0.2,0.9245,Grassland without tree/shrub cover
47502700,2018-06-22,c2cb110c-033d-459c-bcaa-9493276fb5ca,f221948c-52fb-4826-93e7-3810cfd21f03,2015-06-22,47.26572273,15.67075658,31.6,30.17986313600001,tC/acre,0.2,1.1800000000000002,Grassland without tree/shrub cover
47522738,2018-05-10,956498f9-95cb-45ac-ae17-91ea3bc705a9,b5d745c9-699e-4195-835f-315401f04b22,2015-05-10,47.60520776,15.73476033,30.3,26.58398521440001,tC/acre,0.2,1.084,Grassland without tree/shrub cover
47522908,2018-07-23,c470f780-5980-4c46-9b86-3cdfd0aafe5d,4c18f339-5d6c-4529-9006-f070e8505d1a,2015-07-23,49.12923431,15.91131036,36.4,34.395881884000005,tC/acre,0.2,1.1675,Grassland without tree/shrub cover
47562664,2018-07-07,2d6c9e89-7ff0-4f7c-a842-b32841d1f79d,e2c5f372-8626-47f7-963f-2aaf23c97593,2015-07-07,46.93858531,15.71437019,27.9,26.646144984000006,tC/acre,0.2,1.1800000000000002,Grassland without tree/shrub cover
47562732,2018-06-25,593083f7-6a96-4c41-8c1e-0aa8a5ac0470,47951e50-e489-4186-8d0d-839457e1dfb7,2015-06-25,47.54859482,15.78174933,58.9,56.25297274400001,tC/acre,0.2,1.1800000000000002,Grassland without tree/shrub cover
47563082,2018-08-18,5d6af169-ffaa-416b-bcbd-839e0e73342a,7373d436-7943-4899-924c-c25c3e4ae1a6,2015-08-18,50.68476873,16.16331016,16.8,16.044990528000007,tC/acre,0.2,1.1800000000000002,Grassland without tree/shrub cover
47564180,2018-08-21,776a0533-1fae-4040-9faa-65a278ad6457,1569ee81-b162-48cc-a3e2-47f592570a37,2015-08-21,60.5015358,17.9121198,23.8,20.900413156000003,tC/acre,0.2,1.085,Grassland without tree/shrub cover
47582608,2018-08-04,272b7231-4670-4276-8514-d0e8208cdca5,ffc1dd6c-25df-4a80-a07e-f18c924c800a,2015-08-04,46.4346546,15.68630748,30.4,29.033792384000005,tC/acre,0.2,1.1800000000000002,Grassland without tree/shrub cover
47582730,2018-06-25,f108be1f-2318-4560-b249-20a348a21fb4,591fbe47-3e2e-4bdf-8ed8-801a8234263d,2015-06-25,47.52924927,15.8062161,70.9,67.71368026400002,tC/acre,0.2,1.1800000000000002,Grassland without tree/shrub cover
47583072,2018-07-12,5682f973-335e-4388-a02a-dc5dda1d8e28,3a021532-e9a6-4442-9c5e-ac1102a4d9ab,2015-07-12,50.59372414,16.17968693,14.0,13.370825440000004,tC/acre,0.2,1.1800000000000002,Grassland without tree/shrub cover
47621670,2018-07-01,e33f340e-3a4f-49ad-9c84-2f37622a02e4,86d37725-701d-42c8-9806-b5555229072b,2015-07-01,37.98022402,14.98736634,21.3,20.1186407412,tC/acre,0.2,1.1669999999999998,Grassland without tree/shrub cover
47623012,2018-07-23,719faccf-7b3b-43fd-97b9-b524445919d3,9ade6362-79a7-4cd1-9a7f-28404cfb5940,2015-07-23,50.05346306,16.1655137,23.8,23.8958179908,tC/acre,0.2,1.2405,Grassland without tree/shrub cover
47642424,2018-06-01,a2584c81-9900-4fa1-858f-ad520d060e09,e3710cfe-1d11-42b1-aa7d-865d873207a1,2015-06-01,44.77807326,15.59252547,74.9,44.73900854640001,tC/acre,0.2,0.738,Grassland without tree/shrub cover
47644024,2018-09-15,c2b5fdd9-dce4-4081-94d5-70a6db74091d,39848bf4-c652-419c-bd6b-44c61621d873,2015-09-15,59.09990758,17.73203277,24.6,23.494450416000006,tC/acre,0.2,1.1800000000000002,Grassland without tree/shrub cover
47662698,2018-06-14,9cd0ba7a-42fe-48d1-acff-a96cdbbf0552,ce0b7d05-ac3e-4942-890b-68e80abdf13d,2015-06-14,47.23656434,15.87945824,16.0,16.485288896,tC/acre,0.2,1.273,Grassland without tree/shrub cover
47662810,2018-05-27,696c9e58-7030-4c5b-a3db-de4f28ef91db,a462c0a7-726a-4fcb-887b-bfdd24671383,2015-05-27,48.24079034,15.99581379,18.7,17.859602552000005,tC/acre,0.2,1.1800000000000002,Temporary grassland
47663044,2018-07-09,62c8557a-dae8-490a-b5e4-35293830c903,33e47e50-dbd2-409d-9966-d1a252825122,2015-07-09,50.33694196,16.2588746,35.0,32.18063072,tC/acre,0.2,1.136,Grassland without tree/shrub cover
47663076,2018-07-10,5491b2d1-25be-46d5-ad2a-a79ed2f875a8,58b1dd94-b9d7-454c-baf8-1825723445aa,2015-07-10,50.62341299,16.29712708,10.8,11.682637322400002,tC/acre,0.2,1.3365,Grassland without tree/shrub cover
47701994,2018-07-15,d1365d09-d7b1-4b9c-bc78-2457cf8cdb71,37feb8c1-0d7a-4a93-ac68-7ee657128849,2015-07-15,40.90305021,15.30992293,29.5,28.174239320000005,tC/acre,0.2,1.1800000000000002,Temporary grassland
47702576,2018-05-20,af3ea273-8f33-4ef6-8345-1f60028851d9,b94a09ba-da1b-430c-9939-814613bc13ab,2015-05-20,46.13907968,15.81066743,36.7,40.62015490700002,tC/acre,0.2,1.3675000000000002,Grassland without tree/shrub cover
47722960,2018-07-04,92a04e42-b8ba-435d-aefb-c4d4fe618165,0a623fc7-12ff-4832-83f6-3fb7de8e0525,2015-07-04,49.58020839,16.24387028,24.5,23.398944520000004,tC/acre,0.2,1.1800000000000002,Grassland without tree/shrub cover
47742548,2018-06-21,33ea5638-e91c-4d83-a4f9-693dfed9c305,a2f4acbb-d232-497c-ba35-02aa8036a05c,2015-06-21,45.88492,15.83503373,35.4,33.80908718400001,tC/acre,0.2,1.1800000000000002,Grassland without tree/shrub cover
47742642,2018-05-10,999b127d-a3ef-453d-a1ef-0efda8f3353a,8e961741-f007-46d7-8b77-c6ce935602cf,2015-05-10,46.72849651,15.92771236,28.1,21.0034866802,tC/acre,0.2,0.9235,Grassland without tree/shrub cover
47744090,2018-08-22,6d1f78c3-296e-4927-adfa-cbaa228c9fc2,f0587dca-867c-488f-a7b8-4c11a9080916,2015-08-22,59.67942464,18.04157111,97.6,57.98211508479999,tC/acre,0.2,0.734,Grassland without tree/shrub cover
47762636,2018-05-23,bf1ec361-5ed7-4bcc-9f8e-db456c9eea32,0b38b574-9e0d-4e41-b7e8-1aa3dd0d4c0a,2015-05-23,46.67322866,15.94772984,36.5,37.296873475,tC/acre,0.2,1.2625000000000002,Grassland without tree/shrub cover
47762968,2018-07-11,a5046658-8bd9-408e-ab0c-f89b6f33c874,5c99a531-0d9b-44bf-b9a5-ba66d267198c,2015-07-11,49.64877826,16.3083493,20.3,21.0060766706,tC/acre,0.2,1.2785,Grassland without tree/shrub cover
47763014,2018-06-22,ce70aedc-1d85-4d1c-884e-34e340103412,b0b93be1-cab0-4451-a0d5-de2bb2c2e8db,2015-06-22,50.06063384,16.36275997,19.9,19.005673304,tC/acre,0.2,1.1800000000000002,Grassland without tree/shrub cover
47763032,2018-05-31,35342111-20df-471b-b2a5-6de6cc718058,c5181ccd-4a65-4dee-8924-b8216b56b110,2015-05-31,50.22177033,16.38437178,23.0,19.518410466,tC/acre,0.2,1.0485,Grassland without tree/shrub cover
47763328,2018-09-12,b63e88b7-bfe9-4e4b-ac43-48f594646145,af52e01a-007b-472e-aaf0-4a1ef5a4a1eb,2015-09-12,52.86984077,16.76788246,40.3,38.488876088000005,tC/acre,0.2,1.1800000000000002,Grassland without tree/shrub cover
47801976,2018-06-25,f3f3d76d-72bd-421d-b0ee-7b810370492d,82f47e4e-6bc4-4b9b-9824-cae75b2a80b4,2015-06-25,40.7342868,15.41387205,38.1,36.38774637600001,tC/acre,0.2,1.1800000000000002,Grassland without tree/shrub cover
47802732,2018-06-19,73ece443-8475-4973-9e86-f6633028a46e,16e8567a-d3f9-42dd-a1b5-1840d5c77f29,2015-06-19,47.53127198,16.09950134,34.9,26.467516583600005,tC/acre,0.2,0.937,Grassland without tree/shrub cover
47802940,2018-07-03,e34cb786-6059-40a7-bcd2-8d7611c64445,312051a3-6b0c-4fbe-a40a-1a931ae0f936,2015-07-03,49.39495794,16.33072254,14.3,13.657343128000004,tC/acre,0.2,1.1800000000000002,Grassland without tree/shrub cover
47821984,2018-06-25,b650a16d-f904-4e74-88e3-1047418edc5c,39bde27e-b44b-4b83-8141-5b84e67d3a39,2015-06-25,40.80515401,15.44362614,20.9,19.960732264000004,tC/acre,0.2,1.1800000000000002,Grassland without tree/shrub cover
47822974,2018-07-11,85f6855a-c90c-471e-8279-62170f340f57,d287ee18-ab1f-4070-9296-1917087a3cd5,2015-07-11,49.69783961,16.39828254,29.9,31.2303875234,tC/acre,0.2,1.2905,Grassland without tree/shrub cover
47842612,2018-08-01,d7fd6199-95ec-498a-a15c-2bd7356a04c3,37a357e3-2022-4d80-9b56-46902df2904c,2015-08-01,46.45210677,16.02742283,10.0,9.93908816,tC/acre,0.2,1.2280000000000002,Temporary grassland
47843026,2018-06-01,8ce15401-3dc2-4596-9a71-e777f2e1de59,0540ac99-ff98-44b0-8c6f-b40f5e599ad2,2015-06-01,50.16175737,16.48874731,31.9,26.851725472000005,tC/acre,0.2,1.04,Grassland without tree/shrub cover
47903018,2018-06-21,05f9f734-5614-49f6-a9c5-3b544f600aa5,a8cb70ec-ade2-4ad2-95f1-fd26a546c608,2015-06-21,50.08536173,16.5625385,26.0,24.831532960000004,tC/acre,0.2,1.1800000000000002,Grassland without tree/shrub cover
47903032,2018-06-12,cdecd4b7-a6dc-439a-898e-cc1f13854da2,a431ca2c-afbc-42ad-9c15-dccbf7a553f4,2015-06-12,50.21065536,16.57987172,43.2,41.25854707200001,tC/acre,0.2,1.1800000000000002,Grassland without tree/shrub cover
47924096,2018-06-18,afada8ff-3b0f-4ad9-9549-9e1b39de3296,37c210f9-1ca3-4e97-bb2b-e19f6995d24c,2015-06-18,59.71430589,18.37139569,32.5,33.24900176,tC/acre,0.2,1.264,Grassland without tree/shrub cover
47942726,2018-07-16,c36c28e2-436a-4840-908b-1a982ba9c868,49e2b4d6-5672-4ea6-b848-4066556f41a9,2015-07-16,47.46695942,16.27822053,49.5,47.27541852000002,tC/acre,0.2,1.1800000000000002,Grassland without tree/shrub cover
48004582,2018-07-09,f917edc1-b596-45d3-bfbb-5abb94de8590,ba23091c-5e1b-4b30-a870-21d4885eedae,2015-07-09,64.04078818,19.78487864,20.0,19.1011792,tC/acre,0.2,1.1800000000000002,Grassland without tree/shrub cover
48004626,2018-09-26,ff06357d-9ec1-4b75-a177-f381fceb17f7,ae1e783d-aa1b-496c-b59b-357555bc7647,2015-09-26,64.43316038,19.9220367,37.9,36.196734584,tC/acre,0.2,1.1800000000000002,Grassland without tree/shrub cover
48042546,2018-07-05,fbcc8e31-7ed7-44ca-837f-fdee22d7bcbb,7eb30441-d02f-4052-a0f2-3339d756dec7,2015-07-05,45.84511068,16.21789279,48.7,46.51137135200001,tC/acre,0.2,1.1800000000000002,Grassland without tree/shrub cover
48043014,2018-07-11,322d2219-2bbe-4e53-834f-1e1a98e4b7d0,772cb943-e630-4c7c-a422-d0726dfb0a2d,2015-07-11,50.03815732,16.75237018,30.5,29.129298280000004,tC/acre,0.2,1.1800000000000002,Grassland without tree/shrub cover
48061976,2018-06-25,f62d9437-9776-46ae-84e2-22c805d9833b,442470d6-f8db-487d-8fc8-3c510d3d7fbc,2015-06-25,40.71702813,15.71961693,21.2,20.247249952,tC/acre,0.2,1.1800000000000002,Grassland without tree/shrub cover
48123162,2018-07-03,0948d579-5fb4-483a-a75c-d6abc1f5eada,839028e1-7fb1-4d62-a34b-cc367bb76746,2015-07-03,51.35504722,17.06112971,14.3,13.657343128000004,tC/acre,0.2,1.1800000000000002,Grassland without tree/shrub cover
48143826,2018-10-16,dd66fea3-f8d1-422d-ae81-a6e0ffd81c7a,2f1488ec-c224-446b-b18e-26aa32113c47,2015-10-16,57.28229707,18.18559202,12.5,12.024232775,tC/acre,0.2,1.1885,Temporary grassland
48263018,2018-06-28,d925d8fa-a6c9-46c2-97c8-536106fb97db,e48758a8-9bd0-4372-ba87-89868fb341cc,2015-06-28,50.05533756,17.06355351,19.7,18.814661512,tC/acre,0.2,1.1800000000000002,Grassland without tree/shrub cover
48302612,2018-08-02,ddc76fc5-c829-437f-8809-d30b6ec95564,2f6e166a-5037-4d75-a98c-8f6e84dc27e3,2015-08-02,46.41687083,16.62361851,42.7,40.78101759200001,tC/acre,0.2,1.1800000000000002,Grassland without tree/shrub cover
48303860,2018-10-12,694a3b48-2f1a-438d-be48-9adf2d0bb5bf,0a55f3a0-9faa-431b-802b-2aff9e4f5d18,2015-10-12,57.56877594,18.51832647,34.7,33.140545912000015,tC/acre,0.2,1.1800000000000002,Grassland without tree/shrub cover
48344568,2018-07-05,17b34bc9-06b0-4ef6-86f3-a875494c263f,6bf6a312-bcda-4b62-80be-5da6ded08208,2015-07-05,63.87190706,20.423501,39.2,37.43831123200002,tC/acre,0.2,1.1800000000000002,Grassland without tree/shrub cover
48402592,2018-06-15,a2c656c9-d394-49fc-94c6-ee56ffe088a1,1bd04ae1-4905-414d-9d16-73e4c46a254d,2015-06-15,46.22949247,16.73052284,55.5,53.00577228000001,tC/acre,0.2,1.1800000000000002,Grassland without tree/shrub cover
48422020,2018-05-01,b998ff0d-c069-41ed-8ebf-6cb726165bc6,16746676-4a86-45a8-a466-633d2463940e,2015-05-01,41.08807938,16.18163985,46.4,39.057055232,tC/acre,0.2,1.04,Grassland without tree/shrub cover
48443554,2018-07-10,e1627c48-292a-4070-9fe4-da0b1df36d9a,b84717f4-8cfa-4558-890e-d36871320ce3,2015-07-10,54.82543172,18.15458364,49.8,47.561936208000006,tC/acre,0.2,1.1800000000000002,Grassland without tree/shrub cover
48483018,2018-06-14,131d32dc-9a3c-4f1a-af02-b41a6ac24d91,dfd4d5bd-c759-4e50-8166-da031aea90f1,2015-06-14,50.03590677,17.36943795,27.4,26.412560224800004,tC/acre,0.2,1.191,Grassland without tree/shrub cover
48523344,2018-09-25,ac55315c-085b-4e85-af46-d3cfd96dd11e,e36e8878-353b-44fb-b3d8-764d8b255246,2015-09-25,52.94385329,17.91666259,65.6,62.651867776,tC/acre,0.2,1.1800000000000002,Grassland without tree/shrub cover
48523354,2018-09-25,4f8bd717-067e-4f42-b73b-942fe669f1f1,b9e86eb6-9104-4230-9607-a779c81b2883,2015-09-25,53.03309754,17.93301972,17.95,17.143308332,tC/acre,0.2,1.1800000000000002,Grassland without tree/shrub cover
48542012,2018-07-21,48b388a6-de2b-4e1a-9cb1-c09a44d673ea,b2f0bfc5-6a16-4f78-b9c0-0b37ab63a199,2015-07-21,41.00705828,16.31619222,26.7,21.178027752,tC/acre,0.2,0.98,Grassland without tree/shrub cover
48563508,2018-05-30,6bb61130-a514-405b-9834-d4cc507326ea,cd57b28e-7dbe-4f35-8e19-8bca61a2744e,2015-05-30,54.40293701,18.25692665,21.8,20.820285328000004,tC/acre,0.2,1.1800000000000002,Grassland without tree/shrub cover
48622654,2018-06-17,c1d9c2e6-da4f-4544-905b-04203754300a,0087e503-9093-4ba1-8e51-061968a28c83,2015-06-17,46.76666087,17.08804532,26.5,25.309062440000005,tC/acre,0.2,1.1800000000000002,Grassland without tree/shrub cover
48701712,2018-07-27,1ebeec9d-7a25-4a8d-afb8-15f38af15be1,bb375627-2e77-4206-a492-e2ac0b55bab3,2015-07-27,38.28831809,16.23974512,32.5,31.03941620000001,tC/acre,0.2,1.1800000000000002,Grassland without tree/shrub cover
48702630,2018-05-26,9ceffa37-7b85-4fdb-8237-b7817840917c,421ac416-4e9c-4683-8cb2-5d96a3c131d1,2015-05-26,46.54478258,17.16312338,72.6,65.10653117759999,tC/acre,0.2,1.108,Grassland without tree/shrub cover
48702882,2018-08-28,32543290-bcfb-4e48-a6db-085f71735ab6,0ccc2389-f30f-4453-864b-aec94e160eac,2015-08-28,48.80003832,17.48533999,59.9,57.20803170400001,tC/acre,0.2,1.1800000000000002,Grassland without tree/shrub cover
48743184,2018-05-12,1aad14f1-741e-4a04-b19b-1c3b27aea1ac,0d7405fa-1959-4813-a889-8dc171c90ede,2015-05-12,51.49426631,17.98099926,12.4,11.842731104000004,tC/acre,0.2,1.1800000000000002,Grassland without tree/shrub cover
48782686,2018-05-30,7026bcac-3980-4236-bb2e-f29764502719,0908eba6-f999-49df-be18-0989df59a6ef,2015-05-30,47.03922112,17.33643573,117.1,64.3065074242,tC/acre,0.2,0.6785000000000001,Grassland without tree/shrub cover
48822884,2018-08-29,6f877eda-d463-4f99-983d-115cb28ef7ca,2bc5e9f7-8db5-48dd-8c8f-0af7e9c1904d,2015-08-29,48.80684867,17.65067839,30.7,29.32031007200001,tC/acre,0.2,1.1800000000000002,Grassland without tree/shrub cover
48902970,2018-08-27,6311e4b3-fa39-4fa1-8f8a-5ca0bb11efe1,f4cf6449-1af5-43bc-98bb-65d405b3e797,2015-08-27,49.56779931,17.88198747,17.6,18.375981888000005,tC/acre,0.2,1.29,Grassland without tree/shrub cover
48922552,2018-06-25,49ce850e-0391-4216-9b06-bf9fa476e99b,e113ac9d-10d5-4d8e-8719-2cec30e7a170,2015-06-25,45.82673597,17.3521659,13.6,12.988801856000002,tC/acre,0.2,1.1800000000000002,Grassland without tree/shrub cover
48942888,2018-06-05,72953bc6-98ca-412e-8ff2-de89667c69c2,ae09ad5f-bc00-4fe7-89ee-c850f6380755,2015-06-05,48.83128675,17.81889379,19.6,21.447710502400003,tC/acre,0.2,1.352,Grassland without tree/shrub cover
48943234,2018-08-12,15819639-91f8-4494-b8be-1ee18b7b2e28,1557a445-2024-4720-a5f2-fc366cbc1780,2015-08-12,51.92032071,18.34960377,16.4,16.9969738744,tC/acre,0.2,1.2805,Grassland without tree/shrub cover
48943266,2018-07-22,a68a4e54-9f68-44f5-8415-7852064d6bef,f690a75b-2f8e-4e89-b09f-48e4298048d9,2015-07-22,52.20571751,18.40326468,61.2,58.44960835200001,tC/acre,0.2,1.1800000000000002,Grassland without tree/shrub cover
49022896,2018-06-20,d051bbb7-8bc1-4cb7-8ac2-f5455c93bab5,e3d9b0e8-7dd2-4e3b-85ee-fc1a6dfc1cb2,2015-06-20,48.89509014,17.93879367,23.5,22.443885560000005,tC/acre,0.2,1.1800000000000002,Grassland without tree/shrub cover
49023014,2018-08-21,5097202e-eafc-4459-ac0f-03bf2d13dd45,5a7ba628-3930-4036-9b20-f1a663401afd,2015-08-21,49.94902471,18.11316215,12.5,11.938237000000004,tC/acre,0.2,1.1800000000000002,Grassland without tree/shrub cover
49062904,2018-08-29,24be8b34-5817-48e1-a5c7-7f6910baab2b,2d016c99-496d-400e-911e-d2afa92ca9aa,2015-08-29,48.96267656,18.00466987,59.7,57.017019912000016,tC/acre,0.2,1.1800000000000002,Grassland without tree/shrub cover
49102936,2018-06-01,61d98d31-9008-4049-baa4-eec578f2e2bb,77a32ddf-2208-4c21-83a0-8d512fdcfd49,2015-06-01,49.24458134,18.10616084,24.4,27.6777705352,tC/acre,0.2,1.4015,Grassland without tree/shrub cover
49102972,2018-08-08,df7b6d90-7636-4948-b71c-f6aefbd9a27d,1aa6dcf0-07e9-4429-b5ab-7b258df39524,2015-08-08,49.56606207,18.16003664,31.4,29.98885134400001,tC/acre,0.2,1.1800000000000002,Grassland without tree/shrub cover
49104498,2018-07-06,e2ae3d8a-1cbf-42bc-a52d-b5db26c7d2e0,d5f034cf-79cd-4eb9-8489-52f6ea09ee64,2015-07-06,63.14219027,21.68660785,68.3,65.23052696800002,tC/acre,0.2,1.1800000000000002,Grassland without tree/shrub cover
49162970,2018-08-09,eeab11c2-d85c-48e9-8441-bf8574c0d74b,5c9e537f-619b-4a46-87dd-6c6a5deaa4f7,2015-08-09,49.5421949,18.23948988,23.5,22.443885560000005,tC/acre,0.2,1.1800000000000002,Grassland without tree/shrub cover
49163486,2018-05-29,8b22bbf0-d0d6-48e3-baa9-4897610551b5,6a85b464-d4b1-43ce-8129-c05fb9c384ec,2015-05-29,54.14220678,19.13070011,33.8,32.280992848000004,tC/acre,0.2,1.1800000000000002,Grassland without tree/shrub cover
49183244,2018-05-12,5462c201-336a-407e-a8fa-8ee193b2a187,e5738cea-f085-4ee8-8132-65e58f63835a,2015-05-12,51.98428266,18.71368281,55.4,52.91026638400002,tC/acre,0.2,1.1800000000000002,Grassland without tree/shrub cover
49184374,2018-09-25,0ed91417-ab5d-48dd-a600-aa68c6508ce8,04591904-9fb9-420a-a0ad-6c0776eb0f48,2015-09-25,62.03064032,21.41807508,68.2,65.13502107200001,tC/acre,0.2,1.1800000000000002,Grassland without tree/shrub cover
49203018,2018-08-16,56e7a1f4-7be6-4cf4-8f2f-985f26d946fc,5506a105-d9a9-474f-9a66-27f9d21ec16e,2015-08-16,49.96658625,18.3688414,71.5,37.847044092,tC/acre,0.2,0.6539999999999999,Grassland without tree/shrub cover
49242562,2018-08-14,c2119467-9426-4f24-a81a-831060f42795,185e739f-9c02-4a6e-8a04-ae69b6255916,2015-08-14,45.88704365,17.77452056,36.2,34.57313435200001,tC/acre,0.2,1.1800000000000002,Grassland without tree/shrub cover
49243008,2018-08-17,45360bf6-a688-47db-8c19-c8070e115d5b,3cbc59db-48e4-4ef5-82dc-39c1cd02b385,2015-08-17,49.87324126,18.40854988,14.2,15.389237333600002,tC/acre,0.2,1.339,Grassland without tree/shrub cover
49263226,2018-05-12,361e9df1-1a14-455e-b823-860169cb340d,bfb4cc10-9e74-47db-9482-60cac559337e,2015-05-12,51.81523657,18.79782017,23.7,22.634897352000007,tC/acre,0.2,1.1800000000000002,Grassland without tree/shrub cover
49263232,2018-05-12,131d2d2d-1982-42de-a538-96dced8b55eb,9c61bc23-1c95-47bc-8877-53f19429ddb5,2015-05-12,51.86870816,18.80831673,24.6,23.494450416000006,tC/acre,0.2,1.1800000000000002,Grassland without tree/shrub cover
49282846,2018-05-22,b524ee74-1b30-494b-a633-9a91b347f814,50a89ff2-6db2-4f7d-93e6-8e06ca0d8e71,2015-05-22,48.4228088,18.21724793,16.1,18.178090434,tC/acre,0.2,1.395,Grassland without tree/shrub cover
49302928,2018-09-28,b0a2e186-ab6f-4c0d-ac42-5f182587d6f8,c90fe5d4-b43e-415b-a443-96e428f28700,2015-09-28,49.15304553,18.36706872,37.3,35.623699208000005,tC/acre,0.2,1.1800000000000002,Grassland without tree/shrub cover
49303252,2018-05-30,4f884dde-00b0-4c32-8f8a-4e70b7a6727a,c1b193c0-8c0b-4029-8126-2265ed8c7824,2015-05-30,52.04256537,18.90146231,10.7,11.0764986316,tC/acre,0.2,1.279,Grassland without tree/shrub cover
49322920,2018-05-30,8d4770f6-e9d6-400b-9a62-a18aedc83d30,33a3b06c-85fc-446d-9d8c-da96571f5cf7,2015-05-30,49.07958371,18.38209685,10.6,11.8309142728,tC/acre,0.2,1.379,Grassland without tree/shrub cover
49322980,2018-08-07,7534bdf1-029d-40d4-a253-11c3a85b8e50,d6bf8b59-78e8-42b7-b265-3f84d7b088bb,2015-08-07,49.61511778,18.47497592,27.6,26.359627296000006,tC/acre,0.2,1.1800000000000002,Grassland without tree/shrub cover
49382906,2018-08-01,a9065933-3618-4966-823a-0595836c8102,6f5d56f9-ff09-4221-ac8d-ccf68e56ddc1,2015-08-01,48.94844861,18.44225234,47.2,45.07878291200001,tC/acre,0.2,1.1800000000000002,Grassland without tree/shrub cover
49382996,2018-08-06,e46fd193-5242-4331-8f3a-9eb72d0a769a,eaed3ca5-b58c-4971-826f-a736587e487f,2015-08-06,49.75162746,18.58296979,14.9,14.230378504000004,tC/acre,0.2,1.1800000000000002,Grassland without tree/shrub cover
49383194,2018-05-28,a3105b34-b03e-4f9c-883b-7f10b4d6ead5,8c4df2a8-c09e-40e8-b455-b4575ffe414c,2015-05-28,51.51700539,18.9141863,15.4,14.707907984000006,tC/acre,0.2,1.1800000000000002,Grassland without tree/shrub cover
49383454,2018-07-20,465d0a85-72b4-4619-9a56-5217e03f3262,d7b0ba1e-9957-4496-bd1e-c5734160901c,2015-07-20,53.83213664,19.40039043,16.2,15.471955152000003,tC/acre,0.2,1.1800000000000002,Grassland without tree/shrub cover
49423254,2018-05-12,99d914c1-7f83-4396-b09a-f90016962e72,c430e48a-7dc0-4ef4-a671-e0c304af790e,2015-05-12,52.04710247,19.0788332,63.2,60.35972627200002,tC/acre,0.2,1.1800000000000002,Grassland without tree/shrub cover
49423488,2018-07-25,b0321086-cf74-42fb-8b67-5b85ffd7b4bf,74f95fb3-34c0-4515-8668-690556d0f06d,2015-07-25,54.12994284,19.52952051,10.4,12.9502757488,tC/acre,0.2,1.5385,Grassland without tree/shrub cover
49442934,2018-06-06,b6f20cdd-0e5a-4d98-8ef1-e97078153d27,c99f896d-c925-403f-aa48-ca01e58de5c5,2015-06-06,49.19213605,18.56726007,23.4,25.4165470416,tC/acre,0.2,1.342,Grassland without tree/shrub cover
49503172,2018-06-01,21979416-6d22-4714-8266-b251026a587d,8677579e-65c3-4488-97cf-3caf63f6bbc2,2015-06-01,51.30775043,19.0468487,36.5,34.85965204000001,tC/acre,0.2,1.1800000000000002,Grassland without tree/shrub cover
49503190,2018-06-01,148a7986-3ec3-4210-b16c-6f2fcfb2334f,133e9f6e-412b-4a85-ad58-b54f23d87abf,2015-06-01,51.4681027,19.07879305,13.0,12.415766480000002,tC/acre,0.2,1.1800000000000002,Grassland without tree/shrub cover
49503208,2018-06-16,ae8efb88-c83a-44f6-85b3-26e11d8396c3,5537cba4-5368-4c45-ac78-3e033eceb665,2015-06-16,51.62843775,19.11101584,33.5,32.604539305,tC/acre,0.2,1.2025,Grassland without tree/shrub cover
49503262,2018-05-01,58eda31d-fc55-4331-b187-5b8ad5717d8f,1a357f95-9e52-4768-bc73-8f082c862cdc,2015-05-01,52.10934119,19.20939013,31.6,30.17986313600001,tC/acre,0.2,1.1800000000000002,Grassland without tree/shrub cover
49523186,2018-06-01,21706987-63ea-4d24-bfb0-d205087ce4da,d5896251-cb75-4fec-8868-f5a1da250d7e,2015-06-01,51.43023802,19.10024154,30.6,29.224804176000006,tC/acre,0.2,1.1800000000000002,Grassland without tree/shrub cover
49542974,2018-08-02,06b897b4-f098-40fb-929d-e022faee9afd,85399066-c74a-4b85-8378-3013e969454a,2015-08-02,49.53841905,18.76782926,16.9,16.140496424000002,tC/acre,0.2,1.1800000000000002,Grassland without tree/shrub cover
49562968,2018-09-22,08b2337d-f5db-4d18-8585-e53816372b97,e69c34d0-2494-4862-9e7c-a0f31eb77ab1,2015-09-22,49.48276007,18.78555978,35.6,34.00009897600001,tC/acre,0.2,1.1800000000000002,Grassland without tree/shrub cover
49642738,2018-05-31,e83056da-5291-4907-99bd-778b635e2473,f69945a5-1198-49b1-95a5-8447417042ad,2015-05-31,47.42143848,18.53713002,30.4,29.033792384000005,tC/acre,0.2,1.1800000000000002,Grassland without tree/shrub cover
49682686,2018-05-31,c2328838-18cf-428d-bce0-d5d73bc219f4,ca104b57-f452-4ebb-b9eb-4d5bf33d1827,2015-05-31,46.95274405,18.51335534,70.5,55.520086398,tC/acre,0.2,0.973,Grassland without tree/shrub cover
49683466,2018-08-21,88832dd9-5fe2-418a-8d3c-bddafa6ddd40,2bcfb63c-ae2e-4eb5-8d46-30e59a1848c7,2015-08-21,53.90306294,19.8774164,10.7,10.219130872,tC/acre,0.2,1.1800000000000002,Grassland without tree/shrub cover
49724506,2018-08-13,29230d7b-674f-4b6b-99a9-3e09f60215d9,1eefec34-3bd9-4c6c-88e1-f6abf0b69b05,2015-08-13,63.11547175,22.92096425,48.1,45.93833597600002,tC/acre,0.2,1.1800000000000002,Temporary grassland
49724574,2018-07-20,dca0597f-e78c-4278-aee3-023c4d467ec6,e73aefca-03af-4c6f-b5a3-b19d9c347775,2015-07-20,63.71612234,23.19130735,77.6,68.2400958128,tC/acre,0.2,1.0865,Temporary grassland
49763466,2018-08-20,c89585f5-c461-4cf7-b016-70301f8dea6d,44303168-2748-4380-b8e8-13bf14b2530d,2015-08-20,53.89322102,19.9980991,12.6,12.033742896000003,tC/acre,0.2,1.1800000000000002,Grassland without tree/shrub cover
49782670,2018-08-03,2f366ab8-33f1-4c7a-917c-8c5599bedcf4,4cead16e-9c56-4d38-b594-526fed8805e2,2015-08-03,46.79940599,18.62037461,49.2,46.98890083200001,tC/acre,0.2,1.1800000000000002,Grassland without tree/shrub cover
49803232,2018-06-02,5963e25d-51ad-434c-bc78-a341fc5ed14a,d9ce1418-fd93-42c4-90cb-68d338cd915c,2015-06-02,51.80761799,19.58650856,15.2,14.516896192000004,tC/acre,0.2,1.1800000000000002,Grassland without tree/shrub cover
49862710,2018-07-17,34efbafd-f053-49de-87b3-fa47459ebf20,043752e2-b28a-4ee7-adb9-5eecd7754856,2015-07-17,47.14825201,18.78432384,33.4,33.0208397932,tC/acre,0.2,1.2214999999999998,Temporary grassland
49882888,2018-06-07,5cfd97f1-1433-4f9b-a6f2-120cdba61cb7,4517c67f-f838-4a9c-a7c7-861d63801c53,2015-06-07,48.73442925,19.09076276,27.8,26.550639088000004,tC/acre,0.2,1.1800000000000002,Grassland without tree/shrub cover
49882996,2018-08-30,fa2aeb54-59b8-4e42-a77c-e0126f8506e7,4865e9f9-e2d2-4cf4-b999-2d2d3d7a89fe,2015-08-30,49.69708093,19.27209419,26.2,25.022544752000005,tC/acre,0.2,1.1800000000000002,Grassland without tree/shrub cover
49883266,2018-05-30,87cb78de-347b-4fe0-8325-2dc3ddea3f30,6b0bbff5-32cc-4154-8b1c-15b45986538c,2015-05-30,52.10055542,19.76760808,44.5,35.29671292,tC/acre,0.2,0.98,Grassland without tree/shrub cover
49883510,2018-08-30,4d6aa1de-ee27-4966-914a-dabe3d8922e9,e051007a-2971-4095-8bc4-7a339294f989,2015-08-30,54.2690399,20.27525123,9.7,10.4966645308,tC/acre,0.2,1.337,Grassland without tree/shrub cover
49904272,2018-06-25,b3847947-4659-4eca-8971-3f6fa30479b8,2f4302fb-ecfc-40ce-81f5-2486acb33c0c,2015-06-25,61.01837865,22.40595913,26.9,25.691086024000004,tC/acre,0.2,1.1800000000000002,Grassland without tree/shrub cover
49922748,2018-05-29,44544db8-c542-4c5f-89fe-eb1c6c53dcef,3fa5dfa9-8876-4b00-8a2b-55d63eedcba0,2015-05-29,47.48106441,18.92123718,29.1,31.077820901400003,tC/acre,0.2,1.3195,Grassland without tree/shrub cover
49942944,2018-10-02,71679e84-eaf5-4922-a33b-d0a547526f88,717c74d9-1c8b-4a0a-a47b-b5d1af555517,2015-10-02,49.22692423,19.26549867,27.2,22.97256735040001,tC/acre,0.2,1.0435,Grassland without tree/shrub cover
49963260,2018-06-30,3d878fc2-0847-411e-9319-92af94fb988d,b7bcbabd-0933-4ce8-8bce-4ad34fc61f1a,2015-06-30,52.03753054,19.87158398,14.6,13.943860816000004,tC/acre,0.2,1.1800000000000002,Grassland without tree/shrub cover
49982938,2018-10-02,2c9cdacd-4eec-45f7-9d20-bcbc1cf0cfb9,b8a50783-5023-46ee-a14b-4689d6f47419,2015-10-02,49.16892281,19.30982826,36.8,35.14616972800001,tC/acre,0.2,1.1800000000000002,Grassland without tree/shrub cover
49982962,2018-09-16,564e1dd5-c227-474c-ad62-f6d847d639bf,0dd3527d-a0cc-4070-a99b-6d572c3f7b42,2015-09-16,49.38277571,19.35085056,36.0,34.382122560000006,tC/acre,0.2,1.1800000000000002,Grassland without tree/shrub cover
49983234,2018-08-23,dac4e894-9746-4441-b13b-9cdb9ca952ea,db3e5f33-2ecf-4a1b-b7ff-06cfb5d2bd3e,2015-08-23,51.80390023,19.84937198,33.2,28.7252597776,tC/acre,0.2,1.069,Grassland without tree/shrub cover
49983340,2018-08-14,56b24b71-1036-4ea2-ae5b-c68aed9ba9ff,f97d0b09-cd0f-42a2-bc26-854df751cee1,2015-08-14,52.74623176,20.06197089,24.9,23.780968104000003,tC/acre,0.2,1.1800000000000002,Grassland without tree/shrub cover
50002954,2018-09-14,7922bf02-c2a9-4806-ac76-58d7a7e90dd9,199ddb01-3fca-4339-b49f-0485311f6e83,2015-09-14,49.3092136,19.36444291,22.2,21.202308912,tC/acre,0.2,1.1800000000000002,Grassland without tree/shrub cover
50022870,2018-05-30,de623fda-95d8-4eb7-9311-38c490b4ca97,3e8af7af-2c33-4d91-8382-bcd824aa2f9f,2015-05-30,48.55830607,19.24983386,13.8,13.179813648000003,tC/acre,0.2,1.1800000000000002,Grassland without tree/shrub cover
50022924,2018-09-28,34bff9a6-1941-434f-af9f-1522ac8a8a86,5f006303-16a3-422f-a008-605dda2e8082,2015-09-28,49.03961561,19.34044635,22.7,22.763830311600007,tC/acre,0.2,1.239,Grassland without tree/shrub cover
50022946,2018-05-22,15da7b73-e108-48a4-b3e6-75e515451a81,d5a071b7-5c11-4236-b31a-dbf926c642d5,2015-05-22,49.23564832,19.37800539,23.5,22.605557617,tC/acre,0.2,1.1885,Grassland without tree/shrub cover
50022978,2018-09-15,d55bae9f-b855-440d-81fa-1410644bb179,9ce1cbe1-d87b-4efa-b8b8-db8c4f75f096,2015-09-15,49.52072951,19.4333168,27.1,27.30780659400001,tC/acre,0.2,1.245,Grassland without tree/shrub cover
50023768,2018-07-20,b653e8b8-eb4a-4752-90a8-ec8637b748c9,d645652e-a3b0-415a-b8f4-eedc05d23cc6,2015-07-20,56.53936687,21.11152481,24.6,23.205747423600005,tC/acre,0.2,1.1655,Grassland without tree/shrub cover
50043370,2018-05-05,f08dd3d9-9594-4b3e-8d0f-62f6fce5b016,12361b49-808a-4319-913e-2546f797921f,2015-05-05,53.00528424,20.21281897,46.2,44.12372395200001,tC/acre,0.2,1.1800000000000002,Grassland without tree/shrub cover
50063258,2018-07-24,0c5ac4f2-89dc-4867-8104-b5cf1a4bf876,78c98505-0dfa-4b42-a38d-39f0a3f1d013,2015-07-24,52.00751721,20.01214191,43.9,41.92708834400001,tC/acre,0.2,1.1800000000000002,Grassland without tree/shrub cover
50083514,2018-08-31,863e81b3-9a9d-4bb3-8e9a-8f06f3063114,33ad68d0-e58f-45a6-a167-bf2f6e795400,2015-08-31,54.27869549,20.58838212,12.2,11.651719312000004,tC/acre,0.2,1.1800000000000002,Grassland without tree/shrub cover
50084338,2018-07-29,5372700a-c291-489b-918e-401c330d5eb2,e6eead14-8ef0-4db4-88ed-c6b3726913ac,2015-07-29,61.57244771,22.96888028,125.0,75.01866725000001,tC/acre,0.2,0.7415,Grassland without tree/shrub cover
50102888,2018-06-22,a4ad7afc-0c10-45de-ab3d-d71935209c58,b8c933fa-3c10-4912-94d0-b95eeb4595d9,2015-06-22,48.70966954,19.38775974,31.5,27.024931080000005,tC/acre,0.2,1.06,Grassland without tree/shrub cover
50102928,2018-09-29,f7bcefcf-abe3-461b-a431-dcbaad36b68d,8d31a671-ad64-4b3e-b14a-41bfc38b470c,2015-09-29,49.0660895,19.45597786,28.7,27.68893986880001,tC/acre,0.2,1.1920000000000002,Grassland without tree/shrub cover
50103068,2018-07-06,835b9909-723e-439a-9c08-ef14e797d7c0,db6c3629-d62e-45eb-bdf3-00d468d05099,2015-07-06,50.31271654,19.70484962,31.8,30.37087492800001,tC/acre,0.2,1.1800000000000002,Grassland without tree/shrub cover
50123484,2018-05-29,0b2f3f10-fb5e-40dd-83b8-f08fecada10a,655ddd2a-f942-481e-933e-c42880f961be,2015-05-29,54.00721833,20.58095597,16.2,15.471955152000003,tC/acre,0.2,1.1800000000000002,Grassland without tree/shrub cover
50142958,2018-10-03,83e36c79-1e98-4049-a9e7-5302af660b62,ac77bff5-e41c-450b-886a-55ed279c7aac,2015-10-03,49.32867905,19.56260529,17.4,16.618025904,tC/acre,0.2,1.1800000000000002,Grassland without tree/shrub cover
50143296,2018-07-22,f0ee171c-9502-44b3-ac6a-450e7f0132cb,ea5ac3d6-8f51-4a40-b883-92672000246f,2015-07-22,52.33527322,20.20523578,99.6,55.1396006208,tC/acre,0.2,0.6839999999999999,Grassland without tree/shrub cover
50143512,2018-08-31,27d2636b-367e-45bd-ab94-418ac570e64f,f215b6f0-e212-431e-9f78-107370e97d88,2015-08-31,54.25304481,20.67500093,10.4,14.284444553600002,tC/acre,0.2,1.697,Grassland without tree/shrub cover
50162998,2018-08-29,86425ab8-07a0-4132-8f07-3139fbbd5a78,2609a492-629f-4aa6-a373-2fa8e2a17ae8,2015-08-29,49.682514,19.66094902,27.8,26.550639088000004,tC/acre,0.2,1.1800000000000002,Grassland without tree/shrub cover
50164284,2018-09-06,b10710cd-1062-4e4d-b095-43dfd3401047,ffa366bd-4b8e-4b64-aad3-6163d70dc2b7,2015-09-06,61.08263766,22.92032298,27.3,20.714864625,tC/acre,0.2,0.9375,Temporary grassland
50183184,2018-07-08,378b8f25-c12b-48a9-a389-f51f9615f025,984fb81a-05d3-49ef-a660-e56bf2361e4f,2015-07-08,51.33488139,20.03768052,19.4,18.528143824000008,tC/acre,0.2,1.1800000000000002,Grassland without tree/shrub cover
50183772,2018-07-06,4ed6db08-c556-4f0b-998a-83fddb2d00b9,32d14eeb-555c-4116-83cb-006c2e32bad5,2015-07-06,56.55234403,21.37902771,20.1,19.196685096000003,tC/acre,0.2,1.1800000000000002,Grassland without tree/shrub cover
50203276,2018-09-04,55b55016-224c-4a89-b286-4b8455535118,306572ae-c274-4861-b74e-2b65803db021,2015-09-04,52.15002704,20.25117697,12.0,11.460707520000003,tC/acre,0.2,1.1800000000000002,Grassland without tree/shrub cover
50203822,2018-05-23,9a3d0514-21f8-48b9-983e-d302ddd680a2,d34b13c7-92db-4c2a-9c3a-0dd654559e70,2015-05-23,56.99222311,21.54589567,36.8,23.5896325632,tC/acre,0.2,0.792,Grassland without tree/shrub cover
50204184,2018-06-20,1ea64386-ce2c-4207-b8fc-fc0c5d7565dc,deacb96f-265a-4f89-85f5-ca818015a02c,2015-06-20,60.19323481,22.64507102,81.9,52.5991842558,tC/acre,0.2,0.7935,Grassland without tree/shrub cover
50243144,2018-05-07,b63839fc-c2c9-4bf7-82d9-169ddcb18083,a25b68b5-36e8-4c1f-989c-0936184c1b23,2015-05-07,50.97185277,20.04472661,13.9,13.275319544000002,tC/acre,0.2,1.1800000000000002,Grassland without tree/shrub cover
50243222,2018-08-11,d18e190c-ca2b-49d8-a460-eace26c4cc53,62c29d00-4f5d-4cfa-a647-15c9f60d95fa,2015-08-11,51.66518745,20.19891831,17.9,17.095555384000004,tC/acre,0.2,1.1800000000000002,Grassland without tree/shrub cover
50243682,2018-06-06,531f8c83-467e-4bca-ad2d-15957179ff92,84843b29-59de-4ce7-bbb8-23374d8166bd,2015-06-06,55.74666091,21.24066809,24.3,22.952252113200004,tC/acre,0.2,1.167,Grassland without tree/shrub cover
50262830,2018-05-30,09eb9264-aa6f-4871-8f31-f78c1f1083c6,124a77bc-02d6-4414-b28b-c3ddc3832c70,2015-05-30,48.17437822,19.50467417,26.6,25.404568336000008,tC/acre,0.2,1.1800000000000002,Grassland without tree/shrub cover
50263028,2018-09-12,0a2ae378-9c43-42c7-a1d2-7c7aee954226,fd314ec3-086c-4e73-ba3c-6c6d2db05262,2015-09-12,49.9376128,19.85336493,14.3,13.657343128000004,tC/acre,0.2,1.1800000000000002,Grassland without tree/shrub cover
50283220,2018-08-11,d2998d61-4684-4210-b006-ff23b590b605,e87583a0-90d4-4704-9c70-3c068350fcb6,2015-08-11,51.64238969,20.2522004,45.7,43.64619447200002,tC/acre,0.2,1.1800000000000002,Grassland without tree/shrub cover
50302926,2018-09-21,4e82597d-a289-4c89-b341-ec8274fa729b,cf022ad6-5da0-4788-8ff9-b551e232669c,2015-09-21,49.02489275,19.72410491,23.6,22.539391456000004,tC/acre,0.2,1.1800000000000002,Grassland without tree/shrub cover
50303660,2018-06-07,36f8c258-1f7d-4444-8b87-b9c4ce364675,a693b915-16cd-46b5-af6a-c40bbeb7e4b6,2015-06-07,55.54335424,21.27898485,25.3,21.8388395214,tC/acre,0.2,1.0665,Grassland without tree/shrub cover
50303696,2018-08-29,4bf027be-2a10-4784-9291-4dd3676518ed,968118d2-d88b-45db-9c91-c40e21073642,2015-08-29,55.86222671,21.37114959,23.6,22.539391456000004,tC/acre,0.2,1.1800000000000002,Grassland without tree/shrub cover
50322994,2018-05-31,040e7ef6-0f21-4c33-a948-93af5c7e4ccd,146d41fc-83c3-4987-bd9f-324ac61fa1d8,2015-05-31,49.62782325,19.87364947,16.4,13.074595288000005,tC/acre,0.2,0.985,Grassland without tree/shrub cover
50323806,2018-05-23,c0298755-e626-467c-bed7-1199efb19240,26e1f3cf-57a5-4661-9e92-43534a028d3d,2015-05-23,56.83317529,21.69648682,19.0,20.983373786,tC/acre,0.2,1.3645,Grassland without tree/shrub cover
50343142,2018-05-07,49e798ff-509f-4088-baee-16510bf49f6b,e60bbeda-711b-4830-930c-322a51b9b30f,2015-05-07,50.9416727,20.18200433,21.5,20.533767640000004,tC/acre,0.2,1.1800000000000002,Grassland without tree/shrub cover
50343442,2018-10-04,430e13ae-62b1-4e2e-9758-6bb10bf9f8f7,20ddd390-f547-4d16-b13a-1fa931bc58f4,2015-10-04,53.60546065,20.81648259,12.4,11.842731104000004,tC/acre,0.2,1.1800000000000002,Grassland without tree/shrub cover
50343732,2018-08-09,f55e43b1-a97d-4df4-b3e4-c671bd7fb97a,772c182d-8b74-4a20-834b-31dab9496d04,2015-08-09,56.17529124,21.52873778,22.1,21.106803016000008,tC/acre,0.2,1.1800000000000002,Grassland without tree/shrub cover
50343760,2018-07-19,317deb4d-4369-4b5a-83bd-8b793e0a1bde,b9e90eb6-6077-4333-8e8b-e8a285c589a0,2015-07-19,56.42315095,21.60349529,176.6,82.18767974,tC/acre,0.2,0.575,Grassland without tree/shrub cover
50344366,2018-06-09,ba23af72-cb6f-4adb-9da2-443a7e7643d2,b68c3720-b9a7-4a99-bde4-cfc17c94a6b5,2015-06-09,61.7755917,23.55483709,23.0,20.086184924,tC/acre,0.2,1.079,Grassland without tree/shrub cover
50363490,2018-07-28,36e95f06-c308-4cec-bce3-b18ea4d290b9,d5198fa3-181a-4026-b74a-c5a0bd017490,2015-07-28,54.02844626,20.95729246,28.5,21.671542329,tC/acre,0.2,0.9395,Grassland without tree/shrub cover
50363718,2018-08-22,90fb722f-7777-4d3c-8505-a90f4c9c6080,330d3453-90eb-48a7-a40c-fced85c3be20,2015-08-22,56.04847626,21.52348997,18.3,17.477578968000007,tC/acre,0.2,1.1800000000000002,Grassland without tree/shrub cover
50382960,2018-09-13,051acbd0-4c1f-4515-8336-4cc0ab1c7996,20896924-3ddf-4a15-8f36-bab8151048a4,2015-09-13,49.31799862,19.89388077,21.0,13.138535676000002,tC/acre,0.2,0.773,Grassland without tree/shrub cover
50383522,2018-05-19,245e79ea-8617-4fb3-965a-6b0227205929,ffb92ae6-3b00-47fc-bbea-0beb0b3f6227,2015-05-19,54.30940764,21.0631555,18.8,17.955108448000004,tC/acre,0.2,1.1800000000000002,Grassland without tree/shrub cover
50402992,2018-09-13,fb72e616-b138-4b84-bd34-daaee80b6da9,0b1478ab-b40b-44fd-aedd-89c94a37cf07,2015-09-13,49.60032966,19.97982656,18.6,17.764096656000003,tC/acre,0.2,1.1800000000000002,Grassland without tree/shrub cover
50423230,2018-06-24,531b46a7-75e4-4158-8fec-9f692218bade,35e2ad2e-e731-4eff-bb7b-3fa5fc6ff9db,2015-06-24,51.71339451,20.47335003,12.1,10.4152821762,tC/acre,0.2,1.0635,Grassland without tree/shrub cover
50423474,2018-05-13,298a434e-9303-4d8c-a1cf-02b8d05d3bc5,ffe5a0f2-5be1-4690-8e6c-bc4079a70362,2015-05-13,53.87843365,21.01034281,55.2,21.914232523200003,tC/acre,0.2,0.4905,Grassland without tree/shrub cover
50443648,2018-06-07,70ecfe0d-4c80-469f-bfe5-a31ad0d4f832,bb93dcde-da3f-4dc6-9cf1-6614143b9eda,2015-06-07,55.41727392,21.46723376,16.6,16.606370947200002,tC/acre,0.2,1.236,Grassland without tree/shrub cover
50484302,2018-09-09,d5894959-469c-49dc-9b4f-95662690bc9d,82c2baed-c6d0-472b-b0df-f4cdcf2d9279,2015-09-09,61.18763101,23.56842401,31.0,22.531297736000003,tC/acre,0.2,0.898,Grassland without tree/shrub cover
50503672,2018-08-24,65897790-7811-4d86-9130-a882c60369db,e7aa8344-12cd-4c08-8a1f-c1b47e1b72ed,2015-08-24,55.621118,21.62331876,39.1,37.342805336000005,tC/acre,0.2,1.1800000000000002,Grassland without tree/shrub cover
50504034,2018-06-04,54bb1e58-35e5-45cf-93ce-a00daac751cc,8bc800c6-bd43-4d03-a6cf-c204c8e2545e,2015-06-04,58.82093666,22.6726381,88.5,84.52271796000002,tC/acre,0.2,1.1800000000000002,Grassland without tree/shrub cover
50522764,2018-07-09,0dd7d65c-73db-4629-b84f-ba7652fa8c94,9f620a9b-9e0d-4b38-94e7-f4a0f06e9e7c,2015-07-09,47.55582091,19.73821937,13.2,12.606778272,tC/acre,0.2,1.1800000000000002,Grassland without tree/shrub cover
50523678,2018-06-10,2ca39a0f-5138-470b-bf52-a0f327dab76e,07b7c92f-1b17-4205-bf40-4d7210ef5349,2015-06-10,55.67132033,21.67045991,23.4,23.3995110804,tC/acre,0.2,1.2355,Grassland without tree/shrub cover
50523804,2018-06-08,2dee2a04-04ab-4db4-adae-c2b060389024,0d1227ae-b947-4b9d-a468-e243e8ba8b80,2015-06-08,56.78586699,22.01399435,14.1,13.466331336,tC/acre,0.2,1.1800000000000002,Grassland without tree/shrub cover
50524662,2018-09-12,a07807a1-dc87-4c15-a2da-067fe6e6a552,918669fd-aaed-4aa3-b1ff-fbacf2bf15bb,2015-09-12,64.34544634,25.17613993,463.0,82.067892684,tC/acre,0.2,0.219,Temporary grassland
50543022,2018-08-20,8876f436-869b-409e-aef2-34045a5abedb,dcebfe54-73cd-41c9-aa1d-c751a77e2c6a,2015-08-20,49.84988393,20.22874708,12.5,11.938237000000004,tC/acre,0.2,1.1800000000000002,Grassland without tree/shrub cover
50543206,2018-07-29,7159e8ef-cf16-4167-b00e-e5df935a4017,cdd9421b-a8da-40a1-b314-b5de903fb068,2015-07-29,51.48475008,20.59520072,25.9,24.736027064000005,tC/acre,0.2,1.1800000000000002,Grassland without tree/shrub cover
50563140,2018-08-13,90e73441-38df-440d-b0bc-de35add22c52,6185d823-52ee-4103-b581-d6b4364637cf,2015-08-13,50.89602904,20.48825891,24.2,23.112426832000008,tC/acre,0.2,1.1800000000000002,Grassland without tree/shrub cover
50584610,2018-06-29,e1cb11e0-f1c5-4344-907a-ce7532de2d6e,eb5b85bb-9177-4622-821b-c1332dea8d6b,2015-06-29,63.87760539,25.04949359,23.8,33.325082728,tC/acre,0.2,1.73,Grassland without tree/shrub cover
50602694,2018-08-03,d8af23ad-029c-43da-acc6-5eb7539210fe,ef4fc144-6799-4a82-b3bf-6c4b8ffbd63b,2015-08-03,46.92247998,19.72579015,21.3,20.342755848000007,tC/acre,0.2,1.1800000000000002,Grassland without tree/shrub cover
50603330,2018-06-30,90462f2e-fe9f-4bd0-925b-91b193936036,7c12f405-d3d6-4ec8-b0f2-1e7f81d9601a,2015-06-30,52.5771661,20.94868243,20.1,19.196685096000003,tC/acre,0.2,1.1800000000000002,Grassland without tree/shrub cover
50603482,2018-05-15,2a360af1-91b3-475a-904d-72f21ab3ee07,2a75ac1d-a388-446e-a05d-32a780e0fd38,2015-05-15,53.92448942,21.30028147,21.0,20.056238160000003,tC/acre,0.2,1.1800000000000002,Grassland without tree/shrub cover
50603758,2018-05-21,901d43b2-42b1-4dc7-9790-2ffe6678ab25,167bd261-ecf5-4ba7-93dc-5814e1896626,2015-05-21,56.36716184,22.01360262,50.1,42.678387903,tC/acre,0.2,1.0525,Grassland without tree/shrub cover
50603794,2018-07-18,ec3529be-e397-43c1-90cc-eca93483ad22,75bed071-41e2-4259-baa3-3f1a79b0794c,2015-07-18,56.68541194,22.11464314,21.2,21.1395016448,tC/acre,0.2,1.232,Grassland without tree/shrub cover
50623424,2018-10-06,71137c9e-674c-4bb8-a3b9-fb3e9246f0d6,11631cf9-2ebf-4f0b-8b8e-4d1fec4af6fd,2015-10-06,53.40779407,21.19270483,11.1,10.601154456,tC/acre,0.2,1.1800000000000002,Grassland without tree/shrub cover
50623640,2018-08-16,bcec1e88-05d3-42f9-87bf-86f31280fa80,af375125-1d3b-49c3-85b1-014a86436679,2015-08-16,55.32051448,21.72699935,18.7,17.859602552000005,tC/acre,0.2,1.1800000000000002,Grassland without tree/shrub cover
50623694,2018-06-06,af3b1799-79eb-42f2-8665-0c541a026361,e2f25392-d8df-4fe3-be99-11be89450aff,2015-06-06,55.7982269,21.87026809,17.1,17.957738907000007,tC/acre,0.2,1.2975,Grassland without tree/shrub cover
50624582,2018-06-26,2ae5d034-2450-4f49-9988-e11ba1d886d8,82af027e-610d-4be0-84b0-efc04c152732,2015-06-26,63.62422548,24.99851414,21.5,28.729873198,tC/acre,0.2,1.651,Grassland without tree/shrub cover
50642978,2018-09-09,c7709e1c-2cd6-4c35-a937-0c65817f9d00,f733a7d3-d533-4f28-8d5c-2f32b9519367,2015-09-09,49.44612448,20.28249222,20.8,19.865226368000005,tC/acre,0.2,1.1800000000000002,Grassland without tree/shrub cover
50643432,2018-10-06,1834dbeb-d4e2-4e1a-a6dc-cbf5332bb785,40bc5861-b930-4619-82d4-bb0502efd3e5,2015-10-06,53.47591523,21.24126495,90.0,54.2683926,tC/acre,0.2,0.745,Grassland without tree/shrub cover
50644048,2018-06-04,9a288780-a654-4039-8dc3-a01d54699c6c,37479da8-9efd-4f8b-a03e-bdc1940ab5b1,2015-06-04,58.92190942,22.95670388,16.7,15.949484632000004,tC/acre,0.2,1.1800000000000002,Grassland without tree/shrub cover
50662872,2018-08-29,45665a50-164d-4789-97f6-b4c2aa69f7d6,b844e954-4cc2-4fc8-ae68-97ac0d82fc5d,2015-08-29,48.50069909,20.1134607,23.4,26.4108605436,tC/acre,0.2,1.3945,Grassland without tree/shrub cover
50663688,2018-06-06,b9298e35-d46c-4046-a763-1f93afc478bf,6d15d825-1145-4605-bfec-8ecd321e5bbe,2015-06-06,55.73924053,21.91702091,27.9,19.3523273316,tC/acre,0.2,0.857,Grassland without tree/shrub cover
50663710,2018-06-06,88a43e10-e4a4-423a-a4bb-02fca6499b3e,7505322b-b37f-41bd-b316-54c5b671b6ab,2015-06-06,55.93378545,21.97669454,40.3,32.8297065954,tC/acre,0.2,1.0065,Grassland without tree/shrub cover
50682966,2018-08-24,35b53f73-874b-4bce-8dde-102728153262,ccfdfbac-09ac-4d31-9772-dd6fc2430658,2015-08-24,49.33439553,20.31442555,38.1,36.38774637600001,tC/acre,0.2,1.1800000000000002,Grassland without tree/shrub cover
50683074,2018-09-04,28e2c7f4-9d3d-4d3e-a2f7-b7fc8b8b547b,67973f51-189f-4db3-8b44-b433a05ee33b,2015-09-04,50.29428877,20.52396069,25.3,17.456737639000004,tC/acre,0.2,0.8525,Grassland without tree/shrub cover
50683680,2018-08-18,36dda03d-d718-43ae-bedd-5a85be17d603,34707da2-edf5-4bd6-8498-27fbc05ff6db,2015-08-18,55.6655253,21.92687254,20.2,19.292190992,tC/acre,0.2,1.1800000000000002,Grassland without tree/shrub cover
50702998,2018-05-30,69881aef-53b6-48c0-b76c-c7f01f908c57,0690b24f-d936-4ae8-a9c6-986f059b906a,2015-05-30,49.61635981,20.40286883,23.2,16.618025904,tC/acre,0.2,0.885,Grassland without tree/shrub cover
50703010,2018-09-10,385bf01d-ebca-4bc3-980b-153f08afefe4,b87ee06c-de51-4e33-bd10-e740463ce843,2015-09-10,49.72302196,20.42603469,25.1,23.971979896000004,tC/acre,0.2,1.1800000000000002,Grassland without tree/shrub cover
50703016,2018-09-14,caee9379-ad43-4396-a1a3-fb71eaa0c5ee,56f94032-a5f1-4b15-898f-f5992ce7d11a,2015-09-14,49.7763491,20.43766583,42.7,35.182267719200006,tC/acre,0.2,1.018,Grassland without tree/shrub cover
50703872,2018-05-17,edc12ee1-be7a-475f-a077-335d56a3c0ce,345a4b2d-a467-4397-960e-104e133f18d2,2015-05-17,57.35912263,22.50428705,15.5,14.803413880000004,tC/acre,0.2,1.1800000000000002,Grassland without tree/shrub cover
50743632,2018-08-15,821a5ec2-041f-4588-b26f-95b52def3116,63da8666-d637-44ad-95a2-f214303978e8,2015-08-15,55.23213517,21.89245123,27.1,25.88209781600001,tC/acre,0.2,1.1800000000000002,Grassland without tree/shrub cover
50762614,2018-05-15,dee95321-2575-4b6e-a9d9-5e181759dba4,05d4d9af-53f4-4675-8d4e-a929fd42dea2,2015-05-15,46.1902832,19.80105245,14.1,13.466331336,tC/acre,0.2,1.1800000000000002,Temporary grassland
50762656,2018-08-20,3dbfacbb-d136-4c3b-b00d-2a43dc115580,37e6cf70-77e0-43d9-a533-03d507286650,2015-08-20,46.5647507,19.8703708,48.3,46.12934776800001,tC/acre,0.2,1.1800000000000002,Grassland without tree/shrub cover
50763638,2018-06-07,23509434-52df-43a6-badd-3b12dc79de59,1d0a2cbd-67eb-41d4-8f61-67230ac728b5,2015-06-07,55.28223707,21.93941865,30.3,31.623661378200005,tC/acre,0.2,1.2895,Grassland without tree/shrub cover
50782700,2018-08-21,72d55360-8a9f-4213-ad34-23ed168f47c9,0c2591ac-bd3c-44e5-a2fa-9d1a5591ef45,2015-08-21,46.95447982,19.97041792,55.9,53.387795864000005,tC/acre,0.2,1.1800000000000002,Grassland without tree/shrub cover
50783006,2018-09-04,b0ec4eff-b45a-4e06-ac7c-4b8e149c62d3,7f1499e6-1b30-4e64-b3d6-6bb44b833811,2015-09-04,49.67723828,20.52820981,32.6,31.134922096000004,tC/acre,0.2,1.1800000000000002,Grassland without tree/shrub cover
50783432,2018-10-06,9ff2594e-7dcc-42c0-9c29-372c07fcaa34,eb544478-5e2e-4cad-b591-e6d88c2c522e,2015-10-06,53.45629366,21.44981811,14.8,14.134872608000004,tC/acre,0.2,1.1800000000000002,Grassland without tree/shrub cover
50803766,2018-05-02,03b554b0-8a07-4046-89b3-f2237847dda3,b66ff543-1fd7-4b51-ad79-2206563c7a3d,2015-05-02,56.40747097,22.35552279,17.2,16.427014112000005,tC/acre,0.2,1.1800000000000002,Grassland without tree/shrub cover
50822946,2018-05-22,36be8565-6641-467a-882f-fdd1dde8c8a7,91634f1f-e56c-4b82-9a3d-2125f5e89d13,2015-05-22,49.13884157,20.46705064,14.8,16.9858045408,tC/acre,0.2,1.418,Grassland without tree/shrub cover
50823040,2018-08-10,ed0de81d-ce0c-4263-b448-3b68f6637c8f,caf9998b-3e8e-4e6c-9083-483039612953,2015-08-10,49.97413369,20.65037619,19.9,19.005673304,tC/acre,0.2,1.1800000000000002,Grassland without tree/shrub cover
50823320,2018-06-16,13a36004-f0f1-46c9-9651-2659998c5789,7ac574b9-9b41-445f-a1a8-d5dc4f3a845b,2015-06-16,52.4584367,21.24702294,13.0,12.415766480000002,tC/acre,0.2,1.1800000000000002,Grassland without tree/shrub cover
50843678,2018-08-14,b2fd32e0-cf70-404e-9cfb-5ddc2f8e35bd,d82f1fa4-2b1b-4edb-97df-a70027d52bbb,2015-08-14,55.62386226,22.17224523,19.1,18.241626136000004,tC/acre,0.2,1.1800000000000002,Grassland without tree/shrub cover
50843760,2018-08-02,ee211ba6-96ac-43e6-9d1b-381e748e638d,3cc2c2b1-be12-44f6-ad35-adf3fa3cc56c,2015-08-02,56.34830282,22.40216695,34.4,32.85402822400001,tC/acre,0.2,1.1800000000000002,Grassland without tree/shrub cover
50863206,2018-05-25,09934bf8-e7c3-4903-987e-bdffb5ad0ec2,510b278c-ac1b-4297-aea1-660705a6cbdf,2015-05-25,51.44223025,21.05140219,11.5,10.187363021000005,tC/acre,0.2,1.0945,Grassland without tree/shrub cover
50882638,2018-05-27,b265eb23-7dca-4634-bca7-ff1d0f53436b,d76c79a1-1ace-40cd-a4d7-0a143cf0693b,2015-05-27,46.38988779,19.99528527,8.7,10.9002983472,tC/acre,0.2,1.548,Grassland without tree/shrub cover
50883478,2018-05-03,fc28cf44-c10a-48f0-af8a-8400c3004cf8,f62cfb3a-153a-469e-b937-671fc5789e69,2015-05-03,53.84922132,21.71159938,16.2,15.471955152000003,tC/acre,0.2,1.1800000000000002,Grassland without tree/shrub cover
50923288,2018-05-22,5a98f31e-0abe-4dac-baa1-171b2bae48da,03fdea3a-52a3-4a8b-ba1d-4c759e057fad,2015-05-22,52.16096064,21.31937006,11.9,11.365201624000004,tC/acre,0.2,1.1800000000000002,Grassland without tree/shrub cover
50923428,2018-10-06,5b6adc82-f57f-4eb0-ac99-12261165e4ee,1553a4e8-d760-494e-a1f7-980d1ae03cd5,2015-10-06,53.40090819,21.64844945,70.2,36.13619355840001,tC/acre,0.2,0.636,Grassland without tree/shrub cover
50943268,2018-08-06,41af9094-f86a-4c2f-a307-e96dc4ac918c,57f0fcaa-c74e-4b5f-af96-c1bbbc4a2c12,2015-08-06,51.98093646,21.30299674,17.2,18.515193872000005,tC/acre,0.2,1.33,Grassland without tree/shrub cover
50963374,2018-10-07,ab3ff83f-9d18-4de9-bc24-420d02158eac,7d7155b8-026c-4e31-a2d0-09e1170500fd,2015-10-07,52.91711064,21.57762698,11.9,11.365201624000004,tC/acre,0.2,1.1800000000000002,Grassland without tree/shrub cover
50964076,2018-06-05,54873b1a-3c9c-46b7-9406-5f994815b03d,4e5d0216-a9b2-4e0a-a59e-583218decb99,2015-06-05,59.11519191,23.59843585,22.2,21.202308912,tC/acre,0.2,1.1800000000000002,Grassland without tree/shrub cover
50983666,2018-05-27,70f8e852-b7a4-4e89-9eeb-ebef39eaa18e,995fb6e9-ff06-454e-a25a-9c90805840de,2015-05-27,55.496489,22.35805263,18.1,17.286567176000005,tC/acre,0.2,1.1800000000000002,Grassland without tree/shrub cover
50983816,2018-09-25,8f2fb501-ba3e-4a49-b42d-3eb48981ccde,ba9f2bbd-f484-4e68-9a9b-a8a4a277fc02,2015-09-25,56.82061235,22.79105027,17.2,18.2228487056,tC/acre,0.2,1.309,Grassland without tree/shrub cover
50984072,2018-06-05,8809708b-cf63-49e4-915c-bfd99c323bee,12087c85-8ef4-4be4-ad50-c21c4f86ce54,2015-06-05,59.07655804,23.61876111,48.8,46.60687724800001,tC/acre,0.2,1.1800000000000002,Grassland without tree/shrub cover
51002766,2018-07-29,1280b846-b198-405a-8b86-8ea2fb884d06,e5c8bb45-0f47-4de5-b7b8-f809e23c5bc2,2015-07-29,47.51505866,20.37411504,19.6,18.71915561600001,tC/acre,0.2,1.1800000000000002,Grassland without tree/shrub cover
51002942,2018-09-12,77eeac0e-db06-4ae0-9327-984ba251915e,4c4627a1-cd73-4967-bb37-0902fc80996b,2015-09-12,49.08006791,20.70373415,27.3,26.07310960800001,tC/acre,0.2,1.1800000000000002,Grassland without tree/shrub cover
51003378,2018-10-07,83b48ec1-491c-434f-a95e-b68d3866314c,abce304c-4b45-4ccd-9371-ad0c1ade3bef,2015-10-07,52.94679773,21.64601133,26.6,25.404568336000008,tC/acre,0.2,1.1800000000000002,Grassland without tree/shrub cover
51003392,2018-10-07,4c97ba14-e791-467a-b0b4-11f06ebf163e,27d4e915-7351-47d9-9feb-5393ea3025a5,2015-10-07,53.07072832,21.67967975,76.4,47.98475214080001,tC/acre,0.2,0.776,Grassland without tree/shrub cover
51023430,2018-05-28,855e005e-216d-45c2-8627-1271d17fa9dd,269f3bce-510b-42ee-b607-0e921bbe4136,2015-05-28,53.40412984,21.8019879,12.0,11.460707520000003,tC/acre,0.2,1.1800000000000002,Grassland without tree/shrub cover
51023696,2018-06-19,c99ee4a8-9db4-4426-b28f-7865bf29fff2,16ae91a4-fc38-4fd4-8115-02e70b7c65c3,2015-06-19,55.75523659,22.5046998,17.9,17.095555384000004,tC/acre,0.2,1.1800000000000002,Grassland without tree/shrub cover
51023840,2018-07-28,4ae5f4d4-f2e7-475f-9f9b-93f6c77ff183,61ae3d13-b67f-4b9a-8027-48ac2976c700,2015-07-28,57.02587524,22.92851209,17.1,17.300326500000004,tC/acre,0.2,1.25,Grassland without tree/shrub cover
51042936,2018-08-08,5bd58e6e-4a3f-4434-b6bf-882ba17f266a,eabb3d05-0e83-4605-9e64-ff2274cc34fb,2015-08-08,49.02153146,20.74626786,19.3,18.432637928000005,tC/acre,0.2,1.1800000000000002,Grassland without tree/shrub cover
51043672,2018-05-27,932030e7-75b7-48a8-8edd-ddd2a3b98b91,f80420ab-d2fd-4546-a4d0-1359ef111cf0,2015-05-27,55.54021939,22.46845561,23.6,22.539391456000004,tC/acre,0.2,1.1800000000000002,Temporary grassland
51043870,2018-05-15,2e18d6ce-a20c-455c-bffe-e02ab5f912bb,13af0423-2c75-40b1-88f0-886f7509ac9a,2015-05-15,57.28713704,23.05372909,57.3,54.72487840800001,tC/acre,0.2,1.1800000000000002,Grassland without tree/shrub cover
51063100,2018-05-27,89ecf1a5-cc68-458b-b7e6-f7053810c39e,895f5489-df2e-402c-adb5-89059214924a,2015-05-27,50.47482578,21.10668891,15.1,15.368557878999995,tC/acre,0.2,1.2574999999999998,Grassland without tree/shrub cover
51082954,2018-09-20,b2ddfd69-8d01-4641-851c-faf6968d6d88,0685a085-2bc4-4852-b70c-8f776748ced1,2015-09-20,49.17616887,20.83591742,23.9,27.971410696800003,tC/acre,0.2,1.446,Temporary grassland
51083062,2018-07-27,7a0f6d91-0de2-4542-b4c8-38ab156d469e,7cd8b8ad-f9cf-4b4b-914a-99988d4ac52d,2015-07-27,50.13496447,21.05489877,10.8,10.314636768000003,tC/acre,0.2,1.1800000000000002,Grassland without tree/shrub cover
51083080,2018-08-15,0b2f2f6f-2113-4fa9-be04-245582cdd7b0,1109b0a4-50d7-45b8-9f91-c5f3297015db,2015-08-15,50.29467598,21.09247144,12.3,11.747225208000003,tC/acre,0.2,1.1800000000000002,Grassland without tree/shrub cover
51083098,2018-08-08,29e5ae3c-8ed6-4ffe-addb-bd6ec972f158,ef8ebca9-21f2-4f8a-80fb-630e1ce5ff8e,2015-08-08,50.4543627,21.13036134,11.2,10.696660352,tC/acre,0.2,1.1800000000000002,Grassland without tree/shrub cover
51084210,2018-09-14,85c268f3-0ce7-46c0-a461-69db15022ee1,ee5e688c-24ab-4b77-b91d-e93c0ac01154,2015-09-14,60.27251628,24.2957056,28.6,23.865628415200003,tC/acre,0.2,1.031,Grassland without tree/shrub cover
51103660,2018-06-01,cd6f7aff-3eea-4923-b6b8-bb9e9853b8c7,496b72ef-f4a1-49e4-8cf1-03d9c418abfe,2015-06-01,55.42494608,22.52841917,14.8,14.134872608000004,tC/acre,0.2,1.1800000000000002,Grassland without tree/shrub cover
51104260,2018-06-18,8bd86f6e-dfcb-4ee1-ba00-6cde3c04abcf,64c77775-b71c-48b6-a25b-9a1e63a4339a,2015-06-18,60.70798225,24.52549115,117.1,73.0260338546,tC/acre,0.2,0.7705,Grassland without tree/shrub cover
51122668,2018-05-14,c6302ec8-369c-4ce4-a415-1f4e505a97a1,6c387a9a-e296-4894-b1e5-af121191f75a,2015-05-14,46.627605,20.35678385,38.7,39.52924285680001,tC/acre,0.2,1.262,Grassland without tree/shrub cover
51143024,2018-08-24,de89f6f2-f24a-4207-b7ee-5a09fcb288c1,72d32cd1-fb7f-459b-8a88-4fab05b094b7,2015-08-24,49.78964095,21.0591512,9.4,11.830590524000003,tC/acre,0.2,1.5550000000000002,Grassland without tree/shrub cover
51163424,2018-05-18,34ce4b7d-14d6-4508-93cb-30d1eceef3e7,e2a0168a-9ba4-4a85-a43f-167f8ba3824d,2015-05-18,53.3304882,21.99494812,18.9,18.050614344000003,tC/acre,0.2,1.1800000000000002,Grassland without tree/shrub cover
51183664,2018-08-28,3eec8e8b-4ae1-4d41-922e-93991360242f,e496df3f-4991-4f6c-a009-b0cbd7f594ed,2015-08-28,55.44773164,22.66430576,18.7,21.3255762676,tC/acre,0.2,1.409,Grassland without tree/shrub cover
51183718,2018-06-06,fc348384-207c-4bc1-b04b-f8c1435fe520,07349658-c8de-447e-a680-fc5240df17cd,2015-06-06,55.92418137,22.8196281,17.6,19.643782188800003,tC/acre,0.2,1.379,Grassland without tree/shrub cover
51204708,2018-09-14,60825afb-a4ef-48ec-84cf-b6f9defaab5d,27eb4d9e-a64c-469e-84a4-6c9f80c60a5d,2015-09-14,64.6085484,26.77914038,30.0,28.65176880000001,tC/acre,0.2,1.1800000000000002,Temporary grassland
51222948,2018-05-31,711d5e52-7f14-45f9-a3c0-2ab0ff9ac705,0c4e15f1-783b-4fe4-abc5-9bf82fc427e8,2015-05-31,49.10424553,21.01406543,15.7,19.251317706,tC/acre,0.2,1.515,Grassland without tree/shrub cover
51223002,2018-08-28,fc7d46cf-d38a-482f-8034-4c1bfcea79be,1be4f9df-9878-40f2-92ab-1242d136bfc4,2015-08-28,49.58357026,21.12371769,25.5,24.354003480000003,tC/acre,0.2,1.1800000000000002,Grassland without tree/shrub cover
51244618,2018-06-21,e9d92c21-be19-4cd0-b492-a33f90f1aa64,74cae442-81e3-41ca-9774-26b650199795,2015-06-21,63.81496211,26.38965561,30.6,29.224804176000006,tC/acre,0.2,1.1800000000000002,Temporary grassland
51323682,2018-07-26,6241d220-a18d-4a91-aac9-876575205e83,7b1afd87-09e8-42f3-9241-17b9a16580c6,2015-07-26,55.5842523,22.9344044,19.6,18.71915561600001,tC/acre,0.2,1.1800000000000002,Grassland without tree/shrub cover
51342800,2018-08-06,c7018e78-68b4-444f-ad35-04ad924d58e2,ee2186cb-12d9-4b33-ae6b-f25a7265ebba,2015-08-06,47.77357914,20.88557574,51.9,49.56756002400002,tC/acre,0.2,1.1800000000000002,Grassland without tree/shrub cover
51363374,2018-06-14,c80829cd-5a21-488f-b5fe-11bd4ed74ccd,e1be6ee4-773e-470a-a5af-a437cf7b0515,2015-06-14,52.85857755,22.16505446,10.8,10.314636768000003,tC/acre,0.2,1.1800000000000002,Temporary grassland
51363436,2018-05-20,5ea610c8-95b4-4259-b77e-26f27d4013e4,38cace42-e3a2-4b73-b7f6-b62de3c9f9be,2015-05-20,53.40655023,22.32217769,14.3,13.657343128000004,tC/acre,0.2,1.1800000000000002,Temporary grassland
51383678,2018-08-28,46c8d790-3421-430b-8402-a837f58292ec,377ef0f7-5ca3-4de8-8966-53bf48974873,2015-08-28,55.53930774,23.01641097,16.8,18.6489021264,tC/acre,0.2,1.3715,Grassland without tree/shrub cover
51403012,2018-07-07,cb77d33e-ca91-4b29-9c6d-0eeaee67a97d,e9563dc2-b854-4291-a83e-da91acc6057a,2015-07-07,49.64755339,21.39118254,19.4,18.528143824000008,tC/acre,0.2,1.1800000000000002,Grassland without tree/shrub cover
51403440,2018-05-20,f8690c43-977d-444b-98fc-cec1f293149b,58cbc475-2a2d-4831-a5aa-b9259620de93,2015-05-20,53.43578842,22.39191275,67.9,64.84850338400001,tC/acre,0.2,1.1800000000000002,Grassland without tree/shrub cover
51403480,2018-06-09,3b8d0bd0-af29-42b8-923f-10fdcacdf583,794f0136-ad9d-4eec-ba81-695333d1c75e,2015-06-09,53.78908966,22.49659283,12.2,11.651719312000004,tC/acre,0.2,1.1800000000000002,Grassland without tree/shrub cover
51423100,2018-07-30,8a578ef9-ab6b-45ad-a031-a694da282083,1f175acf-a167-4f82-91a6-8d8140c1382a,2015-07-30,50.42480151,21.60847096,27.0,17.875789992,tC/acre,0.2,0.8180000000000001,Grassland without tree/shrub cover
51423258,2018-09-01,7917861c-c141-410b-9731-07242fc505b2,0657ae0e-98b9-4d4d-956c-cae11bc779f6,2015-09-01,51.82374348,21.9697366,11.4,10.887672144,tC/acre,0.2,1.1800000000000002,Grassland without tree/shrub cover
51423724,2018-07-25,a0200b08-ceba-41cf-b7b5-b05ace21e426,3e5e3256-7576-49b9-b2f4-71f150dd477f,2015-07-25,55.93819847,23.21552872,24.9,23.780968104000003,tC/acre,0.2,1.1800000000000002,Grassland without tree/shrub cover
51423742,2018-06-13,ef070143-5aaf-454a-bf62-c24dc40d70d4,30ffe68a-447c-463c-b268-c430ec817e41,2015-06-13,56.09677692,23.26995081,41.0,39.15741736,tC/acre,0.2,1.1800000000000002,Grassland without tree/shrub cover
51424060,2018-06-28,391247a1-e09a-4e19-804a-d3f17dfa8237,025f4592-7e82-4741-b2a4-59ebdca6ffa4,2015-06-28,58.89376786,24.32620905,42.6,40.68551169600001,tC/acre,0.2,1.1800000000000002,Grassland without tree/shrub cover
51443008,2018-05-29,e6172436-fdaf-4359-a003-0e7ea8d2fd49,c964506f-66db-46db-ad65-b746381c9d5d,2015-05-29,49.60651056,21.43754089,23.7,23.4885015318,tC/acre,0.2,1.2245,Grassland without tree/shrub cover
51443058,2018-07-03,b385cdb0-672c-47c6-9c75-5d7ae7f784e1,9879b5eb-715a-4819-802f-7b91c8ad7357,2015-07-03,50.04977469,21.54451974,10.7,10.219130872,tC/acre,0.2,1.1800000000000002,Grassland without tree/shrub cover
51462960,2018-07-13,fb5b901a-042d-4316-b022-2f81ce66d055,d4d128a9-d2e9-4e9e-a4df-6f513615a52b,2015-07-13,49.17801577,21.36428695,12.4,11.842731104000004,tC/acre,0.2,1.1800000000000002,Grassland without tree/shrub cover
51464314,2018-09-28,de45783f-712e-471b-909e-52b78ce2c2a9,00327778-83ec-4b46-9033-89469c702c6c,2015-09-28,61.11323496,25.3942014,33.2,31.707957472000007,tC/acre,0.2,1.1800000000000002,Temporary grassland
51482704,2018-06-30,30f63d78-a572-43ee-a12e-3b824558b598,7419bec6-a1e3-41f4-85d8-a24f628ef883,2015-06-30,46.90166405,20.88870713,24.7,23.589956312000005,tC/acre,0.2,1.1800000000000002,Grassland without tree/shrub cover
51482740,2018-07-21,9d475316-e27b-4430-979c-62b58087e6df,a97587b6-9bbd-471d-858a-597790491cd4,2015-07-21,47.22173222,20.95601363,18.6,17.764096656000003,tC/acre,0.2,1.1800000000000002,Grassland without tree/shrub cover
51484042,2018-06-27,a8a3f91a-54ed-4044-95fb-a5547432e172,1dcd3a39-08b3-4e7c-a1c7-6edd7729948a,2015-06-27,58.72490631,24.36267072,29.5,28.174239320000005,tC/acre,0.2,1.1800000000000002,Grassland without tree/shrub cover
51542784,2018-07-20,c76111e9-102b-4e79-85bf-999f2e79723e,d5f2031f-0587-4f48-953d-97d77759be08,2015-07-20,47.60470563,21.11876494,17.7,16.904543592000007,tC/acre,0.2,1.1800000000000002,Grassland without tree/shrub cover
51542842,2018-07-04,cca2e78b-63df-4aa1-93c4-99e523aa8d22,6205ef6f-9270-4f7c-ae60-83b73aa149bb,2015-07-04,48.11981133,21.2324045,58.8,56.157466848000006,tC/acre,0.2,1.1800000000000002,Grassland without tree/shrub cover
51543736,2018-08-23,a704a2d0-42e0-4668-8262-687d11dbd194,c0c1922e-0158-4356-bd48-54ff958a0a13,2015-08-23,56.02398726,23.4411575,16.9,19.4985403834,tC/acre,0.2,1.4255,Grassland without tree/shrub cover
51563304,2018-09-28,504f5bba-4a75-4f70-bf61-e086102e9a06,46bec7bf-a2c9-4c13-8cf6-aade0973ac2d,2015-09-28,52.20968362,22.28258257,93.1,50.74993111020001,tC/acre,0.2,0.6735,Grassland without tree/shrub cover
51582792,2018-07-24,d095e818-cfb9-4ebf-b9a2-f60e2ea51053,21de01a7-7b02-4389-ae36-0544d5d76bd6,2015-07-24,47.67035545,21.1870152,29.8,28.46075700800001,tC/acre,0.2,1.1800000000000002,Grassland without tree/shrub cover
51582994,2018-07-10,ad8cf5d1-8f96-4825-8526-12e338f94bec,0b4e4305-8250-4846-894e-d663521dc93e,2015-07-10,49.46271601,21.59921657,33.7,32.185486952000005,tC/acre,0.2,1.1800000000000002,Grassland without tree/shrub cover
51583080,2018-07-27,53664a04-7b6c-41b5-8659-4a3e3cfc46a8,0b562ed3-6e64-40ac-8245-bc9ad26c005b,2015-07-27,50.22474018,21.78652748,27.2,25.977603712000004,tC/acre,0.2,1.1800000000000002,Grassland without tree/shrub cover
51602980,2018-07-27,40414dcb-cee6-46ac-8700-d4c46991793b,fbb21cff-c414-450f-887e-979857b5d52b,2015-07-27,49.33578206,21.59665362,13.8,13.179813648000003,tC/acre,0.2,1.1800000000000002,Grassland without tree/shrub cover
51622792,2018-07-24,a43f4633-faee-4bfe-8bee-e327f135d9d5,c6b3d93a-4325-45bf-983a-1a11150638b0,2015-07-24,47.66491322,21.23975368,27.3,34.2596241078,tC/acre,0.2,1.5505,Grassland without tree/shrub cover
51624084,2018-09-30,aa3fab93-62ec-4b49-b9d0-539f81a96d1c,7b8e45d5-f0c0-4883-9f35-d89f666b529c,2015-09-30,59.06782724,24.75532053,24.1,23.016920936000005,tC/acre,0.2,1.1800000000000002,Grassland without tree/shrub cover
51624372,2018-07-23,529b0872-726b-433c-b0e5-8c6b97ccffa2,fd0aef7d-a51e-4859-9876-76fd38949769,2015-07-23,61.58867868,25.9384428,32.8,31.325933888,tC/acre,0.2,1.1800000000000002,Grassland without tree/shrub cover
51642780,2018-07-20,273d63e8-ec74-4c81-98ea-9d925fb50c0b,3686365b-6bdd-47b9-9c25-223d1257e8e3,2015-07-20,47.55561291,21.24262282,20.1,19.196685096000003,tC/acre,0.2,1.1800000000000002,Grassland without tree/shrub cover
51642960,2018-05-21,a1813c87-f6a0-4315-8005-71517936d843,649b49e0-2eb3-47fb-b56c-4fe4548abc51,2015-05-21,49.15282061,21.60858952,13.7,16.710213374800002,tC/acre,0.2,1.507,Grassland without tree/shrub cover
51643090,2018-08-24,331b76eb-4c80-4106-8d74-dc75d5f4bc69,b96322a3-187e-4362-839d-566888499bee,2015-08-24,50.30461406,21.89210589,10.4,9.932613184000004,tC/acre,0.2,1.1800000000000002,Grassland without tree/shrub cover
51643320,2018-09-28,975cdcc7-8473-41f0-9081-bd90bb11d0fc,df9dc10d-2dfc-48c0-a0ff-374a879d3aa8,2015-09-28,52.33891894,22.43814038,15.7,13.5521652366,tC/acre,0.2,1.0665,Grassland without tree/shrub cover
51682726,2018-06-06,0ed17c64-e3e2-4f08-8a18-7726b6d7363a,609f2d96-72fa-484c-aa60-3cb98eaede77,2015-06-06,47.07047947,21.19055619,35.8,29.033468635199995,tC/acre,0.2,1.002,Grassland without tree/shrub cover
51703648,2018-05-30,7698f58d-a0c4-4621-aed8-cf5cd40480f8,b88f7a02-c992-4895-89f1-bc9ceca127c7,2015-05-30,55.22244406,23.42492247,27.4,26.168615504,tC/acre,0.2,1.1800000000000002,Grassland without tree/shrub cover
51704072,2018-08-08,7518a734-d368-43d4-9337-f32f61b10011,78ba9044-d117-470c-a652-a5953b17b8e5,2015-08-08,58.9477447,24.8462985,25.3,24.162991688000005,tC/acre,0.2,1.1800000000000002,Grassland without tree/shrub cover
51722996,2018-05-29,8768c573-6048-400d-a524-05c58e1861b5,f10202c8-fc93-4399-b724-f68f52f9129b,2015-05-29,49.46046925,21.79460539,30.2,19.749971795200008,tC/acre,0.2,0.808,Grassland without tree/shrub cover
51723086,2018-08-18,0660c469-3e10-4d64-bcff-64b25a34621c,dc9fa34b-1b46-472e-82af-8f064179c678,2015-08-18,50.25752059,21.99408191,10.8,10.314636768000003,tC/acre,0.2,1.1800000000000002,Grassland without tree/shrub cover
51723090,2018-08-07,f60b0b62-1495-4d2a-9c7d-4220b31582dc,32b46e03-18c4-4df7-aa26-7f17826a6fe3,2015-08-07,50.29292893,22.00314195,16.4,15.662966944,tC/acre,0.2,1.1800000000000002,Grassland without tree/shrub cover
51724116,2018-09-04,882e16cb-9491-4eb9-bb2a-e8eb841bdcee,aff17ff0-0964-4c02-85c0-d32131272f59,2015-09-04,59.32955148,25.04859537,38.4,35.788487347200004,tC/acre,0.2,1.1515,Temporary grassland
51742962,2018-07-31,81d1d3f2-335d-46d2-9e43-9b14ffd9e472,3e5029c9-b7a4-4589-9c64-004262b327ab,2015-07-31,49.15631888,21.74849625,15.8,17.4045736136,tC/acre,0.2,1.361,Grassland without tree/shrub cover
51762706,2018-06-29,095a3a90-ad20-4727-84a5-3a7bd6772caa,056f53a8-0022-454a-a363-352e94e13642,2015-06-29,46.8819066,21.25633378,32.0,30.561886720000008,tC/acre,0.2,1.1800000000000002,Grassland without tree/shrub cover
51763020,2018-07-09,f155ba2d-64fb-4a4a-b4c7-2b28675196a6,b7be5422-a9d7-4147-abab-25749e1f40c6,2015-07-09,49.66728881,21.90180245,23.9,22.825909144,tC/acre,0.2,1.1800000000000002,Grassland without tree/shrub cover
51763594,2018-08-24,ab2e8bfe-77cd-480b-a761-15e673ecab95,260c1a7a-a2cd-44d9-9bae-a440cc0105d7,2015-08-24,54.73693184,23.35796037,28.5,27.219180360000006,tC/acre,0.2,1.1800000000000002,Grassland without tree/shrub cover
51764582,2018-07-30,2b65474d-73ab-4232-89b9-8fc4f920f3e5,3d5e9543-c46f-4286-ba2d-e2f528a9c3eb,2015-07-30,63.38979659,27.21770264,35.3,33.71358128800001,tC/acre,0.2,1.1800000000000002,Temporary grassland
51783840,2018-05-12,621af4e4-3d23-411c-9937-7fcf0c908383,3eaf49c1-2beb-47df-b063-0329b5b20684,2015-05-12,56.89737709,24.15641494,35.8,24.5712389248,tC/acre,0.2,0.848,Grassland without tree/shrub cover
51802634,2018-06-21,02ed4ed4-e314-40e0-be88-fee5c86be669,75480733-c5f6-4ec0-a8ea-bb412cd17feb,2015-06-21,46.23656474,21.17183571,39.3,42.75038154240001,tC/acre,0.2,1.344,Grassland without tree/shrub cover
51802752,2018-07-26,3184a1f5-bc08-48b0-a448-0d4ed4b11465,5db44bc3-518c-4dea-9a6c-bbf200f33032,2015-07-26,47.28500094,21.3977118,45.3,43.26417088800001,tC/acre,0.2,1.1800000000000002,Grassland without tree/shrub cover
51803004,2018-09-08,7fa02326-d13e-45ce-8930-0a9e503feac9,3869ece6-34e9-4425-a871-d5b7b8e3be39,2015-09-08,49.51976758,21.9213024,34.4,32.85402822400001,tC/acre,0.2,1.1800000000000002,Grassland without tree/shrub cover
51803044,2018-08-20,2e003671-32d6-4241-b110-493c5e52c356,b77a569d-df3c-45ed-8d8e-936b2d7a89f1,2015-08-20,49.87397288,22.01003647,13.7,13.084307752,tC/acre,0.2,1.1800000000000002,Grassland without tree/shrub cover
51822646,2018-12-09,834ab37e-790c-48f6-bb04-3ab906fc7538,29249514-bfe5-46cc-936a-4c5638f3bf94,2015-12-09,46.340536,21.22000392,31.7,30.275369032000008,tC/acre,0.2,1.1800000000000002,Grassland without tree/shrub cover
51823794,2018-05-20,49cd3798-1016-45fa-87eb-9e478b1473a8,a3d9c998-e68a-48de-bd47-4098f8160e67,2015-05-20,56.4861945,24.06877792,18.6,17.764096656000003,tC/acre,0.2,1.1800000000000002,Temporary grassland
51843064,2018-08-16,3c97d2dc-bce2-4b55-a388-1fa6bea6ce05,0f573f0d-d5b7-4b97-916c-309868151f6c,2015-08-16,50.04511946,22.11023686,10.4,9.932613184000004,tC/acre,0.2,1.1800000000000002,Grassland without tree/shrub cover
51862672,2018-06-19,0cf0f00b-6656-410b-b979-20cdff974c23,77933457-524d-4e49-9f7b-95993c6c476f,2015-06-19,46.56615239,21.32079798,27.2,26.7040960192,tC/acre,0.2,1.213,Grassland without tree/shrub cover
51863086,2018-05-28,e4663272-4674-4aa9-a092-02d87195133f,f96bb655-a7bc-481c-9557-9cd8e7702fb2,2015-05-28,50.2368308,22.1881342,10.9,10.321921116000002,tC/acre,0.2,1.17,Grassland without tree/shrub cover
51863560,2018-08-21,59171f33-2f9f-4967-9a76-e3a0c2d216ca,6000e11b-02a0-444d-94a6-036406c22ab9,2015-08-21,54.42091679,23.41140993,69.9,66.75862130400002,tC/acre,0.2,1.1800000000000002,Grassland without tree/shrub cover
51863740,2018-08-21,38e83d4a-daad-46f7-80d4-381e316a3f0c,e93cf9e9-5c18-45c9-b3e4-c614c1227809,2015-08-21,56.00463182,23.95807377,25.2,24.067485792000006,tC/acre,0.2,1.1800000000000002,Grassland without tree/shrub cover
51864044,2018-06-20,6d7d1013-4c8e-4af5-9eed-545a5f6ce7ea,4dc2870d-5108-4ee3-af10-00a23db3df0a,2015-06-20,58.67239648,25.01148638,43.0,41.06753528000001,tC/acre,0.2,1.1800000000000002,Grassland without tree/shrub cover
51882740,2018-06-08,c23e2011-43ce-425e-8aa5-0455436e4167,25dd2595-3301-42da-8fe6-c69546b75548,2015-06-08,47.16736541,21.4786596,16.7,14.050414639800003,tC/acre,0.2,1.0395,Grassland without tree/shrub cover
51902590,2018-12-06,a637f479-63da-4acb-8c92-616d84349ad5,ffea03e7-4ff6-4a7b-a06d-6c4d8dc4d97c,2015-12-06,45.83182204,21.21793185,25.9,24.736027064000005,tC/acre,0.2,1.1800000000000002,Grassland without tree/shrub cover
51902950,2018-06-26,2f98d727-0d70-4adc-84b7-db23e870caca,ed7baa9a-ada9-4d38-8c89-921429644358,2015-06-26,49.02690889,21.93933318,24.0,27.787359504000005,tC/acre,0.2,1.4305,Grassland without tree/shrub cover
51903238,2018-08-20,f5621c2e-4039-4f8f-9e2a-162f95039efc,fd9b69ba-adae-4460-8e04-bc3500f5f2ff,2015-08-20,51.57451612,22.60715592,28.5,21.475471962000004,tC/acre,0.2,0.931,Grassland without tree/shrub cover
51922944,2018-05-28,3ff6800b-3e8c-42b6-942b-c6a673015472,251f6e10-04c8-4c59-acc7-60e7ccd0a66b,2015-05-28,48.9708477,21.95336034,20.9,24.646429583600003,tC/acre,0.2,1.457,Grassland without tree/shrub cover
51923832,2018-05-07,b9fb8d07-a55d-49d8-9a71-23343f36a576,4e94e628-832e-4114-8a9d-31aade76f459,2015-05-07,56.80222983,24.35474595,10.7,10.5135804056,tC/acre,0.2,1.214,Grassland without tree/shrub cover
51942732,2018-07-19,b63179c0-9ecf-4001-a231-516853450616,8d15f773-6d25-4705-85ed-724970fc3eea,2015-07-19,47.08797612,21.5411306,37.2,35.528193312000006,tC/acre,0.2,1.1800000000000002,Grassland without tree/shrub cover
51942742,2018-07-18,f29afdde-ad8b-4966-b380-85f7182f32ec,692a62e0-e998-4933-80d0-962f1a2190ad,2015-07-18,47.17674733,21.5609395,25.5,24.354003480000003,tC/acre,0.2,1.1800000000000002,Grassland without tree/shrub cover
51943752,2018-08-21,13c44995-3da2-4168-85cc-e9d45f0881f9,36c08184-e598-489b-9f8d-ca2563310ffc,2015-08-21,56.09611233,24.1226766,33.6,33.884844403200006,tC/acre,0.2,1.246,Grassland without tree/shrub cover
51963268,2018-09-28,57525f04-c591-4c2a-9448-38eb14ce5bc4,c67937af-063a-42fc-85d8-8a59ec844a2f,2015-09-28,51.83009729,22.76800227,105.1,67.839335267,tC/acre,0.2,0.7975,Grassland without tree/shrub cover
51963988,2018-08-31,1b420460-faa3-45ff-973a-9efe659f5462,a1ed711e-d857-414e-a354-832f509ad45a,2015-08-31,58.16301488,24.96998734,436.6,81.80557521879997,tC/acre,0.2,0.2314999999999999,Grassland without tree/shrub cover
51983844,2018-05-19,5e059839-6dd3-4bb4-b94f-c7a5c65e7f51,4a4cc93b-1ec7-4679-a535-30260f7ce26d,2015-05-19,56.89675745,24.49186092,41.8,39.92146452800001,tC/acre,0.2,1.1800000000000002,Grassland without tree/shrub cover
52002694,2018-11-07,d529c473-e9df-478f-84b6-ea4921bc33d4,91c403e4-7c87-4acf-9d0a-751c6a4173f1,2015-11-07,46.74220648,21.54433924,21.1,20.151744056000005,tC/acre,0.2,1.1800000000000002,Grassland without tree/shrub cover
52002906,2018-07-23,0e8ed86a-445c-4d0f-a8f7-fa79973e788b,72e1660a-df51-49a8-8952-2124bdbbe932,2015-07-23,48.6225511,21.97905985,16.3,15.567461048000002,tC/acre,0.2,1.1800000000000002,Grassland without tree/shrub cover
52003578,2018-08-21,4cd9c684-624c-4338-9049-a40275b24a1b,f37ac64f-933e-431a-b8af-cc6afc721c96,2015-08-21,54.55589452,23.6768325,19.9,19.005673304,tC/acre,0.2,1.1800000000000002,Grassland without tree/shrub cover
52022992,2018-08-03,7bf80549-825d-4aa0-80bc-2a582b21f73e,3928d4d6-20d6-4fbb-95ce-114a9aeb6f4d,2015-08-03,49.38117351,22.19469069,17.1,16.331508216000007,tC/acre,0.2,1.1800000000000002,Grassland without tree/shrub cover
52023836,2018-05-16,d4f4c2fb-abed-43dc-a807-cb56794d09ec,c232c4d7-790f-4192-ba89-f47944b876f7,2015-05-16,56.81932558,24.52887182,15.0,14.325884400000003,tC/acre,0.2,1.1800000000000002,Grassland without tree/shrub cover
52042582,2018-11-30,252cc8af-fca3-4e94-8011-78687365ce09,a8239679-5938-4bcf-89c6-8310bce1a465,2015-11-30,45.74160473,21.38122512,13.4,12.797790064000004,tC/acre,0.2,1.1800000000000002,Temporary grassland
52042676,2018-06-19,432fe421-bcce-4a17-9df0-ab754d9c1298,bd4e5863-0a52-448f-92c9-b85691ce5493,2015-06-19,46.57677844,21.56089019,43.9,39.9550939346,tC/acre,0.2,1.1245,Grassland without tree/shrub cover
52042996,2018-09-07,9a1a654c-20fe-48ae-abc9-fbcc9accc833,aeb9f29b-5a8c-406b-bec9-868df44de75c,2015-09-07,49.41359872,22.23089875,15.7,14.994425672000006,tC/acre,0.2,1.1800000000000002,Grassland without tree/shrub cover
52043812,2018-07-12,224557cf-e9f0-4867-816b-18258808ae2a,85f8f25b-2186-4188-8228-c72fae9ba1a5,2015-07-12,56.6051257,24.4795071,37.8,31.0684726548,tC/acre,0.2,1.0154999999999998,Grassland without tree/shrub cover
52043990,2018-09-16,7972751c-08b8-4180-a8a7-82d123d4a492,ee7c1690-195c-416e-88ef-b3ed586de0a3,2015-09-16,58.16546352,25.11034077,19.9,19.005673304,tC/acre,0.2,1.1800000000000002,Grassland without tree/shrub cover
52044544,2018-06-25,53e4db2a-2778-4727-be20-3a6d343c24df,d8bdbeea-72c8-43e8-8bf7-f3efe2994f56,2015-06-25,62.99760311,27.55625608,17.3,16.522520008000008,tC/acre,0.2,1.1800000000000002,Temporary grassland
52083230,2018-06-03,5cfa79af-51ee-4644-a0ce-c958ab99d45c,9a92444c-b0e8-4bc4-84bb-bbec1e353a30,2015-06-03,51.47577432,22.84320545,60.5,57.781067080000014,tC/acre,0.2,1.1800000000000002,Grassland without tree/shrub cover
52123680,2018-06-07,85df366d-863b-4ab6-91e3-bd21ba35373c,579366f9-64a3-499a-a89a-e30140e6cb85,2015-06-07,55.43194831,24.17395572,22.4,21.393320704,tC/acre,0.2,1.1800000000000002,Grassland without tree/shrub cover
52124010,2018-06-15,61a477ec-fb43-4548-92f6-eeee77d8cf8b,3abc143d-d8a1-403a-ad33-7f6d764abd47,2015-06-15,58.32528526,25.31871579,36.3,34.668640248,tC/acre,0.2,1.1800000000000002,Grassland without tree/shrub cover
52124290,2018-06-22,49d27a4a-8b11-49e8-ac18-36890f550f10,594ea88e-8544-46b8-973d-5aa74befb13d,2015-06-22,60.7706493,26.47394983,30.3,28.938286488000006,tC/acre,0.2,1.1800000000000002,Temporary grassland
52164298,2018-06-26,829075d1-ba97-4b2f-8560-e2d40b8b926b,2f980461-fdab-452e-a3eb-f0627402faab,2015-06-26,60.83201091,26.58131947,33.1,21.900999291000005,tC/acre,0.2,0.8175,Grassland without tree/shrub cover
52223776,2018-08-03,85bdab3b-0d20-4216-8017-79a2a55610af,33c98432-a7a8-49eb-859f-1d349009e127,2015-08-03,56.25667032,24.64429373,21.7,20.724779432,tC/acre,0.2,1.1800000000000002,Grassland without tree/shrub cover
52223970,2018-07-26,68400dd9-bb49-4533-857d-b7848675faf9,c5eef0da-f2af-4c60-bfaf-6c382ca0bb41,2015-07-26,57.95610614,25.33374085,17.0,17.460582156,tC/acre,0.2,1.269,Grassland without tree/shrub cover
52243888,2018-07-24,496270e5-aab9-42a4-9d2a-7401d3f5bf59,184f7087-96a0-445b-9bcf-9e3ab106c45b,2015-07-24,57.2345249,25.06571257,20.9,21.652319744000003,tC/acre,0.2,1.28,Grassland without tree/shrub cover
52263284,2018-10-08,2ae9b7c2-4f13-4b36-a354-037a118414ca,462f9a19-521b-40f8-b97e-f1e0ad35545b,2015-10-08,51.92335549,23.23907611,17.4,16.618025904,tC/acre,0.2,1.1800000000000002,Grassland without tree/shrub cover
52323570,2018-08-19,a82cf903-361c-4ce0-b40c-db7e1c38f0ba,19e5ad74-9303-4a88-b427-4bad1166c5d4,2015-08-19,54.43046911,24.1384444,32.8,31.325933888,tC/acre,0.2,1.1800000000000002,Grassland without tree/shrub cover
52343610,2018-07-08,dfdc1532-4cf7-478c-9967-bcbd2e1d2d65,fc4029c0-84b8-48cf-82fc-1b5bb067f607,2015-07-08,54.77831265,24.29238238,17.9,17.095555384000004,tC/acre,0.2,1.1800000000000002,Grassland without tree/shrub cover
52362556,2018-06-11,d036c695-a7de-4ab0-93c3-714d84c7f27d,8f9ebf1d-2703-45de-b80c-3e3a94a76e7b,2015-06-11,45.46594161,21.73774192,21.4,22.8371594148,tC/acre,0.2,1.3185,Grassland without tree/shrub cover
52363758,2018-05-29,5e38120e-d9d1-42e1-a48c-a14b2ada7f2f,725af1ca-9f34-430f-9df8-7217651031d0,2015-05-29,56.07320475,24.80448189,32.1,32.99566832400001,tC/acre,0.2,1.27,Grassland without tree/shrub cover
52364022,2018-06-13,69e4e64e-f82e-48dd-823a-611db732d736,de31a709-acdb-4626-807a-8f20dd981c73,2015-06-13,58.38347427,25.76531549,27.6,30.570466063200005,tC/acre,0.2,1.3685,Grassland without tree/shrub cover
52383540,2018-06-14,e0e7dbc7-96ed-4672-bd18-2c3c7ccd7568,3ba6ddbc-297c-41c6-b117-f166984e6444,2015-06-14,54.15637776,24.1378577,18.0,16.863265620000004,tC/acre,0.2,1.1575,Grassland without tree/shrub cover
52383602,2018-06-15,89e72a7f-1103-41de-8441-db67e5661f4a,dba43930-781f-4e72-bc8f-7961ecb386e6,2015-06-15,54.70097467,24.32841106,14.3,14.641134794000005,tC/acre,0.2,1.265,Grassland without tree/shrub cover
52384108,2018-08-13,345842dd-6fec-48e1-8c4c-bed109f53fbb,9994ab7d-ca66-43c0-9527-7e32ba4b8fe6,2015-08-13,59.13025443,26.14447965,18.3,17.477578968000007,tC/acre,0.2,1.1800000000000002,Grassland without tree/shrub cover
52402654,2018-12-13,86b7629f-e346-470d-9ee9-6cc6dfe37875,a4da9143-bec2-4183-a8e3-72b08c9263d7,2015-12-13,46.33027318,21.98085092,19.0,18.592084212000003,tC/acre,0.2,1.209,Grassland without tree/shrub cover
52403578,2018-06-14,a4b40c3a-7fc3-4a04-991f-7dd2cbe0e655,ba8bf3c3-00ed-4db5-9e8d-c1f9d06581a6,2015-06-14,54.48667742,24.28425442,24.1,23.280250116200005,tC/acre,0.2,1.1935,Grassland without tree/shrub cover
52403862,2018-09-13,6d99db43-a1d9-43eb-a344-c1ad48acd984,89f97abf-5f26-4b98-b5fe-b19601175cc1,2015-09-13,56.97665917,25.2307607,29.1,27.79221573600001,tC/acre,0.2,1.1800000000000002,Grassland without tree/shrub cover
52423744,2018-05-29,6441e3d1-b43d-4bc5-b942-808ae07d1db2,26464917-a546-4c29-85c7-98b50cb197bf,2015-05-29,55.93943614,24.85144827,18.2,19.2823166536,tC/acre,0.2,1.309,Grassland without tree/shrub cover
52442774,2018-11-10,ccd22eb2-0d8b-4def-8abe-c9e1e15e763a,8108d486-d1c0-49a6-817d-71880965e70e,2015-11-10,47.3883142,22.28026291,20.6,19.674214576000004,tC/acre,0.2,1.1800000000000002,Grassland without tree/shrub cover
52442852,2018-08-08,19cfd530-81f7-42fe-adc2-1f59287cfaaa,c0743ed2-208a-43d0-a70a-502e4df4b859,2015-08-08,48.07903803,22.44860295,12.9,12.320260584000003,tC/acre,0.2,1.1800000000000002,Grassland without tree/shrub cover
52442860,2018-07-04,4d9c2f0e-3c38-4c78-8b02-d565c35a1e0e,c1f01dba-6351-4c24-8d82-2617914f7c01,2015-07-04,48.14984738,22.46619867,24.7,23.589956312000005,tC/acre,0.2,1.1800000000000002,Grassland without tree/shrub cover
52483612,2018-07-08,c290803c-e9b8-4efe-9464-6cdf1f38bebf,007f09c0-2ffc-4107-9494-607b27e64ebf,2015-07-08,54.77089892,24.51234959,26.8,25.59558012800001,tC/acre,0.2,1.1800000000000002,Grassland without tree/shrub cover
52503606,2018-08-15,042f3670-5386-479f-9a27-9bac92e74147,b283edbf-1402-4c3c-a47f-9f92e86dc892,2015-08-15,54.7146526,24.52383342,13.9,13.275319544000002,tC/acre,0.2,1.1800000000000002,Grassland without tree/shrub cover
52503854,2018-06-06,88e52f0e-6a83-46fa-9325-4a78715744de,5b6e7dc1-2f71-4ac6-bf1e-d5b48a281103,2015-06-06,56.88758628,25.36264831,27.0,26.256432366,tC/acre,0.2,1.2015,Grassland without tree/shrub cover
52542654,2018-12-10,8be61fb7-1f9a-4ebb-9875-78627e1aa36e,2082af5f-dd28-47e0-a455-c7f6b9359989,2015-12-10,46.30985618,22.16055712,17.6,16.809037696000004,tC/acre,0.2,1.1800000000000002,Grassland without tree/shrub cover
52543650,2018-06-09,308aa262-fbfb-4bca-8e13-92b4128408b3,7a816f55-cdf4-4cac-9d10-9b2a787ae58c,2015-06-09,55.09336791,24.72623532,12.3,11.747225208000003,tC/acre,0.2,1.1800000000000002,Grassland without tree/shrub cover
52562578,2018-06-21,2ac8e19d-e2fa-470c-ae5f-5209dbf7a533,08c6f887-ef56-48a3-bf47-d16efe6f8962,2015-06-21,45.63263896,22.03376048,21.0,20.532148896,tC/acre,0.2,1.208,Grassland without tree/shrub cover
52602782,2018-11-23,989dd7e7-05b3-4611-95b3-a8ff7ad16ff8,cd1f5224-3538-4482-90f3-2ab67bae3056,2015-11-23,47.43513747,22.50689746,13.0,12.415766480000002,tC/acre,0.2,1.1800000000000002,Grassland without tree/shrub cover
52643868,2018-09-14,c0cbe427-6019-46f9-89ff-f6497d929619,d585251c-c892-44a6-9a4c-600797b37fb3,2015-09-14,56.98294892,25.63864453,46.9,44.79226522400001,tC/acre,0.2,1.1800000000000002,Grassland without tree/shrub cover
52663594,2018-06-15,88734950-7613-4250-b41f-1c83c5950c7f,4d32bca8-7ab4-4694-bed6-4c2f8de85e08,2015-06-15,54.58042154,24.7289783,18.4,16.716769288,tC/acre,0.2,1.1225,Grassland without tree/shrub cover
52663690,2018-09-07,2bf131c8-e2ad-431a-8887-969e8988d64d,888ba897-44ea-4220-a565-aea645567870,2015-09-07,55.42176998,25.04353944,14.6,13.943860816000004,tC/acre,0.2,1.1800000000000002,Grassland without tree/shrub cover
52663864,2018-09-14,6d92671d-ca94-43ee-930a-33305a3eda87,668948e9-4df8-4c3e-8aa1-c555fbc504f3,2015-09-14,56.94409128,25.65602718,21.9,18.3633556848,tC/acre,0.2,1.036,Grassland without tree/shrub cover
52701824,2018-09-28,06ae05fe-d147-419a-938b-e48135bc003f,ef397035-5188-4db5-9769-39b66a4eb897,2015-09-28,38.89030395,20.91131183,23.8,22.730403248000005,tC/acre,0.2,1.1800000000000002,Grassland without tree/shrub cover
52722726,2018-11-30,32360510-8cfa-4aee-9c93-515f541abb63,2ae5eb8e-c77b-4158-ab6f-0b6379ac93b5,2015-11-30,46.92106597,22.54289356,22.2,21.202308912,tC/acre,0.2,1.1800000000000002,Grassland without tree/shrub cover
52722766,2018-11-24,d6d4018f-8c21-4e6b-a029-a55da671f10c,d0c45408-e3c0-4074-8488-e9e508cab438,2015-11-24,47.27522176,22.62910085,30.3,28.938286488000006,tC/acre,0.2,1.1800000000000002,Grassland without tree/shrub cover
52723768,2018-08-01,f3a706d6-ac60-4f9a-9087-ae7448a6a8fd,8b6403c8-2ed2-4343-ada0-80e8b6056b4e,2015-08-01,56.0931623,25.40542938,31.5,30.084357240000006,tC/acre,0.2,1.1800000000000002,Grassland without tree/shrub cover
52743836,2018-09-14,ec57fdb7-6c0d-443c-8b9c-fe64188ab025,49f87e47-3f39-4ac5-a3ba-87a378af0e58,2015-09-14,56.68379607,25.68120649,20.3,14.105370998600002,tC/acre,0.2,0.8585,Grassland without tree/shrub cover
52802546,2018-12-03,30c272fd-2d04-4f9a-8e17-452926153ab5,c56c3593-d146-4647-af5b-750ae77dd118,2015-12-03,45.31349968,22.27358904,21.0,20.056238160000003,tC/acre,0.2,1.1800000000000002,Grassland without tree/shrub cover
52803934,2018-09-17,91c26812-6c4d-4d0e-87a7-15e36e8fbb89,a9153589-e134-4fb6-a1d2-525dfc8c70d4,2015-09-17,57.52749093,26.14737244,16.0,15.280943360000004,tC/acre,0.2,1.1800000000000002,Grassland without tree/shrub cover
52804152,2018-08-01,780fb42c-73cb-469b-b4d7-94061fa35ebe,838de902-1d7a-4e78-b1d2-529044578e6b,2015-08-01,59.42591575,27.04845403,17.1,16.331508216000007,tC/acre,0.2,1.1800000000000002,Grassland without tree/shrub cover
52843966,2018-09-12,d1e7623a-4ba7-4d1c-809c-4008a5fd2cac,e2067cdb-322d-4773-8d5b-c8a92705000f,2015-09-12,57.79840856,26.33834749,56.3,53.769819448000014,tC/acre,0.2,1.1800000000000002,Temporary grassland
52861882,2018-07-18,5bfbcdc9-ca0b-4c9e-912f-14cec95bd84e,36d5fd5b-fc36-47d6-b3dc-c7c507c969dc,2015-07-18,39.3887418,21.1815222,67.1,46.4612307566,tC/acre,0.2,0.8554999999999999,Grassland without tree/shrub cover
52882778,2018-10-04,4603627f-d6bb-4a2c-9928-d776f6481851,009fa14d-2017-43bc-b123-1a6bcb9bab6b,2015-10-04,47.35670411,22.86444107,27.9,28.678478076000005,tC/acre,0.2,1.27,Grassland without tree/shrub cover
52884030,2018-06-22,411cd8ac-7bf5-46ab-96c5-e5763c4adf65,fef60214-7153-4a25-9454-de86cddd3131,2015-06-22,58.34767215,26.66343605,16.7,22.092739517800005,tC/acre,0.2,1.6345,Grassland without tree/shrub cover
52902694,2018-11-22,4b2c36fd-95ed-480e-b69a-b93ae02e19b9,a359fb07-f8c0-4aa3-b415-798d21fb3ac1,2015-11-22,46.61022192,22.70713211,54.4,51.95520742400001,tC/acre,0.2,1.1800000000000002,Grassland without tree/shrub cover
52902802,2018-11-25,4a7f7192-069e-4030-8d0b-4b245f4a1b47,79c5cde0-4043-4171-ac82-bd6b2f129705,2015-11-25,47.56583579,22.94423127,25.7,24.545015272000004,tC/acre,0.2,1.1800000000000002,Grassland without tree/shrub cover
52903758,2018-08-13,3d228e4c-2647-4ee9-8efe-3ebc25f4334d,79bd7083-b69c-494c-95ee-3011160a7ca3,2015-08-13,55.97099393,25.65253957,11.1,10.601154456,tC/acre,0.2,1.1800000000000002,Grassland without tree/shrub cover
52923738,2018-07-11,7c375314-e7a1-47ec-ae49-18e459d909fa,88608165-fff4-40b2-9f8e-58bd7e778758,2015-07-11,55.79230802,25.61288429,16.3,16.655864045,tC/acre,0.2,1.2625,Grassland without tree/shrub cover
52962830,2018-10-13,50ef1b71-feea-45ef-a5d3-2014206d8ca8,c569795d-dbb1-4088-985a-b29c32a00312,2015-10-13,47.80389138,23.0866081,40.7,38.870899672000014,tC/acre,0.2,1.1800000000000002,Grassland without tree/shrub cover
52963774,2018-07-12,38380dae-fd3e-482e-95a1-17453fd47602,8ef59eca-ccba-4671-a3b4-89f9762cfe60,2015-07-12,56.09906054,25.80405722,13.8,14.4587023452,tC/acre,0.2,1.2945,Grassland without tree/shrub cover
52963864,2018-08-18,ae48c19a-d13d-4197-b27e-4e88fb5c1249,82f2ffcb-c9b5-4207-a5ba-f687583f4b2d,2015-08-18,56.88466624,26.13712859,18.9,18.050614344000003,tC/acre,0.2,1.1800000000000002,Grassland without tree/shrub cover
52982574,2018-12-14,0240ea92-739f-40f6-ba4b-984e0d54363a,6c1d8e15-813b-4bc7-89de-2caf1f7e38ac,2015-12-14,45.53489947,22.55744594,32.5,30.487019810000007,tC/acre,0.2,1.159,Grassland without tree/shrub cover
53023608,2018-08-16,ea10c1d0-0d1d-4b5c-b82e-dadebc86d83c,85d7ceb2-eb8c-4f64-9f57-48375f01909e,2015-08-16,54.63614699,25.32105437,14.2,13.561837232000002,tC/acre,0.2,1.1800000000000002,Grassland without tree/shrub cover
53041990,2018-05-09,594850e9-34b6-405f-92ea-ed6e3bbf89be,9e9c964f-bd1a-4948-8db4-e810608c8242,2015-05-09,40.33004679,21.56033077,45.3,43.26417088800001,tC/acre,0.2,1.1800000000000002,Grassland without tree/shrub cover
53042044,2018-09-17,05a18a97-cf6f-4b78-9306-054a9f9fb0f7,d0fa4036-7951-49f5-b1d6-faacd9f37b3c,2015-09-17,40.812195,21.6494143,24.1,28.332269203,tC/acre,0.2,1.4525,Grassland without tree/shrub cover
53043942,2018-08-30,6127460d-aa6f-4a48-bbc8-2fb080cacab9,7d25fa79-aa57-4ca6-b6a3-397759b390b8,2015-08-30,57.54820946,26.56954682,25.6,24.44950937600001,tC/acre,0.2,1.1800000000000002,Grassland without tree/shrub cover
53082736,2018-11-11,df0b898b-863d-41c1-a3cf-ad9520df954d,f5cff485-f531-4b69-b063-4e2cc5a9cba0,2015-11-11,46.95387063,23.03151124,13.9,13.275319544000002,tC/acre,0.2,1.1800000000000002,Grassland without tree/shrub cover
53083804,2018-07-05,0335379c-8363-40a8-92ec-89bcba4932ad,42dfcc07-2cb4-4563-b59a-741639a4a40b,2015-07-05,56.33715293,26.10289987,18.8,17.955108448000004,tC/acre,0.2,1.1800000000000002,Grassland without tree/shrub cover
53083858,2018-09-23,a7dc5e6a-f12c-4fcd-ae3b-46491c20db2b,f54bbfa8-1f98-43f3-8b3f-bb77387fbc0d,2015-09-23,56.80809913,26.30621382,24.3,28.6460627274,tC/acre,0.2,1.4565,Grassland without tree/shrub cover
53102804,2018-11-24,32d74b52-0008-481a-861b-a9f40afdc73b,949986f7-c695-40e4-b30c-915df00e2c40,2015-11-24,47.55181721,23.21103841,26.1,24.927038856000006,tC/acre,0.2,1.1800000000000002,Grassland without tree/shrub cover
53123776,2018-07-11,9036426d-1ff3-4bf8-9d87-c83f52fbfb7c,49627c5a-dc07-44d4-996a-7aa1380d063b,2015-07-11,56.0848451,26.06256641,30.0,26.44218324,tC/acre,0.2,1.089,Grassland without tree/shrub cover
53182602,2018-09-04,ae45f07a-b9aa-4e88-a13d-3cce2eb90055,0e21519c-3e5d-4848-8927-69b0b0e5ca1c,2015-09-04,45.75233775,22.8691326,31.7,30.7628537876,tC/acre,0.2,1.1989999999999998,Grassland without tree/shrub cover
53183750,2018-07-11,84e2baa0-2314-4a3b-9d70-b00b443a0316,79ef0e60-ff27-4a79-9746-291ed46df5b8,2015-07-11,55.84599282,26.06146926,78.9,45.116701990200006,tC/acre,0.2,0.7065,Grassland without tree/shrub cover
53203962,2018-08-30,a31af9a4-e6ea-4042-a121-cccc86e2b921,c1e6e88e-6475-463d-9236-eb2ba99f9e2d,2015-08-30,57.68883435,26.91101731,27.2,25.977603712000004,tC/acre,0.2,1.1800000000000002,Grassland without tree/shrub cover
53221972,2018-08-29,71c752d5-0512-456f-a86d-5f93eff82e23,0d87a723-a98d-4702-9d26-7c8ed2b64d8e,2015-08-29,40.14435118,21.73950206,59.7,57.017019912000016,tC/acre,0.2,1.1800000000000002,Grassland without tree/shrub cover
53222484,2018-12-08,697247a2-b37c-4b5c-a5c2-ea8206ffd68f,7ea5f139-c9b9-4b8d-bfa7-25507cbac986,2015-12-08,44.70046809,22.6751806,18.0,17.191061280000003,tC/acre,0.2,1.1800000000000002,Grassland without tree/shrub cover
53241996,2018-08-19,1e2d4ad0-6f5c-41de-89b5-b3a02ca07f51,ab09ac23-7998-4178-93dc-1bd138332a6d,2015-08-19,40.3558372,21.80249693,13.7,13.084307752,tC/acre,0.2,1.1800000000000002,Grassland without tree/shrub cover
53281994,2018-09-12,eae2f0e7-2b58-4aa6-b0f2-5d0cf499736b,db575759-e61d-4e59-a35a-bfe1ef5cf27d,2015-09-12,40.33235946,21.84560061,50.7,48.42148927200002,tC/acre,0.2,1.1800000000000002,Grassland without tree/shrub cover
53282678,2018-06-24,a6db12c8-52e4-451f-b74d-3037c1a3986a,38887f67-4d5b-4d4b-86f4-55bd113858bd,2015-06-24,46.4092438,23.16104043,32.1,28.085289337200003,tC/acre,0.2,1.081,Grassland without tree/shrub cover
53303718,2018-09-27,41113e7f-d955-4155-9c6c-2c15c6d6138f,c72014fd-dc52-447e-9174-dc2518437359,2015-09-27,55.5428128,26.13191064,35.5,33.904593080000005,tC/acre,0.2,1.1800000000000002,Grassland without tree/shrub cover
53383842,2018-06-29,cba1b001-be6e-4a62-821c-ff16f07bedaa,cbbfa11f-8b0b-44c0-a2ec-224d4be7e42d,2015-06-29,56.60706646,26.72222326,16.2,15.471955152000003,tC/acre,0.2,1.1800000000000002,Grassland without tree/shrub cover
53422612,2018-10-29,e531128b-1f20-4385-b4e4-688af5f805b0,5d76e8d1-3683-47f9-9aa7-bdf7286758c6,2015-10-29,45.8031421,23.19510386,30.7,29.32031007200001,tC/acre,0.2,1.1800000000000002,Grassland without tree/shrub cover
53422734,2018-09-18,922806ad-d9be-4002-aaa5-ebdadd53f7a6,bea0d6ab-9c98-4161-9c94-697043927155,2015-09-18,46.88170457,23.4673445,50.7,46.80060043620001,tC/acre,0.2,1.1405,Grassland without tree/shrub cover
53441970,2018-10-09,65685aae-2487-4e44-922a-60b5e49372d5,e735b4d5-e9c5-4fd8-910b-a93c9f8563fe,2015-10-09,40.09546891,21.99072003,75.3,71.91593968800002,tC/acre,0.2,1.1800000000000002,Grassland without tree/shrub cover
53443794,2018-06-08,d3646d6b-b94b-4c3f-8533-dee2f8ae22bd,31b642f5-b2b2-4593-8b8c-90e8aaf94180,2015-06-08,56.17676218,26.6322183,29.6,31.563889256000003,tC/acre,0.2,1.3175,Grassland without tree/shrub cover
53462368,2018-07-11,0f27bb73-b4af-40af-8312-19534db5e8f6,bda69688-1adf-4b93-8deb-ff7682e2d40e,2015-07-11,43.63473932,22.73965238,43.3,38.3050677068,tC/acre,0.2,1.093,Grassland without tree/shrub cover
53503690,2018-06-19,17de5fad-4920-440d-b048-d3736c0369c8,45cbf05a-ebba-41c6-84de-27f315dff6ad,2015-06-19,55.25837391,26.33898704,46.3,38.0172954922,tC/acre,0.2,1.0145,Grassland without tree/shrub cover
53503756,2018-07-30,ec60bc1f-eb64-4ada-af14-276aa97895d6,9910b326-6a1d-4704-8c8d-bcbd966cabce,2015-07-30,55.83347803,26.58238253,16.2,15.471955152000003,tC/acre,0.2,1.1800000000000002,Grassland without tree/shrub cover
53521934,2018-07-04,309dbd1c-d34e-42ec-80f2-564f9b8133d9,1d589215-e525-46de-bb9a-967a888718c1,2015-07-04,39.76268581,22.02263042,11.7,11.174189832,tC/acre,0.2,1.1800000000000002,Grassland without tree/shrub cover
53522622,2018-10-29,45a004cf-16a6-4941-9f3b-6433bce3d430,95e4a6fc-a7c9-42c7-94e3-1e1f4ed96217,2015-10-29,45.87559675,23.3439552,26.1,24.927038856000006,tC/acre,0.2,1.1800000000000002,Grassland without tree/shrub cover
53522708,2018-09-21,abcc4d81-9154-420c-947e-61aab7f5b28a,6f9b0a78-22a6-4b40-b816-671a26dbbd24,2015-09-21,46.63570851,23.5369275,28.1,27.644545814600004,tC/acre,0.2,1.2155,Grassland without tree/shrub cover
53523916,2018-05-19,c56da101-f4fe-429f-9c2d-abeee2af621b,3cf55e24-a56c-4d91-bef4-af931e25d107,2015-05-19,57.22088483,27.24139887,34.5,32.94953412,tC/acre,0.2,1.1800000000000002,Grassland without tree/shrub cover
53542056,2018-06-10,111f68fc-5654-4b38-b1ef-62272fe5f044,a1ed267a-e62d-464d-8791-22963f513862,2015-06-10,40.84806517,22.2547867,21.3,20.342755848000007,tC/acre,0.2,1.1800000000000002,Grassland without tree/shrub cover
53542700,2018-10-06,67c57314-0780-463b-b16f-c0c1b62eb292,2c9a139b-7763-436f-a470-fb8b2d9fa1d9,2015-10-06,46.56176691,23.54439469,23.4,23.8824633528,tC/acre,0.2,1.261,Grassland without tree/shrub cover
53542764,2018-10-29,74aa9619-eea7-4257-b6bf-52d3025e0a13,209242aa-a6e5-4423-8481-cac11cfb1115,2015-10-29,47.12689506,23.69244454,30.7,29.32031007200001,tC/acre,0.2,1.1800000000000002,Grassland without tree/shrub cover
53562846,2018-09-13,b66b560e-9a1f-44ca-ba65-d6a3249d6d23,bd0d2181-ce2e-48c3-9d5e-02edcbb6f5b2,2015-09-13,47.84690518,23.91456936,29.4,27.2577874044,tC/acre,0.2,1.1455,Grassland without tree/shrub cover
53563756,2018-04-28,48349c30-9af6-4b19-bce8-d829ba749829,d75ae952-e240-4ad8-8ce7-179c0e2cc155,2015-04-28,55.82109874,26.67578447,20.1,19.196685096000003,tC/acre,0.2,1.1800000000000002,Grassland without tree/shrub cover
53581926,2018-07-04,5f79a4f0-ad8c-415e-a586-c678d0f60bdc,eb56be1d-eed9-48a5-951a-39cb9708617e,2015-07-04,39.68267442,22.0782283,16.4,15.662966944,tC/acre,0.2,1.1800000000000002,Grassland without tree/shrub cover
53602536,2018-12-04,6fea8e07-0d66-484a-82f4-5e1bf3b8c98f,5c94562e-45be-4577-8819-fd6be5b56e9f,2015-12-04,45.10190716,23.25814273,32.7,31.23042799200001,tC/acre,0.2,1.1800000000000002,Grassland without tree/shrub cover
53642722,2018-09-12,e464da6c-ff9c-4a7f-9663-687353ec449e,32dddd26-7f4f-4059-a2af-5331708b965a,2015-09-12,46.73957287,23.72382735,47.7,45.55631239200002,tC/acre,0.2,1.1800000000000002,Grassland without tree/shrub cover
53722304,2018-09-12,6ab51895-a170-4b73-aaa6-f86ed517ac17,e510820e-7d81-4672-9942-61809d75bfa1,2015-09-12,43.02672448,22.92983119,47.6,45.46080649600001,tC/acre,0.2,1.1800000000000002,Grassland without tree/shrub cover
53722722,2018-09-12,65e0cec5-cb23-4224-b758-25d0d07df79c,6ab6ea5d-d3f2-4d7c-bccb-c8367fddb2b5,2015-09-12,46.72625383,23.82697505,51.9,49.56756002400002,tC/acre,0.2,1.1800000000000002,Grassland without tree/shrub cover
53723796,2018-06-26,600a3791-a401-4aa5-b534-0d712432c1a7,7694459b-d2aa-4576-bc8c-e4c5d7653a60,2015-06-26,56.13555007,27.07911489,15.5,14.803413880000004,tC/acre,0.2,1.1800000000000002,Grassland without tree/shrub cover
53743864,2018-08-24,c026e553-2987-4084-839c-2940bfc9cd5e,c347aabb-ce69-43ba-8226-578a793b5367,2015-08-24,56.72194905,27.38127061,20.3,20.0695523294,tC/acre,0.2,1.2215,Grassland without tree/shrub cover
53762404,2018-11-27,0f207987-2f3e-4130-aebc-4011eae5f445,bfab3076-16b4-451d-ad26-f29a04927f94,2015-11-27,43.90739573,23.17968878,36.3,36.7693248054,tC/acre,0.2,1.2515,Grassland without tree/shrub cover
53762766,2018-10-29,35e581f7-ff4e-4b3d-877f-75fe18349663,fc9c4f30-f343-4885-8da6-e0ec001a3951,2015-10-29,47.10770863,23.98284706,21.1,20.151744056000005,tC/acre,0.2,1.1800000000000002,Grassland without tree/shrub cover
53763912,2018-05-20,c47f0344-cc4c-4bb8-a400-05c881c393d5,329cc336-cf3c-409a-a43f-22931b9eab40,2015-05-20,57.13407482,27.61060882,21.3,20.342755848000007,tC/acre,0.2,1.1800000000000002,Grassland without tree/shrub cover
53781928,2018-05-21,e0e72925-6635-42d0-8f88-be8f75bd8b7d,196f8eb7-4352-414f-8d24-f227840cd3bf,2015-05-21,39.6715714,22.3113543,16.4,15.662966944,tC/acre,0.2,1.1800000000000002,Grassland without tree/shrub cover
53782648,2018-09-13,9fd5762c-25a6-4b7f-b312-71033aeeab32,e9540818-0868-4b5c-a728-9ceb12239808,2015-09-13,46.06292873,23.7329445,30.3,30.838894287,tC/acre,0.2,1.2574999999999998,Grassland without tree/shrub cover
53802286,2018-09-13,64ec97e8-a145-48cc-a3bb-bb561434d79d,d6b6cce7-65b8-41c0-9c64-f1015212377e,2015-09-13,42.85454798,22.99107557,24.9,23.780968104000003,tC/acre,0.2,1.1800000000000002,Grassland without tree/shrub cover
53802730,2018-10-19,446a579d-b98c-4873-b281-4d290853692a,02e29431-1b49-48d3-9eb9-1e5f8474e11e,2015-10-19,46.78341594,23.94896118,28.3,27.02816856800001,tC/acre,0.2,1.1800000000000002,Grassland without tree/shrub cover
53802754,2018-10-20,1787cb02-2630-4bec-b661-6116fc8f9c9b,42f36e6c-54d6-40fc-9da6-f6834c12eeb5,2015-10-20,46.9951091,24.00600894,20.8,19.865226368000005,tC/acre,0.2,1.1800000000000002,Grassland without tree/shrub cover
53803894,2018-05-06,d3633556-fcd7-4523-8ba2-ba2ad63c87e5,e54dc909-293a-4279-a0fc-6e4be0436ef5,2015-05-06,56.96920054,27.599838,11.0,10.505648560000004,tC/acre,0.2,1.1800000000000002,Grassland without tree/shrub cover
53822836,2018-10-23,9dbede48-e3da-4a84-86d7-1480439c5ca1,5ef422c4-61ae-4e0f-a087-3c8e51dad5da,2015-10-23,47.71443145,24.23170383,22.5,21.488826600000007,tC/acre,0.2,1.1800000000000002,Grassland without tree/shrub cover
53842528,2018-12-04,a6f7427b-41ec-4113-b491-7306a36864b4,93ff5e81-e6c4-43d7-805e-c55b6c38083f,2015-12-04,44.99242909,23.54122894,21.3,20.342755848000007,tC/acre,0.2,1.1800000000000002,Grassland without tree/shrub cover
53843780,2018-06-26,bd2d365a-9a5e-481d-a81c-ba3c1a48a546,b9575bba-c850-450f-9d29-d4ba1ceb4054,2015-06-26,55.97098077,27.20417637,11.4,10.887672144,tC/acre,0.2,1.1800000000000002,Grassland without tree/shrub cover
53882276,2018-07-04,a28504f6-b7eb-4bf7-9e21-b897cf432420,4add23ee-d20c-4a8a-a1f4-7f3dedca1779,2015-07-04,42.75332288,23.06779872,32.1,27.292873680600003,tC/acre,0.2,1.0505,Grassland without tree/shrub cover
53882662,2018-10-30,cc045e72-5ead-424c-ac80-5b19ae3d2239,7bbba70c-a09b-4f9e-ad2a-2e883d62bacb,2015-10-30,46.16988393,23.89256242,13.6,12.988801856000002,tC/acre,0.2,1.1800000000000002,Grassland without tree/shrub cover
53923834,2018-08-23,41c0b1cd-316a-4c22-9530-06cc83ae3bdd,0dd46f28-e604-4369-aed2-d9f6bc731dd4,2015-08-23,56.4225345,27.54447446,18.1,17.5649102068,tC/acre,0.2,1.1989999999999998,Grassland without tree/shrub cover
53942332,2018-08-13,640c7ea2-4693-4250-917a-39b63dc52c7f,8174e90c-73a8-4e72-b37f-a1e326e24e17,2015-08-13,43.24064155,23.25235514,19.8,18.910167408000003,tC/acre,0.2,1.1800000000000002,Grassland without tree/shrub cover
53943778,2018-06-07,31cc908e-c574-4ad8-960c-46a3cfdd2dd4,ed2148eb-d56d-4893-8214-7ff35b53a25f,2015-06-07,55.93217527,27.35217855,18.0,17.191061280000003,tC/acre,0.2,1.1800000000000002,Grassland without tree/shrub cover
53982726,2018-10-19,3cd7f632-f784-4383-bee5-3c5f5e59e94e,9aa82e53-d966-449d-8a03-06578d389238,2015-10-19,46.71755441,24.17146124,42.1,40.20798221600001,tC/acre,0.2,1.1800000000000002,Grassland without tree/shrub cover
54022244,2018-08-12,d4d66b5a-ec2d-49cf-a15e-994d4338ec7a,64881738-a285-43d5-81dd-9d49c8b33b54,2015-08-12,42.44735159,23.17283462,14.6,13.943860816000004,tC/acre,0.2,1.1800000000000002,Grassland without tree/shrub cover
54042624,2018-09-14,d8691300-b358-4a95-a49a-9675a3f1375a,d3f18a29-56ce-4887-839b-520674440d59,2015-09-14,45.80752757,24.00820227,44.4,38.2539963336,tC/acre,0.2,1.0645,Grassland without tree/shrub cover
54162492,2018-12-10,12fa7c99-7755-4927-a3c1-3661dd21e9e5,7cee8b5f-3fd7-4960-9e07-7cfbac66feb5,2015-12-10,44.62139117,23.8608688,10.8,10.314636768000003,tC/acre,0.2,1.1800000000000002,Grassland without tree/shrub cover
54282742,2018-12-06,98f2bcac-8425-45ed-83db-3bea2e37f2b6,e1133d38-dcf9-4fd1-8ff9-f7184989e996,2015-12-06,46.80638279,24.59697557,22.4,21.393320704,tC/acre,0.2,1.1800000000000002,Grassland without tree/shrub cover
54282746,2018-12-06,2ccca141-d5d3-4c72-ba48-e5d98518d6e0,14d56567-2020-4d5d-9661-e5240dc297e0,2015-12-06,46.84159984,24.6068858,26.2,25.022544752000005,tC/acre,0.2,1.1800000000000002,Grassland without tree/shrub cover
54302620,2018-09-15,90c110b2-4332-4896-bfc9-1ffcf366ad45,0b72d962-356d-47d9-bb88-3baa049b8e73,2015-09-15,45.72784288,24.32798628,16.2,18.2319946092,tC/acre,0.2,1.3904999999999998,Grassland without tree/shrub cover
54302704,2018-11-02,cefbda53-a12d-4bcc-9868-42e5a99f1e99,d173f839-fb42-4026-a728-f6c947da4864,2015-11-02,46.46821527,24.52929393,31.1,29.702333656000008,tC/acre,0.2,1.1800000000000002,Grassland without tree/shrub cover
54342240,2018-08-06,4266cc61-5d3a-4c0b-a446-42dcd04c5744,0bbc8374-3c41-4e3e-bb52-4e885782b914,2015-08-06,42.36078605,23.54779244,35.0,33.42706360000001,tC/acre,0.2,1.1800000000000002,Grassland without tree/shrub cover
54402264,2018-06-20,d162f16b-5ed2-4591-a9a0-dcf32ca13587,611f42ce-4446-45bb-9a58-b22014618a64,2015-06-20,42.5637874,23.66852623,30.3,33.10736166,tC/acre,0.2,1.35,Grassland without tree/shrub cover
54402350,2018-08-07,2f0c4e42-5f75-4f39-9c18-ea5e2e8029e4,5d6331ec-0085-4879-8509-13a6b5b1510a,2015-08-07,43.32546644,23.8480746,20.8,19.865226368000005,tC/acre,0.2,1.1800000000000002,Grassland without tree/shrub cover
54422752,2018-10-08,ee5c1ca3-9043-4512-b117-47d8e3a4a760,fc397a6d-caaf-4511-a891-7ec4d47221d8,2015-10-08,46.86953049,24.8024413,40.4,39.7615326208,tC/acre,0.2,1.216,Grassland without tree/shrub cover
54522636,2018-09-15,a4e79705-d8f8-4cfd-9ad3-267e189bcfe4,98912db4-75c3-476b-9bfb-4415d563486c,2015-09-15,45.83047753,24.64447676,14.2,15.7110436408,tC/acre,0.2,1.367,Grassland without tree/shrub cover
54542254,2018-08-05,121206b1-ae80-4efe-b552-0556888379a1,59f1af6a-06f3-418e-9e06-23ac3ddc0767,2015-08-05,42.45218799,23.8156372,15.9,15.185437464000003,tC/acre,0.2,1.1800000000000002,Grassland without tree/shrub cover
54542344,2018-06-11,f9b1e8b1-e65a-4506-b0d7-2afbe408f266,4eb04039-b695-4849-885d-9a4b3e0103ce,2015-06-11,43.24902792,24.00509876,43.1,41.163041176000014,tC/acre,0.2,1.1800000000000002,Grassland without tree/shrub cover
54602726,2018-10-08,696b34e2-7b83-464b-ada3-3d8b75156959,9e685026-3ddb-454c-ba12-b9e283a9a2fb,2015-10-08,46.6084444,24.96852215,47.3,36.5988305936,tC/acre,0.2,0.956,Grassland without tree/shrub cover
54642162,2018-07-31,d1954af4-e70b-4326-97ed-9fddee3856c4,5a1b532c-a434-495e-9271-a23afdcd4dde,2015-07-31,41.62019249,23.74695449,19.7,18.814661512,tC/acre,0.2,1.1800000000000002,Grassland without tree/shrub cover
54742798,2018-06-23,f7e377ee-9435-4ca0-bfc4-01f8e11ec1f3,7386308f-b784-4951-862d-cae8c13ca8f2,2015-06-23,47.21557834,25.33463935,111.7,67.579122169,tC/acre,0.2,0.7475,Grassland without tree/shrub cover
54742802,2018-12-10,57bf10b3-ce8c-49ec-a380-c0cb9136f6f7,902831ae-3a16-4c41-81f1-87b89154b805,2015-12-10,47.25070173,25.34517361,22.4,21.393320704,tC/acre,0.2,1.1800000000000002,Grassland without tree/shrub cover
54762854,2018-06-22,65926d8b-1279-4f07-b82a-9307bb5b3642,0f4adc96-38a2-412c-994d-6069bd0e773f,2015-06-22,47.7033591,25.5099598,22.1,22.206860969800005,tC/acre,0.2,1.2415,Grassland without tree/shrub cover
54782644,2018-12-05,8c5bae4e-0984-4494-837d-193ac874dd10,add4dbe0-f9b5-4ec7-a56c-e2d997c82f79,2015-12-05,45.85449501,24.99312522,17.2,16.427014112000005,tC/acre,0.2,1.1800000000000002,Grassland without tree/shrub cover
54842704,2018-08-10,8c0e778c-d193-453f-8a7c-370203449284,46cbeafe-6309-4442-b588-44e349a03c90,2015-08-10,46.37127994,25.2199567,29.2,30.948280912800005,tC/acre,0.2,1.3095,Grassland without tree/shrub cover
54862104,2018-06-01,21426e4a-445a-456e-ba34-645c88d60f6d,0e8ee45c-9edf-4f52-b573-d8a021e8e8c3,2015-06-01,41.06948324,23.88928781,78.2,64.0207586396,tC/acre,0.2,1.0114999999999998,Grassland without tree/shrub cover
54862666,2018-08-13,27ea1e4f-a887-4bb9-8cdf-99d3067cbcbb,c6fa8fdd-ab5f-4f40-a1a7-f1d4a872a6c6,2015-08-13,46.03350854,25.14932452,20.2,20.314023142000003,tC/acre,0.2,1.2425,Grassland without tree/shrub cover
54862706,2018-11-23,627b31db-f3e0-44fa-9e3b-df6c1affd839,2dbe5883-9b08-4db7-81a7-6e72a38fd029,2015-11-23,46.38518323,25.2505978,20.5,19.57870868,tC/acre,0.2,1.1800000000000002,Grassland without tree/shrub cover
54902758,2018-06-26,b5643fb6-010e-43e7-9cb1-d5c4dc7f8606,8c5e1cd2-481b-40a2-bbcc-7de282dc86f1,2015-06-26,46.83459234,25.43635054,21.9,18.717860620800003,tC/acre,0.2,1.056,Grassland without tree/shrub cover
54922334,2018-07-18,42bb5d7c-b01b-4db9-9982-af86f69c805f,41f4a109-53a2-460a-b1f7-3ffeff85b042,2015-07-18,43.09591721,24.44319748,12.9,12.320260584000003,tC/acre,0.2,1.1800000000000002,Grassland without tree/shrub cover
54922568,2018-09-03,985da02f-501d-41b3-a768-ce26671ff59f,7008dcb6-b3df-483f-baea-e885841cd6c9,2015-09-03,45.16020953,24.98330961,12.9,12.320260584000003,tC/acre,0.2,1.1800000000000002,Temporary grassland
54922636,2018-12-05,1eb2e237-b76c-411a-a227-8513ba0e2ff2,4140acf5-3853-4566-b866-b17e0ab21aa7,2015-12-05,45.75868967,25.15027837,13.5,12.89329596,tC/acre,0.2,1.1800000000000002,Grassland without tree/shrub cover
54922690,2018-12-11,421852df-dd86-487f-90b3-bb27d2e6f177,7c824a70-35ba-4b85-8eda-ffcb2adcc443,2015-12-11,46.23350622,25.28630735,23.7,22.634897352000007,tC/acre,0.2,1.1800000000000002,Grassland without tree/shrub cover
54922694,2018-12-11,f1b53ad3-f234-41ba-87e6-8d94cfdf9ca9,650c9b86-99a1-4907-bf75-5e1deee307ec,2015-12-11,46.26866207,25.29650757,27.2,25.977603712000004,tC/acre,0.2,1.1800000000000002,Grassland without tree/shrub cover
54962640,2018-12-05,617ad1b1-7229-4159-b77a-6e74677963b0,dfcf699b-5798-4eeb-a2e0-09e89c7bd3e6,2015-12-05,45.7865585,25.21079366,12.9,12.320260584000003,tC/acre,0.2,1.1800000000000002,Grassland without tree/shrub cover
55002526,2018-09-08,918242f3-e5b2-4e30-a30c-60f188d3ac9e,6fcee554-339f-4ca7-a88f-80366d4fa51a,2015-09-08,44.77589496,24.98187335,28.8,27.50569804800001,tC/acre,0.2,1.1800000000000002,Grassland without tree/shrub cover
55022506,2018-09-07,5c55da6e-bba0-480b-83e7-ac7604e8205c,71b7b4f9-ea8f-4437-89b5-9c8ae8c170e3,2015-09-07,44.59610021,24.95895215,30.6,31.565265188400005,tC/acre,0.2,1.2745,Grassland without tree/shrub cover
55062600,2018-09-16,00b9a79d-a8aa-48c2-9c62-bd2d4893db3d,4ca34cc5-ef12-41dc-8c09-6584ddf4cd2d,2015-09-16,45.41640429,25.23707571,26.3,24.702964217800005,tC/acre,0.2,1.1605,Grassland without tree/shrub cover
55102640,2018-12-05,7b2f64e0-c949-4c99-a6b8-09770d6e992a,08e35a7b-ea0f-42aa-97c2-34d0218a395c,2015-12-05,45.76076244,25.38760439,21.5,20.533767640000004,tC/acre,0.2,1.1800000000000002,Grassland without tree/shrub cover
55142622,2018-12-05,413df88f-f888-4b14-8b34-87197a78900a,038c09f0-58dd-4335-9351-80706e67ac6f,2015-12-05,45.59512392,25.39259921,18.4,17.573084864000005,tC/acre,0.2,1.1800000000000002,Grassland without tree/shrub cover
55162656,2018-08-25,caeb585f-0234-40ae-af6b-76d6467350ff,b15c3021-1f85-4b33-91c5-473bd75798c8,2015-08-25,45.89020306,25.50412523,14.7,14.069111133000002,tC/acre,0.2,1.1825,Grassland without tree/shrub cover
55162738,2018-06-27,323b4c6e-7f21-4918-a30c-fa925807e116,9a5389e5-c4bc-4c9a-bddc-e9ed23937ec0,2015-06-27,46.61014637,25.71755715,44.3,38.867014686400005,tC/acre,0.2,1.084,Grassland without tree/shrub cover
55182486,2018-09-16,ccae1aa0-63d4-48b1-ba60-841073ba53ad,c3797621-d9f4-47f1-add8-6245aecaf7cb,2015-09-16,44.3910309,25.10897482,28.7,31.2545877462,tC/acre,0.2,1.3455,Grassland without tree/shrub cover
55202844,2018-06-19,31fc75cf-e8c6-4783-badf-a85f453b8154,60954bba-87d6-4d81-94a9-e936ea9598c4,2015-06-19,47.53165626,26.05685965,36.0,27.228892824000003,tC/acre,0.2,0.9345,Grassland without tree/shrub cover
55222716,2018-08-10,c1a555af-dbaa-4be4-a193-bccf33d20675,87662cf4-fabb-4a5a-973b-a3f99da4ef82,2015-08-10,46.40572192,25.73615368,27.4,23.5850191428,tC/acre,0.2,1.0635,Grassland without tree/shrub cover
55242334,2018-06-26,7c1c1a30-dfc9-47ca-909b-c39ed094fe67,ca75f3a6-a15f-48cb-bbde-05f340e11dac,2015-06-26,43.03989628,24.82943293,26.9,25.691086024000004,tC/acre,0.2,1.1800000000000002,Grassland without tree/shrub cover
55242862,2018-06-18,1eb7ad34-b994-40cf-9bbb-db5680243e94,55c0bb2d-32f9-494b-936c-a8480748a433,2015-06-18,47.68146262,26.1593321,24.5,23.210563187,tC/acre,0.2,1.1705,Grassland without tree/shrub cover
55262674,2018-12-12,c62bb387-f0c8-43f7-a798-8d4f919d3919,d64f261a-fe52-48bd-9cb3-24e3e18b8428,2015-12-12,46.02950472,25.67715448,27.9,26.646144984000006,tC/acre,0.2,1.1800000000000002,Grassland without tree/shrub cover
55282862,2018-06-18,d663511b-ea9b-4e54-87fb-f9c493461293,3e59005d-188a-49af-a218-f4b33cbee142,2015-06-18,47.6736279,26.21155088,16.0,15.280943360000004,tC/acre,0.2,1.1800000000000002,Grassland without tree/shrub cover
55342448,2018-12-05,d4fdfb9f-80dc-4115-9438-b48ac202b80b,208ec345-b0e9-4925-b9d1-a14790c8c800,2015-12-05,44.02720791,25.21506827,12.5,11.938237000000004,tC/acre,0.2,1.1800000000000002,Grassland without tree/shrub cover
55362180,2018-08-18,21386c65-0b80-4e51-bf45-8cc15a817c66,50ce0b97-8fc9-414b-a002-c04391955f31,2015-08-18,41.6578542,24.63413291,22.0,17.904118012,tC/acre,0.2,1.0055,Grassland without tree/shrub cover
55382538,2018-09-07,e897ec76-fbf0-4ba5-abac-65fa11a0b157,1375e415-b13f-4cfb-9c6f-f6ba58fa3f52,2015-09-07,44.81198742,25.48282891,17.3,19.729009060400003,tC/acre,0.2,1.409,Grassland without tree/shrub cover
55402630,2018-12-06,48d1fdc7-5f1e-4d6f-9267-1136200ab47b,917d60f1-c49a-4eac-8082-d3ca3b67dbdf,2015-12-06,45.61669709,25.7401614,20.0,19.1011792,tC/acre,0.2,1.1800000000000002,Grassland without tree/shrub cover
55402644,2018-12-08,5d7f852e-7800-45b6-8e32-a30f07d00288,10e85faf-74f6-488d-83b8-ec61bd7b69a5,2015-12-08,45.7396134,25.77633074,79.7,76.11819911200001,tC/acre,0.2,1.1800000000000002,Grassland without tree/shrub cover
55442642,2018-12-08,611063f0-54ac-4dee-b016-bf96ef1cc673,55079d37-6767-41f5-92bf-a1c68abe65b8,2015-12-08,45.71444917,25.82156231,17.8,17.000049488000005,tC/acre,0.2,1.1800000000000002,Grassland without tree/shrub cover
55482182,2018-06-07,ec3dd148-093a-4fd4-a258-577829839488,1f6854d8-c4d0-43eb-899a-783ebb8da3e0,2015-06-07,41.65451111,24.77997389,21.7,22.6040602788,tC/acre,0.2,1.287,Grassland without tree/shrub cover
55542822,2018-11-14,e11bcbc5-1f8f-48e6-8cdc-9014effd88fc,2d7d121f-01e9-431d-8b22-18ed33a7963a,2015-11-14,47.27230119,26.43670719,16.7,15.949484632000004,tC/acre,0.2,1.1800000000000002,Grassland without tree/shrub cover
55562694,2018-12-13,a9f5fcde-7cfc-4744-a067-b07791bc44ad,4420aed2-caac-4d08-b068-b70d4ace984f,2015-12-13,46.14750266,26.11042602,42.6,40.68551169600001,tC/acre,0.2,1.1800000000000002,Grassland without tree/shrub cover
55582864,2018-06-20,4b89b541-dc4b-4816-8c32-b70c200c3853,cdc7503f-a5a7-428f-9a88-a46d63cbf934,2015-06-20,47.63155703,26.60849522,34.1,32.56751053600001,tC/acre,0.2,1.1800000000000002,Grassland without tree/shrub cover
55602654,2018-08-24,d5bee6cf-c4d8-4a9c-b0dd-a6828cac21db,6e6620f5-654c-4d91-a8ff-bd3cdb3e50a0,2015-08-24,45.78903661,26.05468546,60.9,58.75457972160001,tC/acre,0.2,1.192,Grassland without tree/shrub cover
55622854,2018-06-20,249ca779-9ccc-4ad3-ba0e-698a384c0d93,9c1d4551-0063-4279-a219-baeb7c91a8a1,2015-06-20,47.53611583,26.63175393,21.4,20.975199128800003,tC/acre,0.2,1.211,Grassland without tree/shrub cover
55682820,2018-11-14,5f909598-590c-47c7-84e6-44ed6f4dcfca,8b770da9-bd43-42ab-b0b9-1cc0373d607f,2015-11-14,47.22685469,26.61218186,18.9,18.050614344000003,tC/acre,0.2,1.1800000000000002,Grassland without tree/shrub cover
55722684,2018-10-09,1594185b-43ca-40c2-8e27-b18c33a0d968,859dbbb3-bef5-43ed-a8f5-92ddc2429dd1,2015-10-09,46.02864252,26.28636133,27.2,25.977603712000004,tC/acre,0.2,1.1800000000000002,Grassland without tree/shrub cover
55802164,2018-08-19,de4b018a-efdd-401c-b320-59d7665d5a2c,06b1d13c-b1ea-4853-bd9f-58d243e6ad5e,2015-08-19,41.43841624,25.11733179,12.0,12.174573624000002,tC/acre,0.2,1.2535,Grassland without tree/shrub cover
55802584,2018-08-26,fb675d6f-2a41-4baf-a525-902f1ab758b4,75f0d1e0-98b4-48e1-9e92-d410a03f30ac,2015-08-26,45.13631722,26.12198631,25.9,27.0000024224,tC/acre,0.2,1.2879999999999998,Grassland without tree/shrub cover
55802774,2018-12-09,696bb262-4f30-4841-9cde-a24dfc739d0c,d4d0298d-d153-4b29-b8f3-537303251c2b,2015-12-09,46.8005505,26.63639931,42.2,40.30348811200001,tC/acre,0.2,1.1800000000000002,Grassland without tree/shrub cover
55822888,2018-06-21,3abba000-0b08-4a61-9ad7-47ac6c2972c8,e5ea99d5-98b6-4342-89af-ae595857e119,2015-06-21,47.79238325,26.99169811,31.8,19.7668067328,tC/acre,0.2,0.768,Grassland without tree/shrub cover
55842354,2018-06-05,e495c4dc-bdc0-4920-a772-a60f5345bf52,7b46423a-4a30-4621-afa9-bef930f4e036,2015-06-05,43.10708521,25.59917061,28.4,31.5255250232,tC/acre,0.2,1.3715,Grassland without tree/shrub cover
55842552,2018-09-21,169b99ad-53f7-4766-a16c-19e18140ce49,c1e4d450-0758-4108-86d8-3dddb4695ee5,2015-09-21,44.84778025,26.08890663,27.7,26.45513319200001,tC/acre,0.2,1.1800000000000002,Grassland without tree/shrub cover
55942828,2018-11-18,07533fe2-8ce9-47e3-9a83-a5412ad6a048,58569595-ad65-4454-b08b-69cf4335d3b9,2015-11-18,47.24400387,26.97133204,30.4,29.033792384000005,tC/acre,0.2,1.1800000000000002,Grassland without tree/shrub cover
55982192,2018-05-20,4151189a-46ee-495e-bd15-a453b473674c,ba6ae8ed-f541-443f-a74b-7a935a9b3f37,2015-05-20,41.65298262,25.39132939,25.4,24.258497584000004,tC/acre,0.2,1.1800000000000002,Grassland without tree/shrub cover
56082552,2018-11-03,568f9708-a02f-402d-9acd-ae34302fccc2,a9fdb045-c89b-4a66-a155-9cc3e97e217c,2015-11-03,44.8009918,26.38634633,19.6,18.71915561600001,tC/acre,0.2,1.1800000000000002,Grassland without tree/shrub cover
56082760,2018-12-07,37657728-d125-4cbc-98d3-aef4c344084b,4d997775-c595-46e4-b735-400931310cfd,2015-12-07,46.62144756,26.95513871,43.4,41.449558864,tC/acre,0.2,1.1800000000000002,Grassland without tree/shrub cover
56142690,2018-12-05,82e4262e-042d-41b4-8ee3-040b7d613bf5,658cbc13-e5a9-47da-9426-036539dbd5cb,2015-12-05,45.99740176,26.83399585,12.6,12.033742896000003,tC/acre,0.2,1.1800000000000002,Grassland without tree/shrub cover
56142844,2018-06-15,c3200b0f-bcdd-4993-b1e1-4b4fd30a6171,235bccde-6242-4276-842e-641075bc3f68,2015-06-15,47.34224472,27.27700975,23.5,20.969816805000004,tC/acre,0.2,1.1025,Grassland without tree/shrub cover
56162836,2018-11-18,ff1d329f-7f26-489c-8570-486cfab13352,121beeb3-0ec3-4ffc-ae78-ec699b1ba099,2015-11-18,47.26830277,27.27911277,30.3,28.938286488000006,tC/acre,0.2,1.1800000000000002,Grassland without tree/shrub cover
56202746,2018-08-08,b5f7936f-b7a0-487d-be86-888eed3abf0c,a29932e7-0e8f-4aab-8031-9c696e9655db,2015-08-08,46.47454551,27.06819547,19.9,20.1411817514,tC/acre,0.2,1.2505,Grassland without tree/shrub cover
56222748,2018-08-08,a41ad2ec-e162-4760-99b0-446bc35c3af1,11f81ac3-4029-4c97-acce-5dd654f18a96,2015-08-08,46.48789321,27.09940407,36.8,34.37176259839999,tC/acre,0.2,1.154,Grassland without tree/shrub cover
56242578,2018-08-27,0fc7659e-b4a0-4c30-aa42-c38546d1ebf1,85750150-f766-4abf-a3a5-00da095b97e5,2015-08-27,44.99710075,26.65358547,15.8,18.485166170800003,tC/acre,0.2,1.4455,Grassland without tree/shrub cover
56282802,2018-06-15,b02cc25e-e4f4-4f6b-9567-4e3de59aaee3,bbb59fb3-610c-4916-8a1e-4173304abc91,2015-06-15,46.94670144,27.3331484,20.9,17.3726034196,tC/acre,0.2,1.027,Grassland without tree/shrub cover
56442264,2018-08-05,f44d2b5a-6d39-4ac0-8805-2639fb33eb4f,683f2bec-11ca-4547-9582-1b8999c8a66a,2015-08-05,42.20122071,26.10218643,16.7,15.949484632000004,tC/acre,0.2,1.1800000000000002,Grassland without tree/shrub cover
56462592,2018-08-28,e8ebeae8-e2ac-4d6b-9986-663de574beca,685eef73-29ec-40ea-83d2-ca721064fae9,2015-08-28,45.07523679,26.96473171,28.9,30.4198014654,tC/acre,0.2,1.3005,Grassland without tree/shrub cover
56482800,2018-11-08,914c42a3-43a9-4cf2-8408-e759deb107c5,262ebb9d-0d57-4986-8878-6298c1fdb567,2015-11-08,46.88713631,27.5838016,19.6,18.71915561600001,tC/acre,0.2,1.1800000000000002,Grassland without tree/shrub cover
56522678,2018-12-04,d889383a-c5ff-434c-b8fb-8b261b377f04,19d5abdb-4f1e-4cbc-8a11-0ac884147a6a,2015-12-04,45.81453328,27.27934359,30.6,29.224804176000006,tC/acre,0.2,1.1800000000000002,Grassland without tree/shrub cover
56542258,2018-08-05,09921530-0c17-457d-b86e-b141f87968e0,26c030a1-9daf-4b0c-822b-2e3ce6a34525,2015-08-05,42.12916208,26.20637821,24.6,23.494450416000006,tC/acre,0.2,1.1800000000000002,Grassland without tree/shrub cover
56662656,2018-06-22,7524f2b0-9fa6-4927-b195-e175882b1857,0677641d-a5d5-4294-b449-7077057847f6,2015-06-22,45.59326055,27.39258029,31.4,23.9783739348,tC/acre,0.2,0.9435,Grassland without tree/shrub cover
56682820,2018-11-16,b0acbf39-0ac9-43af-86f8-fc3bdef960a4,5451b30a-acb0-4914-abda-822a00c7116d,2015-11-16,47.01849022,27.9006918,12.6,12.033742896000003,tC/acre,0.2,1.1800000000000002,Temporary grassland
56762726,2018-12-06,0011fb6e-264d-400f-ad00-cdb6bb4a58b4,344808b9-64ba-4291-9228-7e1eb8f52d89,2015-12-06,46.18271233,27.72097453,24.6,23.494450416000006,tC/acre,0.2,1.1800000000000002,Grassland without tree/shrub cover
56822416,2018-08-04,3ce4e06c-63f3-4bba-b2d1-470ddabddaf6,39c9ac69-993b-4cac-a280-9dc0873d86b4,2015-08-04,43.46114191,26.93662051,25.7,26.957915078400006,tC/acre,0.2,1.296,Grassland without tree/shrub cover
56862730,2018-06-12,324117ba-cb7b-442c-b8b7-a75d77ca6e84,01b1f6aa-6733-4a9a-b751-48786b9bbf24,2015-06-12,46.19614474,27.85929291,10.7,11.5138427918,tC/acre,0.2,1.3295,Grassland without tree/shrub cover
57002658,2018-11-15,c62e5d4b-4e93-4ab0-879f-b5139d6b74ff,2ecfee20-4ed2-43dd-87b6-03bd37d7760b,2015-11-15,45.53874638,27.82382644,14.3,13.657343128000004,tC/acre,0.2,1.1800000000000002,Grassland without tree/shrub cover
57142286,2018-09-22,9ff90f71-1ce0-42b7-bf10-f0091962f19a,9ad292ba-cb09-48f2-8eb3-9bc2653bbf0b,2015-09-22,42.25645474,26.98636981,19.3,18.432637928000005,tC/acre,0.2,1.1800000000000002,Grassland without tree/shrub cover
57342634,2018-12-14,eb6015e9-e652-410f-afa3-40dd28e72446,ee153fbb-4754-4db1-9965-66331ef2b11f,2015-12-14,45.25614939,28.17747838,22.5,21.488826600000007,tC/acre,0.2,1.1800000000000002,Grassland without tree/shrub cover
57482576,2018-12-19,099eb819-69e0-4094-b332-bfc069325f0c,9dbaf360-ac45-4a93-900c-bb28285c450b,2015-12-19,44.7204723,28.18146242,17.3,16.522520008000008,tC/acre,0.2,1.1800000000000002,Grassland without tree/shrub cover
57622520,2018-11-12,d17cecbd-ec7b-4209-9d67-6f6e4e892867,0a7fee78-3955-474d-ae64-bfc5bc24de03,2015-11-12,44.2019949,28.19210241,35.5,35.039534967,tC/acre,0.2,1.2195,Grassland without tree/shrub cover
63741606,2018-04-10,9197fdae-871b-47ea-bc9c-d8a1c8df15e9,205442ba-2d2d-414d-ad12-d33bed108c37,2015-04-10,34.77932091,32.53955387,21.9,19.0900908036,tC/acre,0.2,1.077,Grassland without tree/shrub cover
